Fecha,Artículo,Fuente Suministro,Inventario,Backorder,Importancia RFM,Alerta,Demanda Mensual,Monto USD,Última Compra,Compras Recomendadas,Recomendacion USD
2025-03-01,100-4d56t,ishikawa - cigueñales-culatas-ejes de levas,0.0,,0,rojo,,78.0,10.0,50,3900.0
2025-03-01,100-4d56,ishikawa - cigueñales-culatas-ejes de levas,0.0,,0,rojo,,78.0,10.0,50,3900.0
2023-03-01,87230600,ks - alemania,0.0,,0,rojo,8.103587962962962,25.839848732948305,30.0,50,1291.9924366474152
2025-03-01,cac-65210,sakura filter,136.0,,0,rojo,,4.78,100.0,0,0.0
2025-02-01,a-1723,sakura filter,70.0,,0,rojo,,3.5,100.0,0,0.0
2024-04-01,99830020,monark - alemania,0.0,,0,rojo,100.0,,,450,
2025-04-01,a-6827-s,sakura filter,54.0,,0,rojo,,18.45,30.0,0,0.0
2025-03-01,a-6832-s,sakura filter,382.0,,0,rojo,,34.67,60.0,0,0.0
2025-03-01,c-301730,mann - brasil,58.0,,0,rojo,,50.41539387226105,100.0,0,0.0
2025-02-01,eo-31040,sakura filter,110.0,,0,rojo,,1.13,150.0,0,0.0
2025-03-01,ca-18470,sakura filter,308.0,,0,rojo,,2.3,100.0,0,0.0
2025-02-01,bdd109,ishikawa - discos de freno,38.0,,0,rojo,,9.33,50.0,0,0.0
2025-03-01,bmz002,ito koyama - bocamazas,34.0,,0,rojo,,16.64,40.0,0,0.0
2025-02-01,bdd048,ishikawa - discos de freno,0.0,,0,rojo,,5.67,50.0,50,283.5
2025-03-01,t1006,ito koyama - trapecios,46.0,,0,rojo,,10.434833,60.0,0,0.0
2025-03-01,icd1490,ishikawa - pastillas de freno,161.0,,0,rojo,,4.85,200.0,0,0.0
2025-03-01,t1065,ito koyama - trapecios,39.0,,0,rojo,,9.570753,40.0,0,0.0
2025-03-01,t1176,ito koyama - trapecios,32.0,,0,rojo,,7.29,40.0,0,0.0
2025-03-01,t1177,ito koyama - trapecios,32.0,,0,rojo,,7.29,40.0,0,0.0
2025-01-01,bhy012,ito koyama - bocamazas,26.0,,0,rojo,,17.37,5.0,0,0.0
2025-02-01,dt175/70r13,deestone,109.0,,0,rojo,,19.0,60.0,0,0.0
2025-02-01,a-1111,sakura filter,138.0,,0,rojo,,3.22,20.0,0,0.0
2025-02-01,icd1175,ishikawa - pastillas de freno,0.0,,0,rojo,,4.96,50.0,50,248.0
2025-03-01,t1206,ito koyama - trapecios,36.0,,0,rojo,,14.2,40.0,0,0.0
2025-03-01,tki002,ito koyama - direccion,90.0,,0,rojo,,2.715729,100.0,0,0.0
2025-03-01,opt-030,aisin - japon,12.0,,0,rojo,,22.67,60.0,0,0.0
2025-02-01,a-5014,sakura filter,10.0,,0,rojo,,2.12,100.0,0,0.0
2025-02-01,sfc-5521,sakura filter,214.0,0.0,0,rojo,,14.94,198.0,0,0.0
2025-02-01,553038h304,ito koyama - amortiguadores,7.0,,0,rojo,,10.6,80.0,0,0.0
2024-11-01,zd1212,wagner - pastillas,0.0,,0,rojo,3.5879629629629632,16.08,30.0,50,803.9999999999999
2025-03-01,mwmwc1811,wagner - pastillas,8.0,,0,rojo,,17.3,20.0,0,0.0
2025-03-01,a-2408-s,sakura filter,80.0,,0,rojo,,22.37,30.0,0,0.0
2025-03-01,hc-5507,sakura filter,23.0,,0,rojo,,12.35,24.0,0,0.0
2025-02-01,icd1497,ishikawa - pastillas de freno,0.0,,0,rojo,,6.79,50.0,50,339.5
2025-03-01,bni007,ito koyama - bocamazas,56.0,,0,rojo,,11.8,50.0,0,0.0
2025-03-01,sddw-148,seco - embragues,43.0,,0,rojo,,10.87,50.0,0,0.0
2025-03-01,a-1646,sakura filter,34.0,,0,rojo,,2.0,20.0,0,0.0
2025-01-01,a-76670-s,sakura filter,20.0,,0,verde,1.7139881973022406,20.92,60.0,50,1046.0
2025-03-01,crt-052,aisin - japon,58.0,,0,rojo,,12.13,60.0,0,0.0
2025-03-01,a-28770-s,sakura filter,43.0,0.0,0,rojo,,31.09,1.0,0,0.0
2025-03-01,thy007,ito koyama - direccion,188.0,,0,rojo,,2.646083,200.0,0,0.0
2025-03-01,ca-65190,sakura filter,48.0,,0,rojo,,1.38,20.0,0,0.0
2025-02-01,ni-046,ito koyama - palieres,0.0,,0,rojo,,9.1,50.0,50,455.0
2025-03-01,pp10405500,valvoline,1.0,,0,rojo,,600.0,12.0,0,0.0
2025-03-01,cmt-051,aisin - japon,11.0,,0,rojo,,20.68,24.0,0,0.0
2025-02-01,55351-2e501,ito koyama - amortiguadores,0.0,,0,rojo,,12.0,120.0,50,600.0
2025-02-01,sk19fa-e,plumillas - sakura,0.0,,0,rojo,,1.31,200.0,50,65.5
2025-03-01,mwmwd436,wagner - pastillas,3.0,,0,rojo,,12.7,20.0,0,0.0
2025-02-01,icd340,ishikawa - pastillas de freno,0.0,,0,rojo,,3.7,100.0,50,185.0
2024-05-01,tto006,ito koyama - direccion,0.0,,0,rojo,8.009021187753,2.65,120.0,50,132.5
2025-03-01,aty007,ito koyama - direccion,116.0,,0,rojo,,2.297905,200.0,0,0.0
2024-12-01,rov1540025,rover - usa,636.0,,0,verde,16.6875,2.415833,1008.0,0,0.0
2025-02-01,ahy003,ito koyama - direccion,0.0,,0,rojo,,2.0,120.0,50,100.0
2025-03-01,t1195,ito koyama - trapecios,55.0,,0,rojo,,26.086949,59.0,0,0.0
2025-03-01,t1194,ito koyama - trapecios,52.0,,0,rojo,,26.086949,59.0,0,0.0
2025-02-01,3341-1013skr,sakura - radiadores,0.0,,0,rojo,,23.95,31.0,50,1197.5
2024-09-01,3341-1014skr,sakura - radiadores,0.0,,0,rojo,4.690100166666667,25.15,2.0,50,1257.5
2025-03-01,n022,ito koyama - resortes,61.0,,0,rojo,,5.8,80.0,0,0.0
2025-03-01,n021,ito koyama - resortes,0.0,,0,rojo,,9.14,100.0,50,457.0
2024-03-01,89084810,ks - alemania,0.0,,0,rojo,6.313397053686092,25.258821880817415,90.0,50,1262.9410940408707
2025-03-01,54660-h9200,ito koyama - amortiguadores,158.0,,0,rojo,,11.7,192.0,0,0.0
2025-03-01,o-13081,sakura filter,201.0,100.0,0,rojo,,2.42,100.0,0,0.0
2025-04-01,o-1011,sakura filter,169.0,,0,rojo,,3.16,99.0,0,0.0
2025-03-01,20360fa050,ito koyama - amortiguadores,26.0,,0,rojo,,12.3,48.0,0,0.0
2025-02-01,tkl3838b,tkl - taiwan,0.0,,0,rojo,,7.5,100.0,50,375.0
2025-02-01,bdd018,ishikawa - discos de freno,2.0,,0,rojo,,8.93,50.0,0,0.0
2025-02-01,c-271250/1,mann - brasil,26.0,,0,rojo,,41.238460063934326,30.0,0,0.0
2025-02-01,icd1284,ishikawa - pastillas de freno,0.0,,0,rojo,,5.13,100.0,50,256.5
2024-04-01,sf-57020,sin definicion,0.0,,0,rojo,,3.15,25.0,50,157.5
2024-09-01,skdw-037,seco - embragues,0.0,,0,rojo,9.676079529199203,26.68,20.0,50,1334.0
2025-03-01,48520-bz750,ito koyama - amortiguadores,145.0,,0,rojo,,10.2,150.0,0,0.0
2025-03-01,rni005,ito koyama - direccion,50.0,,0,rojo,,2.646033,100.0,0,0.0
2025-03-01,icd2302,ishikawa - pastillas de freno,88.0,,0,rojo,,7.29,100.0,0,0.0
2025-02-01,48540-20820,ito koyama - amortiguadores,0.0,,0,rojo,,13.0,60.0,50,650.0
2025-03-01,n017,ito koyama - resortes,188.0,,0,rojo,,5.85,160.0,0,0.0
2025-02-01,o-5310,sakura filter,32.0,,0,rojo,,1.73,20.0,0,0.0
2025-03-01,a-38390,sakura filter,28.0,0.0,0,rojo,,1.96,20.0,0,0.0
2025-03-01,t1147,ito koyama - trapecios,8.0,,0,rojo,,9.855125,80.0,0,0.0
2024-12-01,mwmwc1852,wagner - pastillas,0.0,,0,rojo,2.9137600137519275,12.7,10.0,50,635.0
2025-03-01,icd1623,ishikawa - pastillas de freno,27.0,,0,rojo,,4.7,100.0,0,0.0
2025-03-01,t041,ito koyama - resortes,194.0,,0,rojo,,5.9,104.0,0,0.0
2025-03-01,sk011,ito koyama - resortes,68.0,,0,rojo,,5.15,176.0,0,0.0
2025-03-01,a-5568-s,sakura filter,58.0,0.0,0,rojo,,13.3,60.0,0,0.0
2025-03-01,icd1522,ishikawa - pastillas de freno,103.0,,0,rojo,,5.66,100.0,0,0.0
2025-02-01,bki002,ito koyama - bocamazas,10.0,,0,rojo,,16.64,30.0,0,0.0
2025-02-01,t1188,ito koyama - trapecios,40.0,,0,rojo,,17.1,60.0,0,0.0
2024-04-01,50006608,ks - alemania,0.0,,0,rojo,60.99908447265625,4.944010305404663,120.0,250,1236.0025763511658
2025-02-01,a-1019,sakura filter,8.0,0.0,0,rojo,,12.04,100.0,0,0.0
2025-03-01,sfc-29020,sakura filter,148.0,0.0,0,rojo,,2.99,200.0,0,0.0
2025-03-01,rni009,ito koyama - direccion,168.0,,0,rojo,,1.810486,200.0,0,0.0
2025-03-01,a-2933,sakura filter,484.0,,0,rojo,,1.96,180.0,0,0.0
2025-03-01,t1215,ito koyama - trapecios,4.0,,0,rojo,,11.884,20.0,0,0.0
2025-03-01,mz-037a,ito koyama - palieres,24.0,,0,rojo,,7.2,50.0,0,0.0
2025-03-01,54660-c7200,ito koyama - amortiguadores,53.0,,0,rojo,,10.8,78.0,0,0.0
2025-02-01,bdd092,ishikawa - discos de freno,14.0,,0,rojo,,6.53,100.0,0,0.0
2025-03-01,pcr5050500,prextoline - usa,1.0,,0,rojo,,19.99,300.0,50,999.4999999999999
2025-03-01,icd1848,ishikawa - pastillas de freno,18.0,,0,rojo,,3.6,100.0,0,0.0
2025-02-01,rn-811a,ito koyama - palieres,25.0,,0,rojo,,6.92,50.0,0,0.0
2025-03-01,ho-009,ito koyama - palieres,41.0,,0,rojo,,6.62,50.0,0,0.0
2024-06-01,c-271170/6,mann - brasil,0.0,,0,rojo,3.652035546354189,42.90983324050904,20.0,50,2145.4916620254517
2024-02-01,tto005,ito koyama - direccion,0.0,,0,rojo,20.561889451978914,2.65,120.0,150,397.5
2024-02-01,sgcdw-010,seco - embragues,0.0,,0,rojo,9.14019833009774,16.31,100.0,50,815.4999999999999
2025-01-01,bmz003,ito koyama - bocamazas,35.0,,0,rojo,,10.9,30.0,0,0.0
2025-03-01,341198,ito koyama - amortiguadores,16.0,,0,rojo,,7.23,96.0,0,0.0
2024-07-01,schd-494,seco - embragues,13.0,,0,verde,3.441756961294276,21.49,50.0,50,1074.5
2025-02-01,to-813,ito koyama - palieres,0.0,,0,rojo,,6.8,200.0,50,340.0
2025-03-01,eo-2626,sakura filter,361.0,0.0,0,rojo,,2.08,150.0,0,0.0
2025-03-01,a-1084,sakura filter,11.0,,0,rojo,,4.8,54.0,0,0.0
2024-05-01,a-1411,sakura filter,134.0,,0,verde,5.540239049120081,1.8,20.0,0,0.0
2024-10-01,icd924,ishikawa - pastillas de freno,0.0,,0,rojo,38.71146206014502,5.08,140.0,250,1270.0
2025-03-01,icd1089,ishikawa - pastillas de freno,28.0,,0,rojo,,5.65,100.0,0,0.0
2025-03-01,icd2299,ishikawa - pastillas de freno,23.0,,0,rojo,,4.89,100.0,0,0.0
2024-04-01,scns-087,seco - embragues,0.0,,0,rojo,2.3819910529744845,14.88,80.0,50,744.0
2025-03-01,726680398r,ito koyama - amortiguadores,56.0,,0,rojo,,11.0,90.0,0,0.0
2024-04-01,rhy011,ito koyama - direccion,0.0,,0,rojo,16.451551254115746,1.94,240.0,150,291.0
2025-03-01,icd2042,ishikawa - pastillas de freno,50.0,,0,rojo,,3.25,100.0,0,0.0
2025-03-01,hy-012,ito koyama - palieres,124.0,,0,rojo,,10.3,200.0,0,0.0
2025-03-01,hy-824,ito koyama - palieres,30.0,,0,rojo,,10.6,100.0,0,0.0
2024-12-01,icd1950,ishikawa - pastillas de freno,0.0,,0,rojo,88.00245157877605,3.36,510.0,550,1848.0
2025-03-01,343418,ito koyama - amortiguadores,91.0,,0,rojo,,6.7,150.0,0,0.0
2025-02-01,t1146,ito koyama - trapecios,0.0,,0,rojo,,9.855,40.0,50,492.75
2025-01-01,fs-28290,sakura filter,67.0,,0,rojo,,8.66,50.0,0,0.0
2024-10-01,48772,narva,0.0,,0,rojo,78.00863647460938,5.6584915999174115,200.0,350,1980.472059971094
2025-02-01,t1119,ito koyama - trapecios,0.0,,0,rojo,,9.6,60.0,50,480.0
2024-03-01,87562620,ks - alemania,0.0,,0,rojo,10.666327799283964,27.451952533721926,20.0,50,1372.5976266860962
2025-01-01,t1042,ito koyama - trapecios,63.0,,0,rojo,,12.749197,60.0,0,0.0
2025-04-01,n019,ito koyama - resortes,0.0,,0,rojo,,4.8,280.0,50,240.0
2023-06-01,sm010,ito koyama - torretas,0.0,,0,rojo,11.840932409457771,4.83,100.0,100,483.0
2024-12-01,a-31060,sakura filter,41.0,,0,verde,3.491836983732505,3.8,40.0,50,190.0
2025-03-01,41602-64j00,ito koyama - amortiguadores,51.0,,0,rojo,,11.4,60.0,0,0.0
2025-03-01,ca-17110-s,sakura filter,37.0,,0,rojo,,1.15,60.0,0,0.0
2024-11-01,sfc-79410-30s,sakura filter,0.0,,0,rojo,56.511406970765286,14.94,36.0,350,5229.0
2023-11-01,tto004,ito koyama - direccion,0.0,,0,rojo,37.34512452150506,2.97,120.0,250,742.5
2025-03-01,atfd35500,valvoline,6.0,,0,rojo,,520.62,10.0,0,0.0
2024-10-01,a-61500,sakura filter,0.0,,0,rojo,4.0,3.18,60.0,50,159.0
2024-12-01,h851405500,valvoline,5.0,,0,verde,2.000035524368286,594.88,4.0,50,29744.0
2024-11-01,cf-700/1,mann - brasil,0.0,,0,rojo,5.036788945386753,17.68,24.0,50,884.0
2025-03-01,54651-3x250,ito koyama - amortiguadores,184.0,,0,rojo,,10.3,179.0,0,0.0
2024-05-01,rxfc120764b,wagner locked - usa,0.0,,0,rojo,873.8229370117188,2.2,6000.0,1850,4070.0000000000005
2025-03-01,a-1158,sakura filter,824.0,452.0,0,rojo,,5.1,40.0,0,0.0
2024-11-01,a-7926,sakura filter,0.0,,0,rojo,3.1170759911992287,18.42,1.0,50,921.0000000000001
2025-03-01,a-1157,sakura filter,51.0,,0,rojo,,4.52,8.0,0,0.0
2025-04-01,icd1611,ishikawa - pastillas de freno,62.0,,0,rojo,,9.1,50.0,0,0.0
2025-03-01,54661-f2000,ito koyama - amortiguadores,54.0,,0,rojo,,11.1,48.0,0,0.0
2024-10-01,a-1917,sakura filter,0.0,0.0,0,rojo,5.1398441963090535,2.41,10.0,50,120.5
2022-09-01,skhd-181,seco - embragues,0.0,,0,rojo,26.163033505904245,37.48,80.0,150,5621.999999999999
2025-03-01,a-5537-s,sakura filter,40.0,,0,rojo,,7.0,60.0,0,0.0
2024-01-01,zd1423,wagner - pastillas,0.0,,0,rojo,7.9989999135335275,20.826,100.0,50,1041.3
2025-03-01,41601m79g80,ito koyama - amortiguadores,297.0,,0,rojo,,9.9,200.0,0,0.0
2024-05-01,a-1410,sakura filter,0.0,,0,rojo,1.0012067953745525,2.75,135.0,50,137.5
2025-03-01,bdd088,ishikawa - discos de freno,6.0,,0,rojo,,10.38,100.0,0,0.0
2024-09-01,o-3002,sakura filter,0.0,0.0,0,rojo,2.0,1.08,50.0,50,54.0
2025-01-01,a-61610,sakura filter,0.0,,0,rojo,7.770214626467229,2.48,100.0,50,124.0
2025-02-01,a-42610,sakura filter,0.0,,0,rojo,,9.49,200.0,50,474.5
2025-04-01,o-1530,sakura filter,207.0,,0,rojo,,6.73,200.0,0,0.0
2025-03-01,54651-a7400,ito koyama - amortiguadores,29.0,,0,rojo,,10.3,90.0,0,0.0
2024-04-01,49027r,tkl - taiwan,0.0,,0,rojo,31.53125,2.5,600.0,150,375.0
2024-08-01,rho001,ito koyama - direccion,0.0,,0,rojo,6.0,2.48,150.0,50,124.0
2025-03-01,to-014f2,ito koyama - palieres,225.0,,0,rojo,,6.5,600.0,0,0.0
2025-03-01,bhy009,ito koyama - bocamazas,20.0,,0,rojo,,15.6,50.0,0,0.0
2024-12-01,rto005,ito koyama - direccion,0.0,,0,rojo,4.000965436299642,4.18,180.0,50,209.0
2024-11-01,icd2326,ishikawa - pastillas de freno,0.0,,0,rojo,28.258029736638687,3.4,100.0,200,680.0
2025-01-01,icd1471,ishikawa - pastillas de freno,0.0,,0,rojo,14.111190795898438,3.47,300.0,100,347.0
2024-11-01,icd1354,ishikawa - pastillas de freno,0.0,,0,rojo,9.621754162603027,4.96,150.0,100,496.0
2025-01-01,fc-5517,sakura filter,0.0,0.0,0,rojo,,4.21,24.0,50,210.5
2025-01-01,srni004,ito koyama - cremalleras,13.0,,0,rojo,,70.0,10.0,0,0.0
2025-03-01,a-1081,sakura filter,467.0,160.0,0,rojo,,1.25,400.0,0,0.0
2025-01-01,b20500100,valvoline,0.0,,0,rojo,53.0725291181765,12.99,300.0,150,1948.5
2024-03-01,tkl48012,tkl - taiwan,0.0,,0,rojo,7.049642897474086,1.55,20.0,50,77.5
2024-11-01,a-31090,sakura filter,46.0,,0,verde,2.0012062390645347,3.0,80.0,0,0.0
2022-10-01,ntn-lm11749/10,nachi - koyo - ntn - nsk - japon,0.0,,0,rojo,19.9990177154541,3.0,200.0,100,300.0
2025-03-01,a-2812,sakura filter,220.0,,0,rojo,,3.2,156.0,0,0.0
2025-02-01,dt205/75r16c,deestone,102.0,,0,rojo,,39.27,60.0,0,0.0
2024-11-01,ef-2702,sakura filter,0.0,0.0,0,rojo,8.761172227012397,3.08,50.0,100,308.0
2024-10-01,a-38010,sakura filter,0.0,,0,rojo,17.69523175250594,2.44,40.0,150,366.0
2025-03-01,41601-m68k01,ito koyama - amortiguadores,62.0,,0,rojo,,9.1,48.0,0,0.0
2025-03-01,41602-m68k01,ito koyama - amortiguadores,60.0,,0,rojo,,9.1,48.0,0,0.0
2025-02-01,t1142,ito koyama - trapecios,7.0,,0,rojo,,9.57,40.0,0,0.0
2025-01-01,bdd067,ishikawa - discos de freno,74.0,,0,rojo,,11.04,100.0,0,0.0
2025-04-01,4852042080,ito koyama - amortiguadores,14.0,,0,rojo,,11.5,79.0,0,0.0
2025-03-01,55351-22100,ito koyama - amortiguadores,118.0,,0,rojo,,10.5,50.0,0,0.0
2024-12-01,a-29370,sakura filter,0.0,,0,rojo,11.199993133544922,2.28,60.0,100,227.99999999999997
2024-05-01,wk-1040/1x,mann - brasil,0.0,,0,rojo,1.4522085296069118,17.579431438446047,50.0,50,878.9715719223024
2025-03-01,20360fa040,ito koyama - amortiguadores,25.0,,0,rojo,,12.3,48.0,0,0.0
2025-03-01,41802-59j10,ito koyama - amortiguadores,0.0,,0,rojo,,10.9,48.0,50,545.0
2025-03-01,t1152,ito koyama - trapecios,97.0,,0,rojo,,3.1884,100.0,0,0.0
2025-01-01,t1204,ito koyama - trapecios,3.0,,0,verde,3.862461297983008,17.1015,20.0,50,855.075
2025-03-01,t1083,ito koyama - trapecios,65.0,,0,rojo,,21.7391,100.0,0,0.0
2025-02-01,tkl-a-1000s,tkl - taiwan,1.0,,0,rojo,,22.5,50.0,0,0.0
2025-01-01,bdd059,ishikawa - discos de freno,0.0,,0,rojo,4.00087292989095,6.81,50.0,50,340.5
2025-03-01,bni006,ito koyama - bocamazas,1.0,,0,rojo,,11.8,50.0,50,590.0
2024-11-01,icd440,ishikawa - pastillas de freno,0.0,,0,rojo,21.4324280617367,4.85,50.0,150,727.5
2025-03-01,44310-08c60,ito koyama - amortiguadores,54.0,,0,rojo,,6.4,80.0,0,0.0
2024-11-01,sk019,ito koyama - resortes,0.0,,0,rojo,4.879411351105205,5.25,152.0,50,262.5
2025-02-01,bdd085,ishikawa - discos de freno,108.0,,0,rojo,,9.4,50.0,0,0.0
2025-03-01,41601-58m00,ito koyama - amortiguadores,45.0,,0,rojo,,10.6,90.0,0,0.0
2025-03-01,af9900m8,prestone - mexico,2.0,,0,rojo,,271.15,4.0,0,0.0
2025-02-01,eo-23020,sakura filter,3.0,,0,rojo,,1.12,250.0,0,0.0
2024-11-01,c003,ito koyama - resortes,0.0,,0,rojo,9.30109508215939,6.62,96.0,100,662.0
2025-03-01,ety009,ito koyama - direccion,154.0,,0,rojo,,1.39269,198.0,0,0.0
2025-03-01,h-813/3,mann - brasil,50.0,,0,rojo,,8.93,108.0,0,0.0
2024-12-01,bdd030,ishikawa - discos de freno,0.0,,0,rojo,33.036576183358505,6.48,100.0,200,1296.0
2025-02-01,t1226,ito koyama - trapecios,0.0,,0,rojo,,9.57,40.0,50,478.5
2025-01-01,18033,narva,0.0,,0,rojo,74.52653503417969,15.939012508153915,600.0,350,5578.654377853871
2025-02-01,icd1157,ishikawa - pastillas de freno,0.0,,0,rojo,,3.6,100.0,50,180.0
2024-10-01,sb004,ito koyama - resortes,0.0,,0,rojo,11.903347778113158,4.85,160.0,100,484.99999999999994
2024-11-01,ani001,ito koyama - direccion,0.0,,0,rojo,6.146387847700325,1.93,300.0,50,96.5
2025-02-01,ni-546,ito koyama - palieres,139.0,,0,rojo,,8.9,100.0,0,0.0
2024-07-01,sdmb-080,seco - embragues,0.0,,0,rojo,4.575443590173638,21.92,20.0,50,1096.0
2025-04-01,a-28820,sakura filter,288.0,160.0,0,rojo,,1.69,60.0,0,0.0
2025-03-01,ni-011,ito koyama - palieres,61.0,,0,rojo,,7.1,50.0,0,0.0
2024-12-01,a-69210,sakura filter,0.0,,0,rojo,10.863807609469946,2.65,75.0,100,265.0
2024-09-01,tt-113,toyo - japon,95.0,,0,verde,8.54737396739693,4.088602097705007,300.0,0,0.0
2025-01-01,622380210,ito koyama - amortiguadores,7.0,,0,rojo,,6.0,99.0,0,0.0
2025-03-01,as-7805-s,sakura filter,250.0,0.0,0,rojo,,9.87,162.0,0,0.0
2023-06-01,sdhd-098,seco - embragues,0.0,,0,rojo,9.998785972595215,13.83,60.0,50,691.5
2025-03-01,mz002,ito koyama - resortes,18.0,,0,rojo,,4.3,56.0,0,0.0
2024-07-01,27110,versachem - usa,0.0,,0,rojo,23.164824828233115,6.21,72.0,50,310.5
2025-03-01,t1210,ito koyama - trapecios,74.0,,0,rojo,,27.54,60.0,0,0.0
2025-03-01,a-1068,sakura filter,83.0,0.0,0,rojo,,2.3,100.0,0,0.0
2025-03-01,hy009,ito koyama - resortes,1038.0,,0,rojo,,4.45,1200.0,0,0.0
2025-03-01,41602m79g80,ito koyama - amortiguadores,280.0,,0,rojo,,9.9,200.0,0,0.0
2025-01-01,cmt-004,aisin - japon,30.0,,0,rojo,,21.73,30.0,0,0.0
2024-10-01,l002,ito koyama - resortes,6.0,,0,amarillo,9.225688298543295,4.62,48.0,100,462.0
2025-03-01,sfc-5304-10,sakura filter,320.0,276.0,0,rojo,,7.8,144.0,0,0.0
2025-03-01,54660-g6250,ito koyama - amortiguadores,49.0,,0,rojo,,10.9,90.0,0,0.0
2025-03-01,a-69130-s,sakura filter,107.0,0.0,0,rojo,,13.04,140.0,0,0.0
2025-02-01,fs-18300,sakura filter,219.0,,0,rojo,,6.2,32.0,0,0.0
2024-03-01,ahy012,ito koyama - direccion,0.0,,0,rojo,26.15315690601817,2.02,220.0,200,404.0
2025-03-01,a-6540,sakura filter,188.0,60.0,0,rojo,,2.3,20.0,0,0.0
2024-12-01,t1162,ito koyama - trapecios,1.0,,0,amarillo,4.808830579121907,9.2755,20.0,50,463.775
2025-03-01,t1211,ito koyama - trapecios,75.0,,0,rojo,,27.54,60.0,0,0.0
2025-01-01,bdd121,ishikawa - discos de freno,0.0,,0,rojo,,10.14,50.0,50,507.0
2025-03-01,a-28890,sakura filter,104.0,0.0,0,rojo,,2.6,100.0,0,0.0
2025-03-01,af12050m,prestone - mexico,126.0,,0,rojo,,8.05,360.0,0,0.0
2025-02-01,t1171,ito koyama - trapecios,56.0,,0,rojo,,27.78,60.0,0,0.0
2025-02-01,t1172,ito koyama - trapecios,56.0,,0,rojo,,27.78,60.0,0,0.0
2025-03-01,bdd037,ishikawa - discos de freno,48.0,,0,rojo,,6.85,100.0,0,0.0
2024-09-01,icd797,ishikawa - pastillas de freno,0.0,,0,rojo,8.48930812947627,5.46,100.0,100,546.0
2025-03-01,54661-a7400,ito koyama - amortiguadores,40.0,,0,rojo,,10.3,90.0,0,0.0
2025-03-01,icd1624,ishikawa - pastillas de freno,25.0,,0,rojo,,2.93,100.0,0,0.0
2024-10-01,a-90220,sakura filter,35.0,,0,verde,4.275889734806412,2.9,60.0,50,145.0
2025-04-01,a-38320-s,sakura filter,95.0,12.0,0,rojo,,16.56,60.0,0,0.0
2024-12-01,a-1725,sakura filter,240.0,120.0,0,verde,2.499778471724405,2.15,120.0,0,0.0
2025-01-01,icd2017,ishikawa - pastillas de freno,0.0,,0,rojo,15.488361354197567,4.68,100.0,100,468.0
2024-12-01,xu22epr-u,denso - bujias - japon,1560.0,,0,verde,82.70619105487143,1.71,1600.0,0,0.0
2025-03-01,a-5653-s,sakura filter,77.0,,0,rojo,,20.93,100.0,0,0.0
2024-10-01,pu-1059x,mann - brasil,0.0,,0,rojo,25.03957888101297,8.62270089149475,30.0,150,1293.4051337242124
2024-10-01,ctx-110,aisin - japon,0.0,,0,rojo,17.946758322056926,71.71,20.0,150,10756.499999999998
2025-03-01,ni-009,ito koyama - palieres,61.0,,0,rojo,,7.8,100.0,0,0.0
2024-05-01,schd-484,seco - embragues,0.0,,0,rojo,13.503250391249907,12.3,80.0,100,1230.0
2025-03-01,t1213,ito koyama - trapecios,11.0,,0,rojo,,8.69575,40.0,0,0.0
2024-10-01,c-331460/1,mann - brasil,0.0,,0,rojo,29.21148396955205,40.36,30.0,150,6054.0
2025-04-01,a-38230-s,sakura filter,107.0,,0,rojo,,16.0,60.0,0,0.0
2025-03-01,sf-27010,sakura filter,349.0,,0,rojo,,3.89,200.0,0,0.0
2024-10-01,bdd032,ishikawa - discos de freno,0.0,,0,rojo,1.3055191929819472,5.47,100.0,50,273.5
2025-03-01,bdd099,ishikawa - discos de freno,30.0,,0,rojo,,9.3,80.0,0,0.0
2025-03-01,c-10027,sakura filter,431.0,,0,rojo,,1.54,400.0,0,0.0
2024-09-01,546512d000,ito koyama - amortiguadores,0.0,,0,rojo,19.985596974690754,10.5,8.0,150,1575.0
2023-04-01,3508,spaco - italia,0.0,,0,rojo,5.000947952270508,,,50,
2025-03-01,bdd042,ishikawa - discos de freno,12.0,,0,rojo,,6.73,50.0,0,0.0
2025-03-01,a-1181,sakura filter,0.0,,0,rojo,,0.9,60.0,50,45.0
2024-04-01,48861,narva,0.0,,0,rojo,19.377314814814813,3.313623548269272,10.0,100,331.3623548269272
2025-02-01,bdd110,ishikawa - discos de freno,4.0,,0,rojo,,6.97,50.0,0,0.0
2025-03-01,ef-31090,sakura filter,465.0,,0,rojo,,4.68,350.0,0,0.0
2023-08-01,50006623,ks - alemania,0.0,,0,rojo,39.30555555555556,5.740738501548767,150.0,200,1148.1477003097534
2025-04-01,a-90080,sakura filter,81.0,,0,rojo,,2.31,20.0,0,0.0
2025-03-01,633147,ito koyama - amortiguadores,51.0,,0,rojo,,10.755957,47.0,0,0.0
2025-03-01,55311-2s400,ito koyama - amortiguadores,76.0,,0,rojo,,7.0,80.0,0,0.0
2025-03-01,55311-38601,ito koyama - amortiguadores,21.0,,0,rojo,,8.0,50.0,0,0.0
2025-03-01,b45a34900,ito koyama - amortiguadores,63.0,,0,rojo,,11.1,48.0,0,0.0
2025-02-01,icd1498,ishikawa - pastillas de freno,0.0,,0,rojo,,4.557333,150.0,50,227.86665
2024-10-01,cmt-001,aisin - japon,0.0,,0,rojo,23.847487924006334,15.99,70.0,150,2398.5
2024-11-01,hu-7008z,mann - brasil,0.0,,0,rojo,12.14254696277441,2.2201145911216735,90.0,100,222.01145911216736
2024-09-01,rov1030025,rover - usa,0.0,,0,rojo,200.934894592222,2.0825,1008.0,850,1770.125
2024-01-01,rto017a,ito koyama - direccion,0.0,,0,rojo,72.64068552044188,2.1,1020.0,450,945.0
2025-03-01,a-14400,sakura filter,12.0,,0,rojo,,1.55,40.0,0,0.0
2025-01-01,h-5503,sakura filter,92.0,,0,verde,3.0010817845662436,4.22,60.0,0,0.0
2025-03-01,a-29530,sakura filter,297.0,,0,rojo,,2.35,100.0,0,0.0
2024-11-01,sfc-55280,sakura filter,0.0,0.0,0,rojo,6.78945795694987,15.16,60.0,50,758.0
2025-01-01,t1201,ito koyama - trapecios,5.0,,0,rojo,,16.232,20.0,0,0.0
2024-11-01,c-2295/2,mann - brasil,0.0,,0,rojo,5.478888034820557,4.892873904705048,60.0,50,244.64369523525238
2024-11-01,t1085m,ito koyama - trapecios,2.0,,0,amarillo,2.776621130466097,24.3,150.0,50,1215.0
2025-03-01,56110-25g00,ito koyama - amortiguadores,14.0,,0,rojo,,5.3,100.0,0,0.0
2025-01-01,bdd016,ishikawa - discos de freno,12.0,,0,rojo,,11.269,50.0,0,0.0
2024-12-01,mi-004,ito koyama - palieres,0.0,,0,rojo,7.936429183730547,8.38,60.0,50,419.00000000000006
2025-03-01,emi001,ito koyama - direccion,60.0,,0,rojo,,1.392667,98.0,0,0.0
2025-03-01,emi002,ito koyama - direccion,62.0,,0,rojo,,1.392712,100.0,0,0.0
2024-02-01,w-920/31,mann - brasil,0.0,,0,rojo,9.069126579016235,5.29,60.0,50,264.5
2023-05-01,a-1000s,sealco - usa,0.0,,0,rojo,78.49893188476562,63.53,300.0,250,15882.5
2025-03-01,a-1198,sakura filter,129.0,,0,rojo,,2.5,100.0,0,0.0
2025-01-01,t1205,ito koyama - trapecios,3.0,,0,verde,2.209494312985825,17.1015,20.0,50,855.075
2025-01-01,bto009,ito koyama - bocamazas,0.0,,0,rojo,,4.57,60.0,50,228.5
2023-01-01,sk19,sin definicion,0.0,,0,rojo,,0.94,450.0,50,47.0
2025-01-01,dtlt235/75r15,deestone,1.0,,0,amarillo,6.600141753626002,44.24,18.0,50,2212.0
2024-11-01,wk-1060/4,mann - brasil,0.0,,0,rojo,1.9352150812070672,15.6,30.0,50,780.0
2024-12-01,fs-26080,sakura filter,840.0,,0,verde,148.3949831390032,3.9,300.0,900,3510.0
2024-10-01,t1168,ito koyama - trapecios,0.0,,0,rojo,4.161082239703649,10.1,40.0,50,505.0
2025-03-01,339339,ito koyama - amortiguadores,48.0,,0,rojo,,11.7,71.0,0,0.0
2025-03-01,to-722,ito koyama - palieres,167.0,,0,rojo,,13.5,204.0,0,0.0
2025-03-01,a-65660,sakura filter,101.0,,0,rojo,,2.26,80.0,0,0.0
2025-03-01,fc-1004,sakura filter,404.0,0.0,0,rojo,,1.7,200.0,0,0.0
2025-03-01,t024,ito koyama - resortes,58.0,,0,rojo,,4.5,104.0,0,0.0
2025-03-01,ef-1001,sakura filter,62.0,,0,rojo,,3.26,12.0,0,0.0
2025-02-01,a-14520,sakura filter,3.0,,0,rojo,,2.61,100.0,0,0.0
2025-03-01,a-5658-s,sakura filter,62.0,,0,rojo,,25.72,88.0,0,0.0
2024-11-01,mz-024f2,ito koyama - palieres,0.0,,0,rojo,11.029165903727213,5.7,100.0,100,570.0
2025-03-01,a-71380-s,sakura filter,251.0,,0,rojo,,13.8,24.0,0,0.0
2025-03-01,a-25410,sakura filter,5.0,,0,rojo,,30.0,50.0,0,0.0
2024-10-01,srmi001,ito koyama - cremalleras,0.0,,0,rojo,4.9988711675008135,64.96,20.0,50,3247.9999999999995
2024-12-01,bdd089,ishikawa - discos de freno,0.0,,0,rojo,2.001782258351644,6.78,100.0,50,339.0
2024-01-01,c-29010,mann - brasil,0.0,,0,rojo,10.618830187311808,29.020530152320863,12.0,50,1451.026507616043
2023-11-01,vx298,valvoline - usa,0.0,,0,rojo,6.000111262003581,490.0,6.0,50,24500.0
2025-03-01,t028,ito koyama - resortes,78.0,,0,rojo,,3.9,104.0,0,0.0
2025-03-01,54651-2e500,ito koyama - amortiguadores,56.0,,0,rojo,,10.9,90.0,0,0.0
2024-10-01,hc-45070,sakura filter,0.0,,0,rojo,6.41716211497324,8.17,30.0,50,408.5
2025-02-01,c-1511,sakura filter,0.0,0.0,0,rojo,,2.1,200.0,50,105.0
2022-09-01,sk21,sin definicion,0.0,,0,rojo,,1.1,100.0,50,55.00000000000001
2025-03-01,a-1817,sakura filter,41.0,,0,rojo,,3.78,54.0,0,0.0
2024-05-01,w7multi-20,mann - brasil,0.0,,0,rojo,19.080383720946216,3.96,108.0,100,396.0
2025-02-01,bdd064,ishikawa - discos de freno,4.0,,0,rojo,,13.5374,50.0,0,0.0
2025-02-01,bdd061,ishikawa - discos de freno,0.0,,0,rojo,,6.58,50.0,50,329.0
2025-03-01,icd1555,ishikawa - pastillas de freno,39.0,,0,rojo,,6.72,100.0,0,0.0
2024-12-01,icd436,ishikawa - pastillas de freno,0.0,,0,rojo,18.696906433361704,6.37,100.0,150,955.5
2025-03-01,as-5628,sakura filter,75.0,0.0,0,rojo,,6.36,60.0,0,0.0
2025-03-01,633148,ito koyama - amortiguadores,51.0,,0,rojo,,10.756042,48.0,0,0.0
2025-01-01,t1191,ito koyama - trapecios,44.0,,0,rojo,,23.19,40.0,0,0.0
2023-09-01,t1174,ito koyama - trapecios,0.0,,0,rojo,3.999993642171224,9.9,40.0,50,495.0
2025-03-01,a-16990,sakura filter,38.0,,0,rojo,,2.13,60.0,0,0.0
2025-02-01,a-1122,sakura filter,141.0,,0,rojo,,1.74,144.0,0,0.0
2025-01-01,dtt205/45zr16,deestone,95.0,,0,verde,4.301147000000001,26.16,40.0,0,0.0
2025-03-01,ky01-34-900a,ito koyama - amortiguadores,6.0,,0,rojo,,8.35,64.0,0,0.0
2024-11-01,822348,valvoline - usa,0.0,,0,rojo,119.99991861979167,5.503333,126.0,400,2201.3332
2023-08-01,tkl24020d,tkl - taiwan,0.0,,0,rojo,28.86033950617284,0.95,100.0,150,142.5
2025-03-01,s-polos,sin definicion,0.0,,0,rojo,,25.568779750328833,400.0,50,1278.4389875164416
2022-12-01,ntn-m12649/10,nachi - koyo - ntn - nsk - japon,0.0,,0,rojo,27.44689950756318,3.15,150.0,150,472.5
2025-02-01,op-002f3,ito koyama - palieres,0.0,,0,rojo,,7.1,60.0,50,355.0
2025-03-01,hy-820,ito koyama - palieres,47.0,,0,rojo,,7.2,50.0,0,0.0
2025-03-01,b45a34700,ito koyama - amortiguadores,63.0,,0,rojo,,11.1,48.0,0,0.0
2025-03-01,a-1762,sakura filter,306.0,,0,rojo,,1.52,60.0,0,0.0
2025-03-01,tto032,ito koyama - direccion,187.0,,0,rojo,,2.646071,202.0,0,0.0
2024-11-01,schd-073,seco - embragues,16.0,,0,verde,3.583117016813823,13.2,50.0,50,660.0
2023-05-01,sdhd-083,seco - embragues,0.0,,0,rojo,18.561526689730044,14.2,50.0,100,1420.0
2023-01-01,dd295/80r22.5,deruibo,0.0,,0,rojo,16.190591500000004,113.8,104.0,100,11380.0
2025-02-01,icd1423,ishikawa - pastillas de freno,0.0,,0,rojo,,4.57,300.0,50,228.5
2024-12-01,fs-18301,sakura filter,97.0,,0,verde,2.001104195912679,8.89,128.0,0,0.0
2024-11-01,icd822,ishikawa - pastillas de freno,0.0,,0,rojo,13.087836108282284,3.79,100.0,100,379.0
2025-03-01,55300-3x100,ito koyama - amortiguadores,2.0,,0,rojo,,6.6,250.0,50,330.0
2025-03-01,zd1156,wagner - pastillas,61.0,,0,rojo,,15.37,150.0,0,0.0
2025-03-01,a-8672-s,sakura filter,460.0,,0,rojo,,9.27,180.0,0,0.0
2025-03-01,bdd093,ishikawa - discos de freno,106.0,,0,rojo,,6.47,100.0,0,0.0
2025-01-01,bdd094,ishikawa - discos de freno,92.0,,0,rojo,,13.38,50.0,0,0.0
2024-11-01,a-17930,sakura filter,72.0,,0,verde,3.1737607299443167,2.12,140.0,0,0.0
2025-01-01,srto002,ito koyama - cremalleras,26.0,,0,rojo,,55.0,30.0,0,0.0
2024-11-01,w16ex-ua,denso - bujias - japon,0.0,,0,rojo,86.97587076822917,0.93,96.0,300,279.0
2025-03-01,41601-71l20,ito koyama - amortiguadores,164.0,,0,rojo,,10.2,90.0,0,0.0
2025-03-01,c-32338/1,mann - brasil,0.0,,0,rojo,,8.27,32.0,50,413.5
2024-10-01,a-1742,sakura filter,0.0,,0,rojo,3.490250905354817,2.02,20.0,50,101.0
2025-03-01,54660-2p000,ito koyama - amortiguadores,77.0,,0,rojo,,10.9,90.0,0,0.0
2025-03-01,icd1965,ishikawa - pastillas de freno,76.0,,0,rojo,,3.3,100.0,0,0.0
2024-04-01,a-53030,sakura filter,0.0,,0,rojo,4.660761687596029,56.1,17.0,50,2805.0
2024-11-01,48602,narva,0.0,,0,rojo,22.21875,4.157253465723992,400.0,100,415.7253465723992
2025-04-01,df-001,ito koyama - palieres,86.0,,0,rojo,,8.5,100.0,0,0.0
2024-09-01,t1166,ito koyama - trapecios,0.0,,0,rojo,5.138330459594727,9.2755,20.0,50,463.775
2025-03-01,a-1127,sakura filter,64.0,0.0,0,rojo,,2.95,90.0,0,0.0
2025-04-01,17177,narva,44350.0,,0,rojo,,0.116983058989048,69000.0,0,0.0
2025-04-01,a-71130-s,sakura filter,2.0,0.0,0,rojo,,44.84,99.0,0,0.0
2025-03-01,h75905500,valvoline,2.0,,0,rojo,,675.0,6.0,0,0.0
2025-01-01,rto012,ito koyama - direccion,17.0,,0,rojo,,4.17,120.0,0,0.0
2025-03-01,t1080,ito koyama - trapecios,36.0,,0,rojo,,9.86,20.0,0,0.0
2025-03-01,ho-013,ito koyama - palieres,40.0,,0,rojo,,6.9,50.0,0,0.0
2025-03-01,sk012,ito koyama - resortes,116.0,,0,rojo,,5.3,80.0,0,0.0
2025-02-01,4060a066,ito koyama - amortiguadores,45.0,,0,rojo,,11.0,48.0,0,0.0
2025-04-01,a-29430,sakura filter,19.0,,0,rojo,,12.48,1.0,0,0.0
2025-04-01,icd680,ishikawa - pastillas de freno,76.0,,0,rojo,,4.35,100.0,0,0.0
2025-04-01,a-3370,sakura filter,3.0,,0,rojo,,6.08,40.0,0,0.0
2025-03-01,339338,ito koyama - amortiguadores,51.0,,0,rojo,,11.2,72.0,0,0.0
2025-01-01,t1134,ito koyama - trapecios,31.0,,0,rojo,,11.3,40.0,0,0.0
2025-03-01,hc-5508,sakura filter,31.0,,0,rojo,,14.39,84.0,0,0.0
2024-10-01,a-1946,sakura filter,0.0,0.0,0,rojo,6.7962440272230396,2.61,40.0,50,130.5
2024-07-01,a-1613,sakura filter,0.0,,0,rojo,3.961121777911552,2.16,200.0,50,108.0
2024-11-01,icd606,ishikawa - pastillas de freno,0.0,,0,rojo,10.383634723021501,4.15,100.0,100,415.00000000000006
2024-01-01,mpr1,clevite - usa,0.0,,0,rojo,35.65115627366708,9.72,1100.0,150,1458.0
2024-08-01,tb-1374/3x,mann - brasil,0.0,,0,rojo,4.4389586917572394,18.787508606910706,60.0,50,939.3754303455353
2025-01-01,a-2932,sakura filter,259.0,,0,rojo,,4.05,160.0,0,0.0
2025-03-01,scsz-575,seco - embragues,20.0,,0,rojo,,12.47,60.0,0,0.0
2023-09-01,af6300/2f,prestone - usa,0.0,,0,rojo,79.80552673339844,7.39,324.0,250,1847.5
2025-01-01,crt-010,aisin - japon,0.0,,0,rojo,,8.28,40.0,50,413.99999999999994
2025-01-01,eo-2801,sakura filter,74.0,,0,rojo,,1.48,100.0,0,0.0
2024-11-01,a-2924,sakura filter,25.0,,0,verde,3.9188361815918866,1.72,20.0,50,86.0
2025-03-01,a-14580,sakura filter,33.0,0.0,0,rojo,,2.52,20.0,0,0.0
2025-03-01,54651-c5000,ito koyama - amortiguadores,29.0,,0,rojo,,12.5,47.0,0,0.0
2025-01-01,ctx-078,aisin - japon,12.0,,0,rojo,,58.02,20.0,0,0.0
2024-10-01,c-23800,mann - brasil,0.0,,0,rojo,14.998831748962402,43.055494146347044,30.0,100,4305.549414634705
2025-02-01,553028h304,ito koyama - amortiguadores,2.0,,0,rojo,,10.6,60.0,0,0.0
2025-01-01,icd937,ishikawa - pastillas de freno,0.0,,0,rojo,,4.42,50.0,50,221.0
2025-01-01,cmt-003,aisin - japon,0.0,,0,rojo,13.998888651529947,11.97,60.0,100,1197.0
2025-03-01,re003,ito koyama - resortes,181.0,,0,rojo,,6.3,56.0,0,0.0
2025-03-01,a-2417,sakura filter,44.0,,0,rojo,,1.44,50.0,0,0.0
2025-03-01,41601-64j00,ito koyama - amortiguadores,41.0,,0,rojo,,11.4,60.0,0,0.0
2025-03-01,ca-10130,sakura filter,0.0,,0,rojo,,1.18,100.0,50,59.0
2024-12-01,a-24210,sakura filter,12.0,,0,verde,2.9979801177978516,4.0,100.0,50,200.0
2025-01-01,a-61360,sakura filter,0.0,,0,rojo,,2.67,100.0,50,133.5
2025-03-01,t1098,ito koyama - trapecios,6.0,,0,rojo,,8.116,60.0,0,0.0
2025-03-01,t1099,ito koyama - trapecios,15.0,,0,rojo,,8.116,60.0,0,0.0
2025-02-01,a-90190,sakura filter,17.0,,0,rojo,,3.99,200.0,0,0.0
2025-01-01,t1200,ito koyama - trapecios,4.0,,0,rojo,,16.232,20.0,0,0.0
2025-03-01,fc-1022,sakura filter,511.0,,0,rojo,,2.08,200.0,0,0.0
2025-01-01,a-16830,sakura filter,16.0,,0,rojo,,2.49,20.0,0,0.0
2025-03-01,3461-1011askr,sakura - radiadores,20.0,,0,rojo,,16.45,100.0,0,0.0
2025-03-01,48530-52440,ito koyama - amortiguadores,185.0,,0,rojo,,6.5,150.0,0,0.0
2025-03-01,icd2294,ishikawa - pastillas de freno,0.0,,0,rojo,,4.75,60.0,50,237.5
2024-11-01,bdd098,ishikawa - discos de freno,0.0,,0,rojo,8.168302558595535,6.97,100.0,50,348.5
2025-03-01,c-1522,sakura filter,194.0,198.0,0,rojo,,4.5,120.0,0,0.0
2023-02-01,48541-09210,ito koyama - amortiguadores,0.0,,0,rojo,101.17572333895686,8.6,100.0,650,5590.0
2024-11-01,wdk-11102/28,mann - brasil,0.0,,0,rojo,158.70872497558594,8.889382362365723,160.0,650,5778.09853553772
2025-02-01,bni002,ito koyama - bocamazas,39.0,,0,rojo,,4.42,100.0,0,0.0
2025-03-01,t7069,ito koyama - trapecios,8.0,,0,rojo,,3.9,150.0,0,0.0
2025-03-01,a-31790,sakura filter,79.0,,0,rojo,,3.56,60.0,0,0.0
2025-02-01,bdd004,ishikawa - discos de freno,0.0,,0,rojo,,10.4,50.0,50,520.0
2024-11-01,scdw-382,seco - embragues,6.0,,0,verde,1.7002341649671404,10.81,20.0,50,540.5
2025-03-01,a-76410-s,sakura filter,109.0,,0,rojo,,5.87,75.0,0,0.0
2025-01-01,a-6606,sakura filter,351.0,,0,verde,1.0011022885640461,3.05,204.0,0,0.0
2025-03-01,c001,ito koyama - resortes,102.0,,0,rojo,,4.85,200.0,0,0.0
2025-04-01,3340047,ito koyama - amortiguadores,322.0,,0,rojo,,9.9,200.0,0,0.0
2025-03-01,t1085,ito koyama - trapecios,290.0,,0,rojo,,23.8,308.0,0,0.0
2025-03-01,a-53430-s,sakura filter,132.0,,0,rojo,,10.72,189.0,0,0.0
2024-10-01,48026,narva,0.0,,0,rojo,46.40625,2.560775561094284,200.0,200,512.1551122188567
2025-01-01,bdd044,ishikawa - discos de freno,82.0,,0,rojo,,12.74,100.0,0,0.0
2024-10-01,48220,narva,7977.0,,0,verde,24.302581787109375,1.6147864196300508,8000.0,0,0.0
2025-03-01,54303-1n310,ito koyama - amortiguadores,103.0,,0,rojo,,10.4,90.0,0,0.0
2025-03-01,bdd022,ishikawa - discos de freno,38.0,,0,rojo,,8.39,100.0,0,0.0
2025-01-01,a-17920,sakura filter,1.0,,0,amarillo,4.001737276713054,3.05,100.0,50,152.5
2024-02-01,asz002,ito koyama - direccion,0.0,,0,rojo,22.90494139355836,2.28,240.0,150,341.99999999999994
2022-11-01,c-18360/1,sin definicion,0.0,,0,rojo,,11.24,140.0,50,562.0
2024-10-01,t026,ito koyama - resortes,0.0,,0,rojo,12.52347757153865,4.25,104.0,100,425.0
2025-02-01,t1022,ito koyama - trapecios,65.0,,0,rojo,,16.67,62.0,0,0.0
2024-12-01,wk-962/13,mann - brasil,0.0,,0,rojo,34.29542922973633,12.38,120.0,150,1857.0000000000002
2024-06-01,sgddw-010,seco - embragues,0.0,,0,rojo,24.194251543209877,9.51,150.0,150,1426.5
2025-02-01,mz004,ito koyama - resortes,29.0,,0,rojo,,6.4,100.0,0,0.0
2025-03-01,cv-27,ito koyama - palieres,23.0,,0,rojo,,6.4,50.0,0,0.0
2024-11-01,srb-03,seco - embragues,89.0,,0,verde,3.088913440704346,5.19,120.0,0,0.0
2024-03-01,as-6203-2rsc3,nas - pfi - zkl - mba,0.0,,0,rojo,214.99874877929688,0.39,1500.0,900,351.0
2025-01-01,a-8903,sakura filter,78.0,,0,rojo,,2.59,20.0,0,0.0
2025-02-01,sfc-2901,sakura filter,2.0,,0,rojo,,6.5,24.0,0,0.0
2024-11-01,bdd051,ishikawa - discos de freno,0.0,,0,rojo,13.277318318684896,9.89,80.0,100,989.0
2023-01-01,mg331,moog - usa,0.0,,0,rojo,16.00100326538086,6.33,700.0,100,633.0
2024-10-01,ch006,ito koyama - resortes,4.0,,0,amarillo,11.9989382425944,6.72,80.0,100,672.0
2025-03-01,54651-2s000,ito koyama - amortiguadores,124.0,,0,rojo,,14.9,90.0,0,0.0
2025-03-01,a-28620,sakura filter,429.0,0.0,0,rojo,,1.2,420.0,0,0.0
2024-12-01,c-71060,sakura filter,0.0,198.0,0,rojo,42.65475718180338,4.85,198.0,300,1455.0
2024-04-01,a-6523,sakura filter,0.0,,0,rojo,8.464779589381534,3.75,100.0,100,375.0
2024-10-01,884567,valvoline - usa,390.0,,0,verde,39.00334167480469,23.176667,195.0,0,0.0
2024-08-01,tb-1394/1x,mann - brasil,0.0,,0,rojo,23.49873989687514,20.01854096889496,60.0,100,2001.854096889496
2025-03-01,485310r010,ito koyama - amortiguadores,130.0,,0,rojo,,7.3,150.0,0,0.0
2023-10-01,tsz004,ito koyama - direccion,0.0,,0,rojo,15.999956766764322,2.18,100.0,100,218.00000000000003
2025-03-01,eo-55010,sakura filter,97.0,,0,rojo,,6.5,200.0,0,0.0
2025-03-01,b32t34700c,ito koyama - amortiguadores,16.0,,0,rojo,,11.2,48.0,0,0.0
2025-02-01,c-38090,sakura filter,0.0,96.0,0,rojo,,5.72,144.0,0,0.0
2024-12-01,861398,valvoline - usa,396.0,,0,verde,73.92755126953124,6.243333,216.0,100,624.3333
2025-03-01,p2550cf500,prextoline - lubricantes,7.0,,0,rojo,,39.43,20.0,0,0.0
2024-06-01,rhy003,ito koyama - direccion,0.0,,0,rojo,25.866842121492265,2.86,120.0,200,572.0
2024-12-01,a-7103-s,sakura filter,11.0,,0,verde,1.1872491041819255,31.84,28.0,50,1592.0
2025-02-01,48540-02120,ito koyama - amortiguadores,15.0,,0,rojo,,11.3,59.0,0,0.0
2025-03-01,a-25890,sakura filter,50.0,,0,rojo,,1.94,20.0,0,0.0
2024-11-01,k20pr-u,denso - bujias - japon,194.0,,0,verde,34.484926555129334,0.99,192.0,50,49.5
2025-03-01,t1223,ito koyama - trapecios,0.0,,0,rojo,,11.0145,40.0,50,550.725
2025-02-01,a-1145,sakura filter,48.0,,0,rojo,,2.96,100.0,0,0.0
2024-08-01,a-33940,sakura filter,0.0,0.0,0,rojo,11.631751166666666,3.4,20.0,100,340.0
2025-03-01,c-25860/5,mann - brasil,98.0,,0,rojo,,26.644567322731017,30.0,0,0.0
2024-11-01,a-1628,sakura filter,36.0,,0,verde,4.0,2.54,108.0,50,127.0
2025-02-01,a-31270,sakura filter,0.0,,0,rojo,,2.49,140.0,50,124.50000000000001
2025-03-01,dt185/60r14,deestone,152.0,,0,rojo,,20.61,205.0,0,0.0
2025-03-01,as-1031,sakura filter,0.0,,0,rojo,,5.42,28.0,50,271.0
2025-03-01,mwmwd1543,wagner - pastillas,4.0,,0,rojo,,24.3,20.0,0,0.0
2025-02-01,a-31310,sakura filter,36.0,,0,rojo,,3.95,60.0,0,0.0
2025-03-01,a-1126,sakura filter,224.0,198.0,0,rojo,,3.0,198.0,0,0.0
2025-04-01,ef-13021,sakura filter,2859.0,,0,rojo,,2.5,600.0,0,0.0
2025-03-01,bdd105,ishikawa - discos de freno,34.0,,0,rojo,,14.01,50.0,0,0.0
2025-03-01,icd1261,ishikawa - pastillas de freno,66.0,,0,rojo,,3.2,100.0,0,0.0
2024-09-01,d25600500,valvoline,69.0,,0,verde,1.0,55.26,100.0,0,0.0
2025-03-01,54660-1e200,ito koyama - amortiguadores,130.0,,0,rojo,,10.3,96.0,0,0.0
2025-03-01,t1129,ito koyama - trapecios,32.0,,0,rojo,,14.78,40.0,0,0.0
2025-03-01,di1540ci5500,valvoline,4.0,,0,rojo,,502.66,8.0,0,0.0
2025-01-01,dn-047,aisin - japon,28.0,,0,rojo,,20.38,50.0,0,0.0
2025-03-01,icd1963,ishikawa - pastillas de freno,34.0,,0,rojo,,3.97,160.0,0,0.0
2025-03-01,ky01-34-700a,ito koyama - amortiguadores,9.0,,0,rojo,,8.35,64.0,0,0.0
2025-03-01,726780343r,ito koyama - amortiguadores,68.0,,0,rojo,,10.0,179.0,0,0.0
2025-03-01,t1214,ito koyama - trapecios,2.0,,0,rojo,,11.884,20.0,0,0.0
2025-03-01,54302-70n00,ito koyama - amortiguadores,36.0,,0,rojo,,9.4,60.0,0,0.0
2025-03-01,icd526,ishikawa - pastillas de freno,0.0,,0,rojo,,4.76,50.0,50,238.0
2025-03-01,t1001,ito koyama - trapecios,38.0,,0,rojo,,9.3,40.0,0,0.0
2025-03-01,48626,narva,118.0,,0,rojo,,6.397790853488446,400.0,0,0.0
2025-03-01,bdd083,ishikawa - discos de freno,14.0,,0,rojo,,8.93,100.0,0,0.0
2025-01-01,t1154,ito koyama - trapecios,46.0,,0,rojo,,13.62,40.0,0,0.0
2025-03-01,fs-31150,sakura filter,104.0,,0,rojo,,9.32,100.0,0,0.0
2025-02-01,eo-68020,sakura filter,98.0,0.0,0,rojo,,3.33,25.0,0,0.0
2025-03-01,a-6110,sakura filter,101.0,,0,rojo,,3.86,60.0,0,0.0
2024-11-01,84042,narva,5.0,,0,verde,2.0010526180267334,26.92845961922407,20.0,50,1346.4229809612036
2025-03-01,a-1080,sakura filter,53.0,,0,rojo,,2.83,20.0,0,0.0
2025-03-01,41601a78b01,ito koyama - amortiguadores,228.0,,0,rojo,,8.1,200.0,0,0.0
2025-03-01,a-6117-s,sakura filter,445.0,192.0,0,rojo,,14.82,40.0,0,0.0
2025-03-01,bdd100,ishikawa - discos de freno,8.0,,0,rojo,,8.0,100.0,0,0.0
2025-03-01,ef-1306,sakura filter,55.0,0.0,0,rojo,,2.67,100.0,0,0.0
2025-03-01,54660-2k000,ito koyama - amortiguadores,5.0,,0,rojo,,10.5,52.0,0,0.0
2024-11-01,a-24240,sakura filter,0.0,0.0,0,rojo,2.4252646764119468,3.26,20.0,50,163.0
2022-12-01,nsk-58tkz3504a3ra,collarines - nachi - koyo - nsk - japon,0.0,,0,rojo,4.003894329071045,9.8,300.0,50,490.00000000000006
2024-11-01,ca-18430,sakura filter,0.0,,0,rojo,21.877731176060184,1.6,120.0,150,240.0
2024-11-01,icd1362,ishikawa - pastillas de freno,0.0,,0,rojo,22.589337666829426,3.8,100.0,150,570.0
2025-03-01,a-1014,sakura filter,34.0,,0,rojo,,3.28,48.0,0,0.0
2024-04-01,c-27830,mann - brasil,0.0,,0,rojo,18.478328966255507,16.56,60.0,100,1655.9999999999998
2025-03-01,bhy008,ito koyama - bocamazas,24.0,,0,rojo,,14.38,30.0,0,0.0
2025-03-01,pc-57010,sakura filter,270.0,,0,rojo,,1.92,100.0,0,0.0
2023-06-01,87228610,ks - alemania,0.0,,0,rojo,4.08987763448393,30.424678802490234,30.0,50,1521.2339401245117
2024-12-01,3410014,ito koyama - amortiguadores,0.0,,0,rojo,13.899991353352865,7.4,200.0,100,740.0
2024-09-01,a-3304,sakura filter,0.0,,0,rojo,19.998846689860027,2.13,40.0,150,319.5
2025-02-01,bdd052,ishikawa - discos de freno,0.0,,0,rojo,,5.61,100.0,50,280.5
2024-12-01,t1161,ito koyama - trapecios,2.0,,0,verde,4.9262825081729895,9.2755,20.0,50,463.775
2024-09-01,tt-127,toyo - japon,38.0,,0,verde,2.00117826461792,5.739221042022109,200.0,0,0.0
2024-12-01,t1107,ito koyama - trapecios,1.0,,0,amarillo,5.030789057413737,7.72,700.0,50,386.0
2025-03-01,rni010,ito koyama - direccion,101.0,,0,rojo,,2.08899,205.0,0,0.0
2025-04-01,a-3601,sakura filter,133.0,,0,rojo,,2.85,100.0,0,0.0
2024-12-01,83857003,monark - alemania,0.0,,0,rojo,25.28076171875,,,150,
2025-03-01,tda003,ito koyama - direccion,58.0,,0,rojo,,2.72,240.0,0,0.0
2025-03-01,tda002,ito koyama - direccion,50.0,,0,rojo,,2.72,240.0,0,0.0
2024-10-01,a-6010-s,sakura filter,107.0,,0,verde,1.9999788602193196,29.63,32.0,0,0.0
2025-02-01,srto007,ito koyama - cremalleras,0.0,,0,rojo,,64.0,60.0,50,3200.0
2025-03-01,opt-116,aisin - japon,142.0,,0,rojo,,42.37,200.0,0,0.0
2025-01-01,48031,narva,46.0,,0,rojo,,3.6089362715005873,200.0,0,0.0
2024-10-01,48751,narva,0.0,,0,rojo,686.067194062903,2.1458352204322817,600.0,2800,6008.338617210389
2025-03-01,mr-992632,ito koyama - amortiguadores,0.0,,0,rojo,,7.3,100.0,50,365.0
2025-01-01,cmt-005,aisin - japon,0.0,,0,rojo,5.305942671304258,22.45,8.0,50,1122.5
2025-03-01,mz-2812a,ito koyama - palieres,130.0,,0,rojo,,8.9,50.0,0,0.0
2024-04-01,87077061,monark - alemania,0.0,,0,rojo,5.193944448836702,,,50,
2023-11-01,mg387,moog - usa,0.0,,0,rojo,2.0583556493123374,6.49,300.0,50,324.5
2025-02-01,a-2814,sakura filter,227.0,,0,rojo,,1.6,80.0,0,0.0
2024-10-01,icd1035,ishikawa - pastillas de freno,0.0,,0,rojo,12.000887552897135,5.18,50.0,100,518.0
2025-04-01,c-1735,sakura filter,117.0,0.0,0,rojo,,7.8,120.0,0,0.0
2024-12-01,a-5425-s,sakura filter,0.0,,0,rojo,7.87132899802666,25.53,60.0,50,1276.5
2025-03-01,54303-50a00,ito koyama - amortiguadores,21.0,,0,rojo,,9.5,102.0,0,0.0
2023-10-01,rto011,ito koyama - direccion,0.0,,0,rojo,31.99480946858724,4.44,120.0,200,888.0000000000001
2024-07-01,rto006,ito koyama - direccion,0.0,,0,rojo,12.1246329581396,4.42,135.0,100,442.0
2023-01-01,srb-23,seco - embragues,0.0,,0,rojo,5.00096321105957,7.07,150.0,50,353.5
2024-11-01,t1218,ito koyama - trapecios,1.0,,0,amarillo,2.9991162618001304,11.3045,20.0,50,565.225
2025-03-01,a-1135,sakura filter,276.0,,0,rojo,,4.77,16.0,0,0.0
2025-03-01,tni001,ito koyama - direccion,174.0,,0,rojo,,2.089003,208.0,0,0.0
2025-04-01,48520-12c20,ito koyama - amortiguadores,174.0,,0,rojo,,10.3,275.0,0,0.0
2025-03-01,c-1309,sakura filter,83.0,,0,rojo,,5.28,60.0,0,0.0
2024-09-01,ak001,ito koyama - direccion,0.0,,0,rojo,20.492138297022617,2.1,158.0,150,315.0
2025-04-01,54650-b4000,ito koyama - amortiguadores,311.0,,0,rojo,,10.3,180.0,0,0.0
2025-03-01,4852087401,ito koyama - amortiguadores,3.0,,0,rojo,,9.9,59.0,0,0.0
2024-10-01,a-1655,sakura filter,22.0,,0,verde,3.9118552161514804,1.93,20.0,50,96.5
2025-02-01,a-49480,sakura filter,269.0,,0,rojo,,20.88,40.0,0,0.0
2024-10-01,a-5001,sakura filter,0.0,,0,rojo,3.7682291666666665,15.03,50.0,50,751.5
2024-08-01,mwmwc2038,wagner - pastillas,0.0,,0,rojo,6.0,12.6,80.0,50,630.0
2024-09-01,t1165,ito koyama - trapecios,0.0,,0,rojo,6.413231218315741,9.2755,20.0,50,463.775
2024-05-01,rmi003,ito koyama - direccion,0.0,,0,rojo,6.805349985758464,2.18,150.0,50,109.00000000000001
2025-02-01,n020,ito koyama - resortes,0.0,,0,rojo,,9.6,80.0,50,480.0
2023-12-01,sdsz-499,seco - embragues,0.0,,0,rojo,1.3163619309459342,10.28,30.0,50,514.0
2025-02-01,sfc-6901-10,sakura filter,0.0,,0,rojo,,4.21,108.0,50,210.5
2024-11-01,w-962/24,mann - brasil,0.0,,0,rojo,14.283353805541992,9.2,60.0,100,919.9999999999999
2025-03-01,c-15165/3,mann - brasil,41.0,,0,rojo,,14.83,60.0,0,0.0
2025-03-01,a-7101,sakura filter,41.0,,0,rojo,,25.19,1.0,0,0.0
2024-07-01,sm042,ito koyama - torretas,0.0,,0,rojo,17.629000303423194,5.09,300.0,150,763.5
2025-03-01,a-chimpunera,sin definicion,0.0,,0,rojo,,19.080509952124423,1050.0,50,954.0254976062212
2025-03-01,srmi002,ito koyama - cremalleras,6.0,,0,rojo,,110.0,10.0,0,0.0
2025-01-01,c-30850/2,mann - brasil,20.0,,0,rojo,,37.82,30.0,0,0.0
2023-11-01,tma002,ito koyama - direccion,194.0,,0,verde,15.953219500000001,2.367551,200.0,0,0.0
2025-04-01,ca-17210,sakura filter,0.0,0.0,0,rojo,,2.03,100.0,50,101.49999999999999
2023-08-01,tkl24024,tkl - taiwan,0.0,,0,rojo,62.68513870239258,1.03,800.0,300,309.0
2024-07-01,scki-286,seco - embragues,0.0,,0,rojo,2.0011446475982666,14.79,30.0,50,739.5
2024-11-01,a-8603,sakura filter,0.0,,0,rojo,2.534978245423695,18.54,50.0,50,927.0
2024-09-01,pgcr5003,prextoline - grasas,0.0,,0,rojo,11.0025053024292,31.0,390.0,50,1550.0
2025-02-01,ca-18320,sakura filter,21.0,0.0,0,rojo,,0.7,100.0,0,0.0
2025-03-01,ca-18361,sakura filter,235.0,,0,rojo,,0.9,200.0,0,0.0
2024-09-01,w16exr-u11,denso - bujias - japon,192.0,,0,verde,63.30805969238281,0.99,192.0,200,198.0
2022-07-01,skf-6308-2z,skf - rodajes,0.0,,0,rojo,10.114601272413623,7.79,400.0,50,389.5
2024-12-01,w-1170,mann - brasil,0.0,,0,rojo,9.629622364001236,7.764725482463836,32.0,50,388.23627412319183
2025-03-01,ca-1801,sakura filter,295.0,,0,rojo,,2.13,200.0,0,0.0
2023-05-01,a-8638-s,sakura filter,0.0,,0,rojo,3.2232995519417464,26.05,32.0,50,1302.5
2024-09-01,bdd005,ishikawa - discos de freno,0.0,,0,rojo,9.367733001708986,8.39,100.0,100,839.0
2025-03-01,a-1058,sakura filter,0.0,120.0,0,rojo,,2.37,120.0,0,0.0
2024-05-01,tto017,ito koyama - direccion,48.0,,0,verde,3.75132991240865,3.77,60.0,0,0.0
2024-09-01,a-68400,sakura filter,0.0,,0,rojo,8.998535792032879,19.19,8.0,100,1919.0000000000002
2025-03-01,icd813,ishikawa - pastillas de freno,11.0,,0,rojo,,3.64,100.0,0,0.0
2025-01-01,tto020,ito koyama - direccion,40.0,,0,rojo,,3.06,120.0,0,0.0
2024-12-01,kn47001,tkl - taiwan,0.0,,0,rojo,151.3562469482422,4.4,4000.0,650,2860.0000000000005
2025-03-01,a-8649-s,sakura filter,19.0,48.0,0,rojo,,30.0,19.0,0,0.0
2025-03-01,a-2614-s,sakura filter,23.0,0.0,0,rojo,,4.12,200.0,0,0.0
2025-01-01,q16r-u,denso - bujias - japon,480.0,,0,verde,0.0,0.99,480.0,0,0.0
2024-12-01,a-68380,sakura filter,25.0,,0,verde,8.488644826480344,19.19,36.0,100,1919.0000000000002
2025-03-01,54302-5ha3a,ito koyama - amortiguadores,151.0,,0,rojo,,10.8,80.0,0,0.0
2025-04-01,ca-28261,sakura filter,312.0,,0,rojo,,1.35,220.0,0,0.0
2025-03-01,a-5509-s,sakura filter,58.0,,0,rojo,,24.31,22.0,0,0.0
2023-05-01,zd1211,wagner - pastillas,0.0,,0,rojo,3.000009218851725,17.7,30.0,50,885.0
2024-10-01,n-lapiceros,sin definicion,0.0,,0,rojo,,2.2431000026405585,4000.0,50,112.15500013202792
2025-03-01,54661-c5000,ito koyama - amortiguadores,29.0,,0,rojo,,12.5,48.0,0,0.0
2025-01-01,mz-023,ito koyama - palieres,0.0,,0,rojo,,5.6,100.0,50,280.0
2024-11-01,wk-1124,mann - brasil,0.0,,0,rojo,16.221078689206465,8.29,60.0,100,828.9999999999999
2025-03-01,a-2846,sakura filter,36.0,0.0,0,rojo,,4.44,20.0,0,0.0
2024-03-01,87561610,ks - alemania,0.0,,0,rojo,10.796432495117188,33.807770160436625,60.0,50,1690.3885080218313
2025-02-01,cac-18450,sakura filter,171.0,,0,rojo,,3.57,120.0,0,0.0
2025-03-01,icd684,ishikawa - pastillas de freno,14.0,,0,rojo,,4.0,300.0,0,0.0
2024-11-01,t1219,ito koyama - trapecios,2.0,,0,amarillo,5.408643404206676,11.3045,20.0,50,565.225
2025-01-01,bdd068,ishikawa - discos de freno,80.0,,0,rojo,,11.59,100.0,0,0.0
2025-03-01,wpt-202,aisin - japon,140.0,,0,rojo,,56.44,100.0,0,0.0
2025-03-01,icd2007,ishikawa - pastillas de freno,24.0,,0,rojo,,3.51,100.0,0,0.0
2024-11-01,c-1712,sakura filter,0.0,,0,rojo,5.997530619303386,3.64,48.0,50,182.0
2025-03-01,6461-1401skr,sakura - radiadores,54.0,,0,rojo,,70.0,25.0,0,0.0
2025-04-01,mr197433,ito koyama - amortiguadores,58.0,,0,rojo,,10.1,48.0,0,0.0
2025-01-01,bhy002,ito koyama - bocamazas,117.0,,0,rojo,,14.38,50.0,0,0.0
2025-03-01,c-10050,mann - brasil,27.0,,0,rojo,,4.537224479913712,60.0,0,0.0
2025-04-01,as-5628-s,sakura filter,67.0,0.0,0,rojo,,6.99,72.0,0,0.0
2025-03-01,ad-2307,ito koyama - palieres,55.0,,0,rojo,,9.5,50.0,0,0.0
2024-09-01,fc-51170,sakura filter,0.0,,0,rojo,30.07112344486217,7.11,96.0,200,1422.0
2024-01-01,tda001,ito koyama - direccion,0.0,,0,rojo,6.000054041544597,2.2,120.0,50,110.00000000000001
2024-08-01,ucp20720,nas - chumaceras,0.0,,0,rojo,19.83824920654297,3.62,800.0,100,362.0
2023-11-01,tto003,ito koyama - direccion,0.0,,0,rojo,27.580655415852863,2.97,120.0,200,594.0
2024-12-01,c-65201,sakura filter,0.0,,0,rojo,21.2380979801697,5.98,102.0,150,897.0000000000001
2024-05-01,tni016,ito koyama - direccion,0.0,,0,rojo,16.32019524976958,3.97,90.0,100,397.0
2025-02-01,cf-1640,mann - brasil,11.0,,0,rojo,,16.20899196624756,30.0,0,0.0
2024-11-01,t025,ito koyama - resortes,0.0,,0,rojo,28.68869312985825,5.09,152.0,200,1018.0
2025-02-01,t1216,ito koyama - trapecios,14.0,,0,rojo,,13.913,40.0,0,0.0
2025-02-01,t1217,ito koyama - trapecios,16.0,,0,rojo,,13.913,40.0,0,0.0
2025-01-01,k002,ito koyama - resortes,6.0,,0,rojo,,3.57,120.0,0,0.0
2025-03-01,a-30220,sakura filter,69.0,,0,rojo,,4.22,18.0,0,0.0
2025-03-01,o-1301,sakura filter,56.0,,0,rojo,,1.9,50.0,0,0.0
2025-03-01,c-2807,sakura filter,380.0,0.0,0,rojo,,1.7,200.0,0,0.0
2024-12-01,ni-545,ito koyama - palieres,2.0,,0,amarillo,5.126769810960984,8.72,50.0,50,436.00000000000006
2025-01-01,bdd003,ishikawa - discos de freno,0.0,,0,rojo,,7.99,200.0,50,399.5
2025-03-01,rni004,ito koyama - direccion,74.0,,0,rojo,,2.22826,100.0,0,0.0
2025-02-01,4060a397,ito koyama - amortiguadores,1.0,,0,rojo,,9.9,50.0,50,495.0
2025-03-01,rto020,ito koyama - direccion,166.0,,0,rojo,,2.715703,206.0,0,0.0
2025-03-01,a-1501,sakura filter,38.0,0.0,0,rojo,,2.61,40.0,0,0.0
2025-03-01,a-65430,sakura filter,61.0,,0,rojo,,2.0,100.0,0,0.0
2025-03-01,as-22470-s,sakura filter,96.0,0.0,0,rojo,,14.11,84.0,0,0.0
2025-01-01,c-311093/2,mann - brasil,3.0,,0,rojo,,45.3,29.0,0,0.0
2025-03-01,k-polos,sin definicion,0.0,,0,rojo,,29.504001034042396,400.0,50,1475.2000517021197
2023-08-01,87230610,ks - alemania,0.0,,0,rojo,4.539737654320987,25.839848732948305,30.0,50,1291.9924366474152
2025-02-01,a-5113-s,sakura filter,0.0,0.0,0,rojo,,19.35,60.0,50,967.5000000000001
2023-10-01,a-1193,sakura filter,6.0,,0,verde,10.55350113770043,1.65,80.0,100,165.0
2025-03-01,icd1146,ishikawa - pastillas de freno,0.0,,0,rojo,,3.9,100.0,50,195.0
2025-03-01,icd1097,ishikawa - pastillas de freno,36.0,,0,rojo,,7.23,100.0,0,0.0
2025-03-01,922380213,ito koyama - amortiguadores,153.0,,0,rojo,,5.9,100.0,0,0.0
2025-01-01,c-65380,sakura filter,192.0,,0,rojo,,1.62,100.0,0,0.0
2023-11-01,zd905,wagner - pastillas,0.0,,0,rojo,2.0,14.18,80.0,50,709.0
2025-03-01,fc-6502,sakura filter,77.0,,0,rojo,,2.77,204.0,0,0.0
2025-03-01,hy043,ito koyama - resortes,70.0,,0,rojo,,5.45,56.0,0,0.0
2024-11-01,wk-1149,mann - brasil,0.0,,0,rojo,18.77490992337597,10.478359459638595,32.0,100,1047.8359459638596
2024-03-01,scki-287,seco - embragues,0.0,,0,rojo,3.464688623077613,12.03,30.0,50,601.5
2025-03-01,4851087401,ito koyama - amortiguadores,5.0,,0,rojo,,9.9,60.0,0,0.0
2023-06-01,tt-112,toyo - japon,0.0,,0,rojo,8.647092819213867,4.3162736762315035,300.0,50,215.81368381157517
2025-03-01,a-68380-s,sakura filter,156.0,,0,rojo,,19.32,100.0,0,0.0
2024-10-01,a-28570,sakura filter,0.0,,0,rojo,11.323246002197266,2.77,40.0,100,277.0
2025-04-01,54303-5m400,ito koyama - amortiguadores,162.0,,0,rojo,,9.9,192.0,0,0.0
2025-03-01,l001,ito koyama - resortes,34.0,,0,rojo,,6.1,80.0,0,0.0
2025-01-01,bdd046,ishikawa - discos de freno,0.0,,0,rojo,,7.11,50.0,50,355.5
2023-09-01,tni012,ito koyama - direccion,0.0,,0,rojo,20.484375,3.13,180.0,150,469.5
2023-09-01,tni013,ito koyama - direccion,0.0,,0,rojo,20.0,3.11,180.0,150,466.5
2025-03-01,ca-37010,sakura filter,5.0,,0,rojo,,2.3,20.0,0,0.0
2024-10-01,as-5104,sakura filter,71.0,,0,verde,3.4741627552499867,2.98,108.0,0,0.0
2024-06-01,cf-2000/1,mann - brasil,0.0,,0,rojo,8.710756106337513,38.776564557552334,30.0,50,1938.8282278776167
2025-01-01,hu-13125/3x,mann - brasil,0.0,,0,rojo,0.0,8.289853529930115,30.0,50,414.49267649650574
2024-12-01,tks62-5/32k,mrk - japon,0.0,,0,rojo,7.082561728395062,8.00482620049478,80.0,50,400.241310024739
2024-11-01,wk-842/13,mann - brasil,0.0,,0,rojo,13.540711523966177,8.100449677705765,30.0,100,810.0449677705765
2025-03-01,icd2076,ishikawa - pastillas de freno,50.0,,0,rojo,,4.24,50.0,0,0.0
2023-06-01,schd-174,seco - embragues,0.0,,0,rojo,5.890439086839464,13.17,50.0,50,658.5
2024-08-01,a-18281-s,sakura filter,47.0,0.0,0,verde,1.0010357697804768,26.84,50.0,0,0.0
2024-10-01,hy028,ito koyama - resortes,10.0,,0,verde,12.924266034085223,5.7,56.0,100,570.0
2024-11-01,c002,ito koyama - resortes,0.0,,0,rojo,17.241433756287147,4.2,200.0,150,630.0
2025-03-01,a-1043,sakura filter,111.0,0.0,0,rojo,,1.87,100.0,0,0.0
2024-01-01,3515,spaco - italia,0.0,,0,rojo,5.00606632232666,,,50,
2024-01-01,11812,spaco - italia,0.0,,0,rojo,353.72393798828125,0.5797723531723022,3500.0,1450,840.6699120998383
2025-04-01,ef-13180,sakura filter,335.0,0.0,0,rojo,,1.88,250.0,0,0.0
2025-03-01,a-71510,sakura filter,8.0,0.0,0,rojo,,21.35,100.0,0,0.0
2025-03-01,54650-c7200,ito koyama - amortiguadores,48.0,,0,rojo,,10.8,76.0,0,0.0
2025-03-01,hy042,ito koyama - resortes,558.0,,0,rojo,,4.3,400.0,0,0.0
2024-04-01,thy018,ito koyama - direccion,2.0,,0,amarillo,5.491172635927363,3.19,240.0,50,159.5
2025-03-01,vv919,valvoline - usa,5.0,,0,rojo,,720.0,1.0,0,0.0
2025-03-01,c-6105,sakura filter,51.0,0.0,0,rojo,,6.83,180.0,0,0.0
2023-01-01,a-1951,sakura filter,0.0,,0,rojo,0.0,2.65,40.0,50,132.5
2025-03-01,41602-59j10,ito koyama - amortiguadores,18.0,,0,rojo,,10.6,48.0,0,0.0
2025-04-01,48520-52010,ito koyama - amortiguadores,635.0,,0,rojo,,10.3,689.0,0,0.0
2025-03-01,4106961j00,ito koyama - amortiguadores,293.0,,0,rojo,,10.3,240.0,0,0.0
2025-02-01,bdd013,ishikawa - discos de freno,78.0,,0,rojo,,7.74,350.0,0,0.0
2025-02-01,sfc-55270,sakura filter,60.0,,0,rojo,,12.87,60.0,0,0.0
2025-03-01,a-5330-s,sakura filter,293.0,0.0,0,rojo,,11.5,37.0,0,0.0
2025-03-01,a-13620-s,sakura filter,303.0,,0,rojo,,37.0,200.0,0,0.0
2025-02-01,a-2621,sakura filter,134.0,,0,rojo,,7.54,80.0,0,0.0
2025-03-01,t033,ito koyama - resortes,14.0,,0,rojo,,8.85,64.0,0,0.0
2023-12-01,ucp20824,nas - chumaceras,0.0,,0,rojo,25.61384963989258,4.42,800.0,150,663.0
2025-02-01,a-65710,sakura filter,225.0,,0,rojo,,5.0,300.0,0,0.0
2023-04-01,1000-5ax,sealco - usa,1.0,,0,amarillo,12.04534036722916,28.32,80.0,50,1416.0
2024-02-01,sdhd-451,seco - embragues,0.0,,0,rojo,16.87607439302375,16.78,100.0,100,1678.0
2025-03-01,bp4k28910d,ito koyama - amortiguadores,122.0,,0,rojo,,7.3,60.0,0,0.0
2025-04-01,ca-28260,sakura filter,428.0,300.0,0,rojo,,1.27,740.0,0,0.0
2025-03-01,br-001,ito koyama - palieres,3.0,,0,rojo,,6.8,50.0,0,0.0
2025-02-01,c-5105,sakura filter,93.0,,0,rojo,,5.93,120.0,0,0.0
2025-04-01,eo-1101,sakura filter,144.0,0.0,0,rojo,,1.52,100.0,0,0.0
2024-11-01,ur008,ito koyama - direccion,156.0,,0,verde,6.971464906264289,2.42,330.0,0,0.0
2024-11-01,cf-1720,mann - brasil,0.0,,0,rojo,9.198334693908691,25.054828126430515,48.0,50,1252.7414063215258
2025-03-01,mwmwc1611,wagner - pastillas,0.0,,0,rojo,,25.5,60.0,50,1275.0
2025-03-01,t1212,ito koyama - trapecios,11.0,,0,rojo,,8.69575,40.0,0,0.0
2025-03-01,k004,ito koyama - resortes,414.0,,0,rojo,,3.75,400.0,0,0.0
2025-01-01,icd550,ishikawa - pastillas de freno,0.0,,0,rojo,,4.43,50.0,50,221.5
2024-10-01,wk-10006z,mann - brasil,0.0,,0,rojo,34.998291015625,14.100782772302628,30.0,150,2115.117415845394
2025-03-01,a-90310,sakura filter,4.0,,0,rojo,,2.02,100.0,0,0.0
2023-04-01,skdw-032,seco - embragues,0.0,,0,rojo,6.477068997726047,25.4,50.0,50,1270.0
2025-03-01,icd1679,ishikawa - pastillas de freno,52.0,,0,rojo,,3.57,200.0,0,0.0
2024-04-01,tch002,ito koyama - direccion,0.0,,0,rojo,4.867255528767904,3.11,210.0,50,155.5
2025-03-01,t1137,ito koyama - trapecios,19.0,,0,rojo,,12.75,40.0,0,0.0
2025-01-01,bdd039,ishikawa - discos de freno,66.0,,0,rojo,,7.1981,100.0,0,0.0
2023-09-01,eni006,ito koyama - direccion,190.0,,0,verde,7.947518030802409,1.531944,196.0,0,0.0
2024-12-01,eo-30170,sakura filter,73.0,,0,verde,2.9911575317382812,1.58,250.0,0,0.0
2025-03-01,c-1113,sakura filter,514.0,,0,rojo,,1.36,300.0,0,0.0
2023-11-01,sm031,ito koyama - torretas,0.0,,0,rojo,23.998990376790363,4.65,150.0,150,697.5
2024-10-01,a-2520,sakura filter,0.0,,0,rojo,3.6100680467245394,1.46,200.0,50,73.0
2025-03-01,thy006,ito koyama - direccion,188.0,,0,rojo,,2.646083,200.0,0,0.0
2025-03-01,mi-621,ito koyama - palieres,10.0,,0,rojo,,7.5,50.0,0,0.0
2025-03-01,ddx-041a,aisin - japon,78.0,,0,rojo,,23.4,200.0,0,0.0
2025-03-01,55310-21010,ito koyama - amortiguadores,179.0,,0,rojo,,5.65,100.0,0,0.0
2025-02-01,bdd074,ishikawa - discos de freno,24.0,,0,rojo,,6.02,100.0,0,0.0
2025-03-01,a-1801,sakura filter,127.0,0.0,0,rojo,,2.24,100.0,0,0.0
2025-03-01,sfc-7924,sakura filter,151.0,204.0,0,rojo,,2.99,204.0,0,0.0
2025-02-01,bdd073,ishikawa - discos de freno,0.0,,0,rojo,,9.71,100.0,50,485.50000000000006
2025-03-01,tni002,ito koyama - direccion,190.0,,0,rojo,,2.22826,200.0,0,0.0
2025-02-01,bdd084,ishikawa - discos de freno,34.0,,0,rojo,,7.93,50.0,0,0.0
2025-01-01,mwmwc1303,wagner - pastillas,15.0,,0,rojo,,12.2,20.0,0,0.0
2025-03-01,86456527,monark - alemania,0.0,,0,rojo,,,,50,
2025-03-01,as-5102-s,sakura filter,191.0,,0,rojo,,26.51,2.0,0,0.0
2025-01-01,bdd077,ishikawa - discos de freno,44.0,,0,rojo,,8.08,100.0,0,0.0
2025-02-01,bdd069,ishikawa - discos de freno,212.0,,0,rojo,,6.99,300.0,0,0.0
2025-03-01,a-15250,sakura filter,381.0,,0,rojo,,4.5,100.0,0,0.0
2025-03-01,341203,ito koyama - amortiguadores,43.0,,0,rojo,,6.95,96.0,0,0.0
2024-06-01,99830010,monark - alemania,0.0,,0,rojo,100.00177764892578,,,450,
2024-10-01,hu-945/2x,mann - brasil,0.0,,0,rojo,147.06107479812786,7.53,60.0,600,4518.0
2025-03-01,ni-721,ito koyama - palieres,22.0,,0,rojo,,10.14,50.0,0,0.0
2025-03-01,aty012,ito koyama - direccion,30.0,,0,rojo,,2.18,300.0,0,0.0
2025-03-01,553612d000,ito koyama - amortiguadores,46.0,,0,rojo,,10.9,48.0,0,0.0
2025-03-01,icd830,ishikawa - pastillas de freno,7.0,,0,rojo,,5.56,100.0,0,0.0
2025-03-01,t036,ito koyama - resortes,87.0,,0,rojo,,5.2,104.0,0,0.0
2025-03-01,t1060,ito koyama - trapecios,0.0,,0,rojo,,9.86,40.0,50,493.0
2024-07-01,p2550cf5500,prextoline - lubricantes,5.0,,0,verde,0.4846218597086782,394.3,2.0,0,0.0
2024-11-01,d005,ito koyama - resortes,0.0,,0,rojo,2.160400708516439,4.83,96.0,50,241.5
2025-03-01,icd530,ishikawa - pastillas de freno,37.0,,0,rojo,,4.4,100.0,0,0.0
2025-03-01,bhy005,ito koyama - bocamazas,35.0,,0,rojo,,14.13,50.0,0,0.0
2025-02-01,sfc-79160,sakura filter,45.0,,0,rojo,,3.94,252.0,0,0.0
2025-01-01,3461-1096skr,sakura - radiadores,0.0,,0,rojo,15.5859375,32.0,150.0,100,3200.0
2025-03-01,a-5022-s,sakura filter,229.0,,0,rojo,,11.43,100.0,0,0.0
2024-12-01,as-6002-2rsc3,nas - pfi - zkl - mba,125.0,,0,verde,10.668959740709674,0.27,500.0,0,0.0
2025-04-01,ckn-500-lt,aisin - japon,163.0,,0,rojo,,69.87,349.0,0,0.0
2025-01-01,55311-d4200,ito koyama - amortiguadores,6.0,,0,rojo,,7.2,200.0,0,0.0
2025-03-01,562106313r,ito koyama - amortiguadores,199.0,,0,rojo,,7.0,200.0,0,0.0
2024-12-01,f-1805,sakura filter,24.0,,0,verde,3.0490129027278488,2.37,25.0,50,118.5
2025-04-01,cv-15,ito koyama - palieres,253.0,,0,rojo,,6.5,500.0,0,0.0
2025-03-01,a-30890,sakura filter,22.0,,0,rojo,,3.56,60.0,0,0.0
2025-03-01,t1222,ito koyama - trapecios,3.0,,0,rojo,,11.0145,40.0,0,0.0
2025-04-01,a-58410-s,sakura filter,456.0,200.0,0,rojo,,32.19,129.0,0,0.0
2024-11-01,a-1726,sakura filter,180.0,,0,verde,3.820295480098294,2.51,120.0,0,0.0
2025-02-01,c-7603,sakura filter,191.0,,0,rojo,,2.6,204.0,0,0.0
2024-11-01,a-58410,sakura filter,182.0,,0,verde,1.0010469754536946,29.91,214.0,0,0.0
2024-11-01,p-1234,mann - brasil,0.0,,0,rojo,23.75047302246094,4.43,60.0,100,443.0
2024-08-01,ani004,ito koyama - direccion,0.0,,0,rojo,6.801743825276694,2.28,100.0,50,113.99999999999999
2024-07-01,a-25920,sakura filter,27.0,,0,verde,2.066312965297189,3.0,100.0,0,0.0
2025-02-01,o-2614,sakura filter,119.0,,0,rojo,,1.78,100.0,0,0.0
2025-03-01,bdd012,ishikawa - discos de freno,22.0,,0,rojo,,11.34,50.0,0,0.0
2024-11-01,t1153,ito koyama - trapecios,0.0,,0,rojo,4.045953750610352,13.62325,40.0,50,681.1625
2025-03-01,a-38030-s,sakura filter,184.0,,0,rojo,,23.1,13.0,0,0.0
2025-03-01,c-311345/1,mann - brasil,33.0,,0,rojo,,101.41,60.0,0,0.0
2025-03-01,eo-3005,sakura filter,214.0,,0,rojo,,1.2,50.0,0,0.0
2025-03-01,ca-29040,sakura filter,253.0,0.0,0,rojo,,1.0,200.0,0,0.0
2024-12-01,ex54651s1001,ito koyama - amortiguadores,0.0,,0,rojo,3.001012166341146,13.0,54.0,50,650.0
2024-12-01,icd1815,ishikawa - pastillas de freno,0.0,,0,rojo,5.002086315356538,5.15,50.0,50,257.5
2025-04-01,331011,ito koyama - amortiguadores,35.0,,0,rojo,,12.7,51.0,0,0.0
2025-03-01,bdd006,ishikawa - discos de freno,52.0,,0,rojo,,7.31,200.0,0,0.0
2025-04-01,54661-2h000,ito koyama - amortiguadores,305.0,,0,rojo,,11.1,200.0,0,0.0
2025-03-01,sk017,ito koyama - resortes,14.0,,0,rojo,,5.45,56.0,0,0.0
2024-10-01,ac-8301,sakura filter,0.0,,0,rojo,4.017070452372233,10.4,60.0,50,520.0
2025-03-01,54661-2e500,ito koyama - amortiguadores,59.0,,0,rojo,,10.9,60.0,0,0.0
2025-04-01,a-15252,sakura filter,656.0,,0,rojo,,4.2,40.0,0,0.0
2025-03-01,e6110-eb71a,ito koyama - amortiguadores,95.0,,0,rojo,,6.7,100.0,0,0.0
2025-04-01,c-5717,sakura filter,22.0,0.0,0,rojo,,3.98,42.0,0,0.0
2025-03-01,icd1215,ishikawa - pastillas de freno,47.0,,0,rojo,,3.9,100.0,0,0.0
2024-10-01,48052,narva,0.0,,0,rojo,59.99991607666016,1.6351329345464707,600.0,250,408.7832336366177
2025-03-01,opt-024,aisin - japon,32.0,,0,rojo,,45.66,25.0,0,0.0
2024-12-01,a-6808-s,sakura filter,0.0,,0,rojo,2.001020749409993,4.73,50.0,50,236.50000000000003
2025-02-01,a-1223,sakura filter,5.0,,0,rojo,,1.52,40.0,0,0.0
2025-01-01,fs-1157,sakura filter,163.0,,0,rojo,,3.38,250.0,0,0.0
2025-03-01,3461-8575skr,sakura - radiadores,0.0,,0,rojo,,21.85,30.0,50,1092.5
2025-03-01,48531-35190ref,ito koyama - amortiguadores,287.0,,0,rojo,,7.4,300.0,0,0.0
2025-03-01,a-2416,sakura filter,33.0,,0,rojo,,3.77,23.0,0,0.0
2024-10-01,icd1592,ishikawa - pastillas de freno,0.0,,0,rojo,50.01179821889219,4.58,200.0,350,1603.0
2025-03-01,a-71130,sakura filter,3.0,0.0,0,rojo,,29.42,5.0,0,0.0
2025-01-01,opt-075,aisin - japon,40.0,,0,rojo,,44.2,30.0,0,0.0
2025-02-01,icd1397,ishikawa - pastillas de freno,0.0,,0,rojo,,4.93,100.0,50,246.5
2025-03-01,54650-g6250,ito koyama - amortiguadores,47.0,,0,rojo,,10.9,90.0,0,0.0
2025-01-01,ct-055,aisin - japon,0.0,,0,rojo,,39.63,30.0,50,1981.5000000000002
2025-02-01,fs-8001,sakura filter,0.0,0.0,0,rojo,,2.4,100.0,50,120.0
2025-04-01,a-5444-s,sakura filter,247.0,173.0,0,rojo,,16.37,100.0,0,0.0
2025-03-01,ki-001,ito koyama - palieres,34.0,,0,rojo,,7.5,100.0,0,0.0
2024-11-01,17039,narva,0.0,,0,rojo,0.0,0.34932175862789155,1000.0,100,34.93217586278916
2025-03-01,icd1295,ishikawa - pastillas de freno,69.0,,0,rojo,,4.43,100.0,0,0.0
2025-01-01,rov530100,rover - usa,0.0,,0,rojo,17.019428253173828,11.4975,432.0,100,1149.75
2022-04-01,fm-79121,sakura filter,0.0,,0,rojo,10.99911626180013,12.0,24.0,100,1200.0
2022-09-01,tm-199,toyo - japon,0.0,,0,rojo,14.985635345115455,6.479153672233224,300.0,100,647.9153672233224
2025-01-01,cac-29080,sakura filter,66.0,,0,rojo,,1.45,100.0,0,0.0
2024-10-01,dt-078,aisin - japon,1.0,,0,amarillo,2.000495115915934,36.06,30.0,50,1803.0
2025-03-01,icd660,ishikawa - pastillas de freno,110.0,,0,rojo,,3.05,160.0,0,0.0
2025-03-01,726780166r,ito koyama - amortiguadores,27.0,,0,rojo,,11.3,48.0,0,0.0
2025-04-01,c-1328,sakura filter,84.0,0.0,0,rojo,,3.91,300.0,0,0.0
2025-01-01,eo-10050,sakura filter,0.0,,0,rojo,,7.25,80.0,50,362.5
2025-03-01,c-1546,sakura filter,231.0,,0,rojo,,3.07,100.0,0,0.0
2023-04-01,pgcn5003,prextoline - grasas,0.0,,0,rojo,11.434124860475626,31.0,50.0,50,1550.0
2025-03-01,81769014,monark - alemania,0.0,,0,rojo,,,,50,
2023-11-01,af6200/2f,sin definicion,0.0,,0,rojo,,7.39,1188.0,50,369.5
2025-03-01,icd1264,ishikawa - pastillas de freno,100.0,,0,rojo,,5.53,100.0,0,0.0
2025-03-01,t1048,ito koyama - trapecios,74.0,,0,rojo,,9.7,120.0,0,0.0
2024-09-01,8971,spaco - italia,0.0,,0,rojo,24.562128286659515,,,150,
2024-11-01,icd1269,ishikawa - pastillas de freno,0.0,,0,rojo,10.291351524410798,3.88,50.0,100,388.0
2025-02-01,54651-a0100,ito koyama - amortiguadores,15.0,,0,rojo,,12.1,102.0,0,0.0
2024-07-01,sdns-064,seco - embragues,0.0,,0,rojo,4.0,11.71,80.0,50,585.5
2024-10-01,tkl-t24sc,tkl - taiwan,0.0,,0,rojo,9.53125,6.7,252.0,50,335.0
2025-02-01,bdd055,ishikawa - discos de freno,0.0,,0,rojo,,11.01,150.0,50,550.5
2025-04-01,c-1011,sakura filter,19376.0,8000.0,0,rojo,,0.88,20000.0,0,0.0
2024-12-01,sfc-79400,sakura filter,0.0,,0,rojo,29.412365215213498,9.1,144.0,200,1820.0
2024-07-01,tni003,ito koyama - direccion,0.0,,0,rojo,13.727362314860025,2.54,100.0,100,254.0
2024-08-01,ehy002,ito koyama - direccion,0.0,,0,rojo,7.666512759742204,2.09,150.0,50,104.5
2024-12-01,fc-5615,sakura filter,0.0,,0,rojo,3.4140625,2.4,24.0,50,120.0
2024-03-01,w7multi-3/4-d,mann - brasil,0.0,,0,rojo,12.010176737255644,4.21,36.0,50,210.5
2025-01-01,drm12.00r20,deruibo,0.0,,0,rojo,,149.0,40.0,50,7450.0
2024-10-01,tto011,ito koyama - direccion,0.0,,0,rojo,16.32204432392568,2.16,120.0,100,216.0
2025-04-01,90904863,ito koyama - amortiguadores,67.0,,0,rojo,,11.7,48.0,0,0.0
2023-10-01,rto018,ito koyama - direccion,0.0,,0,rojo,8.191095995120447,7.72,240.0,100,772.0
2025-03-01,fs-19130,sakura filter,218.0,0.0,0,rojo,,5.44,150.0,0,0.0
2025-03-01,t1116,ito koyama - trapecios,64.0,,0,rojo,,9.92,100.0,0,0.0
2025-03-01,54650-b2100,ito koyama - amortiguadores,121.0,,0,rojo,,11.3,3.0,0,0.0
2025-04-01,90904862,ito koyama - amortiguadores,117.0,,0,rojo,,11.7,48.0,0,0.0
2025-03-01,ctx-088,aisin - japon,0.0,,0,rojo,,28.18,286.0,50,1409.0
2023-09-01,sm041,ito koyama - torretas,0.0,,0,rojo,22.0,1.96,180.0,150,294.0
2025-03-01,rxfc113651bep,wagner locked - usa,167.0,,0,rojo,,11.1,208.0,0,0.0
2025-03-01,54651-f2000,ito koyama - amortiguadores,57.0,,0,rojo,,11.1,48.0,0,0.0
2025-03-01,a-8635-s,sakura filter,79.0,8.0,0,rojo,,18.94,44.0,0,0.0
2024-06-01,srb-97,seco - embragues,0.0,,0,rojo,15.99903678894043,8.05,30.0,100,805.0000000000001
2025-03-01,333839,ito koyama - amortiguadores,28.0,,0,rojo,,9.4,71.0,0,0.0
2025-03-01,c-20500,mann - brasil,14.0,,0,rojo,,14.35,80.0,0,0.0
2025-03-01,a-5675-s,sakura filter,335.0,0.0,0,rojo,,9.35,84.0,0,0.0
2022-12-01,cmt-044,aisin - japon,0.0,,0,rojo,4.0009613037109375,22.74,24.0,50,1137.0
2025-01-01,a-1757,sakura filter,4.0,,0,rojo,,3.42,20.0,0,0.0
2023-08-01,tto013,ito koyama - direccion,0.0,,0,rojo,2.002376397450765,2.8,120.0,50,140.0
2025-03-01,op-806,ito koyama - palieres,29.0,,0,rojo,,6.62,50.0,0,0.0
2025-03-01,a-21080,sakura filter,11.0,,0,rojo,,2.09,40.0,0,0.0
2023-04-01,mg358,moog - usa,0.0,,0,rojo,19.265853881835938,16.28,80.0,100,1628.0
2024-10-01,48066,narva,190.0,,0,verde,26.41556702736107,2.595360643315315,200.0,50,129.76803216576576
2023-12-01,tto012,ito koyama - direccion,0.0,,0,rojo,7.5806414732582335,2.72,300.0,50,136.0
2024-04-01,tk-2780,toyo - japon,0.0,,0,rojo,7.408905029296875,4.406873665750027,50.0,50,220.34368328750134
2024-10-01,opt-053,aisin - japon,10.0,,0,verde,4.842799158240965,29.44,10.0,50,1472.0
2025-03-01,41810-58m00,ito koyama - amortiguadores,367.0,,0,rojo,,6.8,200.0,0,0.0
2025-03-01,55311-2h000,ito koyama - amortiguadores,376.0,,0,rojo,,7.2,249.0,0,0.0
2024-05-01,sdki-246,seco - embragues,1.0,,0,amarillo,3.140046296296296,16.73,20.0,50,836.5
2025-01-01,hc-8811,sakura filter,0.0,,0,rojo,,4.41,60.0,50,220.5
2025-02-01,w-950/26,mann - brasil,30.0,,0,rojo,,6.69,60.0,0,0.0
2024-11-01,60677000,monark - alemania,0.0,,0,rojo,76.05444916930244,,,350,
2025-03-01,a-1515,sakura filter,181.0,,0,rojo,,2.5,36.0,0,0.0
2025-03-01,fc-5725,sakura filter,847.0,,0,rojo,,5.38,204.0,0,0.0
2024-12-01,mwmwd1157,wagner - pastillas,3.0,,0,verde,0.0,6.2,50.0,0,0.0
2024-08-01,p2560cf5500,prextoline - lubricantes,6.0,,0,verde,1.00037157535553,394.3,6.0,0,0.0
2025-03-01,a-25940,sakura filter,157.0,,0,rojo,,3.91,20.0,0,0.0
2025-03-01,a-45100-s,sakura filter,0.0,0.0,0,rojo,,7.27,44.0,50,363.5
2024-10-01,thy016,ito koyama - direccion,0.0,,0,rojo,3.9999977747599282,3.05,95.0,50,152.5
2025-03-01,mr-992321,ito koyama - amortiguadores,19.0,,0,rojo,,8.0,100.0,0,0.0
2025-03-01,41602-71l20,ito koyama - amortiguadores,168.0,,0,rojo,,10.2,90.0,0,0.0
2024-10-01,t1145,ito koyama - trapecios,1.0,,0,amarillo,3.562093416849773,11.3045,20.0,50,565.225
2025-04-01,a-5441-s,sakura filter,1421.0,445.0,0,rojo,,21.82,377.0,0,0.0
2025-04-01,48520-19075,ito koyama - amortiguadores,132.0,,0,rojo,,10.1,108.0,0,0.0
2024-09-01,a-8902,sakura filter,0.0,,0,rojo,5.966432571411133,2.59,60.0,50,129.5
2025-04-01,c-371774,mann - brasil,4.0,,0,rojo,,49.46,30.0,0,0.0
2025-03-01,724680016r,ito koyama - amortiguadores,183.0,,0,rojo,,9.8,180.0,0,0.0
2025-03-01,t1063,ito koyama - trapecios,36.0,,0,rojo,,10.72,38.0,0,0.0
2025-02-01,t1187,ito koyama - trapecios,20.0,,0,rojo,,17.1,40.0,0,0.0
2024-04-01,c-271320/3,mann - brasil,0.0,,0,rojo,12.17702293395996,32.69,150.0,50,1634.5
2025-03-01,h80905500,valvoline,6.0,,0,rojo,,553.24,6.0,0,0.0
2025-03-01,mwmwc1595,wagner - pastillas,17.0,,0,rojo,,16.0,20.0,0,0.0
2025-01-01,bdd024,ishikawa - discos de freno,0.0,,0,rojo,,6.9,50.0,50,345.0
2025-03-01,tto007,ito koyama - direccion,130.0,,0,rojo,,2.089018,200.0,0,0.0
2025-02-01,c-1805,sakura filter,0.0,,0,rojo,,1.3,500.0,50,65.0
2024-09-01,a-17990,sakura filter,0.0,0.0,0,rojo,3.7237698613202284,2.37,60.0,50,118.5
2024-01-01,sdki-297,seco - embragues,0.0,,0,rojo,13.63570584179024,10.32,1500.0,100,1032.0
2025-03-01,icd2289,ishikawa - pastillas de freno,37.0,,0,rojo,,4.1,200.0,0,0.0
2025-03-01,a-33950,sakura filter,44.0,,0,rojo,,4.06,100.0,0,0.0
2025-03-01,mwmwc1471,wagner - pastillas,13.0,,0,rojo,,13.9,30.0,0,0.0
2025-03-01,dtt265/65r17,deestone,196.0,,0,rojo,,55.84,200.0,0,0.0
2025-04-01,a-5801-s,sakura filter,614.0,288.0,0,rojo,,11.96,100.0,0,0.0
2024-11-01,c-5504,sakura filter,187.0,,0,verde,6.998812993367513,2.25,200.0,0,0.0
2024-05-01,sm030,ito koyama - torretas,0.0,,0,rojo,3.609101839298347,4.73,150.0,50,236.50000000000003
2025-01-01,eo-3006,sakura filter,0.0,0.0,0,rojo,10.007374608170899,1.78,250.0,100,178.0
2025-03-01,333838,ito koyama - amortiguadores,34.0,,0,rojo,,9.3,72.0,0,0.0
2024-09-01,d25600100,valvoline,71.0,,0,verde,21.55975151062012,10.31,60.0,50,515.5
2025-04-01,mr197434,ito koyama - amortiguadores,85.0,,0,rojo,,10.1,48.0,0,0.0
2024-12-01,skf-6200-2z/c3,skf - rodajes,28.0,,0,verde,10.0,0.96,150.0,50,48.0
2024-06-01,99830015,monark - alemania,0.0,,0,rojo,157.88660000000004,,,750,
2025-03-01,a-5828,sakura filter,15.0,0.0,0,rojo,,2.55,40.0,0,0.0
2023-07-01,a-1844,sakura filter,0.0,,0,rojo,10.149340947469076,3.87,120.0,100,387.0
2024-11-01,mwmwc1114,wagner - pastillas,0.0,,0,rojo,0.13586878743049,5.9,20.0,50,295.0
2022-05-01,krb-962,sankei - japon,0.0,,0,rojo,7.551311728395063,6.512654274702072,300.0,50,325.6327137351036
2023-06-01,s-lapiceros,sin definicion,0.0,,0,rojo,,2.9887498895511073,5000.0,100,298.8749889551107
2025-03-01,t1082,ito koyama - trapecios,85.0,,0,rojo,,9.5652,50.0,0,0.0
2025-04-01,a-5107-s,sakura filter,130.0,100.0,0,rojo,,7.82,100.0,0,0.0
2023-11-01,rhy009,ito koyama - direccion,0.0,,0,rojo,10.00108273824056,3.94,120.0,100,394.0
2025-03-01,54661-d3000,ito koyama - amortiguadores,37.0,,0,rojo,,12.2,48.0,0,0.0
2024-09-01,s-gorros,sin definicion,0.0,,0,rojo,,38.64406061798069,100.0,50,1932.2030308990345
2025-03-01,54651-d3000,ito koyama - amortiguadores,72.0,,0,rojo,,12.2,48.0,0,0.0
2024-08-01,sdhd-097,seco - embragues,0.0,,0,rojo,4.229213663891083,14.21,50.0,50,710.5
2025-03-01,ef-8301,sakura filter,44.0,0.0,0,rojo,,4.1,150.0,0,0.0
2024-12-01,a-1508,sakura filter,15.0,,0,verde,7.350426990275852,5.21,36.0,50,260.5
2025-03-01,a-2707-s,sakura filter,162.0,,0,rojo,,11.51,100.0,0,0.0
2025-03-01,54661-22000,ito koyama - amortiguadores,0.0,,0,rojo,,10.6,42.0,50,530.0
2025-04-01,mi004,ito koyama - resortes,172.0,,0,rojo,,9.5,200.0,0,0.0
2025-01-01,48951,narva,0.0,,0,rojo,54.375,2.7283110582232477,200.0,250,682.0777645558119
2024-12-01,sk022,ito koyama - resortes,0.0,,0,rojo,23.630036865569277,4.5,448.0,150,675.0
2025-03-01,a-83100-s,sakura filter,117.0,179.0,0,rojo,,31.32,4.0,0,0.0
2025-03-01,a-6118-s,sakura filter,567.0,,0,rojo,,13.75,200.0,0,0.0
2024-08-01,fs-1901,sakura filter,0.0,,0,rojo,6.484375,1.06,50.0,50,53.0
2024-10-01,17175,narva,60.0,,0,amarillo,14.821717558322405,0.2127751957654953,200.0,100,21.27751957654953
2024-09-01,a-1609,sakura filter,0.0,,0,rojo,3.0,4.76,28.0,50,238.0
2025-03-01,eo-28070,sakura filter,112.0,,0,rojo,,1.48,100.0,0,0.0
2024-12-01,a-33750,sakura filter,25.0,,0,verde,7.0,1.24,60.0,50,62.0
2024-12-01,a-14540,sakura filter,12.0,,0,verde,0.688249643872112,1.58,40.0,0,0.0
2025-03-01,7246302l,ito koyama - amortiguadores,124.0,,0,rojo,,10.9,72.0,0,0.0
2024-10-01,t1144,ito koyama - trapecios,6.0,,0,verde,1.174310525258382,11.3045,20.0,50,565.225
2025-03-01,a-1641,sakura filter,117.0,,0,rojo,,2.63,60.0,0,0.0
2025-03-01,t1207,ito koyama - trapecios,36.0,,0,rojo,,14.2,40.0,0,0.0
2025-03-01,3330084,ito koyama - amortiguadores,55.0,,0,rojo,,10.9,150.0,0,0.0
2023-12-01,agenda,sin definicion,0.0,,0,rojo,,46.071770364720095,500.0,50,2303.588518236005
2024-10-01,thy015,ito koyama - direccion,6.0,,0,amarillo,1.5889104297165932,3.05,95.0,50,152.5
2024-12-01,scdw-504,seco - embragues,359.0,,0,verde,18.37529262031439,11.67,600.0,0,0.0
2025-03-01,eo-29060,sakura filter,1044.0,300.0,0,rojo,,1.61,650.0,0,0.0
2024-12-01,bsu001,ito koyama - bocamazas,14.0,,0,verde,7.10200564066569,14.38,20.0,50,719.0
2024-08-01,thy012,ito koyama - direccion,0.0,,0,rojo,4.00535265604655,3.68,180.0,50,184.0
2025-03-01,54660-2w100,ito koyama - amortiguadores,105.0,,0,rojo,,11.8,89.0,0,0.0
2024-08-01,ehy001,ito koyama - direccion,0.0,,0,rojo,10.704496733952027,2.09,150.0,100,209.0
2024-10-01,dt215/70r16,deestone,4.0,,0,verde,4.0,35.38,40.0,50,1769.0000000000002
2025-04-01,4852009m80,ito koyama - amortiguadores,15.0,,0,rojo,,12.3,80.0,0,0.0
2024-09-01,ca-28110,sakura filter,0.0,,0,rojo,11.997681935628256,1.73,20.0,100,173.0
2025-03-01,icd1879,ishikawa - pastillas de freno,62.0,,0,rojo,,3.06,100.0,0,0.0
2025-02-01,c-7921,sakura filter,130.0,,0,rojo,,2.19,12.0,0,0.0
2025-03-01,srto008,ito koyama - cremalleras,20.0,,0,rojo,,64.0,30.0,0,0.0
2025-03-01,4853002700,ito koyama - amortiguadores,270.0,,0,rojo,,6.9,200.0,0,0.0
2025-01-01,dtx-151,aisin - japon,97.0,,0,rojo,,58.56,150.0,0,0.0
2025-03-01,a-28950,sakura filter,73.0,,0,rojo,,1.75,80.0,0,0.0
2024-10-01,17057,narva,150.0,,0,verde,20.000032424926758,0.2817726665735245,200.0,50,14.088633328676226
2025-04-01,eo-25040,sakura filter,43.0,,0,rojo,,2.99,50.0,0,0.0
2024-11-01,wk-58,mann - brasil,45.0,,0,amarillo,11.870284080505373,3.68,108.0,100,368.0
2024-10-01,t1182,ito koyama - trapecios,1.0,,0,amarillo,2.8534252739813404,6.9565,20.0,50,347.825
2025-03-01,icd567,ishikawa - pastillas de freno,7.0,,0,rojo,,3.43,50.0,0,0.0
2025-03-01,a-5331-s,sakura filter,414.0,169.0,0,rojo,,24.0,179.0,0,0.0
2024-11-01,mwmwd833,wagner - pastillas,0.0,,0,rojo,11.998966217041016,9.9,20.0,50,495.0
2025-03-01,icd580,ishikawa - pastillas de freno,11.0,,0,rojo,,3.78,100.0,0,0.0
2025-03-01,k008,ito koyama - resortes,80.0,,0,rojo,,6.3,120.0,0,0.0
2025-03-01,scki-117,seco - embragues,10.0,,0,rojo,,17.35,50.0,0,0.0
2025-03-01,54302-jg000,ito koyama - amortiguadores,289.0,,0,rojo,,11.8,139.0,0,0.0
2025-02-01,ni-049,ito koyama - palieres,0.0,,0,rojo,,6.1,100.0,50,305.0
2025-04-01,t029,ito koyama - resortes,252.0,,0,rojo,,3.8,200.0,0,0.0
2025-03-01,a-61480,sakura filter,499.0,,0,rojo,,1.8,20.0,0,0.0
2024-12-01,as-32212,nas - pfi - zkl - mba,44.0,,0,verde,22.058204729289656,4.79,500.0,100,479.0
2025-03-01,3461-1001skr,sakura - radiadores,95.0,,0,rojo,,21.0,50.0,0,0.0
2025-03-01,a-5803m-s,sakura filter,24.0,0.0,0,rojo,,22.49,92.0,0,0.0
2025-01-01,c-31014,mann - brasil,17.0,,0,rojo,,66.32590415120124,30.0,0,0.0
2024-08-01,3461-8576skr,sakura - radiadores,0.0,,0,rojo,15.868973622542297,18.5,100.0,100,1850.0
2025-03-01,724680016l,ito koyama - amortiguadores,257.0,,0,rojo,,9.8,150.0,0,0.0
2024-06-01,28157009,monark - alemania,0.0,,0,rojo,6.328125,,,50,
2025-03-01,3330083,ito koyama - amortiguadores,15.0,,0,rojo,,10.9,180.0,0,0.0
2025-04-01,a-1812,sakura filter,7.0,,0,rojo,,1.98,25.0,0,0.0
2024-10-01,t1183,ito koyama - trapecios,0.0,,0,rojo,4.227409617588035,6.9565,20.0,50,347.825
2024-11-01,scmz-213,seco - embragues,0.0,,0,rojo,18.249537789853434,12.42,50.0,100,1242.0
2025-04-01,a-6038-s,sakura filter,1169.0,1052.0,0,rojo,,17.16,46.0,0,0.0
2025-04-01,azul,novaquimica - peru,0.0,,0,rojo,,14.53,30.0,50,726.5
2025-01-01,hu-1390/x,mann - brasil,32.0,,0,rojo,,11.111469376087188,64.0,0,0.0
2025-03-01,54303-jg000,ito koyama - amortiguadores,294.0,,0,rojo,,11.8,140.0,0,0.0
2024-03-01,87269610,ks - alemania,0.0,,0,rojo,2.0,33.0632006931305,40.0,50,1653.1600346565249
2025-03-01,f-1110,sakura filter,407.0,,0,rojo,,3.27,150.0,0,0.0
2025-03-01,c-7988,sakura filter,0.0,,0,rojo,,2.86,60.0,50,143.0
2025-02-01,t1143,ito koyama - trapecios,2.0,,0,rojo,,9.57,40.0,0,0.0
2024-09-01,861800,valvoline - usa,432.0,,0,verde,19.47488021850586,4.886667,216.0,0,0.0
2024-04-01,rto013,ito koyama - direccion,0.0,,0,rojo,10.26631897420891,3.72,120.0,100,372.0
2024-12-01,w22m-u,denso - bujias - japon,26.0,,0,verde,36.99564336838166,0.89,100.0,150,133.5
2024-11-01,p2050sl500,prextoline - lubricantes,0.0,,0,rojo,2.9831204414367676,38.5,20.0,50,1925.0
2025-01-01,c-85180,sakura filter,125.0,,0,rojo,,9.75,96.0,0,0.0
2024-01-01,8768,spaco - italia,0.0,,0,rojo,2.0,,,50,
2024-01-01,zd929a,wagner - pastillas,0.0,,0,rojo,2.1085880000000006,23.064,40.0,50,1153.2
2025-03-01,377513029,ito koyama - amortiguadores,21.0,,0,rojo,,7.9,150.0,0,0.0
2025-04-01,sk016,ito koyama - resortes,16.0,,0,rojo,,4.15,200.0,0,0.0
2024-10-01,a-38440,sakura filter,87.0,,0,verde,3.0001147588094077,1.73,200.0,0,0.0
2024-01-01,1551,spaco - italia,0.0,,0,rojo,106.9995574951172,,,450,
2025-03-01,a-1342-s,sakura filter,6.0,0.0,0,rojo,,27.84,7.0,0,0.0
2024-09-01,a-9228,sakura filter,1.0,,0,amarillo,1.3218660156969566,16.0,60.0,50,800.0
2024-12-01,a-1832,sakura filter,0.0,,0,rojo,9.22450845907636,1.67,40.0,100,167.0
2025-03-01,sk018,ito koyama - resortes,0.0,,0,rojo,,4.3,200.0,50,215.0
2025-03-01,54650-1e200,ito koyama - amortiguadores,234.0,,0,rojo,,10.1,90.0,0,0.0
2025-03-01,t1127,ito koyama - trapecios,15.0,,0,rojo,,13.333333,60.0,0,0.0
2025-03-01,a-1053,sakura filter,107.0,,0,rojo,,2.62,60.0,0,0.0
2024-11-01,v004,ito koyama - resortes,0.0,,0,rojo,20.496199708701184,5.04,352.0,150,756.0
2025-03-01,cac-65220,sakura filter,0.0,,0,rojo,,2.3,60.0,50,114.99999999999999
2025-02-01,bki001,ito koyama - bocamazas,37.0,,0,rojo,,4.7,50.0,0,0.0
2025-03-01,dtx-197,aisin - japon,76.0,,0,rojo,,31.83,200.0,0,0.0
2025-03-01,rni001,ito koyama - direccion,158.0,,0,rojo,,4.317299,210.0,0,0.0
2025-04-01,a-57270-s,sakura filter,288.0,294.0,0,rojo,,31.93,193.0,0,0.0
2024-09-01,ety008,ito koyama - direccion,30.0,,0,verde,3.9706330556122644,2.51,180.0,50,125.49999999999999
2025-03-01,t1124,ito koyama - trapecios,0.0,,0,rojo,,11.304359,39.0,50,565.21795
2024-11-01,ca-28270,sakura filter,291.0,,0,verde,4.730087598164876,2.6,60.0,0,0.0
2025-03-01,mb-025381,ito koyama - amortiguadores,228.0,,0,rojo,,6.2,150.0,0,0.0
2025-04-01,hy050,ito koyama - resortes,98.0,,0,rojo,,6.3,160.0,0,0.0
2025-03-01,hu-931/5x,mann - brasil,174.0,,0,rojo,,3.06,300.0,0,0.0
2025-03-01,48510-12750,ito koyama - amortiguadores,223.0,,0,rojo,,11.2,90.0,0,0.0
2025-03-01,t019,ito koyama - resortes,218.0,,0,rojo,,6.65,56.0,0,0.0
2025-04-01,a-13580-s,sakura filter,738.0,,0,rojo,,18.55,16.0,0,0.0
2025-02-01,cac-18321-s,sakura filter,14.0,,0,rojo,,3.21,40.0,0,0.0
2024-11-01,c-10590,sakura filter,0.0,0.0,0,rojo,19.03827462010946,3.44,60.0,150,516.0
2024-03-01,t1202,ito koyama - trapecios,0.0,,0,rojo,2.5991065561963276,12.7535,20.0,50,637.6750000000001
2024-06-01,skf-6205-2rshc3,skf - rodajes,0.0,,0,rojo,109.50060408241012,1.74,1500.0,450,783.0
2025-03-01,a-5668-s,sakura filter,195.0,,0,rojo,,19.28,100.0,0,0.0
2025-03-01,54661-2s000,ito koyama - amortiguadores,132.0,,0,rojo,,14.9,90.0,0,0.0
2024-10-01,a-1426,sakura filter,0.0,,0,rojo,7.6484375,2.28,20.0,50,113.99999999999999
2025-01-01,mz-009,ito koyama - palieres,7.0,,0,rojo,,7.67,60.0,0,0.0
2025-03-01,a-14470,sakura filter,22.0,0.0,0,rojo,,1.6,180.0,0,0.0
2025-03-01,a-7101-s,sakura filter,374.0,133.0,0,rojo,,31.71,50.0,0,0.0
2025-03-01,a-71260-s,sakura filter,101.0,100.0,0,rojo,,33.55,98.0,0,0.0
2025-03-01,a-1045,sakura filter,38.0,,0,rojo,,2.26,60.0,0,0.0
2025-03-01,hy033,ito koyama - resortes,40.0,,0,rojo,,5.76,200.0,0,0.0
2023-11-01,rhy014,ito koyama - direccion,2.0,,0,amarillo,2.0005245208740234,3.49,120.0,50,174.5
2024-10-01,bdd070,ishikawa - discos de freno,0.0,,0,rojo,3.5729166666666665,11.5877,100.0,50,579.385
2025-03-01,sb003,ito koyama - resortes,54.0,,0,rojo,,6.28,160.0,0,0.0
2025-03-01,a-57400-s,sakura filter,36.0,,0,rojo,,25.96,8.0,0,0.0
2025-03-01,333831,ito koyama - amortiguadores,44.0,,0,rojo,,9.8,80.0,0,0.0
2025-04-01,a-1219,sakura filter,35.0,,0,rojo,,1.41,20.0,0,0.0
2024-11-01,thy011,ito koyama - direccion,4.0,,0,amarillo,1.9303747812906902,3.68,180.0,50,184.0
2025-03-01,icd1572,ishikawa - pastillas de freno,137.0,,0,rojo,,3.83,100.0,0,0.0
2025-03-01,a-28530,sakura filter,980.0,,0,rojo,,3.22,200.0,0,0.0
2024-05-01,ahy009,ito koyama - direccion,300.0,,0,verde,17.42418513376488,2.297922,300.0,0,0.0
2024-11-01,c-301622,mann - brasil,0.0,,0,rojo,2.4483024691358026,38.35,20.0,50,1917.5
2024-12-01,d008,ito koyama - resortes,2.0,,0,amarillo,7.625103036075916,6.5,152.0,50,325.0
2025-02-01,t1157,ito koyama - trapecios,18.0,,0,rojo,,10.43,60.0,0,0.0
2025-03-01,sb005,ito koyama - resortes,92.0,,0,rojo,,6.3,120.0,0,0.0
2025-03-01,c-1111,sakura filter,206.0,,0,rojo,,2.84,240.0,0,0.0
2025-03-01,331701,ito koyama - amortiguadores,72.0,,0,rojo,,15.85,96.0,0,0.0
2025-03-01,a-1116,sakura filter,69.0,,0,rojo,,3.65,90.0,0,0.0
2025-03-01,54661-3x250,ito koyama - amortiguadores,232.0,,0,rojo,,11.45,180.0,0,0.0
2025-03-01,icd691,ishikawa - pastillas de freno,69.0,,0,rojo,,4.54,100.0,0,0.0
2025-03-01,t020,ito koyama - resortes,230.0,,0,rojo,,6.05,200.0,0,0.0
2025-03-01,as-1024-s,sakura filter,90.0,,0,rojo,,16.77,1.0,0,0.0
2025-03-01,scdw-310,seco - embragues,42.0,,0,rojo,,11.0,50.0,0,0.0
2024-05-01,sdhd-486,seco - embragues,0.0,,0,rojo,9.189882278442383,11.35,100.0,50,567.5
2025-03-01,mi-940r,ito koyama - palieres,47.0,,0,rojo,,26.7,50.0,0,0.0
2024-11-01,cav-17180,sakura filter,288.0,,0,verde,3.0042988459269204,3.0,120.0,0,0.0
2025-03-01,bni003,ito koyama - bocamazas,0.0,,0,rojo,,5.95,60.0,50,297.5
2025-03-01,55303-51y00,ito koyama - amortiguadores,157.0,,0,rojo,,9.9,180.0,0,0.0
2025-02-01,re-014,ito koyama - palieres,0.0,,0,rojo,,6.6,50.0,50,330.0
2025-01-01,54650-2p000,ito koyama - amortiguadores,0.0,,0,rojo,1.0009790261586506,10.9,84.0,50,545.0
2022-11-01,89399810,ks - alemania,0.0,,0,rojo,8.55787037037037,28.269597387313844,30.0,50,1413.4798693656921
2024-11-01,ur002,ito koyama - direccion,64.0,,0,verde,3.731938206197462,2.38,250.0,0,0.0
2024-09-01,65309,versachem - usa,156.0,,0,verde,23.396278381347656,2.64,288.0,0,0.0
2023-11-01,sm009,ito koyama - torretas,0.0,,0,rojo,8.000985463460287,4.73,60.0,50,236.50000000000003
2025-02-01,li-012,ito koyama - palieres,0.0,,0,rojo,,7.1,100.0,50,355.0
2023-09-01,a-1325,sin definicion,0.0,,0,rojo,,9.0,38.0,50,450.0
2024-12-01,c-1819,sakura filter,35.0,,0,verde,2.4229514448361016,2.42,50.0,0,0.0
2022-11-01,c-1855,sakura filter,0.0,,0,rojo,142.14190743598536,1.15,300.0,900,1035.0
2025-03-01,dt-036,aisin - japon,0.0,,0,rojo,,22.7,200.0,50,1135.0
2024-07-01,hc-6217,sakura filter,0.0,,0,rojo,7.349036803347691,3.03,60.0,50,151.5
2025-03-01,icd1935,ishikawa - pastillas de freno,0.0,,0,rojo,,4.46,100.0,50,223.0
2025-04-01,c-2103,sakura filter,308.0,,0,rojo,,1.66,50.0,0,0.0
2025-03-01,cmt-025,aisin - japon,21.0,,0,rojo,,21.86,30.0,0,0.0
2025-03-01,ani005,ito koyama - direccion,100.0,,0,rojo,,2.297955,100.0,0,0.0
2025-03-01,20313aa110,ito koyama - amortiguadores,12.0,,0,rojo,,11.8,56.0,0,0.0
2025-03-01,t1102,ito koyama - trapecios,0.0,,0,rojo,,9.3,60.0,50,465.00000000000006
2025-03-01,a-90170,sakura filter,17.0,,0,rojo,,2.73,100.0,0,0.0
2024-01-01,12793,spaco - italia,0.0,,0,rojo,80.546875,3.1984887194633482,1500.0,350,1119.471051812172
2025-03-01,a-28960,sakura filter,142.0,0.0,0,rojo,,2.24,140.0,0,0.0
2024-08-01,rov8090025,rover - usa,0.0,,0,rojo,24.00001335144043,2.915833,1008.0,150,437.37495
2025-03-01,tni014,ito koyama - direccion,124.0,,0,rojo,,1.949727,200.0,0,0.0
2025-03-01,a-71490,sakura filter,134.0,0.0,0,rojo,,22.58,21.0,0,0.0
2025-03-01,t022,ito koyama - resortes,130.0,,0,rojo,,5.55,56.0,0,0.0
2024-10-01,c-30400/1,mann - brasil,0.0,,0,rojo,38.12398910522461,31.54619565844536,60.0,200,6309.239131689072
2025-03-01,t1233,ito koyama - trapecios,43.0,,0,rojo,,10.43,40.0,0,0.0
2025-03-01,t1232,ito koyama - trapecios,43.0,,0,rojo,,10.43,40.0,0,0.0
2025-03-01,t1208,ito koyama - trapecios,34.0,,0,rojo,,11.3,60.0,0,0.0
2025-03-01,sfc-6901-30,sakura filter,129.0,,0,rojo,,5.52,204.0,0,0.0
2024-08-01,dttmlt245/75r16,deestone,0.0,,0,rojo,8.062461217244467,67.6,230.0,100,6759.999999999999
2025-04-01,a-28650,sakura filter,40.0,40.0,0,rojo,,9.44,148.0,0,0.0
2025-03-01,ca-65310,sakura filter,78.0,0.0,0,rojo,,1.1,100.0,0,0.0
2025-03-01,a-6201-s,sakura filter,0.0,0.0,0,rojo,,14.13,48.0,50,706.5
2025-03-01,54650-1r001,ito koyama - amortiguadores,23.0,,0,rojo,,10.3,180.0,0,0.0
2025-03-01,cmms-005,aisin - japon,11.0,,0,rojo,,28.22,17.0,0,0.0
2024-07-01,rto008,ito koyama - direccion,0.0,,0,rojo,14.034515028606334,3.91,210.0,100,391.0
2025-04-01,54651-2h000,ito koyama - amortiguadores,305.0,,0,rojo,,11.1,200.0,0,0.0
2025-03-01,icd2199,ishikawa - pastillas de freno,31.0,,0,rojo,,5.05,50.0,0,0.0
2025-04-01,ef-1802,sakura filter,2412.0,2750.0,0,rojo,,2.39,1000.0,0,0.0
2025-03-01,eo-13070,sakura filter,0.0,0.0,0,rojo,,2.96,144.0,50,148.0
2025-03-01,t1136,ito koyama - trapecios,19.0,,0,rojo,,10.43,40.0,0,0.0
2025-03-01,54650-4n000,ito koyama - amortiguadores,31.0,,0,rojo,,9.7,78.0,0,0.0
2025-04-01,ctx-170z,aisin - japon,669.0,,0,rojo,,62.12,100.0,0,0.0
2025-01-01,r2050sn5500,valvoline,16.0,,0,rojo,,500.54,12.0,0,0.0
2024-12-01,icd1544,ishikawa - pastillas de freno,0.0,,0,rojo,13.207290649414062,3.6,100.0,100,360.0
2025-03-01,48520-02150,ito koyama - amortiguadores,168.0,,0,rojo,,10.7,96.0,0,0.0
2025-03-01,ch012,ito koyama - resortes,48.0,,0,rojo,,6.3,80.0,0,0.0
2025-04-01,sf-1307,sakura filter,1593.0,1550.0,0,rojo,,2.3,1300.0,0,0.0
2025-04-01,ato-002,ito koyama - palieres,113.0,,0,rojo,,29.7,100.0,0,0.0
2025-03-01,54650-4h600,ito koyama - amortiguadores,360.0,,0,rojo,,11.8,200.0,0,0.0
2025-03-01,a-1939,sakura filter,41.0,0.0,0,rojo,,3.23,108.0,0,0.0
2025-03-01,54651-22000,ito koyama - amortiguadores,15.0,,0,rojo,,10.6,54.0,0,0.0
2025-03-01,cf-700,mann - brasil,2.0,,0,rojo,,9.74,30.0,0,0.0
2025-03-01,rhy005,ito koyama - direccion,282.0,,0,rojo,,2.924621,308.0,0,0.0
2024-01-01,rhy007,ito koyama - direccion,0.0,,0,rojo,10.0,3.7,150.0,100,370.0
2025-01-01,c-29168,mann - brasil,175.0,,0,rojo,,8.365313835144043,30.0,0,0.0
2025-03-01,icd1188,ishikawa - pastillas de freno,28.0,,0,rojo,,5.16,200.0,0,0.0
2025-01-01,bdd101,ishikawa - discos de freno,42.0,,0,rojo,,12.21,100.0,0,0.0
2025-03-01,a-1647,sakura filter,67.0,,0,rojo,,2.24,60.0,0,0.0
2025-02-01,t1196,ito koyama - trapecios,1.0,,0,rojo,,11.884,40.0,0,0.0
2025-02-01,fc-6205,sakura filter,246.0,,0,rojo,,1.56,200.0,0,0.0
2024-04-01,nsk-58tkz3505hra6,collarines - nachi - koyo - nsk - japon,0.0,,0,rojo,2.0011253356933594,10.4,300.0,50,520.0
2024-04-01,dtx-164a,aisin - japon,24.0,,0,verde,3.5859375,65.25,50.0,50,3262.5
2025-03-01,p809005500,prextoline - lubricantes,3.0,,0,rojo,,420.0,2.0,0,0.0
2025-03-01,t1013,ito koyama - trapecios,48.0,,0,rojo,,10.43475,80.0,0,0.0
2025-03-01,t1014,ito koyama - trapecios,49.0,,0,rojo,,10.43475,80.0,0,0.0
2025-02-01,t1021,ito koyama - trapecios,30.0,,0,rojo,,16.666667,60.0,0,0.0
2025-03-01,54303-01a00,ito koyama - amortiguadores,31.0,,0,rojo,,11.2,50.0,0,0.0
2024-09-01,64000,versachem - usa,0.0,,0,rojo,23.998580932617188,2.96,144.0,50,148.0
2025-04-01,novar#1,novaquimica - peru,19.0,,0,rojo,,48.29,40.0,0,0.0
2025-02-01,a-1717,sakura filter,0.0,,0,rojo,,1.53,100.0,50,76.5
2025-02-01,cf-1600,mann - brasil,11.0,,0,rojo,,17.77,30.0,0,0.0
2025-02-01,bdd112,ishikawa - discos de freno,42.0,,0,rojo,,8.0,50.0,0,0.0
2025-03-01,rch001,ito koyama - direccion,293.0,,0,rojo,,2.367525,301.0,0,0.0
2024-08-01,a-1611,sakura filter,0.0,0.0,0,rojo,5.863311581565783,3.93,180.0,50,196.5
2025-03-01,a-71430,sakura filter,13.0,,0,rojo,,31.52,50.0,0,0.0
2025-02-01,bdd148,ishikawa - discos de freno,0.0,,0,rojo,,14.52,50.0,50,726.0
2025-02-01,dt185/65r14,deestone,346.0,,0,rojo,,20.0,180.0,0,0.0
2024-10-01,28157008,monark - alemania,0.0,,0,rojo,10.17401575,,,50,
2025-02-01,bdd149,ishikawa - discos de freno,0.0,,0,rojo,,13.36,50.0,50,668.0
2025-03-01,eo-89990,sakura filter,96.0,,0,rojo,,1.4,100.0,0,0.0
2025-02-01,mwmwc815a,wagner - pastillas,2.0,,0,rojo,,12.4,20.0,0,0.0
2025-03-01,c-7952,sakura filter,29.0,,0,rojo,,2.79,60.0,0,0.0
2025-02-01,t1155,ito koyama - trapecios,60.0,,0,rojo,,17.1,60.0,0,0.0
2025-03-01,t1192,ito koyama - trapecios,8.0,,0,rojo,,15.65225,40.0,0,0.0
2025-02-01,f-22130,sakura filter,46.0,,0,rojo,,4.52,100.0,0,0.0
2025-02-01,c-7937,sakura filter,118.0,,0,rojo,,4.41,30.0,0,0.0
2025-03-01,c005,ito koyama - resortes,44.0,,0,rojo,,6.6,80.0,0,0.0
2025-02-01,fs-1802,sakura filter,127.0,,0,rojo,,0.77,100.0,0,0.0
2024-03-01,90081961,ks - alemania,0.0,,0,rojo,17.998966217041016,107.23958501577377,60.0,100,10723.958501577377
2025-03-01,mwmwc1847,wagner - pastillas,9.0,,0,rojo,,29.9,20.0,0,0.0
2025-03-01,h-28040,sakura filter,50.0,,0,rojo,,11.26,8.0,0,0.0
2025-01-01,bmz006,ito koyama - bocamazas,30.0,,0,rojo,,15.13,20.0,0,0.0
2025-03-01,cf-1810,mann - brasil,48.0,,0,rojo,,15.931359741091727,20.0,0,0.0
2024-09-01,17136,narva,0.0,,0,rojo,38.86191947402134,0.21097446146011353,1600.0,200,42.19489229202271
2025-04-01,n006,ito koyama - resortes,388.0,,0,rojo,,4.3,400.0,0,0.0
2025-03-01,724580413r,ito koyama - amortiguadores,19.0,,0,rojo,,9.1,179.0,0,0.0
2025-02-01,bdd091,ishikawa - discos de freno,0.0,,0,rojo,,8.61,100.0,50,430.5
2025-03-01,ca-65170,sakura filter,57.0,,0,rojo,,2.04,60.0,0,0.0
2025-03-01,bdd097,ishikawa - discos de freno,60.0,,0,rojo,,11.26,150.0,0,0.0
2025-02-01,a-2913,sakura filter,157.0,,0,rojo,,4.25,20.0,0,0.0
2025-02-01,a-2908,sakura filter,21.0,0.0,0,rojo,,3.02,40.0,0,0.0
2025-02-01,a-68490,sakura filter,47.0,,0,rojo,,21.63,60.0,0,0.0
2025-03-01,sm016,ito koyama - torretas,3.0,,0,rojo,,4.92,120.0,0,0.0
2025-02-01,eo-3103,sakura filter,7.0,,0,rojo,,1.1,50.0,0,0.0
2025-03-01,mwmwc1295a,wagner - pastillas,2.0,,0,rojo,,15.1,100.0,0,0.0
2025-02-01,tkl3838a,tkl - taiwan,19.0,,0,rojo,,7.5,100.0,0,0.0
2025-03-01,cg003,ito koyama - resortes,20.0,,0,rojo,,4.7,56.0,0,0.0
2025-03-01,a-25350-s,sakura filter,122.0,0.0,0,rojo,,24.4,7.0,0,0.0
2025-03-01,a-88140,sakura filter,104.0,,0,rojo,,1.9,200.0,0,0.0
2025-03-01,fi-807,ito koyama - palieres,52.0,,0,rojo,,5.82,50.0,0,0.0
2025-03-01,hu-721wkit,mann - brasil,15.0,,0,rojo,,9.10778086066246,60.0,0,0.0
2025-03-01,ca-21040,sakura filter,231.0,,0,rojo,,2.6,20.0,0,0.0
2025-03-01,bdd142,ishikawa - discos de freno,10.0,,0,rojo,,7.11,50.0,0,0.0
2025-02-01,sfc-53060-30b,sakura filter,53.0,,0,rojo,,8.0,96.0,0,0.0
2025-03-01,srb-010,seco - embragues,148.0,,0,rojo,,7.71,200.0,0,0.0
2025-03-01,p851405500,prextoline - lubricantes,1.0,,0,rojo,,480.0,2.0,0,0.0
2025-03-01,mwmwc1737,wagner - pastillas,0.0,,0,rojo,,23.5,10.0,50,1175.0
2025-03-01,t1114,ito koyama - trapecios,24.0,,0,rojo,,21.75,20.0,0,0.0
2022-11-01,srto004,ito koyama - cremalleras,30.0,,0,verde,2.0009997685750327,61.0,30.0,0,0.0
2025-03-01,mwmwc1498,wagner - pastillas,3.0,,0,rojo,,11.2,20.0,0,0.0
2025-02-01,a-61640,sakura filter,53.0,0.0,0,rojo,,18.0,53.0,0,0.0
2025-03-01,cac-66030,sakura filter,21.0,,0,rojo,,2.64,100.0,0,0.0
2025-03-01,a-33880,sakura filter,198.0,,0,rojo,,2.04,80.0,0,0.0
2025-03-01,sfc-7926-30,sakura filter,82.0,0.0,0,rojo,,7.94,300.0,0,0.0
2025-02-01,sfc-7920-10,sakura filter,165.0,,0,rojo,,5.94,12.0,0,0.0
2025-03-01,ani006,ito koyama - direccion,190.0,,0,rojo,,2.297905,200.0,0,0.0
2025-02-01,sdki-453,seco - embragues,0.0,,0,rojo,,20.26,200.0,50,1013.0000000000001
2025-04-01,ni-048,ito koyama - palieres,50.0,,0,rojo,,7.6,50.0,0,0.0
2025-03-01,a-1109,sakura filter,32.0,,0,rojo,,2.88,20.0,0,0.0
2025-03-01,a-65800,sakura filter,310.0,200.0,0,rojo,,2.33,20.0,0,0.0
2025-04-01,4162a130,ito koyama - amortiguadores,97.0,,0,rojo,,7.1,100.0,0,0.0
2025-02-01,fc-28040,sakura filter,0.0,0.0,0,rojo,,4.72,24.0,50,236.0
2025-02-01,bdd007,ishikawa - discos de freno,0.0,,0,rojo,,10.51,50.0,50,525.5
2025-03-01,t1160,ito koyama - trapecios,17.0,,0,rojo,,13.0435,40.0,0,0.0
2025-03-01,t1159,ito koyama - trapecios,22.0,,0,rojo,,13.04,40.0,0,0.0
2025-01-01,a-1643,sakura filter,55.0,60.0,0,rojo,,2.02,60.0,0,0.0
2025-02-01,341311,ito koyama - amortiguadores,125.0,,0,rojo,,6.95,96.0,0,0.0
2025-02-01,ni-7327,ito koyama - palieres,44.0,,0,rojo,,8.4,100.0,0,0.0
2025-02-01,eo-1302,sakura filter,83.0,,0,rojo,,4.88,150.0,0,0.0
2025-03-01,ni-041a,ito koyama - palieres,0.0,,0,rojo,,8.9,49.0,50,445.0
2025-03-01,a-33980,sakura filter,76.0,,0,rojo,,2.1,100.0,0,0.0
2023-11-01,sm026,ito koyama - torretas,0.0,,0,rojo,17.999061584472656,5.72,90.0,150,858.0
2024-10-01,icd1627,ishikawa - pastillas de freno,0.0,,0,rojo,12.560728166438045,5.88,50.0,100,588.0
2025-03-01,a-5507-s,sakura filter,83.0,0.0,0,rojo,,16.21,60.0,0,0.0
2024-11-01,j001,ito koyama - resortes,0.0,,0,rojo,9.171875,5.78,160.0,100,578.0
2025-02-01,ka-103,ito koyama - palieres,0.0,,0,rojo,,6.9,50.0,50,345.0
2025-03-01,t1047,ito koyama - trapecios,69.0,,0,rojo,,9.7,120.0,0,0.0
2025-03-01,48530-20820,ito koyama - amortiguadores,44.0,,0,rojo,,13.0,60.0,0,0.0
2024-09-01,bdd090,ishikawa - discos de freno,0.0,,0,rojo,6.99432727480567,11.1,100.0,50,555.0
2025-03-01,hy029,ito koyama - resortes,30.0,,0,rojo,,4.5,56.0,0,0.0
2024-07-01,as-7637-s,sakura filter,55.0,,0,verde,3.0,3.34,45.0,0,0.0
2024-09-01,tni005,ito koyama - direccion,56.0,,0,verde,5.408260587307492,3.32,180.0,50,166.0
2024-07-01,a-8656,sakura filter,0.0,0.0,0,rojo,4.786728946165503,22.04,40.0,50,1102.0
2025-03-01,a-tazas,sin definicion,0.0,,0,rojo,,1.8983,500.0,50,94.915
2025-03-01,56210-wf126,ito koyama - amortiguadores,264.0,,0,rojo,,6.6,100.0,0,0.0
2024-10-01,icd1911,ishikawa - pastillas de freno,0.0,,0,rojo,12.299069890371925,4.77,160.0,100,476.99999999999994
2025-02-01,bdd072,ishikawa - discos de freno,26.0,,0,rojo,,6.072,120.0,0,0.0
2024-03-01,ctx-014,aisin - japon,0.0,,0,rojo,332.758288,17.75,1314.0,2000,35500.0
2023-06-01,as-32209,nas - pfi - zkl - mba,0.0,,0,rojo,56.27218364197532,2.97,1000.0,350,1039.5
2024-08-01,c-1006,sakura filter,0.0,,0,rojo,23.218351954712986,2.21,50.0,150,331.5
2024-11-01,srb-06,seco - embragues,0.0,,0,rojo,9.049700736999512,3.69,100.0,50,184.5
2024-06-01,1277,spaco - italia,0.0,,0,rojo,245.981664068929,,,1000,
2025-02-01,a-33960,sakura filter,141.0,,0,rojo,,2.37,40.0,0,0.0
2025-01-01,dtx-117,aisin - japon,0.0,,0,rojo,6.387544731757256,28.65,60.0,50,1432.5
2025-02-01,sk18fa-e,plumillas - sakura,2.0,,0,rojo,,1.29,500.0,50,64.5
2024-07-01,sdki-048,seco - embragues,0.0,,0,rojo,5.314283287314275,13.47,30.0,50,673.5
2025-02-01,hc-76080,sakura filter,2.0,0.0,0,rojo,,10.81,60.0,0,0.0
2025-03-01,hc-7920,sakura filter,290.0,0.0,0,rojo,,5.8,192.0,0,0.0
2025-02-01,c-30011,mann - brasil,9.0,,0,rojo,,7.815531611442566,110.0,0,0.0
2025-01-01,ca-17100-s,sakura filter,0.0,,0,rojo,,1.0,180.0,50,50.0
2025-03-01,o-2803,sakura filter,123.0,,0,rojo,,3.65,80.0,0,0.0
2024-12-01,a-1046,sakura filter,0.0,,0,rojo,4.0078125,2.4,20.0,50,120.0
2025-03-01,ni-003,ito koyama - palieres,0.0,,0,rojo,,6.9,50.0,50,345.0
2025-03-01,55302-51y00,ito koyama - amortiguadores,197.0,,0,rojo,,9.9,179.0,0,0.0
2025-03-01,bch002,ito koyama - bocamazas,20.0,,0,rojo,,7.26,50.0,0,0.0
2024-04-01,tch001,ito koyama - direccion,0.0,,0,rojo,4.0,3.11,210.0,50,155.5
2024-12-01,rto010,ito koyama - direccion,17.0,,0,verde,7.171875,3.88,120.0,50,194.0
2025-03-01,to-7391,ito koyama - palieres,0.0,,0,rojo,,8.3,100.0,50,415.00000000000006
2024-03-01,sdki-247,seco - embragues,0.0,,0,rojo,8.184169792199043,15.44,20.0,50,772.0
2024-11-01,cu-2184,mann - brasil,0.0,,0,rojo,16.363557092236363,6.6225898599624635,60.0,100,662.2589859962463
2025-03-01,icd2286,ishikawa - pastillas de freno,193.0,,0,rojo,,4.32,200.0,0,0.0
2024-04-01,t1175,ito koyama - trapecios,0.0,,0,rojo,2.0486605267990416,9.9,40.0,50,495.0
2025-03-01,a-5501-s,sakura filter,220.0,,0,rojo,,25.53,2.0,0,0.0
2025-03-01,hy-610,ito koyama - palieres,212.0,,0,rojo,,5.9,200.0,0,0.0
2024-10-01,tto018,ito koyama - direccion,0.0,,0,rojo,2.001140753428141,2.89,90.0,50,144.5
2024-10-01,mwmwd1212,wagner - pastillas,0.0,,0,rojo,6.0,9.6,20.0,50,480.0
2024-04-01,skki-016,seco - embragues,0.0,,0,rojo,6.090135097503662,24.96,100.0,50,1248.0
2025-02-01,a-1032,sakura filter,33.0,,0,rojo,,4.96,32.0,0,0.0
2025-01-01,sac-57010,sakura filter,44.0,0.0,0,rojo,,3.9,60.0,0,0.0
2025-04-01,a-33740,sakura filter,14073.0,8000.0,0,rojo,,3.45,760.0,0,0.0
2024-12-01,sddw-508,seco - embragues,369.0,,0,verde,12.998908042907715,10.71,600.0,0,0.0
2025-03-01,t027,ito koyama - resortes,450.0,,0,rojo,,3.65,304.0,0,0.0
2025-03-01,icd562,ishikawa - pastillas de freno,24.0,,0,rojo,,5.75,100.0,0,0.0
2025-03-01,c-1809,sakura filter,427.0,1000.0,0,rojo,,1.07,600.0,0,0.0
2024-09-01,mg369,moog - usa,0.0,,0,rojo,20.132720860952443,5.15,250.0,100,515.0
2025-03-01,o-3003,sakura filter,47.0,,0,rojo,,1.24,250.0,0,0.0
2024-09-01,wc-5712,sakura filter,0.0,0.0,0,rojo,1.8884216666666667,4.05,60.0,50,202.5
2024-03-01,cf-200/1,mann - brasil,0.0,,0,rojo,5.944695472717285,7.03,60.0,50,351.5
2024-09-01,c-301500,mann - brasil,0.0,,0,rojo,7.233385761011581,40.92123836159706,3.0,50,2046.061918079853
2024-06-01,28100-0l200,enertech - encendido,0.0,,0,rojo,4.0,61.59,60.0,50,3079.5
2025-02-01,bdd065,ishikawa - discos de freno,68.0,,0,rojo,,14.11,100.0,0,0.0
2025-02-01,bdd066,ishikawa - discos de freno,6.0,,0,rojo,,12.0399,100.0,0,0.0
2025-03-01,t1113,ito koyama - trapecios,3.0,,0,rojo,,9.275333,30.0,0,0.0
2025-01-01,dtx-209a,aisin - japon,0.0,,0,rojo,,57.36,100.0,50,2868.0
2025-03-01,t1081,ito koyama - trapecios,24.0,,0,rojo,,9.5652,50.0,0,0.0
2025-03-01,96408735,ito koyama - amortiguadores,167.0,,0,rojo,,6.6,250.0,0,0.0
2025-03-01,t1002,ito koyama - trapecios,36.0,,0,rojo,,9.3,40.0,0,0.0
2023-10-01,skki-253,seco - embragues,0.0,,0,rojo,2.342529773712158,39.27,100.0,50,1963.5000000000002
2025-02-01,ni-044,ito koyama - palieres,0.0,,0,rojo,,10.0,50.0,50,500.0
2024-12-01,a-68500,sakura filter,0.0,,0,rojo,2.180262631458619,6.0,54.0,50,300.0
2025-04-01,c-18650,sakura filter,17.0,,0,rojo,,2.92,40.0,0,0.0
2025-01-01,a-28540,sakura filter,97.0,,0,rojo,,2.2,100.0,0,0.0
2023-10-01,sm013,ito koyama - torretas,0.0,,0,rojo,10.000988642374674,8.12,100.0,100,811.9999999999999
2025-03-01,icd1595,ishikawa - pastillas de freno,1.0,,0,rojo,,5.41,200.0,50,270.5
2024-01-01,set3,timken - rodajes,0.0,,0,rojo,5.000971794128418,3.15,400.0,50,157.5
2023-06-01,11411/exp,marilia,0.0,,0,rojo,20.64722216225171,2.83,2000.0,100,283.0
2025-03-01,bdd057,ishikawa - discos de freno,0.0,,0,rojo,,8.72,50.0,50,436.00000000000006
2025-03-01,n018,ito koyama - resortes,144.0,,0,rojo,,4.5,200.0,0,0.0
2025-03-01,t002,ito koyama - resortes,72.0,,0,rojo,,4.3,56.0,0,0.0
2025-03-01,a-28930,sakura filter,161.0,0.0,0,rojo,,3.17,100.0,0,0.0
2025-03-01,op-010,ito koyama - palieres,518.0,,0,rojo,,5.7,800.0,0,0.0
2025-03-01,sb-010,ito koyama - palieres,0.0,,0,rojo,,7.2,50.0,50,360.0
2024-11-01,icd1912,ishikawa - pastillas de freno,0.0,,0,rojo,15.6115505,6.55,100.0,100,655.0
2025-02-01,icd1435,ishikawa - pastillas de freno,0.0,,0,rojo,,3.55,100.0,50,177.5
2024-02-01,87077079,monark - alemania,0.0,,0,rojo,9.999093055725098,,,50,
2025-03-01,t1104,ito koyama - trapecios,56.0,,0,rojo,,16.7,100.0,0,0.0
2025-03-01,54660-4h600,ito koyama - amortiguadores,282.0,,0,rojo,,11.7,200.0,0,0.0
2024-06-01,12086,spaco - italia,0.0,,0,rojo,19.355850299943775,0.9874528932571411,1000.0,100,98.74528932571411
2025-04-01,48510-12d20,ito koyama - amortiguadores,148.0,,0,rojo,,10.3,276.0,0,0.0
2025-03-01,eo-1802,sakura filter,44.0,0.0,0,rojo,,1.49,100.0,0,0.0
2025-03-01,a-76531-s,sakura filter,99.0,,0,rojo,,10.67,92.0,0,0.0
2025-04-01,o-2629,sakura filter,148.0,,0,rojo,,2.37,75.0,0,0.0
2025-03-01,24526127r,ito koyama - amortiguadores,0.0,,0,rojo,,10.1,72.0,50,505.0
2025-03-01,bto002,ito koyama - bocamazas,1.0,,0,rojo,,12.86,40.0,50,643.0
2025-03-01,a-5654-s,sakura filter,294.0,,0,rojo,,14.03,5.0,0,0.0
2025-03-01,bhy004,ito koyama - bocamazas,41.0,,0,rojo,,14.53,50.0,0,0.0
2025-03-01,a-8579-s,sakura filter,82.0,106.0,0,rojo,,28.78,6.0,0,0.0
2025-03-01,o-1805,sakura filter,168.0,0.0,0,rojo,,2.84,120.0,0,0.0
2025-03-01,96244009,ito koyama - amortiguadores,10.0,,0,rojo,,11.46,2.0,0,0.0
2025-01-01,mi-5016f2,ito koyama - palieres,90.0,,0,rojo,,6.86,100.0,0,0.0
2025-04-01,a-6121m-s,sakura filter,92.0,,0,rojo,,17.78,78.0,0,0.0
2024-09-01,dt165/65r13,deestone,0.0,,0,rojo,40.00101216634115,17.0,200.0,250,4250.0
2024-03-01,90924960,ks - alemania,0.0,,0,rojo,12.127121913580247,96.78850944042206,60.0,100,9678.850944042206
2025-03-01,54650-h9200,ito koyama - amortiguadores,152.0,,0,rojo,,11.7,192.0,0,0.0
2023-12-01,dttmlt245/75r17,deestone,0.0,,0,rojo,7.677317000000001,69.73,80.0,50,3486.5
2025-03-01,hy053,ito koyama - resortes,946.0,,0,rojo,,4.5,216.0,0,0.0
2025-03-01,t031,ito koyama - resortes,78.0,,0,rojo,,4.4,104.0,0,0.0
2025-02-01,bni004,ito koyama - bocamazas,43.0,,0,rojo,,4.86,80.0,0,0.0
2025-02-01,3341-1054skr,sakura - radiadores,7.0,,0,rojo,,18.2,49.0,0,0.0
2025-03-01,a-71490-s,sakura filter,55.0,0.0,0,rojo,,29.92,27.0,0,0.0
2024-12-01,17038,narva,0.0,,0,rojo,21.008081436157227,0.34898602445125576,400.0,100,34.898602445125576
2025-03-01,54650-2k000,ito koyama - amortiguadores,3.0,,0,rojo,,10.5,52.0,0,0.0
2025-03-01,a-1164,sakura filter,152.0,,0,rojo,,2.37,200.0,0,0.0
2024-09-01,tkl48014cc,tkl - taiwan,0.0,,0,rojo,7.050357341766357,1.4,100.0,50,70.0
2025-01-01,sdns-196,seco - embragues,0.0,,0,rojo,,11.86,50.0,50,593.0
2023-05-01,ety012,ito koyama - direccion,0.0,,0,rojo,41.21864300000001,2.17,390.0,300,651.0
2025-03-01,to-029,ito koyama - palieres,71.0,,0,rojo,,6.2,300.0,0,0.0
2024-11-01,a-14480,sakura filter,0.0,0.0,0,rojo,19.665410500000007,1.37,200.0,150,205.50000000000003
2025-03-01,aty005,ito koyama - direccion,234.0,,0,rojo,,2.297914,304.0,0,0.0
2025-03-01,a-1130,sakura filter,23.0,,0,rojo,,1.95,96.0,0,0.0
2025-04-01,5465007100,ito koyama - amortiguadores,217.0,,0,rojo,,11.0,180.0,0,0.0
2025-03-01,d007,ito koyama - resortes,374.0,,0,rojo,,3.95,400.0,0,0.0
2025-03-01,icd1852,ishikawa - pastillas de freno,210.0,,0,rojo,,3.7,200.0,0,0.0
2024-08-01,ca-29030,sakura filter,158.0,,0,verde,4.351817474738208,1.43,100.0,0,0.0
2025-03-01,ca-14040,sakura filter,39.0,,0,rojo,,1.24,60.0,0,0.0
2025-04-01,a-13570,sakura filter,859.0,900.0,0,rojo,,6.5,448.0,0,0.0
2025-03-01,rmi002,ito koyama - direccion,156.0,,0,rojo,,2.367551,200.0,0,0.0
2024-10-01,sfc-7903-30b,sakura filter,0.0,0.0,0,rojo,8.994869232177734,12.5,204.0,100,1250.0
2025-03-01,n016,ito koyama - resortes,168.0,,0,rojo,,6.51,400.0,0,0.0
2023-08-01,thy010,ito koyama - direccion,0.0,,0,rojo,23.98629093538372,2.05,100.0,150,307.5
2025-03-01,eo-30140,sakura filter,79.0,200.0,0,rojo,,1.66,100.0,0,0.0
2025-03-01,t1209,ito koyama - trapecios,37.0,,0,rojo,,11.3,60.0,0,0.0
2025-03-01,to-844,ito koyama - palieres,114.0,,0,rojo,,6.5,400.0,0,0.0
2025-03-01,hy-803,ito koyama - palieres,74.0,,0,rojo,,8.4,100.0,0,0.0
2025-01-01,eo-19030,sakura filter,0.0,0.0,0,rojo,,1.62,50.0,50,81.0
2025-03-01,t1115,ito koyama - trapecios,30.0,,0,rojo,,21.75,20.0,0,0.0
2022-12-01,3974,spaco - italia,0.0,,0,rojo,26.775270061728396,,,150,
2025-03-01,a-7124,sakura filter,184.0,163.0,0,rojo,,23.44,37.0,0,0.0
2023-12-01,sm033,ito koyama - torretas,0.0,,0,rojo,10.002320607503256,3.86,600.0,100,386.0
2023-08-01,sdhd-142,seco - embragues,0.0,,0,rojo,4.594627372979556,15.05,50.0,50,752.5
2025-04-01,a-25490,sakura filter,371.0,,0,rojo,,2.35,200.0,0,0.0
2024-11-01,icd1520,ishikawa - pastillas de freno,0.0,,0,rojo,28.737300668724284,4.88,50.0,200,976.0
2024-12-01,t1106,ito koyama - trapecios,2.0,,0,amarillo,24.671889157600983,7.72,699.0,150,1158.0
2024-12-01,cf-2100/1,mann - brasil,38.0,,0,verde,4.634259259259259,40.68240014135837,20.0,0,0.0
2024-09-01,bdd008,ishikawa - discos de freno,0.0,,0,rojo,10.033713737876788,7.76,100.0,100,776.0
2025-03-01,sfc-7104-02,sakura filter,38.0,,0,rojo,,4.5,48.0,0,0.0
2025-03-01,to-723,ito koyama - palieres,73.0,,0,rojo,,7.9,100.0,0,0.0
2025-03-01,t1109,ito koyama - trapecios,12.0,,0,rojo,,18.55,40.0,0,0.0
2025-02-01,a-2821,sakura filter,50.0,80.0,0,rojo,,2.96,20.0,0,0.0
2024-03-01,rto004,ito koyama - direccion,0.0,,0,rojo,12.203449249267578,2.42,300.0,100,242.0
2025-03-01,a-33970,sakura filter,34.0,0.0,0,rojo,,6.3,192.0,0,0.0
2025-03-01,n024,ito koyama - resortes,148.0,,0,rojo,,4.5,120.0,0,0.0
2025-04-01,a-5301-s,sakura filter,113.0,0.0,0,rojo,,15.1,90.0,0,0.0
2023-10-01,sm005,ito koyama - torretas,0.0,,0,rojo,22.985695025358922,5.02,90.0,150,752.9999999999999
2025-02-01,3341-8530skr,sakura - radiadores,74.0,,0,rojo,,17.5,49.0,0,0.0
2025-02-01,srch001,ito koyama - cremalleras,0.0,,0,rojo,,12.68,240.0,50,634.0
2025-03-01,to-841,ito koyama - palieres,256.0,,0,rojo,,11.1,300.0,0,0.0
2025-03-01,a-7972,sakura filter,210.0,,0,rojo,,19.45,15.0,0,0.0
2025-04-01,331010,ito koyama - amortiguadores,34.0,,0,rojo,,12.7,52.0,0,0.0
2025-03-01,b1004,ito koyama - trapecios,134.0,,0,rojo,,2.48,401.0,0,0.0
2024-10-01,a-14440,sakura filter,84.0,,0,verde,5.231770833333333,1.4,40.0,0,0.0
2024-12-01,a-5902,sakura filter,83.0,,0,verde,0.0,2.24,200.0,0,0.0
2025-04-01,ef-13100,sakura filter,11.0,,0,rojo,,3.56,100.0,0,0.0
2024-10-01,hu-7010z,mann - brasil,0.0,,0,rojo,46.15003967285156,3.0668369150161743,200.0,200,613.3673830032349
2024-11-01,drp12.00r24,deruibo,0.0,,0,rojo,28.33391203703704,161.0,40.0,150,24150.0
2025-03-01,fc-31040,sakura filter,90.0,,0,rojo,,4.94,24.0,0,0.0
2025-04-01,f-11140,sakura filter,22470.0,2250.0,0,rojo,,2.3,2000.0,0,0.0
2025-02-01,a-90210,sakura filter,0.0,,0,rojo,,2.41,20.0,50,120.5
2024-12-01,srb-156,seco - embragues,0.0,,0,rojo,39.89303380479282,7.94,200.0,200,1588.0
2025-01-01,bdd076,ishikawa - discos de freno,0.0,,0,rojo,,11.63,100.0,50,581.5
2025-03-01,48067,narva,0.0,,0,rojo,,4.014807744860649,400.0,50,200.74038724303244
2025-03-01,a-71310-s,sakura filter,58.0,0.0,0,rojo,,34.03,56.0,0,0.0
2024-01-01,ko-cbu442822,collarines - nachi - koyo - nsk - japon,0.0,,0,rojo,6.000001907348633,4.8,150.0,50,240.0
2025-03-01,mz003,ito koyama - resortes,46.0,,0,rojo,,3.85,120.0,0,0.0
2024-09-01,t1203,ito koyama - trapecios,20.0,,0,verde,2.5578983790656182,12.7535,20.0,50,637.6750000000001
2025-01-01,fc-5613,sakura filter,0.0,,0,rojo,,3.38,180.0,50,169.0
2025-02-01,mi-015,ito koyama - palieres,60.0,,0,rojo,,8.02,50.0,0,0.0
2024-11-01,h-5504,sakura filter,0.0,,0,rojo,4.505208333333333,3.17,60.0,50,158.5
2025-04-01,hy003,ito koyama - resortes,236.0,,0,rojo,,5.2,200.0,0,0.0
2025-02-01,cf-1350,mann - brasil,19.0,,0,rojo,,15.32982196688652,96.0,0,0.0
2025-03-01,96586885,ito koyama - amortiguadores,200.0,,0,rojo,,10.9,180.0,0,0.0
2025-03-01,55300-4h600,ito koyama - amortiguadores,94.0,,0,rojo,,6.8,100.0,0,0.0
2025-03-01,mwmwd1094,wagner - pastillas,10.0,,0,rojo,,12.7,10.0,0,0.0
2025-04-01,ca-21110-s,sakura filter,286.0,,0,rojo,,1.7,20.0,0,0.0
2023-09-01,a-1722,sakura filter,0.0,,0,rojo,4.6640625,2.23,80.0,50,111.5
2023-07-01,zd1184,wagner - pastillas,0.0,,0,rojo,9.813271604938272,16.08,50.0,50,803.9999999999999
2024-02-01,zd1114,wagner - pastillas,0.0,,0,rojo,0.7983575606794826,20.46,20.0,50,1023.0
2025-03-01,eo-1801,sakura filter,0.0,0.0,0,rojo,,1.4,200.0,50,70.0
2025-03-01,553512d000,ito koyama - amortiguadores,58.0,,0,rojo,,10.9,48.0,0,0.0
2024-12-01,sk-026,ito koyama - palieres,102.0,,0,verde,8.752818501371742,5.2,50.0,50,260.0
2024-12-01,rov2050100,rover - usa,0.0,,0,rojo,234.5,7.9975,1296.0,1000,7997.5
2025-03-01,a-1927,sakura filter,20.0,80.0,0,rojo,,2.02,20.0,0,0.0
2025-03-01,bni009,ito koyama - bocamazas,61.0,,0,rojo,,4.57,80.0,0,0.0
2025-02-01,o-1311,sakura filter,30.0,,0,rojo,,4.88,64.0,0,0.0
2023-09-01,thy008,ito koyama - direccion,0.0,,0,rojo,23.941784584979885,2.29,180.0,150,343.5
2025-03-01,t1084,ito koyama - trapecios,78.0,,0,rojo,,21.7392,100.0,0,0.0
2025-03-01,dt185/65r15,deestone,59.0,,0,rojo,,22.95,100.0,0,0.0
2025-03-01,a-7980,sakura filter,12.0,204.0,0,rojo,,4.32,36.0,0,0.0
2025-03-01,fc-55240,sakura filter,231.0,,0,rojo,,9.1,120.0,0,0.0
2025-03-01,a-5573-s,sakura filter,83.0,0.0,0,rojo,,18.98,60.0,0,0.0
2025-03-01,to-027,ito koyama - palieres,58.0,,0,rojo,,6.3,50.0,0,0.0
2024-10-01,mwmwd1188,wagner - pastillas,0.0,,0,rojo,6.5123456790123475,11.2,20.0,50,560.0
2025-03-01,scmb-081,seco - embragues,18.0,,0,rojo,,28.69,50.0,0,0.0
2025-03-01,41602-58m00,ito koyama - amortiguadores,46.0,,0,rojo,,10.6,90.0,0,0.0
2025-04-01,sfc-7912-10,sakura filter,116.0,,0,rojo,,4.5,120.0,0,0.0
2024-02-01,k-bolsas,sin definicion,0.0,,0,rojo,,19.16695094952705,500.0,50,958.3475474763525
2025-01-01,a-5652-s,sakura filter,19.0,,0,rojo,,10.5,60.0,0,0.0
2025-03-01,sfc-24020,sakura filter,106.0,,0,rojo,,7.8,204.0,0,0.0
2025-03-01,4106861j00,ito koyama - amortiguadores,391.0,,0,rojo,,10.3,240.0,0,0.0
2024-10-01,a-1816,sakura filter,51.0,,0,verde,6.503601499999999,2.66,24.0,50,133.0
2025-03-01,mwmwd1089,wagner - pastillas,19.0,,0,rojo,,13.0,40.0,0,0.0
2023-11-01,rho002,ito koyama - direccion,0.0,,0,rojo,14.675604423868313,2.18,90.0,100,218.00000000000003
2024-08-01,98129960,ks - brasil,0.0,,0,rojo,9.959150924784392,104.08,180.0,50,5204.0
2025-01-01,dt195r14c,deestone,39.0,,0,verde,0.0,35.74,40.0,0,0.0
2025-04-01,5466007100,ito koyama - amortiguadores,215.0,,0,rojo,,11.1,180.0,0,0.0
2024-10-01,w-719/5,mann - brasil,0.0,,0,rojo,0.0,3.3960265278816224,60.0,50,169.80132639408112
2025-03-01,thy001,ito koyama - direccion,52.0,,0,rojo,,2.715729,100.0,0,0.0
2024-07-01,pd11cc,crc - limpia carburador,0.0,,0,rojo,19.03125,3.65,1200.0,100,365.0
2025-03-01,icd540,ishikawa - pastillas de freno,89.0,,0,rojo,,3.14,100.0,0,0.0
2025-01-01,mwmwc1508,wagner - pastillas,0.0,,0,rojo,,11.9,10.0,50,595.0
2025-01-01,dm-601u,aisin - japon,1.0,,0,rojo,,28.63,20.0,0,0.0
2024-05-01,sm032,ito koyama - torretas,0.0,,0,rojo,19.794455,4.49,150.0,150,673.5
2025-03-01,a-5628-s,sakura filter,231.0,,0,rojo,,6.17,40.0,0,0.0
2025-03-01,c-7950,sakura filter,81.0,,0,rojo,,2.79,108.0,0,0.0
2025-02-01,icd1673,ishikawa - pastillas de freno,0.0,,0,rojo,,2.7,100.0,50,135.0
2024-02-01,sm014,ito koyama - torretas,0.0,,0,rojo,9.00154940287272,7.6,60.0,100,760.0
2023-06-01,3991,spaco - italia,0.0,,0,rojo,5.0,,,50,
2025-04-01,icd1964,ishikawa - pastillas de freno,194.0,,0,rojo,,6.05,200.0,0,0.0
2024-11-01,c-4906,sakura filter,0.0,,0,rojo,25.140625,2.27,144.0,200,454.0
2025-03-01,a-1768,sakura filter,218.0,,0,rojo,,2.31,100.0,0,0.0
2025-01-01,bdd054,ishikawa - discos de freno,0.0,,0,rojo,,13.21,80.0,50,660.5
2024-11-01,fc-28090,sakura filter,83.0,,0,verde,1.999599091452339,7.13,40.0,0,0.0
2024-01-01,skf-6201-2rshc3,skf - rodajes,0.0,,0,rojo,60.7603645324707,0.96,1500.0,300,288.0
2023-10-01,paw68a500usr,prextoline - usa,0.0,,0,rojo,41.22800112048685,27.99,780.0,200,5598.0
2025-03-01,k-11320,sakura filter,319.0,0.0,0,rojo,,13.01,150.0,0,0.0
2024-06-01,sddw-009,seco - embragues,0.0,,0,rojo,3.3751475,10.04,400.0,50,501.99999999999994
2024-05-01,as335sp-m1,prestone - mexico,0.0,,0,rojo,59.999104817708336,1.91,600.0,200,382.0
2025-03-01,dtt215/45zr17,deestone,32.0,,0,rojo,,29.24,60.0,0,0.0
2025-03-01,a-5025-s,sakura filter,372.0,182.0,0,rojo,,21.82,116.0,0,0.0
2025-02-01,ahy011,ito koyama - direccion,46.0,,0,rojo,,1.9,159.0,0,0.0
2025-02-01,c-57430,sakura filter,682.0,,0,rojo,,12.54,402.0,0,0.0
2024-10-01,a-49490,sakura filter,98.0,,0,verde,6.343635688157293,1.63,20.0,0,0.0
2025-03-01,eo-31110,sakura filter,893.0,500.0,0,rojo,,1.2,650.0,0,0.0
2025-03-01,a-1615,sakura filter,96.0,,0,rojo,,2.69,60.0,0,0.0
2024-08-01,c-33017,mann - brasil,0.0,,0,rojo,33.74040985107422,8.344257130622864,1000.0,150,1251.6385695934296
2025-03-01,icd1712,ishikawa - pastillas de freno,21.0,,0,rojo,,4.45,100.0,0,0.0
2025-03-01,a-2003,sakura filter,139.0,,0,rojo,,2.56,60.0,0,0.0
2025-03-01,hy051,ito koyama - resortes,466.0,,0,rojo,,3.9,200.0,0,0.0
2025-03-01,hy-011,ito koyama - palieres,231.0,,0,rojo,,6.1,300.0,0,0.0
2025-03-01,48530-52b00,ito koyama - amortiguadores,682.0,,0,rojo,,7.2,800.0,0,0.0
2025-03-01,t038,ito koyama - resortes,66.0,,0,rojo,,4.45,200.0,0,0.0
2025-04-01,fc-1001,sakura filter,402.0,875.0,0,rojo,,2.18,1000.0,0,0.0
2024-12-01,a-8811,sakura filter,528.0,,0,verde,23.914647420247395,1.84,300.0,0,0.0
2025-03-01,a-13530-s,sakura filter,474.0,,0,rojo,,9.2,100.0,0,0.0
2025-03-01,55360-25050,ito koyama - amortiguadores,16.0,,0,rojo,,10.1,48.0,0,0.0
2025-03-01,t018,ito koyama - resortes,485.0,,0,rojo,,4.3,400.0,0,0.0
2024-11-01,fs-8006,sakura filter,164.0,,0,verde,6.0797630896785115,2.76,150.0,0,0.0
2024-12-01,mi-620,ito koyama - palieres,0.0,,0,rojo,16.643229166666668,7.8,180.0,150,1170.0
2025-03-01,a-2819,sakura filter,62.0,,0,rojo,,1.96,100.0,0,0.0
2024-12-01,a-1618,sakura filter,20.0,,0,verde,2.6054200600449664,2.06,100.0,50,103.0
2025-03-01,rda001,ito koyama - direccion,70.0,,0,rojo,,3.06,160.0,0,0.0
2025-03-01,726780166l,ito koyama - amortiguadores,29.0,,0,rojo,,11.3,48.0,0,0.0
2024-07-01,17046,narva,80.0,,0,verde,10.0,0.3017589953660965,200.0,50,15.087949768304826
2025-04-01,to-721a,ito koyama - palieres,25.0,,0,rojo,,8.1,100.0,0,0.0
2025-02-01,cf-800,mann - brasil,29.0,,0,rojo,,14.225976991653441,30.0,0,0.0
2025-02-01,cf-1652,mann - brasil,3.0,,0,rojo,,28.18,120.0,0,0.0
2024-11-01,sc16hr11,denso - bujias - japon,460.0,,0,verde,69.43130914195523,8.08,476.0,0,0.0
2025-03-01,mi-501,ito koyama - palieres,6.0,,0,rojo,,8.3,50.0,0,0.0
2025-02-01,a-8652-s,sakura filter,91.0,83.0,0,rojo,,24.55,100.0,0,0.0
2025-03-01,icd1846,ishikawa - pastillas de freno,49.0,,0,rojo,,3.1,100.0,0,0.0
2024-09-01,c-5204,sakura filter,78.0,0.0,0,verde,32.88081480421702,1.69,50.0,200,338.0
2025-03-01,c-38180,sakura filter,157.0,,0,rojo,,6.4,6.0,0,0.0
2025-04-01,54660-1y200,ito koyama - amortiguadores,138.0,,0,rojo,,10.9,150.0,0,0.0
2025-01-01,ur003,ito koyama - direccion,212.0,,0,rojo,,2.38,482.0,0,0.0
2025-03-01,18010,narva,132.0,,0,rojo,,3.7789243998527526,20.0,0,0.0
2025-02-01,ixeh20tt,denso - bujias - japon,73.0,,0,rojo,,6.81,288.0,0,0.0
2024-10-01,18106,narva,99.0,,0,verde,4.29880401234568,4.95575236415863,100.0,0,0.0
2025-04-01,opt-032,aisin - japon,82.0,,0,rojo,,21.19,100.0,0,0.0
2023-10-01,tni006,ito koyama - direccion,0.0,,0,rojo,4.002713839213054,2.14,100.0,50,107.0
2025-03-01,bdd053,ishikawa - discos de freno,126.0,,0,rojo,,7.95,50.0,0,0.0
2025-01-01,t1041,ito koyama - trapecios,62.0,,0,rojo,,12.752863,60.0,0,0.0
2025-03-01,543020322r,ito koyama - amortiguadores,155.0,,0,rojo,,10.2,89.0,0,0.0
2025-02-01,t1197,ito koyama - trapecios,2.0,,0,rojo,,11.884,40.0,0,0.0
2025-04-01,54302-5m400,ito koyama - amortiguadores,307.0,,0,rojo,,9.9,192.0,0,0.0
2025-03-01,a-5019,sakura filter,20.0,,0,rojo,,3.85,60.0,0,0.0
2025-03-01,t1180,ito koyama - trapecios,47.0,,0,rojo,,9.86,60.0,0,0.0
2025-04-01,55311-d3000,ito koyama - amortiguadores,37.0,,0,rojo,,6.9,50.0,0,0.0
2025-03-01,cg002,ito koyama - resortes,48.0,,0,rojo,,4.7,80.0,0,0.0
2025-03-01,ch008,ito koyama - resortes,220.0,,0,rojo,,5.9,200.0,0,0.0
2023-03-01,tkl24016,tkl - taiwan,1.0,,0,amarillo,19.953125,0.95,300.0,100,95.0
2024-08-01,fc-5508,sakura filter,0.0,,0,rojo,5.534432322797451,3.79,60.0,50,189.5
2025-01-01,scns-221,seco - embragues,0.0,,0,rojo,,26.13,50.0,50,1306.5
2025-03-01,bhy007,ito koyama - bocamazas,25.0,,0,rojo,,5.0,48.0,0,0.0
2025-03-01,icd831,ishikawa - pastillas de freno,39.0,,0,rojo,,3.16,100.0,0,0.0
2025-03-01,a-2813,sakura filter,18.0,120.0,0,rojo,,4.8,120.0,0,0.0
2025-03-01,fc-2802,sakura filter,35.0,,0,rojo,,5.52,30.0,0,0.0
2025-03-01,54660-d4000,ito koyama - amortiguadores,58.0,,0,rojo,,11.8,72.0,0,0.0
2024-12-01,17314,narva,140.0,,0,verde,32.88218688964844,0.15601437345743177,200.0,150,23.402156018614765
2025-03-01,a-88230-s,sakura filter,85.0,0.0,0,rojo,,5.5,99.0,0,0.0
2025-02-01,a-2935,sakura filter,0.0,,0,rojo,,3.6,189.0,50,180.0
2025-03-01,a-31940,sakura filter,43.0,,0,rojo,,2.89,60.0,0,0.0
2025-03-01,48531-09840ref,ito koyama - amortiguadores,259.0,,0,rojo,,7.0,296.0,0,0.0
2025-02-01,18008,narva,302.0,,0,rojo,,8.694580221176148,600.0,0,0.0
2025-03-01,dtx-202,aisin - japon,19.0,,0,rojo,,48.22,50.0,0,0.0
2025-04-01,48510-29277,ito koyama - amortiguadores,70.0,,0,rojo,,11.9,90.0,0,0.0
2025-03-01,hy037,ito koyama - resortes,384.0,,0,rojo,,5.3,200.0,0,0.0
2024-10-01,hu-1077/2x,mann - brasil,0.0,,0,rojo,25.80632019042969,6.3114614772796624,150.0,150,946.7192215919493
2025-03-01,eo-1103,sakura filter,346.0,,0,rojo,,0.8,600.0,0,0.0
2024-08-01,rhy002,ito koyama - direccion,0.0,,0,rojo,2.9519483333333327,2.61,120.0,50,130.5
2025-04-01,t021,ito koyama - resortes,237.0,,0,rojo,,9.9,400.0,0,0.0
2025-04-01,a-29400,sakura filter,75.0,,0,rojo,,3.84,120.0,0,0.0
2025-01-01,bto001,ito koyama - bocamazas,0.0,,0,rojo,,4.7,40.0,50,235.0
2025-03-01,aty008,ito koyama - direccion,116.0,,0,rojo,,2.297905,200.0,0,0.0
2024-09-01,rni002,ito koyama - direccion,0.0,,0,rojo,2.3802083333333335,4.06,60.0,50,202.99999999999997
2025-03-01,3461-8534skr,sakura - radiadores,0.0,,0,rojo,,25.85,50.0,50,1292.5
2025-04-01,wc-7101,sakura filter,411.0,0.0,0,rojo,,3.8,48.0,0,0.0
2025-03-01,c-7607,sakura filter,0.0,,0,rojo,,3.84,84.0,50,192.0
2024-01-01,schd-350,seco - embragues,0.0,,0,rojo,20.36605726481352,12.16,236.0,100,1216.0
2025-04-01,a-33440,sakura filter,467.0,340.0,0,rojo,,2.0,20.0,0,0.0
2024-11-01,a-45200-s,sakura filter,32.0,0.0,0,verde,2.4947916666666665,11.51,32.0,0,0.0
2025-01-01,a-4923,sakura filter,55.0,,0,rojo,,1.38,100.0,0,0.0
2025-03-01,t012,ito koyama - resortes,1008.0,,0,rojo,,3.65,1200.0,0,0.0
2025-03-01,55300-a7200,ito koyama - amortiguadores,308.0,,0,rojo,,6.0,150.0,0,0.0
2025-04-01,eo-10060,sakura filter,100.0,,0,rojo,,2.5,400.0,0,0.0
2024-12-01,k16pr-u,denso - bujias - japon,192.0,,0,verde,45.71977496649722,0.99,192.0,100,99.0
2025-03-01,sfc-19140,sakura filter,328.0,108.0,0,rojo,,8.5,120.0,0,0.0
2025-01-01,ctx-160a,aisin - japon,0.0,,0,rojo,,46.48,201.0,50,2324.0
2025-04-01,sfc-7103-30,sakura filter,116.0,,0,rojo,,5.4,240.0,0,0.0
2025-04-01,icd1114,ishikawa - pastillas de freno,8.0,,0,rojo,,3.5,100.0,0,0.0
2024-10-01,t1121,ito koyama - trapecios,0.0,,0,rojo,7.370117986341512,8.5,40.0,50,425.0
2025-03-01,ho-003,ito koyama - palieres,10.0,,0,rojo,,6.62,50.0,0,0.0
2025-03-01,fc-5715,sakura filter,59.0,0.0,0,rojo,,2.5,150.0,0,0.0
2025-04-01,c-1552,sakura filter,375.0,,0,rojo,,1.15,300.0,0,0.0
2025-03-01,55361-22100,ito koyama - amortiguadores,57.0,,0,rojo,,10.5,50.0,0,0.0
2025-03-01,24526127l,ito koyama - amortiguadores,2.0,,0,rojo,,10.1,72.0,0,0.0
2025-02-01,a-1857,sakura filter,59.0,,0,rojo,,3.03,90.0,0,0.0
2025-02-01,bdd045,ishikawa - discos de freno,36.0,,0,rojo,,11.72,50.0,0,0.0
2025-04-01,a-28790,sakura filter,143.0,160.0,0,rojo,,1.5,120.0,0,0.0
2025-04-01,ctx-115a,aisin - japon,1166.0,,0,rojo,,46.67,1002.0,0,0.0
2025-04-01,48510-19355,ito koyama - amortiguadores,130.0,,0,rojo,,10.1,108.0,0,0.0
2024-10-01,o-1012-s,sakura filter,0.0,,0,rojo,18.505208333333332,5.22,208.0,150,783.0
2022-11-01,lapiceros,sin definicion,0.0,,0,rojo,,1.9650399105161134,1000.0,50,98.25199552580567
2025-03-01,rto002,ito koyama - direccion,204.0,,0,rojo,,2.22826,400.0,0,0.0
2024-11-01,48641,narva,0.0,,0,rojo,15.515625,4.606319291472435,200.0,100,460.63192914724345
2025-01-01,c-24650,mann - brasil,1.0,,0,rojo,,28.54,20.0,0,0.0
2024-12-01,sdki-299,seco - embragues,0.0,,0,rojo,31.235986,14.15,300.0,150,2122.5
2025-02-01,a-1013,sakura filter,1.0,0.0,0,rojo,,13.37,24.0,0,0.0
2025-03-01,96586886,ito koyama - amortiguadores,206.0,,0,rojo,,10.9,180.0,0,0.0
2024-06-01,ami001,ito koyama - direccion,0.0,,0,rojo,0.0,2.11,300.0,50,105.5
2025-01-01,dt-073,aisin - japon,25.0,,0,rojo,,44.77,30.0,0,0.0
2023-09-01,32100603,monark - alemania,0.0,,0,rojo,13.34375,,,100,
2025-04-01,a-8604-s,sakura filter,473.0,,0,rojo,,14.89,200.0,0,0.0
2025-03-01,t1070,ito koyama - trapecios,157.0,,0,rojo,,3.0,400.0,0,0.0
2025-04-01,a-71590-s,sakura filter,457.0,,0,rojo,,25.22,2.0,0,0.0
2025-03-01,d04a34900c,ito koyama - amortiguadores,90.0,,0,rojo,,11.0,56.0,0,0.0
2024-08-01,182-s,marilia,0.0,,0,rojo,18.90625,2.57,700.0,100,257.0
2024-02-01,88476810,ks - alemania,0.0,,0,rojo,14.073211158302904,25.768578085899353,72.0,100,2576.8578085899353
2025-04-01,c-341500/1,mann - brasil,22.0,,0,rojo,,54.05855649113655,30.0,0,0.0
2025-03-01,c-34540/1,mann - brasil,28.0,,0,rojo,,63.116151852011676,20.0,0,0.0
2025-03-01,icd2096,ishikawa - pastillas de freno,0.0,,0,rojo,,4.13,100.0,50,206.5
2025-03-01,icd1039,ishikawa - pastillas de freno,52.0,,0,rojo,,5.4,100.0,0,0.0
2025-01-01,sdhd-078,seco - embragues,0.0,,0,rojo,,14.97,100.0,50,748.5
2025-02-01,t1130,ito koyama - trapecios,107.0,,0,rojo,,7.536214,140.0,0,0.0
2025-02-01,hy038,ito koyama - resortes,0.0,,0,rojo,,5.2,200.0,50,260.0
2024-05-01,sfc-57160,sakura filter,0.0,,0,rojo,4.0,12.0,66.0,50,600.0
2024-12-01,a-1194,sakura filter,45.0,,0,verde,9.011605500000002,1.78,60.0,100,178.0
2024-03-01,8.0004E+11,,,,0,rojo,3.452876055739679,,,50,
2025-01-01,fc-13190,sakura filter,214.0,0.0,0,rojo,,3.83,120.0,0,0.0
2025-02-01,mi008,ito koyama - resortes,19.0,,0,rojo,,6.6,200.0,0,0.0
2025-03-01,55310-1g010,ito koyama - amortiguadores,98.0,,0,rojo,,6.5,150.0,0,0.0
2025-04-01,a-7620-s,sakura filter,762.0,250.0,0,rojo,,2.18,400.0,0,0.0
2025-03-01,a-14560,sakura filter,159.0,,0,rojo,,2.03,120.0,0,0.0
2024-12-01,w20exr-u11,denso - bujias - japon,384.0,,0,verde,69.8395061728395,0.99,384.0,50,49.5
2025-03-01,ca-28300,sakura filter,310.0,,0,rojo,,1.0,100.0,0,0.0
2025-04-01,as-6905-s,sakura filter,236.0,,0,rojo,,7.49,198.0,0,0.0
2023-08-01,tsz003,ito koyama - direccion,0.0,,0,rojo,4.000894546508788,2.08,50.0,50,104.0
2025-03-01,ctx-076,aisin - japon,38.0,,0,rojo,,33.1,100.0,0,0.0
2025-03-01,t1148,ito koyama - trapecios,24.0,,0,rojo,,10.434833,60.0,0,0.0
2024-02-01,sm003,ito koyama - torretas,0.0,,0,rojo,24.4432634744946,3.41,150.0,150,511.5
2022-07-01,tkl41012a,tkl - taiwan,0.0,,0,rojo,56.57067966054667,2.0,100.0,250,500.0
2025-03-01,ef-1801,sakura filter,570.0,100.0,0,rojo,,2.7,400.0,0,0.0
2025-03-01,a-1833,sakura filter,491.0,,0,rojo,,1.7,20.0,0,0.0
2025-03-01,dtlt265/70r17,deestone,103.0,,0,rojo,,56.5,192.0,0,0.0
2025-03-01,icd1094,ishikawa - pastillas de freno,155.0,,0,rojo,,5.6,200.0,0,0.0
2025-03-01,fc-45012,sakura filter,249.0,0.0,0,rojo,,3.77,200.0,0,0.0
2025-03-01,343265,ito koyama - amortiguadores,19.0,,0,rojo,,6.35,100.0,0,0.0
2024-11-01,t035,ito koyama - resortes,0.0,,0,rojo,49.51331732967535,5.67,184.0,300,1701.0
2025-03-01,54660-1r001,ito koyama - amortiguadores,0.0,,0,rojo,,10.6,228.0,50,530.0
2024-11-01,27309,versachem - usa,0.0,,0,rojo,12.0,2.64,144.0,50,132.0
2025-03-01,54650-2w100,ito koyama - amortiguadores,77.0,,0,rojo,,11.8,96.0,0,0.0
2025-03-01,hy052,ito koyama - resortes,94.0,,0,rojo,,7.0,56.0,0,0.0
2024-09-01,a-5539,sakura filter,0.0,0.0,0,rojo,3.6015625,9.08,3.0,50,454.0
2025-03-01,t1103,ito koyama - trapecios,2.0,,0,rojo,,9.3,60.0,0,0.0
2025-03-01,2901310u8010,ito koyama - amortiguadores,37.0,,0,rojo,,9.4,48.0,0,0.0
2025-03-01,pp103000100,valvoline,0.0,,0,rojo,,16.31,120.0,50,815.4999999999999
2025-03-01,icd1674,ishikawa - pastillas de freno,82.0,,0,rojo,,4.22,200.0,0,0.0
2024-11-01,d25600025,valvoline,48.0,,0,verde,12.0,3.24,96.0,50,162.0
2025-03-01,56210-9m900,ito koyama - amortiguadores,0.0,,0,rojo,,6.4,60.0,50,320.0
2025-02-01,331702,ito koyama - amortiguadores,6.0,,0,rojo,,16.0,53.0,0,0.0
2025-04-01,ca-17140,sakura filter,131.0,300.0,0,rojo,,1.8,400.0,0,0.0
2025-03-01,a-1423,sakura filter,6.0,100.0,0,rojo,,2.13,100.0,0,0.0
2025-03-01,a-1425,sakura filter,21.0,,0,rojo,,2.28,60.0,0,0.0
2025-03-01,t1149,ito koyama - trapecios,34.0,,0,rojo,,10.434833,60.0,0,0.0
2025-01-01,sfc-24030,sakura filter,0.0,,0,rojo,,5.8,24.0,50,290.0
2025-02-01,mwmwc1522,wagner - pastillas,3.0,,0,rojo,,13.1,10.0,0,0.0
2023-11-01,8.00036E+11,,,,0,rojo,49.3969877866827,,,200,
2025-03-01,48531-36100,ito koyama - amortiguadores,213.0,,0,rojo,,6.0,100.0,0,0.0
2025-03-01,dtx-116,aisin - japon,0.0,,0,rojo,,49.3,500.0,50,2465.0
2025-03-01,t1059,ito koyama - trapecios,7.0,,0,rojo,,9.86,40.0,0,0.0
2025-04-01,a-28590,sakura filter,481.0,80.0,0,rojo,,1.6,160.0,0,0.0
2025-01-01,cac-1114,sakura filter,688.0,,0,rojo,,1.66,400.0,0,0.0
2025-03-01,t023,ito koyama - resortes,204.0,,0,rojo,,6.15,104.0,0,0.0
2025-03-01,rmi001,ito koyama - direccion,187.0,,0,rojo,,3.760209,202.0,0,0.0
2025-04-01,41700-65j00,ito koyama - amortiguadores,292.0,,0,rojo,,6.2,149.0,0,0.0
2024-09-01,icd462,ishikawa - pastillas de freno,0.0,,0,rojo,9.7578125,4.44,50.0,100,444.00000000000006
2025-02-01,schd-125,seco - embragues,2.0,,0,rojo,,26.84,50.0,0,0.0
2024-12-01,eo-3011,sakura filter,0.0,,0,rojo,4.999967892964682,1.72,50.0,50,86.0
2025-04-01,48510-52790,ito koyama - amortiguadores,624.0,,0,rojo,,10.3,689.0,0,0.0
2025-04-01,k006,ito koyama - resortes,136.0,,0,rojo,,5.75,104.0,0,0.0
2024-06-01,7369,spaco - italia,0.0,,0,rojo,9.56813881836403,,,100,
2024-09-01,k20r-u11,denso - bujias - japon,192.0,,0,verde,60.01302400000001,0.99,192.0,250,247.5
2025-02-01,t1086m,ito koyama - trapecios,35.0,,0,rojo,,24.3,150.0,0,0.0
2025-03-01,ch011,ito koyama - resortes,216.0,,0,rojo,,4.7,200.0,0,0.0
2025-03-01,wk-1156/1,mann - brasil,455.0,,0,rojo,,10.9,240.0,0,0.0
2024-11-01,hy035,ito koyama - resortes,0.0,,0,rojo,23.218621399176953,8.4,80.0,150,1260.0
2024-09-01,bdd001,ishikawa - discos de freno,0.0,,0,rojo,31.875159,6.91,50.0,200,1382.0
2023-08-01,sm006,ito koyama - torretas,0.0,,0,rojo,5.005067425661071,5.02,60.0,50,250.99999999999997
2024-04-01,ety007,ito koyama - direccion,2.0,,0,verde,1.0010660489400227,1.82,90.0,50,91.0
2025-02-01,as-1034,sakura filter,20.0,0.0,0,rojo,,4.38,108.0,0,0.0
2025-04-01,54302-ed002,ito koyama - amortiguadores,105.0,,0,rojo,,11.0,90.0,0,0.0
2024-02-01,a-5015,sakura filter,0.0,,0,rojo,10.4233495,1.72,20.0,100,172.0
2025-03-01,bdd002,ishikawa - discos de freno,8.0,,0,rojo,,8.01,50.0,0,0.0
2024-11-01,cg004,ito koyama - resortes,0.0,,0,rojo,12.141623061540885,5.25,104.0,100,525.0
2025-02-01,mi-5005,ito koyama - palieres,0.0,,0,rojo,,7.4,100.0,50,370.0
2025-03-01,a-61440,sakura filter,1352.0,0.0,0,rojo,,1.24,420.0,0,0.0
2024-06-01,a-28630,sakura filter,159.0,,0,verde,10.0,1.19,60.0,0,0.0
2025-03-01,a-70020-s,sakura filter,9.0,,0,rojo,,3.49,75.0,0,0.0
2025-03-01,op-701,ito koyama - palieres,2.0,,0,rojo,,8.2,50.0,0,0.0
2024-10-01,c-5702,sakura filter,41.0,,0,verde,6.000900904337565,6.5,30.0,50,325.0
2025-03-01,a-1671,sakura filter,59.0,,0,rojo,,2.0,60.0,0,0.0
2025-04-01,a-22510,sakura filter,356.0,,0,rojo,,2.79,80.0,0,0.0
2025-04-01,eo-1102,sakura filter,178.0,0.0,0,rojo,,1.0,200.0,0,0.0
2025-03-01,c-5703,sakura filter,0.0,,0,rojo,,2.19,60.0,50,109.5
2025-03-01,100-3l,ishikawa - cigueñales-culatas-ejes de levas,0.0,,0,rojo,,105.0,20.0,50,5250.0
2025-03-01,icd0001,ishikawa - pastillas de freno,41.0,,0,rojo,,4.68,100.0,0,0.0
2025-01-01,bhy006,ito koyama - bocamazas,16.0,,0,verde,10.998995463053385,13.03,30.0,100,1303.0
2025-03-01,hy041,ito koyama - resortes,564.0,,0,rojo,,4.8,200.0,0,0.0
2024-04-01,pgca5003,prextoline - grasas,0.0,,0,rojo,5.002796649932862,31.0,280.0,50,1550.0
2024-09-01,ahy010,ito koyama - direccion,0.0,,0,rojo,12.6875,1.9,160.0,100,190.0
2024-11-01,ca-28210-s,sakura filter,0.0,0.0,0,rojo,10.025559413580247,1.02,60.0,100,102.0
2025-03-01,a-1414,sakura filter,57.0,,0,rojo,,1.58,80.0,0,0.0
2025-03-01,a-7002,sakura filter,16.0,,0,rojo,,2.73,50.0,0,0.0
2025-03-01,a-5558-s,sakura filter,354.0,200.0,0,rojo,,21.97,200.0,0,0.0
2023-04-01,11006,marilia,0.0,,0,rojo,138.1028163580247,2.35,2000.0,550,1292.5
2024-12-01,k20tr11,denso - bujias - japon,98.0,,0,verde,80.80555555555556,1.49,192.0,300,447.0
2025-03-01,a-28510,sakura filter,66.0,,0,rojo,,1.77,200.0,0,0.0
2025-03-01,a-2847,sakura filter,57.0,,0,rojo,,1.4,60.0,0,0.0
2025-04-01,a-5903,sakura filter,690.0,248.0,0,rojo,,4.88,504.0,0,0.0
2023-11-01,na-6302-2nsec3,nachi - koyo - ntn - nsk - japon,0.0,,0,rojo,20.62191358024691,1.45,200.0,100,145.0
2025-04-01,ca-18360,sakura filter,282.0,160.0,0,rojo,,1.1,400.0,0,0.0
2024-04-01,wpt-168va,aisin - japon,0.0,,0,rojo,3.7631839116414394,28.53,30.0,50,1426.5
2025-03-01,t1062,ito koyama - trapecios,22.0,,0,rojo,,11.3045,20.0,0,0.0
2025-03-01,jp002,ito koyama - resortes,15.0,,0,rojo,,9.3,64.0,0,0.0
2023-08-01,mpg1,clevite - usa,0.0,,0,rojo,0.0,9.72,700.0,50,486.00000000000006
2025-04-01,c-1109,sakura filter,8321.0,1000.0,0,rojo,,0.88,10000.0,0,0.0
2025-03-01,hy032,ito koyama - resortes,512.0,,0,rojo,,5.8,200.0,0,0.0
2024-12-01,546612d000,ito koyama - amortiguadores,1.0,,0,amarillo,4.998989423116048,10.5,8.0,50,525.0
2025-03-01,41700-63010,ito koyama - amortiguadores,72.0,,0,rojo,,4.75,150.0,0,0.0
2025-03-01,a-8608-s,sakura filter,78.0,,0,rojo,,7.09,96.0,0,0.0
2025-03-01,sk-823a,ito koyama - palieres,119.0,,0,rojo,,6.4,200.0,0,0.0
2025-03-01,a-1728,sakura filter,744.0,160.0,0,rojo,,2.41,480.0,0,0.0
2025-02-01,aty002,ito koyama - direccion,78.0,,0,rojo,,2.27,120.0,0,0.0
2025-01-01,bsk001,ito koyama - bocamazas,12.0,,0,rojo,,5.45,20.0,0,0.0
2025-03-01,343493,ito koyama - amortiguadores,315.0,,0,rojo,,7.0,150.0,0,0.0
2024-02-01,as237sp-m1,prestone - mexico,0.0,,0,rojo,164.65750122070312,1.75,3756.0,550,962.5
2025-04-01,n005,ito koyama - resortes,397.0,,0,rojo,,4.1,600.0,0,0.0
2025-04-01,332153,ito koyama - amortiguadores,81.0,,0,rojo,,10.0,80.0,0,0.0
2025-04-01,cmts-003,aisin - japon,23.0,,0,rojo,,20.91,100.0,0,0.0
2024-10-01,mwmwc2042,wagner - pastillas,0.0,,0,rojo,4.276234567901234,13.7,50.0,50,685.0
2023-06-01,7793,spaco - italia,0.0,,0,rojo,26.0,,,150,
2025-04-01,332152,ito koyama - amortiguadores,8.0,,0,rojo,,10.2,80.0,0,0.0
2024-11-01,ixuh22,denso - bujias - japon,192.0,,0,verde,24.5,6.06,192.0,0,0.0
2025-03-01,726780343l,ito koyama - amortiguadores,71.0,,0,rojo,,10.0,179.0,0,0.0
2023-06-01,6886,spaco - italia,0.0,,0,rojo,18.0,,,100,
2025-01-01,bdd080,ishikawa - discos de freno,56.0,,0,rojo,,13.0,100.0,0,0.0
2025-02-01,55361-2e501,ito koyama - amortiguadores,0.0,,0,rojo,,11.4,100.0,50,570.0
2024-02-01,p-707x,mann - brasil,0.0,,0,rojo,25.76861506525184,2.76,432.0,150,413.99999999999994
2025-03-01,d04a34700c,ito koyama - amortiguadores,76.0,,0,rojo,,11.0,56.0,0,0.0
2024-08-01,schd-458,seco - embragues,0.0,,0,rojo,4.023025989532471,20.16,200.0,50,1008.0
2025-03-01,485300d330,ito koyama - amortiguadores,1042.0,,0,rojo,,6.0,700.0,0,0.0
2025-03-01,a-71510-s,sakura filter,50.0,,0,rojo,,27.82,37.0,0,0.0
2024-10-01,a-14590,sakura filter,162.0,,0,verde,13.07062328532236,1.64,80.0,0,0.0
2025-04-01,adex3h,novaquimica - peru,27.0,,0,rojo,,36.63,60.0,0,0.0
2024-12-01,hu-721xkit,mann - brasil,0.0,,0,rojo,99.640625,5.711428167819976,200.0,400,2284.5712671279907
2024-08-01,scdw-155,seco - embragues,0.0,,0,rojo,20.650004770548357,9.11,100.0,100,911.0
2025-03-01,hy044,ito koyama - resortes,218.0,,0,rojo,,5.55,56.0,0,0.0
2025-04-01,ca-11390,sakura filter,139.0,300.0,0,rojo,,1.41,300.0,0,0.0
2025-03-01,ctx-064,aisin - japon,901.0,,0,rojo,,31.28,1000.0,0,0.0
2025-03-01,t032,ito koyama - resortes,236.0,,0,rojo,,7.6,200.0,0,0.0
2023-08-01,sm038,ito koyama - torretas,0.0,,0,rojo,38.46854433684707,3.31,360.0,250,827.5
2025-03-01,a-71300,sakura filter,127.0,0.0,0,rojo,,31.6,40.0,0,0.0
2023-04-01,ahy006,ito koyama - direccion,194.0,,0,verde,2.0,2.297905,200.0,0,0.0
2025-03-01,t1061,ito koyama - trapecios,13.0,,0,rojo,,11.3045,20.0,0,0.0
2024-11-01,x24ep-u9,denso - bujias - japon,34.0,,0,verde,26.481481481481485,0.86,100.0,100,86.0
2025-04-01,sfc-55220,sakura filter,133.0,,0,rojo,,10.0,204.0,0,0.0
2025-03-01,a-38150-s,sakura filter,0.0,0.0,0,rojo,,22.5,12.0,50,1125.0
2024-05-01,rhy006,ito koyama - direccion,0.0,,0,rojo,3.1639040841159645,2.93,160.0,50,146.5
2024-08-01,48045,narva,0.0,,0,rojo,20.0,1.5809097814559936,100.0,100,158.09097814559937
2025-03-01,a-17200,sakura filter,108.0,160.0,0,rojo,,1.92,200.0,0,0.0
2025-04-01,c-2906,sakura filter,3105.0,3504.0,0,rojo,,1.8,360.0,0,0.0
2025-03-01,a-5639,sakura filter,167.0,,0,rojo,,14.71,100.0,0,0.0
2025-04-01,cmt-142,aisin - japon,288.0,,0,rojo,,17.87,400.0,0,0.0
2024-10-01,scki-349,seco - embragues,0.0,,0,rojo,22.080167770385742,12.27,200.0,100,1227.0
2025-03-01,54302-01a00,ito koyama - amortiguadores,31.0,,0,rojo,,11.2,50.0,0,0.0
2025-03-01,icd1886,ishikawa - pastillas de freno,17.0,,0,rojo,,6.44,50.0,0,0.0
2023-06-01,rho003,ito koyama - direccion,0.0,,0,rojo,11.183496,2.17,240.0,100,217.0
2025-01-01,dm12.00r24,deruibo,0.0,,0,rojo,,147.0,40.0,50,7350.0
2024-10-01,17048,narva,0.0,,0,rojo,199.70835876464844,0.3087357574701309,600.0,850,262.4253938496112
2024-08-01,42007,narva,2150.0,,0,verde,60.12056327160493,0.6997975980043412,1800.0,0,0.0
2025-03-01,ctx-107,aisin - japon,245.0,,0,rojo,,38.54,200.0,0,0.0
2023-05-01,sdhd-416,seco - embragues,0.0,,0,rojo,14.28125,15.02,100.0,100,1502.0
2025-03-01,mi-014,ito koyama - palieres,373.0,,0,rojo,,9.1,400.0,0,0.0
2025-03-01,a-6706-s,sakura filter,1114.0,0.0,0,rojo,,5.98,477.0,0,0.0
2023-07-01,thy013,ito koyama - direccion,0.0,,0,rojo,8.828125,2.9,36.0,100,290.0
2024-06-01,tho004,ito koyama - direccion,0.0,,0,rojo,6.9296875,3.68,20.0,50,184.0
2024-02-01,tho003,ito koyama - direccion,0.0,,0,rojo,8.0,3.68,20.0,50,184.0
2025-03-01,a-2922,sakura filter,68.0,,0,rojo,,2.37,100.0,0,0.0
2023-01-01,11421,marilia,0.0,,0,rojo,20.0,2.48,1500.0,100,248.0
2025-03-01,3461-1011skr,sakura - radiadores,0.0,,0,rojo,,18.5,100.0,50,925.0
2025-04-01,fc-2904,sakura filter,11646.0,6050.0,0,rojo,,2.3,1400.0,0,0.0
2025-03-01,vx959,valvoline - usa,62.0,,0,rojo,,700.0,12.0,0,0.0
2025-03-01,a-2802,sakura filter,156.0,,0,rojo,,2.05,100.0,0,0.0
2025-03-01,a-1125,sakura filter,1.0,,0,rojo,,2.19,40.0,0,0.0
2024-08-01,fc-2905,sakura filter,0.0,0.0,0,rojo,67.79172284395372,3.77,20.0,450,1696.5
2025-03-01,icd1942,ishikawa - pastillas de freno,41.0,,0,rojo,,4.17,100.0,0,0.0
2025-03-01,t1077,ito koyama - trapecios,51.0,,0,rojo,,8.84,60.0,0,0.0
2025-03-01,t1078,ito koyama - trapecios,64.0,,0,rojo,,8.84,60.0,0,0.0
2025-01-01,as-6202-2rsc3,nas - pfi - zkl - mba,238.0,,0,rojo,,0.32,1000.0,0,0.0
2024-06-01,7223,spaco - italia,0.0,,0,rojo,110.20158179012346,,,500,
2025-04-01,a-5597-s,sakura filter,301.0,,0,rojo,,3.3,16.0,0,0.0
2025-03-01,c007,ito koyama - resortes,54.0,,0,rojo,,5.67,96.0,0,0.0
2025-01-01,96424025,ito koyama - amortiguadores,80.0,,0,rojo,,9.85,60.0,0,0.0
2025-03-01,icd1191,ishikawa - pastillas de freno,56.0,,0,rojo,,4.93,100.0,0,0.0
2024-12-01,fs-8903,sakura filter,267.0,,0,verde,25.06426657821203,2.72,50.0,50,136.0
2025-01-01,mwmwc1455,wagner - pastillas,0.0,,0,rojo,,15.8,20.0,50,790.0
2025-04-01,334471,ito koyama - amortiguadores,44.0,,0,rojo,,11.5,47.0,0,0.0
2025-04-01,334470,ito koyama - amortiguadores,16.0,,0,rojo,,11.6,47.0,0,0.0
2025-03-01,4853109450,ito koyama - amortiguadores,73.0,,0,rojo,,7.7,100.0,0,0.0
2025-03-01,543038h600,ito koyama - amortiguadores,33.0,,0,rojo,,10.6,48.0,0,0.0
2025-03-01,tto026,ito koyama - direccion,214.0,,0,rojo,,2.506809,300.0,0,0.0
2024-12-01,a-6707,sakura filter,114.0,,0,verde,16.998786926269535,9.03,19.0,100,902.9999999999999
2025-02-01,624380212,ito koyama - amortiguadores,1.0,,0,rojo,,6.9,50.0,0,0.0
2025-03-01,n080,ito koyama - resortes,78.0,,0,rojo,,10.3,48.0,0,0.0
2025-03-01,srb-128,seco - embragues,24.0,,0,rojo,,7.48,500.0,0,0.0
2025-01-01,p2560cf500,prextoline - lubricantes,0.0,,0,rojo,,39.43,30.0,50,1971.5
2025-03-01,bdd023,ishikawa - discos de freno,6.0,,0,rojo,,6.28,50.0,0,0.0
2024-01-01,tto023,ito koyama - direccion,0.0,,0,rojo,33.20749550000001,2.11,120.0,200,422.0
2024-05-01,srni003,ito koyama - cremalleras,0.0,,0,rojo,6.0078125,40.1,60.0,50,2005.0
2025-03-01,k010,ito koyama - resortes,26.0,,0,rojo,,6.8,56.0,0,0.0
2025-03-01,hy008,ito koyama - resortes,1699.0,,0,rojo,,4.2,1200.0,0,0.0
2024-08-01,wk-1050/2,mann - brasil,0.0,,0,rojo,6.664193153381348,13.41,54.0,50,670.5
2024-10-01,rov2050025,rover - usa,0.0,,0,rojo,99.859375,2.165833,1008.0,450,974.62485
2025-04-01,t003,ito koyama - resortes,448.0,,0,rojo,,4.7,400.0,0,0.0
2025-03-01,dtx-188,aisin - japon,146.0,,0,rojo,,35.48,60.0,0,0.0
2025-04-01,a-33411,sakura filter,213.0,1200.0,0,rojo,,2.4,160.0,0,0.0
2024-08-01,as-29685/20,nas - pfi - zkl - mba,305.0,,0,verde,5.479272662963041,4.02,1500.0,0,0.0
2024-11-01,17182,narva,440.0,,0,verde,76.19138053611141,0.3223607141971588,600.0,200,64.47214283943175
2025-02-01,a-1437,sakura filter,0.0,0.0,0,rojo,,1.89,40.0,50,94.5
2025-03-01,dtx-199,aisin - japon,136.0,,0,rojo,,34.17,100.0,0,0.0
2024-05-01,rhy013,ito koyama - direccion,2.0,,0,amarillo,11.431285067943477,4.18,100.0,100,418.0
2025-03-01,t1097,ito koyama - trapecios,7.0,,0,rojo,,10.145,60.0,0,0.0
2025-03-01,ahy008,ito koyama - direccion,186.0,,0,rojo,,2.019373,200.0,0,0.0
2024-11-01,3221-8512skr,sakura - radiadores,0.0,,0,rojo,29.50885916780979,16.3,50.0,200,3260.0
2025-03-01,tch004,ito koyama - direccion,181.0,,0,rojo,,2.506792,200.0,0,0.0
2025-04-01,cdx-019a,aisin - japon,199.0,,0,rojo,,24.75,400.0,0,0.0
2025-03-01,ds-006,aisin - japon,20.0,,0,rojo,,18.17,20.0,0,0.0
2025-03-01,thy002,ito koyama - direccion,55.0,,0,rojo,,2.715729,100.0,0,0.0
2024-10-01,a-28900,sakura filter,23.0,,0,verde,13.998819986979166,2.62,60.0,100,262.0
2024-05-01,w-962/14,mann - brasil,0.0,,0,rojo,20.34375,5.370420033931731,60.0,100,537.0420033931731
2025-03-01,e6210-9km0a,ito koyama - amortiguadores,462.0,,0,rojo,,6.8,1.0,0,0.0
2025-04-01,ho-046,ito koyama - palieres,15.0,,0,rojo,,6.9,50.0,0,0.0
2025-03-01,mi003,ito koyama - resortes,224.0,,0,rojo,,8.9,200.0,0,0.0
2024-12-01,896749,valvoline - usa,561.0,,0,verde,49.39969135802469,24.78,291.0,0,0.0
2025-04-01,ni-022f3,ito koyama - palieres,95.0,,0,rojo,,7.1,50.0,0,0.0
2025-03-01,mi-002,ito koyama - palieres,182.0,,0,rojo,,6.3,300.0,0,0.0
2025-03-01,fs-1410,sakura filter,102.0,,0,rojo,,3.12,50.0,0,0.0
2025-04-01,a-8602-s,sakura filter,558.0,0.0,0,rojo,,4.53,600.0,0,0.0
2025-03-01,a-1959,sakura filter,45.0,,0,rojo,,3.2,20.0,0,0.0
2025-04-01,eo-26330,sakura filter,44.0,0.0,0,rojo,,3.86,208.0,0,0.0
2025-03-01,wc-5706,sakura filter,8.0,,0,rojo,,5.15,24.0,0,0.0
2025-02-01,paw68a5500,prextoline - lubricantes,26.0,,0,rojo,,205.0,8.0,0,0.0
2024-04-01,27569,versachem - usa,0.0,,0,rojo,42.0,3.11,840.0,50,155.5
2025-02-01,sfc-5709-10,sakura filter,36.0,,0,rojo,,5.33,60.0,0,0.0
2025-03-01,sfc-31010-10,sakura filter,145.0,0.0,0,rojo,,11.05,222.0,0,0.0
2025-03-01,54302-1n310,ito koyama - amortiguadores,124.0,,0,rojo,,10.4,90.0,0,0.0
2024-09-01,48056,narva,610.0,,0,verde,50.0,1.8135648431777955,600.0,0,0.0
2025-03-01,348083,ito koyama - amortiguadores,108.0,,0,rojo,,6.4,150.0,0,0.0
2025-04-01,c-1008,sakura filter,0.0,900.0,0,rojo,,3.07,300.0,0,0.0
2024-09-01,rto003,ito koyama - direccion,0.0,,0,rojo,30.689332561728403,3.69,210.0,200,738.0
2024-01-01,cf-1430,mann - brasil,107.0,,0,verde,5.28761574074074,17.50218813419342,150.0,0,0.0
2025-04-01,a-2709-s,sakura filter,1163.0,636.0,0,rojo,,11.04,40.0,0,0.0
2025-03-01,48531-b4010,ito koyama - amortiguadores,273.0,,0,rojo,,6.3,199.0,0,0.0
2024-12-01,w20ex-u,denso - bujias - japon,0.0,,0,rojo,30.321644557827018,0.84,480.0,100,84.0
2025-03-01,hy-640,ito koyama - palieres,51.0,,0,rojo,,8.5,50.0,0,0.0
2025-04-01,hy004,ito koyama - resortes,210.0,,0,rojo,,4.75,200.0,0,0.0
2025-04-01,o-1310,sakura filter,192.0,208.0,0,rojo,,4.61,96.0,0,0.0
2025-03-01,a-21950,sakura filter,0.0,,0,rojo,,3.02,40.0,50,151.0
2024-01-01,tma001,ito koyama - direccion,200.0,,0,verde,17.916515803618065,2.367551,200.0,50,118.37755000000001
2025-02-01,wk-940/12,mann - brasil,0.0,,0,rojo,,6.8,84.0,50,340.0
2025-03-01,ca-17180,sakura filter,38.0,0.0,0,rojo,,1.58,120.0,0,0.0
2024-03-01,tch005,ito koyama - direccion,0.0,,0,rojo,8.388481140136719,2.23,48.0,100,223.0
2024-09-01,sddw-347,seco - embragues,0.0,,0,rojo,8.064563751220703,11.82,50.0,50,591.0
2025-03-01,ehy009,ito koyama - direccion,254.0,,0,rojo,,1.531937,300.0,0,0.0
2025-01-01,jx-002a,ito koyama - palieres,0.0,,0,rojo,15.520833333333334,7.6,50.0,100,760.0
2025-03-01,a-1105,sakura filter,5.0,,0,rojo,,2.29,72.0,0,0.0
2025-03-01,wk-1050/1,mann - brasil,19.0,,0,rojo,,10.97,402.0,0,0.0
2025-03-01,fc-5516,sakura filter,7.0,0.0,0,rojo,,2.31,48.0,0,0.0
2025-03-01,vw-010,ito koyama - palieres,26.0,,0,rojo,,6.0,100.0,0,0.0
2025-03-01,hy056,ito koyama - resortes,430.0,,0,rojo,,6.3,200.0,0,0.0
2025-03-01,fc-7104,sakura filter,0.0,,0,rojo,,5.33,198.0,50,266.5
2024-12-01,a-5513,sakura filter,17.0,,0,verde,5.286458333333333,23.34,5.0,50,1167.0
2025-03-01,55310-g6200,ito koyama - amortiguadores,205.0,,0,rojo,,5.9,150.0,0,0.0
2025-03-01,a-71340,sakura filter,110.0,,0,rojo,,18.06,36.0,0,0.0
2025-04-01,a-28550,sakura filter,166.0,0.0,0,rojo,,2.13,200.0,0,0.0
2025-04-01,3340048,ito koyama - amortiguadores,298.0,,0,rojo,,9.9,196.0,0,0.0
2024-10-01,k16pr-u11,denso - bujias - japon,384.0,,0,verde,207.25,0.99,384.0,700,693.0
2024-07-01,c-52/1,mann - brasil,0.0,,0,rojo,17.520640432098766,3.507943865060806,100.0,100,350.7943865060806
2023-03-01,zd1519,wagner - pastillas,0.0,,0,rojo,18.000025431315105,18.43,200.0,100,1843.0
2025-03-01,a-2410,sakura filter,29.0,,0,rojo,,2.69,24.0,0,0.0
2025-03-01,mr519614,ito koyama - amortiguadores,33.0,,0,rojo,,10.5,104.0,0,0.0
2024-10-01,mwmwd1211,wagner - pastillas,0.0,,0,rojo,4.269734930637069,12.7,20.0,50,635.0
2025-03-01,a-7107-s,sakura filter,50.0,,0,rojo,,15.58,38.0,0,0.0
2023-07-01,thy014,ito koyama - direccion,0.0,,0,rojo,8.828125,2.9,32.0,100,290.0
2025-03-01,95032448,ito koyama - amortiguadores,0.0,,0,rojo,,10.3,60.0,50,515.0
2025-04-01,hc-5503,sakura filter,66.0,,0,rojo,,23.39,60.0,0,0.0
2025-04-01,4851009u70,ito koyama - amortiguadores,40.0,,0,rojo,,12.3,80.0,0,0.0
2025-03-01,cf-1510/1,mann - brasil,37.0,,0,rojo,,33.04627893209457,100.0,0,0.0
2025-03-01,b1003,ito koyama - trapecios,161.0,,0,rojo,,3.03,400.0,0,0.0
2025-03-01,sfc-5711,sakura filter,91.0,0.0,0,rojo,,7.64,96.0,0,0.0
2025-02-01,bdd095,ishikawa - discos de freno,102.0,,0,rojo,,12.56,50.0,0,0.0
2024-10-01,t1092,ito koyama - trapecios,0.0,,0,rojo,7.661063516293545,9.855,60.0,50,492.75
2024-01-01,skf-629-2rsh/c3,skf - rodajes,0.0,,0,rojo,20.0,0.84,200.0,100,84.0
2025-03-01,344440,ito koyama - amortiguadores,4.0,,0,rojo,,6.3,80.0,0,0.0
2025-03-01,a-12350,sakura filter,168.0,,0,rojo,,1.94,40.0,0,0.0
2025-03-01,o-1323,sakura filter,95.0,,0,rojo,,7.4,100.0,0,0.0
2025-04-01,c-15671,sakura filter,490.0,,0,rojo,,1.8,288.0,0,0.0
2025-03-01,sb001,ito koyama - resortes,48.0,,0,rojo,,5.5,80.0,0,0.0
2025-03-01,a-2405-s,sakura filter,216.0,,0,rojo,,27.96,99.0,0,0.0
2022-09-01,dm11r22.5,deruibo,0.0,,0,rojo,13.61863425925926,112.4,55.0,100,11240.0
2025-02-01,17411,narva,140.0,,0,rojo,,0.19613364316225054,400.0,0,0.0
2022-10-01,st-1640,toyo - japon,0.0,,0,rojo,43.5625,3.386614730581641,500.0,200,677.3229461163282
2025-03-01,hy036,ito koyama - resortes,42.0,,0,rojo,,10.5,248.0,0,0.0
2024-10-01,hc-45120,sakura filter,0.0,,0,rojo,6.082275948788293,19.5,36.0,50,975.0
2025-03-01,55310-c5000,ito koyama - amortiguadores,22.0,,0,rojo,,6.7,50.0,0,0.0
2025-01-01,ca-28230,sakura filter,7.0,,0,rojo,,2.65,60.0,0,0.0
2024-11-01,srb-109,seco - embragues,27.0,,0,verde,4.000922679901123,8.75,50.0,50,437.5
2025-03-01,55310-2w100,ito koyama - amortiguadores,60.0,,0,rojo,,6.8,149.0,0,0.0
2024-05-01,tks58-50k,mrk - japon,0.0,,0,rojo,5.849708,9.038970857858658,700.0,50,451.9485428929329
2023-02-01,krb-923,sankei - japon,0.0,,0,rojo,41.88797975,5.635255018249154,500.0,200,1127.0510036498308
2025-04-01,a-2609,sakura filter,43.0,0.0,0,rojo,,2.55,90.0,0,0.0
2023-12-01,pl-420x,mann - brasil,0.0,,0,rojo,13.00300407409668,10.885325574874877,200.0,100,1088.5325574874876
2025-03-01,a-14490,sakura filter,262.0,300.0,0,rojo,,1.38,300.0,0,0.0
2022-09-01,dt205r14c,deestone,0.0,,0,rojo,5.7248442501143115,39.3,32.0,50,1964.9999999999998
2025-03-01,cac-19160,sakura filter,96.0,,0,rojo,,2.2,60.0,0,0.0
2025-04-01,c-6805,sakura filter,443.0,246.0,0,rojo,,4.74,300.0,0,0.0
2022-05-01,o-1010,sin definicion,0.0,,0,rojo,,2.62,32.0,50,131.0
2025-03-01,rni003,ito koyama - direccion,72.0,,0,rojo,,3.063907,100.0,0,0.0
2025-03-01,rni006,ito koyama - direccion,58.0,,0,rojo,,1.949777,100.0,0,0.0
2025-04-01,54650-1y200,ito koyama - amortiguadores,151.0,,0,rojo,,10.7,150.0,0,0.0
2025-03-01,icd0003,ishikawa - pastillas de freno,61.0,,0,rojo,,3.2,100.0,0,0.0
2025-01-01,c-20457,mann - brasil,0.0,,0,rojo,,15.56,44.0,50,778.0
2023-04-01,zd1592,wagner - pastillas,0.0,,0,rojo,123.08333333333333,15.5,1000.0,400,6200.0
2023-02-01,kr-222,sankei - japon,0.0,,0,rojo,17.106299500000002,7.507643122226,300.0,150,1126.1464683339
2025-01-01,17022,narva,0.0,,0,rojo,,0.8483993504047395,600.0,50,42.41996752023697
2024-08-01,ikh16,denso - bujias - japon,2.0,,0,amarillo,19.380464166431064,5.29,480.0,100,529.0
2025-04-01,eo-28080,sakura filter,348.0,,0,rojo,,1.69,400.0,0,0.0
2023-12-01,cf-1830,mann - brasil,0.0,,0,rojo,13.72974537037037,25.81587349176407,30.0,100,2581.587349176407
2025-03-01,mi006,ito koyama - resortes,42.0,,0,rojo,,7.7,56.0,0,0.0
2025-03-01,a-2830,sakura filter,53.0,,0,rojo,,4.76,54.0,0,0.0
2025-03-01,d006,ito koyama - resortes,40.0,,0,rojo,,4.73,160.0,0,0.0
2023-10-01,tho002,ito koyama - direccion,0.0,,0,rojo,23.452903520804753,3.08,120.0,150,462.0
2024-11-01,ik16,denso - bujias - japon,0.0,,0,rojo,0.0,4.91,288.0,50,245.5
2025-04-01,t013,ito koyama - resortes,44.0,,0,rojo,,3.95,200.0,0,0.0
2025-03-01,t1170,ito koyama - trapecios,54.0,,0,rojo,,8.1,60.0,0,0.0
2025-03-01,17327,narva,100.0,,0,rojo,,0.2158855086326599,200.0,0,0.0
2025-03-01,17522,narva,230.0,,0,rojo,,0.32186169455051417,600.0,0,0.0
2025-01-01,fs-8007,sakura filter,187.0,,0,rojo,,1.36,50.0,0,0.0
2024-10-01,xe20hr-u9,denso - bujias - japon,384.0,,0,verde,55.0,2.99,384.0,0,0.0
2025-02-01,p-811,mann - brasil,31.0,,0,rojo,,5.4101821589469905,60.0,0,0.0
2023-10-01,tho001,ito koyama - direccion,0.0,,0,rojo,20.747072000000003,3.08,120.0,150,462.0
2025-03-01,zd1567,wagner - pastillas,98.0,,0,rojo,,14.13,700.0,0,0.0
2025-03-01,45310-08301,ito koyama - amortiguadores,69.0,,0,rojo,,6.0,50.0,0,0.0
2024-11-01,17125,narva,350.0,,0,verde,50.0,0.1635377105474472,600.0,100,16.35377105474472
2025-03-01,icd1211,ishikawa - pastillas de freno,49.0,,0,rojo,,6.61,200.0,0,0.0
2025-03-01,a-2414,sakura filter,0.0,,0,rojo,,2.15,40.0,50,107.5
2025-01-01,w16ex-u,denso - bujias - japon,1536.0,,0,verde,281.73915800000003,0.93,1536.0,150,139.5
2025-03-01,a-58460,sakura filter,38.0,0.0,0,rojo,,2.63,200.0,0,0.0
2024-03-01,12993,spaco - italia,0.0,,0,rojo,8.671875,10.360746681690216,300.0,50,518.0373340845108
2025-03-01,96244008,ito koyama - amortiguadores,14.0,,0,rojo,,11.46,3.0,0,0.0
2025-03-01,a-1143,sakura filter,66.0,,0,rojo,,4.93,80.0,0,0.0
2025-03-01,n012,ito koyama - resortes,2.0,,0,rojo,,5.8,64.0,0,0.0
2025-04-01,a-5570-s,sakura filter,3062.0,600.0,0,rojo,,2.76,375.0,0,0.0
2024-10-01,c-261100,mann - brasil,0.0,,0,rojo,31.46875,33.53,30.0,150,5029.5
2025-02-01,icd1614,ishikawa - pastillas de freno,0.0,,0,rojo,,3.43,100.0,50,171.5
2025-02-01,96424027,ito koyama - amortiguadores,0.0,,0,rojo,,4.9,120.0,50,245.00000000000003
2025-03-01,fc-19070,sakura filter,138.0,144.0,0,rojo,,3.77,144.0,0,0.0
2024-09-01,dttlt245/75r16,deestone,0.0,,0,rojo,36.421875,62.17,670.0,250,15542.5
2025-04-01,54660-b4000,ito koyama - amortiguadores,288.0,,0,rojo,,10.3,180.0,0,0.0
2025-01-01,tn-146,toyo - japon,24.0,,0,rojo,,5.0846652537584305,1000.0,0,0.0
2024-12-01,icd1728,ishikawa - pastillas de freno,0.0,,0,rojo,8.10637074188386,4.25,40.0,50,212.5
2025-03-01,hy054,ito koyama - resortes,107.0,,0,rojo,,7.8,120.0,0,0.0
2024-11-01,sdhd-127,seco - embragues,17.0,,0,verde,2.4830246913580245,53.42,50.0,50,2671.0
2025-03-01,rxfc113644bep,wagner locked - usa,4631.0,,0,rojo,,4.13,6912.0,0,0.0
2024-11-01,17131,narva,0.0,,0,rojo,991.5964451491668,0.1386055201292038,2000.0,4050,561.3523565232754
2025-03-01,icd1137,ishikawa - pastillas de freno,2.0,,0,rojo,,5.48,100.0,0,0.0
2025-03-01,t039,ito koyama - resortes,61.0,,0,rojo,,6.1,56.0,0,0.0
2025-04-01,icd1212,ishikawa - pastillas de freno,20.0,,0,rojo,,5.34,150.0,0,0.0
2024-08-01,c-4312/1,mann - brasil,0.0,,0,rojo,52.13397161700453,8.104291677474976,50.0,250,2026.072919368744
2025-03-01,a-1621,sakura filter,0.0,,0,rojo,,1.98,40.0,50,99.0
2025-03-01,sf-1913-30,sakura filter,378.0,,0,rojo,,2.9,200.0,0,0.0
2024-08-01,ur001,ito koyama - direccion,0.0,,0,rojo,0.0,2.38,450.0,50,119.0
2024-11-01,ur007,ito koyama - direccion,390.0,,0,verde,10.0,2.42,420.0,0,0.0
2025-03-01,hy016,ito koyama - resortes,70.0,,0,rojo,,7.2,56.0,0,0.0
2025-03-01,t1181,ito koyama - trapecios,47.0,,0,rojo,,9.86,60.0,0,0.0
2024-06-01,88269017,monark - alemania,0.0,,0,rojo,4.661154620435013,,,50,
2025-03-01,to-007,ito koyama - palieres,38.0,,0,rojo,,6.5,100.0,0,0.0
2025-03-01,a-66130,sakura filter,75.0,0.0,0,rojo,,2.34,300.0,0,0.0
2025-03-01,a-14420,sakura filter,89.0,100.0,0,rojo,,2.0,100.0,0,0.0
2025-04-01,a-76530-s,sakura filter,1529.0,232.0,0,rojo,,9.09,524.0,0,0.0
2025-03-01,a-8647-s,sakura filter,47.0,0.0,0,rojo,,22.75,60.0,0,0.0
2023-07-01,08739a,spaco - italia,0.0,,0,rojo,4.0,2.40498161315918,300.0,50,120.24908065795901
2023-07-01,k-lapiceros,sin definicion,0.0,,0,rojo,,2.9887498895511073,4000.0,50,149.43749447755536
2025-03-01,aat-018,aisin - japon,99.0,,0,rojo,,207.99,102.0,0,0.0
2025-02-01,ni-5052,ito koyama - palieres,93.0,,0,rojo,,6.92,100.0,0,0.0
2025-03-01,t1126,ito koyama - trapecios,20.0,,0,rojo,,13.333333,60.0,0,0.0
2024-10-01,icd1184,ishikawa - pastillas de freno,0.0,,0,rojo,66.52441653467194,4.51,200.0,450,2029.5
2025-02-01,sdsz-571,seco - embragues,21.0,,0,rojo,,12.3,60.0,0,0.0
2025-03-01,mwmwc1078,wagner - pastillas,2.0,,0,rojo,,11.2,18.0,0,0.0
2025-04-01,a-1324-s,sakura filter,1269.0,564.0,0,rojo,,8.47,900.0,0,0.0
2022-11-01,33423,wix filters,0.0,,0,rojo,12.0,24.83,450.0,100,2483.0
2024-10-01,c-25710/3,mann - brasil,0.0,,0,rojo,7.88395599871394,27.14790609240532,60.0,50,1357.395304620266
2025-02-01,ca-6511-s,sakura filter,46.0,,0,rojo,,1.8,200.0,0,0.0
2023-07-01,c-1903,sin definicion,0.0,,0,rojo,,2.42,468.0,50,121.0
2025-01-01,c-24650/1,mann - brasil,15.0,,0,rojo,,32.49,19.0,0,0.0
2023-05-01,mm-09,mrk - japon,0.0,,0,rojo,14.630594135802468,24.11220678080209,100.0,100,2411.220678080209
2025-04-01,eo-6507,sakura filter,241.0,200.0,0,rojo,,1.19,200.0,0,0.0
2025-04-01,eo-1501,sakura filter,382.0,300.0,0,rojo,,1.3,400.0,0,0.0
2024-09-01,c-7929,sakura filter,0.0,,0,rojo,63.174479166666664,1.69,50.0,400,676.0
2025-02-01,a-2807,sakura filter,60.0,,0,rojo,,2.28,100.0,0,0.0
2024-10-01,icd1398,ishikawa - pastillas de freno,0.0,,0,rojo,11.089506172839506,3.16,50.0,100,316.0
2025-04-01,a-6020m,sakura filter,296.0,152.0,0,rojo,,8.1,400.0,0,0.0
2025-03-01,c-49140,sakura filter,113.0,,0,rojo,,2.99,100.0,0,0.0
2023-02-01,dop1137,sankei - japon,0.0,,0,rojo,814.2049060000002,1.148759851232171,1650.0,3300,3790.9075090661645
2025-02-01,c-29108,mann - brasil,114.0,,0,rojo,,2.76,24.0,0,0.0
2025-03-01,ca-28180-s,sakura filter,522.0,,0,rojo,,1.0,40.0,0,0.0
2025-03-01,a-33930,sakura filter,64.0,,0,rojo,,2.0,200.0,0,0.0
2025-02-01,icd1297,ishikawa - pastillas de freno,0.0,,0,rojo,,4.96,100.0,50,248.0
2024-01-01,zd1679,wagner - pastillas,0.0,,0,rojo,0.0,25.86,20.0,50,1293.0
2024-04-01,12928,spaco - italia,0.0,,0,rojo,0.0,30.289044182300568,80.0,50,1514.4522091150284
2024-03-01,1300,spaco - italia,0.0,,0,rojo,0.0,,,50,
2022-09-01,zd1414,wagner - pastillas,0.0,,0,rojo,0.0,24.55,10.0,50,1227.5
2024-05-01,skf-6001-2rshc3,skf - rodajes,0.0,,0,rojo,96.23272595074403,0.84,1000.0,300,252.0
2025-03-01,crts-003,aisin - japon,77.0,,0,rojo,,17.84,50.0,0,0.0
2025-03-01,crts-005,aisin - japon,0.0,,0,rojo,,18.1,10.0,50,905.0000000000001
2025-03-01,crts-016,aisin - japon,120.0,,0,rojo,,16.61,100.0,0,0.0
2025-03-01,a-94010,sakura filter,43.0,,0,rojo,,1.9,60.0,0,0.0
2025-03-01,a-9931-s,sakura filter,59.0,,0,rojo,,29.0,100.0,0,0.0
2022-07-01,af2000/gxf,prestone - usa,0.0,,0,rojo,0.0,10.97,162.0,50,548.5
2022-09-01,tkl26011a,tkl - taiwan,0.0,,0,rojo,0.0,7.3,50.0,50,365.0
2023-09-01,tkl30011,tkl - taiwan,0.0,,0,rojo,0.0,5.0,50.0,50,250.0
2025-03-01,tkl35009a,tkl - taiwan,87.0,,0,rojo,,20.5,150.0,0,0.0
2023-08-01,tkl3733,tkl - taiwan,0.0,,0,rojo,0.0,7.45,100.0,50,372.5
2022-11-01,zd1094,wagner - pastillas,0.0,,0,rojo,0.0,18.02,50.0,50,901.0
2024-01-01,zd1624,wagner - pastillas,0.0,,0,rojo,0.0,19.44,20.0,50,972.0000000000001
2025-03-01,icd1468,ishikawa - pastillas de freno,52.0,,0,rojo,,3.97,100.0,0,0.0
2025-03-01,icd1470,ishikawa - pastillas de freno,105.0,,0,rojo,,5.8,100.0,0,0.0
2024-10-01,sk20hr11,denso - bujias - japon,384.0,,0,verde,0.0,6.33,384.0,0,0.0
2023-02-01,sk26,sin definicion,0.0,,0,rojo,,1.48,100.0,50,74.0
2024-01-01,skf-6000-2rsh,skf - rodajes,0.0,,0,rojo,0.0,0.81,120.0,50,40.5
2024-05-01,c-1822,sakura filter,83.0,,0,verde,0.0,3.15,50.0,0,0.0
2025-04-01,c-1823,sakura filter,1984.0,0.0,0,rojo,,1.07,600.0,0,0.0
2025-04-01,ni-640,ito koyama - palieres,12.0,,0,rojo,,7.3,50.0,0,0.0
2025-03-01,ni-720,ito koyama - palieres,20.0,,0,rojo,,8.9,50.0,0,0.0
2024-05-01,zd2036,wagner - pastillas,0.0,,0,rojo,0.0,28.158,10.0,50,1407.9
2023-10-01,zd1377,wagner - pastillas,0.0,,0,rojo,0.0,25.94,10.0,50,1297.0
2022-07-01,zd1210,wagner - pastillas,0.0,,0,rojo,0.0,10.7,100.0,50,535.0
2024-01-01,zd530,wagner - pastillas,0.0,,0,rojo,0.0,12.52,30.0,50,626.0
2024-05-01,zd813,wagner - pastillas,0.0,,0,rojo,0.0,10.12,15.0,50,505.99999999999994
2025-02-01,icd1462,ishikawa - pastillas de freno,72.0,,0,rojo,,5.7,100.0,0,0.0
2022-10-01,tkl47015,tkl - taiwan,0.0,,0,rojo,0.0,7.45,400.0,50,372.5
2022-04-01,pkh16tt,denso - bujias - japon,0.0,,0,rojo,0.0,2.8,960.0,50,140.0
2024-09-01,ctx-041,aisin - japon,135.0,,0,verde,0.0,31.53,60.0,0,0.0
2024-12-01,ctx-048,aisin - japon,32.0,,0,verde,2.854195244627343,46.77,30.0,50,2338.5
2024-12-01,ctx-060,aisin - japon,436.0,,0,verde,9.0,35.27,10.0,0,0.0
2025-02-01,a-8684,sakura filter,31.0,,0,rojo,,23.0,14.0,0,0.0
2023-12-01,sm018,ito koyama - torretas,0.0,,0,rojo,0.0,4.52,60.0,50,225.99999999999997
2023-08-01,sm019,ito koyama - torretas,0.0,,0,rojo,0.0,2.81,210.0,50,140.5
2023-11-01,sm020,ito koyama - torretas,0.0,,0,rojo,0.0,3.11,420.0,50,155.5
2023-10-01,sm021,ito koyama - torretas,0.0,,0,rojo,20.156146404892546,4.42,120.0,150,663.0
2024-10-01,sm024,ito koyama - torretas,0.0,,0,rojo,7.340947,5.22,480.0,50,261.0
2024-02-01,sm025,ito koyama - torretas,0.0,,0,rojo,12.0,5.22,150.0,100,522.0
2023-08-01,sm027,ito koyama - torretas,0.0,,0,rojo,0.0,4.62,120.0,50,231.0
2025-02-01,a-87700-s,sakura filter,133.0,,0,rojo,,7.9,54.0,0,0.0
2025-03-01,a-87800-s,sakura filter,53.0,,0,rojo,,10.12,8.0,0,0.0
2025-03-01,icd0004,ishikawa - pastillas de freno,2.0,,0,rojo,,5.27,50.0,0,0.0
2024-10-01,a-90110,sakura filter,144.0,,0,verde,0.0,4.52,100.0,0,0.0
2025-01-01,pp05300025,valvoline,0.0,,0,rojo,0.0,4.99,504.0,50,249.5
2025-02-01,pu-88,mann - brasil,103.0,,0,rojo,,23.39514481306076,150.0,0,0.0
2025-03-01,pu-910,mann - brasil,25.0,,0,rojo,,7.880303263664246,68.0,0,0.0
2025-01-01,q20pr-u,denso - bujias - japon,80.0,,0,verde,0.0,0.95,184.0,0,0.0
2024-10-01,mwmwc1539,wagner - pastillas,14.0,,0,verde,0.0,17.1,20.0,0,0.0
2024-08-01,mwmwc1544,wagner - pastillas,4.0,,0,verde,0.0,9.5,20.0,0,0.0
2025-03-01,mwmwc1592,wagner - pastillas,111.0,,0,rojo,,12.5,200.0,0,0.0
2025-02-01,mwmwc1645,wagner - pastillas,5.0,,0,rojo,,25.6,30.0,0,0.0
2024-10-01,mwmwc1728,wagner - pastillas,0.0,,0,rojo,3.251543209876543,17.9,40.0,50,894.9999999999999
2024-12-01,mwmwc1731,wagner - pastillas,0.0,,0,rojo,0.0,11.9,10.0,50,595.0
2025-02-01,mwmwc1759,wagner - pastillas,7.0,,0,rojo,,17.4,10.0,0,0.0
2025-03-01,mwmwc1776,wagner - pastillas,4.0,,0,rojo,,13.8,10.0,0,0.0
2025-02-01,mwmwc1848,wagner - pastillas,0.0,,0,rojo,,17.0,30.0,50,850.0
2024-10-01,mwmwc1879a,wagner - pastillas,22.0,,0,verde,0.0,24.4,50.0,0,0.0
2025-01-01,icd0005,ishikawa - pastillas de freno,0.0,,0,rojo,,7.22,50.0,50,361.0
2025-02-01,mwmwc1374,wagner - pastillas,11.0,,0,rojo,,11.1,10.0,0,0.0
2024-10-01,mwmwc1391,wagner - pastillas,0.0,,0,rojo,0.0,9.3,10.0,50,465.00000000000006
2024-11-01,mwmwc1414,wagner - pastillas,0.0,,0,rojo,0.0,15.9,50.0,50,795.0
2024-09-01,icd0006,ishikawa - pastillas de freno,0.0,,0,rojo,0.0,4.85,200.0,50,242.49999999999997
2024-12-01,mwmwc1451,wagner - pastillas,11.0,,0,verde,0.0,8.6,20.0,0,0.0
2024-10-01,mwmwc1454,wagner - pastillas,0.0,,0,rojo,0.0,11.1,50.0,50,555.0
2024-08-01,cu-3569,mann - brasil,0.0,,0,rojo,0.0,6.861117374897003,100.0,50,343.05586874485016
2024-02-01,cuk-2184,mann - brasil,0.0,,0,rojo,0.0,12.076194477081298,60.0,50,603.8097238540649
2024-07-01,cv-18,ito koyama - palieres,0.0,,0,rojo,0.0,7.4,200.0,50,370.0
2024-10-01,icd0007,ishikawa - pastillas de freno,0.0,,0,rojo,0.0,6.29,50.0,50,314.5
2022-08-01,a-7122,sin definicion,0.0,,0,rojo,,22.95,29.0,50,1147.5
2025-03-01,icd0008,ishikawa - pastillas de freno,58.0,,0,rojo,,3.45,100.0,0,0.0
2025-03-01,icd0013,ishikawa - pastillas de freno,155.0,,0,rojo,,3.48,200.0,0,0.0
2024-06-01,a-76430,sakura filter,0.0,,0,rojo,0.0,0.8,100.0,50,40.0
2024-08-01,ckg-511,aisin - japon,2.0,,0,verde,0.0,172.09,20.0,0,0.0
2023-07-01,ckr-502,aisin - japon,0.0,,0,rojo,0.0,382.66,9.0,50,19133.0
2025-01-01,ckt-508aa,aisin - japon,2.0,,0,amarillo,4.158854166666667,168.51,30.0,50,8425.5
2022-07-01,tkl48012a,tkl - taiwan,0.0,,0,rojo,0.0,1.55,400.0,50,77.5
2025-03-01,tkl48014aa,tkl - taiwan,0.0,,0,rojo,,1.4,100.0,50,70.0
2023-11-01,tkl5004341x,tkl - taiwan,0.0,,0,rojo,0.0,10.0,200.0,50,500.0
2025-03-01,af6410/fh,prestone - usa,498.0,,0,rojo,,6.9,540.0,0,0.0
2025-02-01,af6500/1f,prestone - usa,181.0,,0,rojo,,7.39,324.0,0,0.0
2024-02-01,af6600/1f,prestone - usa,0.0,,0,rojo,25.5,7.39,324.0,100,739.0
2025-01-01,af6700/f,prestone - usa,46.0,,0,rojo,,7.39,324.0,0,0.0
2024-09-01,af9033mbv,prestone - mexico,120.0,,0,verde,0.0,23.54,120.0,0,0.0
2023-01-01,afc10000/f,prestone - usa,0.0,,0,rojo,0.0,9.3,300.0,50,465.00000000000006
2022-02-01,afc10100/f,prestone - usa,0.0,,0,rojo,0.0,5.8,6.0,50,290.0
2025-03-01,afc10100/f-m1,prestone - mexico,204.0,,0,rojo,,5.85,360.0,0,0.0
2025-02-01,pf-1155,mann - brasil,113.0,,0,rojo,,5.722138335704804,150.0,0,0.0
2023-12-01,tks48-23k,mrk - japon,109.0,,0,verde,4.389660493827161,7.480647788274869,200.0,0,0.0
2024-12-01,tks50-28k,mrk - japon,55.0,,0,verde,6.378172211521646,7.8527936190366745,100.0,0,0.0
2024-12-01,tks50-30k,mrk - japon,23.0,,0,verde,0.0,7.285191438705051,80.0,0,0.0
2024-07-01,tks50-31k,mrk - japon,0.0,,0,rojo,23.6718005,8.040479891002178,100.0,150,1206.0719836503267
2025-03-01,icd0014,ishikawa - pastillas de freno,3.0,,0,rojo,,3.42,50.0,0,0.0
2025-03-01,a-6608,sakura filter,53.0,,0,rojo,,3.56,100.0,0,0.0
2025-01-01,a-6806,sakura filter,8.0,,0,verde,0.0,15.76,11.0,0,0.0
2025-03-01,icd0015,ishikawa - pastillas de freno,3.0,,0,rojo,,5.4232,50.0,0,0.0
2025-01-01,cf-17007,mann - brasil,6.0,,0,rojo,,31.569939283132555,20.0,0,0.0
2025-03-01,cf-1711,mann - brasil,0.0,,0,rojo,,21.5,20.0,50,1075.0
2025-03-01,cf-1840,mann - brasil,132.0,,0,rojo,,24.880340633392333,30.0,0,0.0
2024-10-01,cf-1940,mann - brasil,0.0,,0,rojo,29.227183249999996,19.345518366098403,30.0,150,2901.8277549147606
2022-02-01,afc11000/f,sin definicion,0.0,,0,rojo,,10.5,120.0,50,525.0
2025-02-01,ah-7912,sakura filter,52.0,,0,rojo,,8.0,48.0,0,0.0
2024-06-01,icd1044,ishikawa - pastillas de freno,0.0,,0,rojo,0.0,5.05,50.0,50,252.5
2025-02-01,mwmwc864,wagner - pastillas,0.0,,0,rojo,,8.7,20.0,50,434.99999999999994
2024-10-01,mwmwc866,wagner - pastillas,0.0,,0,rojo,0.0,8.6,40.0,50,430.0
2025-04-01,a-59130,sakura filter,19.0,,0,rojo,,2.0,100.0,0,0.0
2025-03-01,a-6111,sakura filter,57.0,,0,rojo,,4.24,36.0,0,0.0
2025-04-01,icd1055,ishikawa - pastillas de freno,0.0,,0,rojo,,4.22,100.0,50,211.0
2024-09-01,wk-731,mann - brasil,0.0,,0,rojo,0.0,3.8269154787063595,60.0,50,191.34577393531796
2025-01-01,mwmwc1124,wagner - pastillas,1.0,,0,rojo,,22.7,25.0,0,0.0
2022-12-01,srch009,sin definicion,0.0,,0,rojo,,40.6,50.0,50,2030.0
2025-03-01,srhy001,ito koyama - cremalleras,2.0,,0,rojo,,32.0,30.0,0,0.0
2025-04-01,a-65780,sakura filter,15.0,,0,rojo,,2.25,20.0,0,0.0
2023-01-01,tkl6886834,tkl - taiwan,0.0,,0,rojo,7.59375,7.3,600.0,50,365.0
2024-09-01,tkl800260,tkl - taiwan,0.0,,0,rojo,0.0,28.5,20.0,50,1425.0
2022-11-01,tkl84009,tkl - taiwan,0.0,,0,rojo,0.0,2.35,50.0,50,117.5
2023-11-01,tklt20,tkl - taiwan,0.0,,0,rojo,11.70042438271605,6.2,152.0,50,310.0
2025-03-01,wk-820/1,mann - brasil,34.0,,0,rojo,,9.518778500556946,60.0,0,0.0
2025-01-01,a-5656-s,sakura filter,0.0,,0,rojo,0.0,8.6,63.0,50,430.0
2025-03-01,a-5665-s,sakura filter,55.0,,0,rojo,,4.0,96.0,0,0.0
2025-03-01,srhy002,ito koyama - cremalleras,28.0,,0,rojo,,58.0,20.0,0,0.0
2025-03-01,srhy003,ito koyama - cremalleras,4.0,,0,rojo,,50.0,30.0,0,0.0
2024-02-01,dt-009,aisin - japon,0.0,,0,rojo,0.0,22.45,11.0,50,1122.5
2025-01-01,17927,narva,210.0,,0,rojo,,0.34346174776554106,400.0,0,0.0
2025-03-01,wc-5713,sakura filter,11.0,,0,rojo,,3.81,24.0,0,0.0
2024-11-01,dt175/70r14,deestone,0.0,,0,rojo,0.0,20.61,140.0,50,1030.5
2025-03-01,rn-671,ito koyama - palieres,45.0,,0,rojo,,9.2,50.0,0,0.0
2025-03-01,rn-671a,ito koyama - palieres,384.0,,0,rojo,,9.4,400.0,0,0.0
2025-02-01,wk-10002,mann - brasil,66.0,,0,rojo,,15.1,60.0,0,0.0
2024-11-01,a-38560,sakura filter,6.0,,0,verde,0.0,2.7,60.0,0,0.0
2025-01-01,c-18630,sakura filter,32.0,,0,verde,0.0,1.3,150.0,0,0.0
2025-03-01,a-39050,sakura filter,132.0,,0,rojo,,10.9,96.0,0,0.0
2025-03-01,a-5030-s,sakura filter,26.0,,0,rojo,,11.0,24.0,0,0.0
2024-12-01,a-5331,sakura filter,55.0,,0,verde,0.0,20.16,60.0,0,0.0
2025-03-01,a-53410-s,sakura filter,109.0,,0,rojo,,17.45,41.0,0,0.0
2025-04-01,c-19390,sakura filter,316.0,,0,rojo,,1.3,100.0,0,0.0
2022-10-01,na-e30205j,nachi - koyo - ntn - nsk - japon,0.0,,0,rojo,0.0,3.34,100.0,50,167.0
2025-01-01,a-5595-s,sakura filter,49.0,,0,verde,0.0,35.0,41.0,0,0.0
2023-04-01,na-e32208j,nachi - koyo - ntn - nsk - japon,0.0,,0,rojo,0.0,6.85,120.0,50,342.5
2024-12-01,mwmwd1037,wagner - pastillas,8.0,,0,verde,2.9799382716049383,10.6,20.0,50,530.0
2023-08-01,na-lm48548/10,nachi - koyo - ntn - nsk - japon,0.0,,0,rojo,0.0,4.37,150.0,50,218.5
2024-04-01,cac-24080,sakura filter,129.0,,0,verde,0.0,4.3,198.0,0,0.0
2025-03-01,cac-26080,sakura filter,110.0,0.0,0,rojo,,4.14,40.0,0,0.0
2024-09-01,cac-28160,sakura filter,78.0,,0,verde,5.85174111225423,2.03,100.0,0,0.0
2025-03-01,c-19450,sakura filter,6.0,,0,rojo,,1.44,150.0,0,0.0
2024-01-01,paw68a5500usr,prextoline - usa,0.0,,0,rojo,0.0,299.0,4.0,50,14950.0
2025-03-01,paw68r500,prextoline - lubricantes,169.0,,0,rojo,,19.0,100.0,0,0.0
2025-03-01,paw68r5500,prextoline - lubricantes,1.0,,0,rojo,,205.0,2.0,0,0.0
2025-03-01,peaw68a500,prextoline - lubricantes,202.0,,0,rojo,,20.0,2250.0,0,0.0
2025-02-01,cac-1809-s,sakura filter,12.0,,0,rojo,,1.7,100.0,0,0.0
2022-03-01,dt195/50r15,deestone,0.0,,0,rojo,0.0,19.7,76.0,50,985.0
2025-02-01,dt195/70r14,deestone,10.0,,0,rojo,,25.28,40.0,0,0.0
2024-09-01,c-1130,sakura filter,147.0,,0,verde,0.0,1.57,200.0,0,0.0
2024-11-01,dt215/50zr17,deestone,36.0,,0,verde,0.0,30.81,40.0,0,0.0
2025-01-01,dt215/65r16c,deestone,0.0,,0,rojo,,38.49,27.0,50,1924.5
2025-03-01,dt225/60r17,deestone,169.0,,0,rojo,,41.58,60.0,0,0.0
2025-02-01,dt225/70r15c,deestone,0.0,,0,rojo,,40.84,32.0,50,2042.0000000000002
2025-01-01,c-1140,sakura filter,549.0,,0,rojo,,1.43,50.0,0,0.0
2025-04-01,c-1142,sakura filter,6012.0,1200.0,0,rojo,,1.2,2000.0,0,0.0
2025-02-01,dt185/70r13,deestone,156.0,,0,rojo,,19.5,490.0,0,0.0
2022-06-01,rov530025,rover - usa,0.0,,0,rojo,0.0,2.249167,1008.0,50,112.45835
2025-02-01,a-29550,sakura filter,19.0,,0,rojo,,2.7,100.0,0,0.0
2025-02-01,a-3006,sakura filter,57.0,0.0,0,rojo,,2.51,100.0,0,0.0
2024-12-01,a-3102,sakura filter,3.0,,0,verde,0.0,3.12,120.0,0,0.0
2025-04-01,a-31120,sakura filter,141.0,,0,rojo,,1.65,192.0,0,0.0
2025-02-01,a-31240,sakura filter,48.0,,0,rojo,,2.26,100.0,0,0.0
2022-11-01,a-31830,sakura filter,0.0,,0,rojo,0.0,3.6,60.0,50,180.0
2025-01-01,17833,narva,170.0,,0,rojo,,1.2993168300032616,200.0,0,0.0
2025-03-01,a-3309,sakura filter,34.0,,0,rojo,,3.2,60.0,0,0.0
2025-02-01,a-3311,sakura filter,0.0,0.0,0,rojo,,2.93,100.0,50,146.5
2024-08-01,mwmwc1911,wagner - pastillas,0.0,,0,rojo,0.0,15.7,20.0,50,785.0
2024-09-01,mwmwc1916,wagner - pastillas,0.0,,0,rojo,0.0,12.2,30.0,50,610.0
2025-02-01,mwmwc1917,wagner - pastillas,10.0,,0,rojo,,12.6,10.0,0,0.0
2024-08-01,mwmwc1934,wagner - pastillas,0.0,,0,rojo,0.0,17.2,30.0,50,860.0
2024-11-01,mwmwc2076,wagner - pastillas,5.0,,0,verde,0.0,22.0,10.0,0,0.0
2024-09-01,mwmwc340,wagner - pastillas,0.0,,0,rojo,0.0,9.3,10.0,50,465.00000000000006
2025-03-01,mwmwc440,wagner - pastillas,0.0,,0,rojo,,7.7,30.0,50,385.0
2025-03-01,mwmwc462a,wagner - pastillas,1.0,,0,rojo,,8.0,10.0,0,0.0
2024-09-01,mwmwc856a,wagner - pastillas,0.0,,0,rojo,0.0,9.5,10.0,50,475.0
2025-04-01,17881,narva,240.0,,0,rojo,,0.43331524765491486,600.0,0,0.0
2025-03-01,as-1124,sakura filter,14.0,,0,rojo,,5.7,60.0,0,0.0
2025-01-01,as-51540-s,sakura filter,0.0,,0,rojo,0.0,7.2,72.0,50,360.0
2024-01-01,as-6001-2rsc3,nas - pfi - zkl - mba,103.0,,0,verde,0.0,0.25,800.0,0,0.0
2024-06-01,t1132,ito koyama - trapecios,60.0,,0,verde,0.0,18.549498,60.0,0,0.0
2024-06-01,t1133,ito koyama - trapecios,60.0,,0,verde,4.802603,18.549498,60.0,0,0.0
2025-03-01,17916,narva,0.0,,0,rojo,,5.149975749185154,200.0,1000,5149.975749185154
2025-02-01,dtv165/65r13,deestone,63.0,,0,rojo,,16.94,200.0,0,0.0
2023-09-01,a-2834,sakura filter,0.0,,0,rojo,0.0,16.09,1.0,50,804.5
2024-12-01,a-28730-s,sakura filter,28.0,,0,verde,0.0,23.0,28.0,0,0.0
2024-10-01,a-28750,sakura filter,55.0,,0,verde,8.703142521677906,18.23,36.0,50,911.5
2025-03-01,icd1086,ishikawa - pastillas de freno,11.0,,0,rojo,,3.9,100.0,0,0.0
2025-01-01,icd1107,ishikawa - pastillas de freno,0.0,,0,rojo,,6.1,50.0,50,305.0
2025-03-01,icd1213,ishikawa - pastillas de freno,36.0,,0,rojo,,5.13,50.0,0,0.0
2025-03-01,ca-49010,sakura filter,175.0,,0,rojo,,2.0,300.0,0,0.0
2025-02-01,ca-54010,sakura filter,19.0,,0,rojo,,1.3,80.0,0,0.0
2025-01-01,ca-56041,sakura filter,32.0,,0,verde,2.8073675000000002,2.48,40.0,50,124.0
2025-03-01,icd1303,ishikawa - pastillas de freno,1.0,,0,rojo,,6.14,50.0,0,0.0
2025-03-01,icd1304,ishikawa - pastillas de freno,14.0,,0,rojo,,5.32,50.0,0,0.0
2025-04-01,as-76490-s,sakura filter,58.0,,0,rojo,,8.28,60.0,0,0.0
2025-03-01,as-7805,sakura filter,83.0,,0,rojo,,7.53,90.0,0,0.0
2024-12-01,as-lm11949/10,nas - pfi - zkl - mba,192.0,,0,verde,0.0,0.99,500.0,0,0.0
2024-06-01,as149p/n,prestone - usa,0.0,,0,rojo,0.0,2.8125,480.0,50,140.625
2024-08-01,as260psp-m1,prestone - mexico,54.0,,0,verde,0.0,1.52,288.0,0,0.0
2024-06-01,ech001,ito koyama - direccion,0.0,,0,rojo,0.0,2.03,420.0,50,101.49999999999999
2025-03-01,icd1314,ishikawa - pastillas de freno,45.0,,0,rojo,,3.71,100.0,0,0.0
2023-06-01,a-25980,sakura filter,0.0,,0,rojo,0.0,1.65,40.0,50,82.5
2022-10-01,a-2605,sakura filter,0.0,,0,rojo,0.0,2.38,40.0,50,119.0
2024-11-01,tn-130,toyo - japon,251.0,,0,verde,0.0,5.555513650178909,300.0,0,0.0
2024-09-01,tn-134,toyo - japon,35.0,,0,verde,15.00173611111111,4.932884201407433,200.0,100,493.28842014074326
2024-12-01,icd1321,ishikawa - pastillas de freno,0.0,,0,rojo,0.0,4.77,50.0,50,238.49999999999997
2024-12-01,a-22300,sakura filter,0.0,,0,rojo,0.0,4.36,45.0,50,218.00000000000003
2025-03-01,a-22340,sakura filter,208.0,198.0,0,rojo,,3.75,36.0,0,0.0
2025-03-01,a-22380-s,sakura filter,224.0,,0,rojo,,35.86,152.0,0,0.0
2025-04-01,mi-641,ito koyama - palieres,53.0,,0,rojo,,8.0,150.0,0,0.0
2025-03-01,icd1324,ishikawa - pastillas de freno,39.0,,0,rojo,,7.61,80.0,0,0.0
2023-09-01,rto016r,ito koyama - direccion,0.0,,0,rojo,0.0,2.85,60.0,50,142.5
2023-06-01,skf-6305-2rs1c3,skf - rodajes,0.0,,0,rojo,0.0,2.7,100.0,50,135.0
2022-11-01,skki-031,seco - embragues,0.0,,0,rojo,0.0,63.78,50.0,50,3189.0
2025-03-01,dtv185/60r15,deestone,65.0,,0,rojo,,20.82,80.0,0,0.0
2024-03-01,as736lf,prestone - mexico,0.0,,0,rojo,0.0,2.52,240.0,50,126.0
2024-08-01,ca-2401,sakura filter,65.0,,0,verde,0.0,2.84,64.0,0,0.0
2024-11-01,ca-24070,sakura filter,103.0,,0,verde,5.2421875,3.48,20.0,0,0.0
2024-09-01,ca-24090,sakura filter,21.0,,0,verde,0.0,2.89,40.0,0,0.0
2025-02-01,ca-2801,sakura filter,142.0,,0,rojo,,3.4,20.0,0,0.0
2024-09-01,wk-842/7,mann - brasil,19.0,,0,verde,0.0,11.62,60.0,0,0.0
2025-03-01,ca-28150,sakura filter,266.0,,0,rojo,,1.15,100.0,0,0.0
2023-11-01,sm034,ito koyama - torretas,0.0,,0,rojo,0.0,4.22,420.0,50,211.0
2023-09-01,sm035,ito koyama - torretas,0.0,,0,rojo,0.0,4.81,150.0,50,240.49999999999997
2023-07-01,sm039,ito koyama - torretas,0.0,,0,rojo,0.0,3.46,150.0,50,173.0
2024-02-01,sm040,ito koyama - torretas,0.0,,0,rojo,0.0,3.51,120.0,50,175.5
2023-08-01,sm044,ito koyama - torretas,0.0,,0,rojo,0.0,3.51,60.0,50,175.5
2025-03-01,wk-9016,mann - brasil,47.0,,0,rojo,,14.833339996337891,50.0,0,0.0
2024-02-01,mf-fm1012,mann - brasil,0.0,,0,rojo,0.0,76.87997817993164,100.0,50,3843.998908996582
2025-03-01,mg001,ito koyama - resortes,31.0,,0,rojo,,4.5,56.0,0,0.0
2023-04-01,mg330,moog - usa,0.0,,0,rojo,38.833333333333336,7.6,150.0,150,1140.0
2023-01-01,mg351,moog - usa,0.0,,0,rojo,0.0,15.32,150.0,50,766.0
2022-12-01,mg354,moog - usa,0.0,,0,rojo,0.0,6.3,30.0,50,315.0
2023-07-01,mg550,moog - usa,0.0,,0,rojo,0.0,63.413,47.0,50,3170.6499999999996
2025-02-01,a-1753,sakura filter,142.0,,0,rojo,,3.7,40.0,0,0.0
2023-12-01,wpm-068va,aisin - japon,60.0,,0,verde,0.0,27.86,60.0,0,0.0
2025-03-01,wpn-001va,aisin - japon,82.0,,0,rojo,,14.7,50.0,0,0.0
2025-03-01,a-1955-s,sakura filter,281.0,,0,rojo,,9.66,92.0,0,0.0
2025-03-01,wpn-107va,aisin - japon,58.0,,0,rojo,,27.91,60.0,0,0.0
2025-02-01,ef-68020,sakura filter,57.0,,0,rojo,,4.11,140.0,0,0.0
2025-03-01,t1122,ito koyama - trapecios,29.0,,0,rojo,,15.071384,30.0,0,0.0
2025-03-01,t1123,ito koyama - trapecios,31.0,,0,rojo,,15.071384,30.0,0,0.0
2024-01-01,s-tshirt,sin definicion,0.0,,0,rojo,,0.5,500.0,50,25.0
2024-08-01,sa0034700m,ito koyama - amortiguadores,47.0,,0,verde,2.0,11.46,1.0,0,0.0
2024-08-01,sa0034900m,ito koyama - amortiguadores,45.0,,0,verde,1.7843507087334247,11.46,2.0,0,0.0
2024-05-01,sac-7905,sakura filter,0.0,,0,rojo,0.0,11.05,72.0,50,552.5
2025-03-01,a-1651,sakura filter,94.0,,0,rojo,,1.96,100.0,0,0.0
2025-01-01,a-1672,sakura filter,44.0,,0,rojo,,2.51,40.0,0,0.0
2025-03-01,a-1673,sakura filter,129.0,,0,rojo,,1.77,50.0,0,0.0
2025-03-01,a-1676,sakura filter,1.0,,0,rojo,,1.44,100.0,0,0.0
2025-03-01,a-1714,sakura filter,88.0,,0,rojo,,3.45,90.0,0,0.0
2025-01-01,mwmwd1275,wagner - pastillas,0.0,,0,rojo,,6.9,50.0,50,345.0
2024-11-01,mwmwd1288,wagner - pastillas,0.0,,0,rojo,0.0,9.2,10.0,50,459.99999999999994
2024-12-01,mwmwd1304,wagner - pastillas,0.0,,0,rojo,0.0,9.2,20.0,50,459.99999999999994
2025-03-01,srb-01,seco - embragues,0.0,,0,rojo,,7.24,50.0,50,362.0
2025-02-01,b1002,ito koyama - trapecios,1.0,,0,rojo,,2.48,201.0,50,124.0
2024-07-01,17060,narva,350.0,,0,verde,0.0,0.2628323390483856,400.0,0,0.0
2025-01-01,17061,narva,0.0,,0,rojo,,0.2818681857347488,200.0,50,14.09340928673744
2023-06-01,17190,spaco - italia,0.0,,0,rojo,0.0,5.883615732192994,30.0,50,294.1807866096497
2022-10-01,tkl-24/24,tkl - taiwan,0.0,,0,rojo,0.0,15.0,150.0,50,750.0
2023-06-01,tkl00600,tkl - taiwan,0.0,,0,rojo,0.0,26.0,20.0,50,1300.0
2024-04-01,tkl1000-5a,tkl - taiwan,0.0,,0,rojo,9.647430750000002,5.8,100.0,50,290.0
2023-07-01,tkl10028a,tkl - taiwan,0.0,,0,rojo,100.0,0.09,2000.0,450,40.5
2023-05-01,tkl22012,tkl - taiwan,0.0,,0,rojo,116.0124935,15.5,500.0,650,10075.0
2025-03-01,ehy005,ito koyama - direccion,0.0,,0,rojo,,1.531903,100.0,50,76.59515
2025-01-01,icd1338,ishikawa - pastillas de freno,0.0,,0,rojo,,4.45,50.0,50,222.5
2025-02-01,to-025,ito koyama - palieres,0.0,,0,rojo,,8.5,100.0,50,425.0
2025-03-01,to-640,ito koyama - palieres,40.0,,0,rojo,,8.0,50.0,0,0.0
2024-12-01,icd1345,ishikawa - pastillas de freno,0.0,,0,rojo,43.929111997390585,4.2,200.0,300,1260.0
2025-01-01,a-1610,sakura filter,41.0,,0,rojo,,2.44,60.0,0,0.0
2025-04-01,ef-65031,sakura filter,219.0,,0,rojo,,2.45,300.0,0,0.0
2025-03-01,eni004,ito koyama - direccion,23.0,,0,rojo,,1.392667,98.0,0,0.0
2025-03-01,eni005,ito koyama - direccion,25.0,,0,rojo,,1.392712,100.0,0,0.0
2024-11-01,schd-138,seco - embragues,20.0,,0,verde,0.0,82.9,50.0,0,0.0
2023-08-01,schd-154,seco - embragues,0.0,,0,rojo,6.4180169753086425,16.24,50.0,50,811.9999999999999
2024-09-01,a-1173,sakura filter,212.0,,0,verde,0.0,3.0,120.0,0,0.0
2025-03-01,a-1177,sakura filter,4.0,60.0,0,rojo,,7.34,60.0,0,0.0
2025-03-01,a-1196,sakura filter,44.0,,0,rojo,,6.59,60.0,0,0.0
2024-01-01,a-1330,sin definicion,0.0,,0,rojo,,2.5,108.0,50,125.0
2025-04-01,a-1331-s,sakura filter,1281.0,1180.0,0,rojo,,11.04,816.0,0,0.0
2025-03-01,icd1391,ishikawa - pastillas de freno,46.0,,0,rojo,,4.8,80.0,0,0.0
2024-08-01,icd1444,ishikawa - pastillas de freno,0.0,,0,rojo,0.0,5.71,50.0,50,285.5
2024-11-01,mwmwd1039,wagner - pastillas,0.0,,0,rojo,0.0,9.5,10.0,50,475.0
2025-03-01,mwmwd1044,wagner - pastillas,4.0,,0,rojo,,10.4,20.0,0,0.0
2024-12-01,mwmwd1080,wagner - pastillas,0.0,,0,rojo,0.0,11.2,10.0,50,560.0
2025-02-01,mwmwd1107,wagner - pastillas,0.0,,0,rojo,,16.4,10.0,50,819.9999999999999
2025-03-01,icd1447,ishikawa - pastillas de freno,39.0,,0,rojo,,4.87,100.0,0,0.0
2025-03-01,icd1454,ishikawa - pastillas de freno,15.0,,0,rojo,,5.45,200.0,0,0.0
2025-03-01,wpt-166va,aisin - japon,155.0,,0,rojo,,24.29,50.0,0,0.0
2024-01-01,skf-6003-2z/c3,skf - rodajes,0.0,,0,rojo,0.0,1.05,120.0,50,52.5
2024-06-01,skf-607-2zc3,skf - rodajes,10.0,,0,verde,0.0,0.72,100.0,0,0.0
2025-02-01,bdd034,ishikawa - discos de freno,0.0,,0,rojo,,8.98,100.0,50,449.0
2025-03-01,srto009,ito koyama - cremalleras,5.0,,0,rojo,,40.0,30.0,0,0.0
2024-11-01,srto011,ito koyama - cremalleras,28.0,,0,verde,1.686356881572931,86.0,10.0,0,0.0
2025-02-01,a-1138,sakura filter,131.0,,0,rojo,,1.9,100.0,0,0.0
2025-03-01,a-1139,sakura filter,79.0,,0,rojo,,2.26,100.0,0,0.0
2024-01-01,skf-608-2rsh/c3,skf - rodajes,0.0,,0,rojo,42.8125,0.75,500.0,200,150.0
2025-02-01,schd-012,seco - embragues,0.0,,0,rojo,,62.58,50.0,50,3129.0
2024-01-01,schd-042,seco - embragues,0.0,,0,rojo,6.483989197530864,15.29,100.0,50,764.5
2022-09-01,schd-107,seco - embragues,0.0,,0,rojo,0.0,12.72,30.0,50,636.0
2025-03-01,eni003,ito koyama - direccion,176.0,,0,rojo,,1.392667,196.0,0,0.0
2025-03-01,to-839,ito koyama - palieres,158.0,,0,rojo,,6.6,300.0,0,0.0
2025-01-01,eo-2804,sakura filter,96.0,,0,rojo,,2.37,50.0,0,0.0
2024-12-01,tr221,german cardan - t v a - crucetas,70.0,,0,verde,0.0,12.89,250.0,0,0.0
2024-01-01,skf-608-2z/c3,skf - rodajes,0.0,,0,rojo,0.0,1.08,200.0,50,54.0
2024-07-01,scmb-558,seco - embragues,0.0,,0,rojo,0.0,27.75,50.0,50,1387.5
2022-05-01,ts22,marilia,0.0,,0,rojo,0.0,0.65,2000.0,50,32.5
2025-02-01,a-1026-s,sakura filter,112.0,,0,rojo,,16.0,28.0,0,0.0
2024-10-01,skf-6200-2rsh/c3,skf - rodajes,119.0,,0,verde,14.21875,1.05,500.0,0,0.0
2023-02-01,11666,spaco - italia,0.0,,0,rojo,0.0,15.734847190380096,200.0,50,786.7423595190048
2025-02-01,a-1123,sakura filter,3.0,,0,rojo,,2.03,40.0,0,0.0
2025-03-01,mwmwd1324,wagner - pastillas,10.0,,0,rojo,,13.4,20.0,0,0.0
2024-11-01,mwmwd1345,wagner - pastillas,0.0,,0,rojo,0.0,12.3,20.0,50,615.0
2025-03-01,mwmwd562,wagner - pastillas,18.0,,0,rojo,,7.9,50.0,0,0.0
2024-10-01,mwmwd668,wagner - pastillas,0.0,,0,rojo,0.0,7.2,20.0,50,360.0
2024-09-01,mwmwd904,wagner - pastillas,0.0,,0,rojo,0.0,8.6,10.0,50,430.0
2024-11-01,mwmwd929a,wagner - pastillas,0.0,,0,rojo,0.0,9.0,20.0,50,450.0
2025-02-01,mwmwd981,wagner - pastillas,8.0,,0,rojo,,6.8,20.0,0,0.0
2024-05-01,mwmwx1006,wagner - pastillas,0.0,,0,rojo,0.0,15.05,90.0,50,752.5
2025-03-01,mz-001,ito koyama - palieres,8.0,,0,rojo,,7.3,50.0,0,0.0
2025-03-01,mz-001a,ito koyama - palieres,28.0,,0,rojo,,6.73,50.0,0,0.0
2024-11-01,100-sail,birene - cigueñales-culatas-ejes de levas,3.0,,0,amarillo,4.366512345679013,78.0,30.0,50,3900.0
2025-03-01,bdd049,ishikawa - discos de freno,32.0,,0,rojo,,17.1,50.0,0,0.0
2022-12-01,11126,spaco - italia,0.0,,0,rojo,0.0,6.549280285835266,1500.0,50,327.4640142917633
2024-01-01,1321,spaco - italia,0.0,,0,rojo,220.13888888888889,,,1000,
2025-04-01,eo-89030,sakura filter,21.0,,0,rojo,,1.45,100.0,0,0.0
2024-01-01,11733,spaco - italia,0.0,,0,rojo,40.0,1.116251096725464,500.0,250,279.06277418136597
2024-01-01,11883,spaco - italia,0.0,,0,rojo,0.0,2.5008317840099337,200.0,50,125.04158920049669
2023-04-01,9437,spaco - italia,0.0,,0,rojo,0.0,,,50,
2025-03-01,94583376,ito koyama - amortiguadores,39.0,,0,rojo,,7.3,50.0,0,0.0
2025-03-01,94583379,ito koyama - amortiguadores,39.0,,0,rojo,,7.3,50.0,0,0.0
2025-03-01,to-836,ito koyama - palieres,49.0,,0,rojo,,6.32,50.0,0,0.0
2025-03-01,to-838,ito koyama - palieres,136.0,,0,rojo,,8.7,54.0,0,0.0
2025-04-01,90491031,monark - alemania,0.0,,0,rojo,,,,50,
2024-05-01,91511960,ks - brasil,0.0,,0,rojo,0.0,105.48,40.0,50,5274.0
2025-03-01,924380210,ito koyama - amortiguadores,72.0,,0,rojo,,6.5,150.0,0,0.0
2024-11-01,93160024,monark - alemania,0.0,,0,rojo,4.26805825,,,50,
2023-09-01,9337,spaco - italia,0.0,,0,rojo,0.0,50.249571204185486,70.0,50,2512.4785602092743
2025-03-01,9380,spaco - italia,0.0,,0,rojo,,,,50,
2022-12-01,120205,sealco - usa,0.0,,0,rojo,17.213477,33.68,250.0,150,5052.0
2025-03-01,eo-31910,sakura filter,11.0,,0,rojo,,2.22,100.0,0,0.0
2025-04-01,eo-31930,sakura filter,50.0,,0,rojo,,1.13,200.0,0,0.0
2025-02-01,eo-31950,sakura filter,85.0,,0,rojo,,1.41,50.0,0,0.0
2025-02-01,eo-31970,sakura filter,13.0,,0,rojo,,2.26,50.0,0,0.0
2023-12-01,100-4m40t,birene - cigueñales-culatas-ejes de levas,0.0,,0,rojo,0.0,116.0,100.0,50,5800.0
2025-04-01,eo-5311,sakura filter,157.0,,0,rojo,,2.53,100.0,0,0.0
2025-03-01,eo-53870,sakura filter,103.0,,0,rojo,,0.91,50.0,0,0.0
2025-03-01,eo-53880,sakura filter,544.0,,0,rojo,,1.81,400.0,0,0.0
2025-03-01,eo-57010,sakura filter,132.0,,0,rojo,,7.7,75.0,0,0.0
2025-03-01,icd941,ishikawa - pastillas de freno,8.0,,0,rojo,,4.48,50.0,0,0.0
2025-03-01,icd948,ishikawa - pastillas de freno,60.0,,0,rojo,,5.13,100.0,0,0.0
2025-03-01,icd976,ishikawa - pastillas de freno,394.0,,0,rojo,,4.7,1000.0,0,0.0
2024-12-01,ikh20tt,denso - bujias - japon,18.0,,0,verde,0.0,6.57,96.0,0,0.0
2025-03-01,tsz001,ito koyama - direccion,268.0,,0,rojo,,1.949744,300.0,0,0.0
2022-01-01,tt-120,toyo - japon,0.0,,0,rojo,0.0,7.038846302777529,300.0,50,351.94231513887644
2024-03-01,89431810,ks - alemania,0.0,,0,rojo,0.0,30.333112646341323,60.0,50,1516.6556323170662
2024-01-01,skf-6003-2rsh/c3,skf - rodajes,0.0,,0,rojo,0.0,1.05,500.0,50,52.5
2023-02-01,tkl452710,tkl - taiwan,0.0,,0,rojo,0.0,2.75,200.0,50,137.5
2023-03-01,9026,spaco - italia,0.0,,0,rojo,0.0,,,50,
2025-04-01,90491018,monark - alemania,0.0,,0,rojo,,,,50,
2025-04-01,90491030,monark - alemania,0.0,,0,rojo,,,,50,
2025-03-01,f-11131,sakura filter,184.0,,0,rojo,,2.49,200.0,0,0.0
2025-02-01,f-13110,sakura filter,193.0,,0,rojo,,2.5,75.0,0,0.0
2025-03-01,f-13150,sakura filter,228.0,,0,rojo,,3.3,300.0,0,0.0
2023-03-01,87271600,ks - alemania,0.0,,0,rojo,0.0,26.200212559700013,5.0,50,1310.0106279850006
2024-04-01,87515600,ks - alemania,0.0,,0,rojo,0.0,32.221513469219204,30.0,50,1611.0756734609602
2023-12-01,87516600,ks - alemania,0.0,,0,rojo,0.0,28.744982993602754,20.0,50,1437.2491496801376
2023-03-01,87516610,ks - alemania,0.0,,0,rojo,0.0,28.744982993602754,20.0,50,1437.2491496801376
2022-12-01,87516620,ks - alemania,0.0,,0,rojo,2.675925925925926,28.744982993602754,10.0,50,1437.2491496801376
2024-09-01,87516630,ks - alemania,0.0,,0,rojo,0.0,28.047750771045685,9.0,50,1402.3875385522842
2023-05-01,87561600,ks - alemania,0.0,,0,rojo,0.0,33.807770160436625,43.0,50,1690.3885080218313
2023-06-01,8769,spaco - italia,0.0,,0,rojo,0.0,,,50,
2024-11-01,bdd071,ishikawa - discos de freno,0.0,,0,rojo,0.0,6.27,50.0,50,313.5
2025-03-01,op-621,ito koyama - palieres,94.0,,0,rojo,,7.1,100.0,0,0.0
2025-03-01,op-630,ito koyama - palieres,92.0,,0,rojo,,7.0,100.0,0,0.0
2025-01-01,bdd075,ishikawa - discos de freno,26.0,,0,verde,0.0,9.84,50.0,0,0.0
2025-01-01,bdd078,ishikawa - discos de freno,68.0,,0,rojo,,11.07,100.0,0,0.0
2024-09-01,bdd103,ishikawa - discos de freno,0.0,,0,rojo,0.0,14.33,50.0,50,716.5
2024-10-01,bdd104,ishikawa - discos de freno,0.0,,0,rojo,0.0,13.75,50.0,50,687.5
2024-09-01,bdd106,ishikawa - discos de freno,0.0,,0,rojo,0.0,10.64,50.0,50,532.0
2025-03-01,85767000,monark - alemania,0.0,,0,rojo,,,,50,
2024-10-01,fc-1007,sakura filter,0.0,,0,rojo,0.0,2.3,50.0,50,114.99999999999999
2025-03-01,fc-1008,sakura filter,154.0,0.0,0,rojo,,4.56,192.0,0,0.0
2024-04-01,sdhd-272,seco - embragues,0.0,,0,rojo,0.0,19.11,20.0,50,955.5
2024-06-01,86437156,monark - alemania,0.0,,0,rojo,0.0,,,50,
2025-03-01,87065045,monark - alemania,0.0,,0,rojo,,,,50,
2022-09-01,8720,spaco - italia,0.0,,0,rojo,0.0,,,50,
2024-12-01,82988297,monark - alemania,0.0,,0,rojo,0.0,,,50,
2025-03-01,83777015,monark - alemania,0.0,,0,rojo,,1.346206111907959,100.0,50,67.31030559539795
2025-03-01,83777016,monark - alemania,0.0,,0,rojo,,0.7614903259277345,100.0,50,38.074516296386726
2024-06-01,icd696,ishikawa - pastillas de freno,0.0,,0,rojo,0.0,4.19,50.0,50,209.50000000000003
2025-02-01,icd733,ishikawa - pastillas de freno,28.0,,0,rojo,,2.9,100.0,0,0.0
2024-07-01,icd846,ishikawa - pastillas de freno,0.0,,0,rojo,0.0,4.77,50.0,50,238.49999999999997
2025-03-01,icd862,ishikawa - pastillas de freno,121.0,,0,rojo,,4.5,100.0,0,0.0
2025-02-01,icd864,ishikawa - pastillas de freno,0.0,,0,rojo,,5.41,100.0,50,270.5
2025-01-01,icd866,ishikawa - pastillas de freno,0.0,,0,rojo,,4.94,100.0,50,247.00000000000003
2025-03-01,icd868,ishikawa - pastillas de freno,31.0,,0,rojo,,3.65,100.0,0,0.0
2024-11-01,icd905,ishikawa - pastillas de freno,0.0,,0,rojo,35.88151934727938,2.72,160.0,250,680.0
2024-08-01,fc-1511,sakura filter,0.0,,0,rojo,0.0,1.35,50.0,50,67.5
2025-03-01,83809154,monark - alemania,0.0,,0,rojo,,,,50,
2022-06-01,83856001,monark - alemania,0.0,,0,rojo,0.0,,,50,
2023-01-01,84006,narva,0.0,,0,rojo,0.0,25.212145015597343,20.0,50,1260.6072507798672
2025-03-01,727780083r,ito koyama - amortiguadores,72.0,,0,rojo,,11.6,96.0,0,0.0
2025-01-01,fc-5301,sakura filter,198.0,,0,rojo,,2.14,150.0,0,0.0
2025-02-01,fc-5304,sakura filter,50.0,,0,rojo,,5.42,108.0,0,0.0
2025-04-01,fc-5501,sakura filter,100.0,,0,rojo,,2.15,200.0,0,0.0
2025-03-01,fc-5507,sakura filter,170.0,,0,rojo,,2.99,204.0,0,0.0
2023-06-01,7599,spaco - italia,0.0,,0,rojo,0.0,,,50,
2025-03-01,7660,spaco - italia,0.0,,0,rojo,,,,50,
2023-06-01,77750600,ks - alemania,0.0,,0,rojo,0.0,31.18529577255249,30.0,50,1559.2647886276245
2023-06-01,8174,spaco - italia,0.0,,0,rojo,0.0,,,50,
2025-03-01,81789643,monark - alemania,0.0,,0,rojo,,,,50,
2025-03-01,822345,valvoline - usa,228.0,,0,rojo,,4.681667,252.0,0,0.0
2025-03-01,sdki-046,seco - embragues,0.0,,0,rojo,,22.81,30.0,50,1140.5
2024-08-01,623380218,ito koyama - amortiguadores,0.0,,0,rojo,0.0,7.3,180.0,50,365.0
2025-03-01,675129,valvoline - usa,0.0,,0,rojo,,309.55,3.0,50,15477.5
2024-06-01,68161,narva,20.0,,0,verde,0.0,1.193487996339798,200.0,0,0.0
2025-03-01,725680400l,ito koyama - amortiguadores,55.0,,0,rojo,,10.7,94.0,0,0.0
2025-03-01,725680400r,ito koyama - amortiguadores,56.0,,0,rojo,,10.7,96.0,0,0.0
2025-03-01,726680398l,ito koyama - amortiguadores,0.0,,0,rojo,,11.0,48.0,50,550.0
2025-03-01,727780083l,ito koyama - amortiguadores,67.0,,0,rojo,,11.6,84.0,0,0.0
2024-11-01,bdd113,ishikawa - discos de freno,0.0,,0,rojo,0.0,7.8,50.0,50,390.0
2025-01-01,bdd117,ishikawa - discos de freno,36.0,,0,rojo,,5.56,50.0,0,0.0
2025-03-01,bdd119,ishikawa - discos de freno,80.0,,0,rojo,,5.25847,150.0,0,0.0
2025-03-01,bdd120,ishikawa - discos de freno,8.0,,0,rojo,,8.09,50.0,0,0.0
2025-03-01,bdd122,ishikawa - discos de freno,6.0,,0,rojo,,10.59,50.0,0,0.0
2024-11-01,bdd124,ishikawa - discos de freno,0.0,,0,rojo,0.0,7.82,50.0,50,391.0
2025-01-01,bdd129,ishikawa - discos de freno,14.0,,0,rojo,,7.76,50.0,0,0.0
2025-01-01,bdd132,ishikawa - discos de freno,0.0,,0,rojo,,15.44,50.0,50,772.0
2025-01-01,bdd134,ishikawa - discos de freno,76.0,,0,rojo,,10.41,100.0,0,0.0
2025-02-01,bdd137,ishikawa - discos de freno,6.0,,0,rojo,,5.1,50.0,0,0.0
2025-03-01,bdd139,ishikawa - discos de freno,20.0,,0,rojo,,6.79,50.0,0,0.0
2025-02-01,bdd141,ishikawa - discos de freno,34.0,,0,rojo,,11.23,50.0,0,0.0
2024-11-01,bdd143,ishikawa - discos de freno,0.0,,0,rojo,0.0,7.8,50.0,50,390.0
2025-03-01,bdd146,ishikawa - discos de freno,44.0,,0,rojo,,6.26,50.0,0,0.0
2025-02-01,bdd147,ishikawa - discos de freno,74.0,,0,rojo,,5.81,50.0,0,0.0
2023-11-01,skf-6203-2rshc3,skf - rodajes,0.0,,0,rojo,212.554012345679,1.2,1500.0,900,1080.0
2025-02-01,fc-5702,sakura filter,40.0,,0,rojo,,5.4,24.0,0,0.0
2024-04-01,skf-6203-2z/c3,skf - rodajes,0.0,,0,rojo,120.63078703703704,1.2,800.0,500,600.0
2024-06-01,skf-6205-2rsh,skf - rodajes,0.0,,0,rojo,21.233756,1.71,200.0,200,342.0
2024-02-01,skf-6207-2rs1c3,skf - rodajes,0.0,,0,rojo,0.0,3.3,200.0,50,165.0
2024-01-01,skf-6207-2z/c3,skf - rodajes,0.0,,0,rojo,19.59567901234568,3.3,100.0,100,330.0
2023-12-01,skf-6208-2z/c3,skf - rodajes,0.0,,0,rojo,0.0,4.2,60.0,50,210.0
2024-12-01,56210-01n00,ito koyama - amortiguadores,0.0,,0,rojo,0.0,6.2,100.0,50,310.0
2024-10-01,fc-5701,sakura filter,188.0,,0,verde,0.0,2.2,240.0,0,0.0
2025-03-01,icd2306-9541,ishikawa - pastillas de freno,17.0,,0,rojo,,5.52,100.0,0,0.0
2025-03-01,icd2310-9545,ishikawa - pastillas de freno,0.0,,0,rojo,,7.71,100.0,50,385.5
2024-09-01,icd303,ishikawa - pastillas de freno,0.0,,0,rojo,0.0,5.45,100.0,50,272.5
2025-03-01,icd333,ishikawa - pastillas de freno,70.0,,0,rojo,,5.2,200.0,0,0.0
2025-03-01,icd349,ishikawa - pastillas de freno,87.0,,0,rojo,,4.04,100.0,0,0.0
2025-03-01,icd350,ishikawa - pastillas de freno,4.0,,0,rojo,,4.0,100.0,0,0.0
2025-02-01,icd396,ishikawa - pastillas de freno,75.0,,0,rojo,,3.3,100.0,0,0.0
2025-03-01,icd402,ishikawa - pastillas de freno,50.0,,0,rojo,,3.0,100.0,0,0.0
2025-02-01,icd404,ishikawa - pastillas de freno,0.0,,0,rojo,,4.42,100.0,50,221.0
2025-01-01,sdty-217,seco - embragues,9.0,,0,verde,0.0,14.06,50.0,0,0.0
2024-01-01,skf-6202-2rsh,skf - rodajes,0.0,,0,rojo,0.0,1.05,300.0,50,52.5
2024-01-01,skf-6202-2rshc3,skf - rodajes,0.0,,0,rojo,89.46875,1.05,1200.0,400,420.0
2025-03-01,bdd150,ishikawa - discos de freno,38.0,,0,rojo,,11.39,50.0,0,0.0
2025-02-01,bdd151,ishikawa - discos de freno,28.0,,0,rojo,,8.74,50.0,0,0.0
2025-02-01,bdd153,ishikawa - discos de freno,14.0,,0,rojo,,9.9,50.0,0,0.0
2025-02-01,bdd159,ishikawa - discos de freno,0.0,,0,rojo,,12.68,50.0,50,634.0
2025-02-01,bdd161,ishikawa - discos de freno,0.0,,0,rojo,,11.87,50.0,50,593.5
2025-03-01,bdd162,ishikawa - discos de freno,32.0,,0,rojo,,11.58,50.0,0,0.0
2025-02-01,bdd165,ishikawa - discos de freno,12.0,,0,rojo,,10.21,50.0,0,0.0
2025-03-01,bdd170,ishikawa - discos de freno,30.0,,0,rojo,,7.82,50.0,0,0.0
2025-03-01,bdd181,ishikawa - discos de freno,52.0,,0,rojo,,13.92,50.0,0,0.0
2025-03-01,bdd185,ishikawa - discos de freno,20.0,,0,rojo,,11.53,50.0,0,0.0
2024-08-01,c-5502,sakura filter,0.0,,0,rojo,0.0,5.78,60.0,50,289.0
2024-08-01,c-5725,sakura filter,218.0,,0,verde,0.0,17.54,24.0,0,0.0
2024-07-01,skf-6300-2rshc3,skf - rodajes,84.0,,0,verde,0.0,1.26,100.0,0,0.0
2024-05-01,skf-6301-2rshc3,skf - rodajes,0.0,,0,rojo,0.0,1.26,200.0,50,63.0
2025-02-01,sf-38010,sakura filter,34.0,,0,rojo,,18.0,270.0,0,0.0
2023-12-01,54542-2s610,tezuka - japon,214.0,,0,verde,0.0,2.5779256504029036,500.0,0,0.0
2024-12-01,54611-38550,ito koyama - amortiguadores,0.0,,0,rojo,0.0,13.19,100.0,50,659.5
2024-10-01,icd430,ishikawa - pastillas de freno,0.0,,0,rojo,7.075467249657064,4.44,50.0,50,222.00000000000003
2023-10-01,fs-29950,sakura filter,221.0,,0,verde,0.0,9.2,224.0,0,0.0
2025-01-01,fs-3108,sakura filter,0.0,,0,rojo,,2.36,100.0,50,118.0
2025-02-01,icd2038,ishikawa - pastillas de freno,0.0,,0,rojo,,4.0,100.0,50,200.0
2025-02-01,icd2045,ishikawa - pastillas de freno,1.0,,0,rojo,,5.36,50.0,0,0.0
2025-03-01,icd2135,ishikawa - pastillas de freno,55.0,,0,rojo,,3.0,100.0,0,0.0
2025-03-01,icd2245,ishikawa - pastillas de freno,208.0,,0,rojo,,8.25,200.0,0,0.0
2025-03-01,icd2269,ishikawa - pastillas de freno,227.0,,0,rojo,,3.49,200.0,0,0.0
2024-09-01,50006634,ks - alemania,0.0,,0,rojo,0.0,5.736319649219513,120.0,50,286.81598246097565
2024-04-01,50006636,ks - alemania,0.0,,0,rojo,78.5,5.704627275466919,600.0,350,1996.6195464134216
2023-12-01,51799,wix filters,0.0,,0,rojo,14.599537037037038,9.47,150.0,100,947.0000000000001
2025-04-01,54303-ed002,ito koyama - amortiguadores,105.0,,0,rojo,,10.9,90.0,0,0.0
2024-10-01,skf-6209-2rs1c3,skf - rodajes,0.0,,0,rojo,27.722537280231535,4.8,200.0,150,720.0
2024-01-01,skf-629-2rsh,skf - rodajes,0.0,,0,rojo,0.0,0.84,50.0,50,42.0
2025-03-01,gm-631,ito koyama - palieres,42.0,,0,rojo,,8.0,50.0,0,0.0
2024-11-01,h-2725,sakura filter,27.0,,0,verde,0.0,10.56,30.0,0,0.0
2024-12-01,h-55420,sakura filter,67.0,,0,verde,0.0,3.31,50.0,0,0.0
2025-03-01,h-5629,sakura filter,20.0,,0,rojo,,19.56,40.0,0,0.0
2025-03-01,h-5905,sakura filter,226.0,,0,rojo,,3.72,300.0,0,0.0
2024-06-01,u-58/1kit,mann - brasil,0.0,,0,rojo,0.0,30.050842007398604,60.0,50,1502.5421003699303
2024-11-01,u22fs-u,denso - bujias - japon,26.0,,0,verde,0.0,1.15,100.0,0,0.0
2024-12-01,ue-26010kit,sakura filter,144.0,,0,verde,0.0,6.0,50.0,0,0.0
2025-03-01,sfc-25020-30,sakura filter,29.0,,0,rojo,,7.28,108.0,0,0.0
2025-03-01,500-2c,ishikawa - cigueñales-culatas-ejes de levas,153.0,,0,rojo,,12.0,250.0,0,0.0
2025-03-01,500-4d56/55,ishikawa - cigueñales-culatas-ejes de levas,47.0,,0,rojo,,10.0,100.0,0,0.0
2025-04-01,c-5734,sakura filter,184.0,,0,rojo,,3.25,252.0,0,0.0
2025-04-01,mz-39,ito koyama - palieres,63.0,,0,rojo,,6.48,50.0,0,0.0
2024-11-01,n-franelas,sin definicion,0.0,,0,rojo,,9.43993092373211,1184.0,50,471.9965461866055
2025-03-01,bdd186,ishikawa - discos de freno,2.0,,0,rojo,,11.21,50.0,0,0.0
2025-02-01,bdd188,ishikawa - discos de freno,0.0,,0,rojo,,10.25,50.0,50,512.5
2025-01-01,bdd191,ishikawa - discos de freno,0.0,,0,rojo,,8.51,50.0,50,425.5
2025-03-01,bdd192,ishikawa - discos de freno,18.0,,0,rojo,,7.79,50.0,0,0.0
2025-03-01,bdd195,ishikawa - discos de freno,22.0,,0,rojo,,7.95,50.0,0,0.0
2025-03-01,bdd196,ishikawa - discos de freno,36.0,,0,rojo,,7.43,50.0,0,0.0
2025-03-01,bdd201,ishikawa - discos de freno,12.0,,0,rojo,,6.89,50.0,0,0.0
2025-03-01,bdd202,ishikawa - discos de freno,10.0,,0,rojo,,6.93,50.0,0,0.0
2025-02-01,bdd205,ishikawa - discos de freno,0.0,,0,rojo,,8.9196,50.0,50,445.98
2024-02-01,h85140100,valvoline,0.0,,0,rojo,0.0,13.61,102.0,50,680.5
2025-03-01,h85140500,valvoline,43.0,,0,rojo,,55.81,150.0,0,0.0
2025-02-01,hc-5501,sakura filter,360.0,,0,rojo,,3.06,204.0,0,0.0
2024-02-01,ur005,ito koyama - direccion,0.0,,0,rojo,0.0,2.38,540.0,50,119.0
2025-02-01,v-fecheros,sin definicion,0.0,,0,rojo,,4.519557511853011,800.0,50,225.97787559265058
2025-03-01,48531-60100,ito koyama - amortiguadores,31.0,,0,rojo,,6.9,50.0,0,0.0
2024-06-01,hc-56060,sakura filter,22.0,,0,verde,0.0,11.5,60.0,0,0.0
2025-02-01,hc-79331,sakura filter,51.0,,0,rojo,,8.0,66.0,0,0.0
2025-03-01,hm295/80r22.5,deruibo,29.0,,0,rojo,,102.0,20.0,0,0.0
2025-03-01,icd1941,ishikawa - pastillas de freno,60.0,,0,rojo,,5.0,200.0,0,0.0
2024-09-01,w-1022,mann - brasil,0.0,,0,rojo,0.0,16.770378059744836,20.0,50,838.5189029872417
2025-03-01,w-11025,mann - brasil,275.0,,0,rojo,,8.600249726772308,568.0,0,0.0
2025-03-01,48511-29606,ito koyama - amortiguadores,102.0,,0,rojo,,6.3,150.0,0,0.0
2025-02-01,sfc-76140-30,sakura filter,72.0,,0,rojo,,7.07,60.0,0,0.0
2025-03-01,icd1962,ishikawa - pastillas de freno,22.0,,0,rojo,,5.67,100.0,0,0.0
2025-03-01,icd1984,ishikawa - pastillas de freno,124.0,,0,rojo,,7.81,300.0,0,0.0
2025-03-01,icd1985,ishikawa - pastillas de freno,137.0,,0,rojo,,5.8,300.0,0,0.0
2025-04-01,icd1999,ishikawa - pastillas de freno,0.0,,0,rojo,,4.61,50.0,50,230.50000000000003
2025-03-01,icd2012,ishikawa - pastillas de freno,4.0,,0,rojo,,5.4,50.0,0,0.0
2025-03-01,icd2019-9144,ishikawa - pastillas de freno,11.0,,0,rojo,,6.53,100.0,0,0.0
2025-04-01,icd2031,ishikawa - pastillas de freno,115.0,,0,rojo,,5.2,200.0,0,0.0
2024-07-01,48381,narva,139.0,,0,verde,0.0,1.6672342787265777,600.0,0,0.0
2025-03-01,sk-611,ito koyama - palieres,107.0,,0,rojo,,7.0,100.0,0,0.0
2025-03-01,sk-621,ito koyama - palieres,23.0,,0,rojo,,6.5,100.0,0,0.0
2024-10-01,w-914/28,mann - brasil,28.0,,0,verde,0.0,4.69310188293457,30.0,0,0.0
2025-02-01,bdd206,ishikawa - discos de freno,2.0,,0,rojo,,6.088,50.0,0,0.0
2025-03-01,bdd207,ishikawa - discos de freno,38.0,,0,rojo,,6.1,100.0,0,0.0
2025-03-01,bdd226,ishikawa - discos de freno,8.0,,0,rojo,,9.0,50.0,0,0.0
2025-03-01,bdd240,ishikawa - discos de freno,366.0,,0,rojo,,6.65,500.0,0,0.0
2025-03-01,bdd242,ishikawa - discos de freno,0.0,,0,rojo,,7.71,50.0,50,385.5
2024-12-01,bdw001,ito koyama - bocamazas,0.0,,0,rojo,11.049479166666666,4.57,100.0,100,457.0
2025-03-01,bf5000m3,prestone - mexico,2934.0,,0,rojo,,1.52,3888.0,0,0.0
2025-02-01,c-30880/2,mann - brasil,19.0,,0,rojo,,50.88,30.0,0,0.0
2025-02-01,bhy010,ito koyama - bocamazas,37.0,,0,rojo,,15.13,40.0,0,0.0
2025-02-01,bki004,ito koyama - bocamazas,8.0,,0,rojo,,18.91,30.0,0,0.0
2025-02-01,bmi001,ito koyama - bocamazas,0.0,,0,rojo,,16.64,40.0,50,832.0
2025-03-01,bto006,ito koyama - bocamazas,35.0,,0,rojo,,4.42,80.0,0,0.0
2023-01-01,468132-0000,garrett - brasil,0.0,,0,rojo,0.0,27.1,157.0,50,1355.0
2024-08-01,48001,narva,0.0,,0,rojo,62.1875,1.8233315279483795,300.0,300,546.9994583845139
2025-03-01,hy-620a,ito koyama - palieres,236.0,,0,rojo,,7.1,300.0,0,0.0
2025-03-01,hy-630,ito koyama - palieres,183.0,,0,rojo,,7.4,200.0,0,0.0
2025-03-01,w7multi-3/4-s,mann - brasil,46.0,,0,rojo,,4.17,60.0,0,0.0
2025-03-01,wa9-multi-16,mann - brasil,268.0,,0,rojo,,7.92,60.0,0,0.0
2025-03-01,wc-57020,sakura filter,87.0,0.0,0,rojo,,5.69,132.0,0,0.0
2024-10-01,48051,narva,120.0,,0,verde,0.0,1.6538830429315567,100.0,0,0.0
2025-03-01,o-1808,sakura filter,8.0,,0,rojo,,2.71,50.0,0,0.0
2025-03-01,bto022,ito koyama - bocamazas,5.0,,0,rojo,,14.57,70.0,0,0.0
2025-03-01,bto023,ito koyama - bocamazas,20.0,,0,rojo,,16.64,40.0,0,0.0
2022-08-01,tis-166,toyo - japon,0.0,,0,rojo,0.0,8.869705246761441,60.0,50,443.48526233807206
2025-04-01,bz0001,ishikawa - zapatas de freno,221.0,,0,rojo,,7.53,120.0,0,0.0
2025-04-01,bz0004,ishikawa - zapatas de freno,321.0,,0,rojo,,2.43,500.0,0,0.0
2025-04-01,bz0007,ishikawa - zapatas de freno,679.0,,0,rojo,,2.73,1000.0,0,0.0
2025-03-01,bz0008,ishikawa - zapatas de freno,748.0,,0,rojo,,2.73,1000.0,0,0.0
2025-03-01,bz0009,ishikawa - zapatas de freno,238.0,,0,rojo,,4.85,300.0,0,0.0
2025-02-01,3461-7006skr,sakura - radiadores,0.0,,0,rojo,,22.3,54.0,50,1115.0
2024-09-01,icd1736,ishikawa - pastillas de freno,0.0,,0,rojo,0.0,8.26,100.0,50,413.0
2025-01-01,icd1737,ishikawa - pastillas de freno,0.0,,0,rojo,,4.57,50.0,50,228.5
2025-04-01,icd1759,ishikawa - pastillas de freno,187.0,,0,rojo,,4.67,200.0,0,0.0
2025-03-01,icd1830,ishikawa - pastillas de freno,202.0,,0,rojo,,3.46,400.0,0,0.0
2024-01-01,40298960,ks - brasil,0.0,,0,rojo,0.0,109.88,100.0,50,5494.0
2024-04-01,41163089,monark - alemania,0.0,,0,rojo,0.0,,,50,
2022-01-01,46468060,monark - alemania,0.0,,0,rojo,0.0,,,50,
2025-03-01,333425,ito koyama - amortiguadores,0.0,,0,rojo,,11.1,54.0,50,555.0
2025-03-01,333426,ito koyama - amortiguadores,62.0,,0,rojo,,11.8,90.0,0,0.0
2025-02-01,338737,ito koyama - amortiguadores,0.0,,0,rojo,,10.8,203.0,50,540.0
2025-02-01,t1227,ito koyama - trapecios,0.0,,0,rojo,,9.57,40.0,50,478.5
2025-03-01,t1228,ito koyama - trapecios,3.0,,0,rojo,,9.855,20.0,0,0.0
2025-03-01,t1229,ito koyama - trapecios,9.0,,0,rojo,,9.855,20.0,0,0.0
2024-10-01,c-27154/1,mann - brasil,162.0,,0,verde,0.0,6.572310162782669,60.0,0,0.0
2025-03-01,bz0011,ishikawa - zapatas de freno,186.0,,0,rojo,,2.73,500.0,0,0.0
2025-04-01,bz0012,ishikawa - zapatas de freno,731.0,,0,rojo,,4.26,1000.0,0,0.0
2025-03-01,bz0013,ishikawa - zapatas de freno,94.0,,0,rojo,,2.73,200.0,0,0.0
2025-03-01,bz0014,ishikawa - zapatas de freno,36.0,,0,rojo,,3.83,100.0,0,0.0
2025-01-01,bz0015,ishikawa - zapatas de freno,0.0,,0,rojo,,4.42,100.0,50,221.0
2025-03-01,bz0017,ishikawa - zapatas de freno,3.0,,0,rojo,,4.13,100.0,0,0.0
2025-04-01,bz0018,ishikawa - zapatas de freno,87.0,,0,rojo,,2.36,100.0,0,0.0
2025-03-01,bz0019,ishikawa - zapatas de freno,1.0,,0,rojo,,5.9,100.0,0,0.0
2024-12-01,bz0020,ishikawa - zapatas de freno,0.0,,0,rojo,0.0,4.42,100.0,50,221.0
2025-01-01,bz0021,ishikawa - zapatas de freno,0.0,,0,rojo,,4.42,100.0,50,221.0
2025-03-01,bz0022,ishikawa - zapatas de freno,23.0,,0,rojo,,4.42,100.0,0,0.0
2022-03-01,2.91E+12,vdo - brasil,0.0,,0,rojo,0.0,,,50,
2025-03-01,20313aa100,ito koyama - amortiguadores,9.0,,0,rojo,,11.8,56.0,0,0.0
2024-03-01,27060-0l150,enertech - encendido,0.0,,0,rojo,0.0,87.98,60.0,50,4399.0
2024-08-01,33232,wix filters,0.0,,0,rojo,0.0,11.66,102.0,50,583.0
2024-01-01,33338,wix filters,0.0,,0,rojo,0.0,4.78,204.0,50,239.0
2025-01-01,c-20118,mann - brasil,6.0,,0,rojo,,39.0022476196289,30.0,0,0.0
2025-04-01,c-20168,mann - brasil,8.0,,0,rojo,,39.92,30.0,0,0.0
2024-06-01,c-20325/2,mann - brasil,0.0,,0,rojo,4.78125,15.55,100.0,50,777.5
2025-01-01,ni-924,ito koyama - palieres,55.0,,0,rojo,,27.2,50.0,0,0.0
2025-03-01,ni-981,ito koyama - palieres,33.0,,0,rojo,,29.0,50.0,0,0.0
2024-04-01,nsk-h1380/28,nachi - koyo - ntn - nsk - japon,0.0,,0,rojo,0.0,4.8,50.0,50,240.0
2023-08-01,ntn-4t-29685/20,nachi - koyo - ntn - nsk - japon,0.0,,0,rojo,0.0,9.5,300.0,50,475.0
2023-02-01,ntn-6207lluc3,nachi - koyo - ntn - nsk - japon,0.0,,0,rojo,0.0,4.25,100.0,50,212.5
2023-11-01,ntn-l44649/10,nachi - koyo - ntn - nsk - japon,0.0,,0,rojo,0.0,2.75,120.0,50,137.5
2023-05-01,ntn-lm11949/10,nachi - koyo - ntn - nsk - japon,0.0,,0,rojo,0.0,2.77,150.0,50,138.5
2022-04-01,sk17,sin definicion,0.0,,0,rojo,,0.88,500.0,50,44.0
2022-05-01,sk20,sin definicion,0.0,,0,rojo,,1.14,300.0,50,56.99999999999999
2025-02-01,ef-5101,sakura filter,169.0,,0,rojo,,6.77,120.0,0,0.0
2025-04-01,a-5604-s,sakura filter,71.0,,0,rojo,,18.04,36.0,0,0.0
2025-02-01,553000x100,ito koyama - amortiguadores,41.0,,0,rojo,,5.8,100.0,0,0.0
2025-03-01,a-1402,sakura filter,107.0,100.0,0,rojo,,2.25,100.0,0,0.0
2025-03-01,dt205/70r15c,deestone,55.0,,0,rojo,,36.91,80.0,0,0.0
2025-02-01,h-8301,sakura filter,182.0,,0,rojo,,1.45,100.0,0,0.0
2025-03-01,mi002,ito koyama - resortes,0.0,,0,rojo,,5.2,80.0,50,260.0
2025-03-01,41800-m68k00,ito koyama - amortiguadores,183.0,,0,rojo,,6.1,100.0,0,0.0
2025-03-01,ca-31060,sakura filter,0.0,,0,rojo,,2.42,80.0,50,121.0
2025-03-01,afc11000/1f,prestone - usa,69.0,,0,rojo,,12.12,882.0,0,0.0
2025-03-01,afc10100mb-m2,prestone - mexico,56.0,,0,rojo,,28.83,160.0,0,0.0
2025-02-01,56110-s9026,ito koyama - amortiguadores,104.0,,0,rojo,,5.9,50.0,0,0.0
2025-03-01,bdd152,ishikawa - discos de freno,0.0,,0,rojo,,9.65,50.0,50,482.5
2025-03-01,bdd017,ishikawa - discos de freno,24.0,,0,rojo,,10.94,80.0,0,0.0
2025-03-01,a-72070,sakura filter,451.0,,0,rojo,,17.79,12.0,0,0.0
2025-02-01,mwmwc1423,wagner - pastillas,17.0,,0,rojo,,12.2,40.0,0,0.0
2025-02-01,a-39010,sakura filter,350.0,,0,rojo,,2.38,20.0,0,0.0
2024-11-01,icd1193,ishikawa - pastillas de freno,0.0,,0,rojo,0.0,3.5,100.0,50,175.0
2025-03-01,eo-5101,sakura filter,75.0,,0,rojo,,7.11,100.0,0,0.0
2025-03-01,t1128,ito koyama - trapecios,33.0,,0,rojo,,14.78,40.0,0,0.0
2025-03-01,icd1216,ishikawa - pastillas de freno,76.0,,0,rojo,,2.69,100.0,0,0.0
2025-02-01,icd1156,ishikawa - pastillas de freno,0.0,,0,rojo,,4.71,100.0,50,235.5
2025-04-01,a-38120-s,sakura filter,231.0,,0,rojo,,27.27,62.0,0,0.0
2025-03-01,icd1676,ishikawa - pastillas de freno,633.0,,0,rojo,,6.59,600.0,0,0.0
2025-03-01,bdd028,ishikawa - discos de freno,0.0,,0,rojo,,7.46,50.0,50,373.0
2025-04-01,a-1841-s,sakura filter,316.0,184.0,0,rojo,,18.84,100.0,0,0.0
2024-06-01,24569,versachem - usa,0.0,,0,rojo,35.99769592285156,2.96,210.0,50,148.0
2025-01-01,884527,valvoline - usa,451.0,,0,rojo,,4.988333,252.0,0,0.0
2025-04-01,a-19890,sakura filter,212.0,,0,rojo,,3.39,20.0,0,0.0
2025-03-01,bdd087,ishikawa - discos de freno,14.0,,0,rojo,,15.06,50.0,0,0.0
2025-03-01,mz005,ito koyama - resortes,35.0,,0,rojo,,7.7,64.0,0,0.0
2025-02-01,bch001,ito koyama - bocamazas,23.0,,0,rojo,,3.93,50.0,0,0.0
2025-04-01,sk005,ito koyama - resortes,38.0,,0,rojo,,3.75,120.0,0,0.0
2025-03-01,rov1030sn5500,rover - usa,11.0,,0,rojo,,339.0,44.0,0,0.0
2024-10-01,a-5555-s,sakura filter,0.0,,0,rojo,4.752604166666667,20.0,75.0,50,1000.0
2025-03-01,55300-2k000,ito koyama - amortiguadores,62.0,,0,rojo,,5.71,100.0,0,0.0
2024-09-01,bdd063,ishikawa - discos de freno,0.0,,0,rojo,5.59375,13.47,50.0,50,673.5
2025-03-01,to-720,ito koyama - palieres,0.0,,0,rojo,,10.1,50.0,50,505.0
2025-03-01,bdd086,ishikawa - discos de freno,18.0,,0,rojo,,7.15,50.0,0,0.0
2024-06-01,82966090,monark - alemania,0.0,,0,rojo,21.67724609375,7.310592613220215,600.0,100,731.0592613220215
2024-10-01,cf-1000,mann - brasil,0.0,,0,rojo,0.705286322549,10.17,60.0,50,508.5
2025-03-01,a-1074,sakura filter,36.0,,0,rojo,,1.57,100.0,0,0.0
2025-03-01,a-1079,sakura filter,43.0,0.0,0,rojo,,1.82,20.0,0,0.0
2025-03-01,bch004,ito koyama - bocamazas,182.0,,0,rojo,,5.31,80.0,0,0.0
2025-03-01,ex55307s1000,ito koyama - amortiguadores,60.0,,0,rojo,,6.6,100.0,0,0.0
2022-10-01,87229620,ks - alemania,0.0,,0,rojo,5.0,29.91640011072159,32.0,50,1495.8200055360794
2025-04-01,ca-2807,sakura filter,589.0,520.0,0,rojo,,1.1,740.0,0,0.0
2025-03-01,wk-1030,mann - brasil,45.0,,0,rojo,,9.84,174.0,0,0.0
2025-03-01,icd1661,ishikawa - pastillas de freno,0.0,,0,rojo,,3.6,200.0,50,180.0
2025-04-01,c-281012,mann - brasil,34.0,,0,rojo,,35.04,150.0,0,0.0
2025-03-01,bto008,ito koyama - bocamazas,91.0,,0,rojo,,12.3,100.0,0,0.0
2025-03-01,hy034,ito koyama - resortes,0.0,,0,rojo,,5.8,80.0,50,290.0
2025-03-01,a-25440,sakura filter,237.0,,0,rojo,,1.73,20.0,0,0.0
2024-06-01,1427,spaco - italia,0.0,,0,rojo,92.70701236421543,,,400,
2024-11-01,t1135,ito koyama - trapecios,0.0,,0,rojo,7.491954803466797,11.30425,40.0,50,565.2125
2024-12-01,89546-0k240,enertech - encendido,0.0,,0,rojo,8.75571916438043,8.76,140.0,50,438.0
2025-03-01,a-5549-s,sakura filter,429.0,343.0,0,rojo,,15.35,232.0,0,0.0
2025-03-01,eo-31100,sakura filter,10.0,0.0,0,rojo,,1.32,50.0,0,0.0
2025-03-01,t1064,ito koyama - trapecios,19.0,,0,rojo,,10.72,40.0,0,0.0
2025-03-01,a-71160,sakura filter,29.0,,0,rojo,,17.02,60.0,0,0.0
2025-03-01,icd1883,ishikawa - pastillas de freno,132.0,,0,rojo,,3.27,200.0,0,0.0
2024-11-01,w16fp-u,denso - bujias - japon,0.0,,0,rojo,34.25,0.89,96.0,150,133.5
2025-03-01,tmi002,ito koyama - direccion,35.0,,0,rojo,,2.506799,92.0,0,0.0
2022-10-01,50006610,ks - alemania,0.0,,0,rojo,42.0,8.048407524824142,192.0,200,1609.6815049648285
2025-03-01,48510-bz750,ito koyama - amortiguadores,115.0,,0,rojo,,10.2,150.0,0,0.0
2025-03-01,ca-65210,sakura filter,189.0,0.0,0,rojo,,2.23,100.0,0,0.0
2025-04-01,mi001,ito koyama - resortes,0.0,,0,rojo,,4.36,56.0,50,218.00000000000003
2025-03-01,icd1729,ishikawa - pastillas de freno,45.0,,0,rojo,,2.9,100.0,0,0.0
2025-03-01,ds001,ito koyama - resortes,0.0,,0,rojo,,4.9,80.0,50,245.00000000000003
2025-03-01,icd510,ishikawa - pastillas de freno,0.0,,0,rojo,,3.52,400.0,50,176.0
2025-02-01,sdhd-495,seco - embragues,23.0,,0,rojo,,26.33,80.0,0,0.0
2025-03-01,dtt205/45zr17,deestone,47.0,,0,rojo,,27.69,60.0,0,0.0
2025-03-01,c-5816,sakura filter,215.0,348.0,0,rojo,,4.71,24.0,0,0.0
2025-03-01,eo-66010,sakura filter,155.0,,0,rojo,,1.2,50.0,0,0.0
2025-03-01,bdd027,ishikawa - discos de freno,16.0,,0,rojo,,10.07,50.0,0,0.0
2025-02-01,cac-18360,sakura filter,123.0,,0,rojo,,2.2,200.0,0,0.0
2025-03-01,tki004,ito koyama - direccion,40.0,,0,rojo,,2.785325,100.0,0,0.0
2025-04-01,a-3306,sakura filter,407.0,,0,rojo,,2.37,200.0,0,0.0
2025-03-01,ehy008,ito koyama - direccion,252.0,,0,rojo,,1.53195,298.0,0,0.0
2025-03-01,333605,ito koyama - amortiguadores,8.0,,0,rojo,,11.2,48.0,0,0.0
2025-03-01,i-polos,sin definicion,0.0,,0,rojo,,25.568779750328833,400.0,50,1278.4389875164416
2024-09-01,scgm-570,seco - embragues,0.0,,0,rojo,23.74367332458496,15.88,50.0,100,1588.0
2024-12-01,as-6204-2rs,nas - pfi - zkl - mba,1025.0,,0,verde,0.0,0.52,1500.0,0,0.0
2024-11-01,tto024,ito koyama - direccion,0.0,,0,rojo,8.786458333333334,3.25,160.0,100,325.0
2025-02-01,hy-013,ito koyama - palieres,0.0,,0,rojo,,7.1,100.0,50,355.0
2025-03-01,bdd025,ishikawa - discos de freno,0.0,,0,rojo,,7.8,100.0,50,390.0
2025-03-01,a-89080,sakura filter,50.0,,0,rojo,,1.8,60.0,0,0.0
2025-04-01,dt-611u,aisin - japon,229.0,,0,rojo,,19.24,100.0,0,0.0
2025-03-01,w-1168/5,mann - brasil,12.0,,0,rojo,,9.22,204.0,0,0.0
2025-01-01,scki-459,seco - embragues,0.0,,0,rojo,0.0,18.51,200.0,50,925.5000000000001
2025-03-01,t1069,ito koyama - trapecios,25.0,,0,rojo,,3.9,300.0,0,0.0
2025-02-01,sfc-7912-10b,sakura filter,58.0,,0,rojo,,7.8,120.0,0,0.0
2025-03-01,op-707,ito koyama - palieres,45.0,,0,rojo,,8.6,150.0,0,0.0
2025-03-01,bdd021,ishikawa - discos de freno,0.0,,0,rojo,,13.1,200.0,50,655.0
2025-03-01,a-5597,sakura filter,204.0,0.0,0,rojo,,2.61,160.0,0,0.0
2023-11-01,dp12.00r20,deruibo,0.0,,0,rojo,30.613012811702276,162.8,80.0,150,24420.0
2025-03-01,ahy004,ito koyama - direccion,78.0,,0,rojo,,2.0,120.0,0,0.0
2025-03-01,ca-18200,sakura filter,119.0,,0,rojo,,1.22,100.0,0,0.0
2025-03-01,as-6116-s,sakura filter,135.0,,0,rojo,,9.66,2.0,0,0.0
2024-10-01,87077070,monark - alemania,0.0,,0,rojo,7.449652777777778,,,50,
2025-03-01,f-1303,sakura filter,172.0,,0,rojo,,0.89,100.0,0,0.0
2025-04-01,sk006,ito koyama - resortes,138.0,,0,rojo,,5.35,104.0,0,0.0
2025-03-01,a-17900,sakura filter,59.0,100.0,0,rojo,,2.82,100.0,0,0.0
2025-04-01,icd1225,ishikawa - pastillas de freno,275.0,,0,rojo,,3.51,200.0,0,0.0
2025-02-01,a-71590,sakura filter,62.0,,0,rojo,,20.64,100.0,0,0.0
2024-10-01,dt165r13c,deestone,0.0,,0,rojo,16.157444,23.67,140.0,100,2367.0
2025-03-01,48072,narva,100.0,,0,rojo,,60.123707843933865,400.0,0,0.0
2024-12-01,89545-0k240,enertech - encendido,0.0,,0,rojo,9.498238883173297,8.76,140.0,100,876.0
2025-04-01,c-1815,sakura filter,195.0,,0,rojo,,1.64,200.0,0,0.0
2025-03-01,mz-008,ito koyama - palieres,0.0,,0,rojo,,6.8,50.0,50,340.0
2025-03-01,icd537,ishikawa - pastillas de freno,0.0,,0,rojo,,3.3,50.0,50,165.0
2025-03-01,cf-500/1,mann - brasil,0.0,,0,rojo,,10.48,60.0,50,524.0
2025-03-01,sfc-79150,sakura filter,383.0,,0,rojo,,13.65,54.0,0,0.0
2025-03-01,k009,ito koyama - resortes,154.0,,0,rojo,,7.4,56.0,0,0.0
2025-04-01,hy048,ito koyama - resortes,18.0,,0,rojo,,6.8,80.0,0,0.0
2024-10-01,c-17225/3,mann - brasil,0.0,,0,rojo,6.640625,16.414992928504944,30.0,50,820.7496464252472
2025-04-01,c-1534,sakura filter,1331.0,0.0,0,rojo,,4.21,3000.0,0,0.0
2025-03-01,op-501,ito koyama - palieres,47.0,,0,rojo,,7.15,80.0,0,0.0
2025-03-01,hy027,ito koyama - resortes,366.0,,0,rojo,,4.95,504.0,0,0.0
2025-03-01,k005,ito koyama - resortes,190.0,,0,rojo,,6.3,104.0,0,0.0
2024-08-01,tni004,ito koyama - direccion,39.0,,0,verde,0.0,2.9,100.0,0,0.0
2025-01-01,mwmwd430,wagner - pastillas,3.0,,0,rojo,,10.4,20.0,0,0.0
2024-07-01,thy017,ito koyama - direccion,0.0,,0,rojo,3.8733950379779416,3.19,240.0,50,159.5
2024-06-01,tto025,ito koyama - direccion,0.0,,0,rojo,9.572916666666666,3.25,160.0,100,325.0
2025-03-01,c-1004,sakura filter,96.0,0.0,0,rojo,,2.61,150.0,0,0.0
2025-03-01,55350-25050,ito koyama - amortiguadores,30.0,,0,rojo,,10.1,60.0,0,0.0
2025-03-01,ety013,ito koyama - direccion,138.0,,0,rojo,,1.531924,198.0,0,0.0
2025-03-01,a-3312,sakura filter,108.0,0.0,0,rojo,,2.93,100.0,0,0.0
2025-03-01,wk-950/14,mann - brasil,45.0,,0,rojo,,10.34,210.0,0,0.0
2025-02-01,4060a065,ito koyama - amortiguadores,43.0,,0,rojo,,11.0,48.0,0,0.0
2024-10-01,dpm12.00r20,deruibo,0.0,,0,rojo,37.84452160493827,163.0,60.0,200,32600.0
2025-03-01,hy-822,ito koyama - palieres,22.0,,0,rojo,,7.5,50.0,0,0.0
2025-03-01,48510-20010,ito koyama - amortiguadores,119.0,,0,rojo,,7.4,99.0,0,0.0
2025-04-01,c-5704,sakura filter,15.0,,0,rojo,,2.39,60.0,0,0.0
2025-03-01,cac-19960,sakura filter,34.0,,0,rojo,,2.93,20.0,0,0.0
2024-12-01,c-27902,mann - brasil,0.0,,0,rojo,15.390625,20.91,60.0,100,2091.0
2025-03-01,sdhd-484,seco - embragues,173.0,,0,rojo,,17.55,350.0,0,0.0
2025-03-01,t1096,ito koyama - trapecios,10.0,,0,rojo,,10.145,60.0,0,0.0
2025-03-01,2901410u8010,ito koyama - amortiguadores,38.0,,0,rojo,,9.4,48.0,0,0.0
2025-03-01,sfc-89010,sakura filter,242.0,108.0,0,rojo,,13.33,120.0,0,0.0
2025-03-01,t030,ito koyama - resortes,190.0,,0,rojo,,4.6,104.0,0,0.0
2025-03-01,ho-017,ito koyama - palieres,53.0,,0,rojo,,7.14,50.0,0,0.0
2025-01-01,a-38012,sakura filter,185.0,,0,rojo,,2.53,100.0,0,0.0
2025-03-01,e6200-eb71a,ito koyama - amortiguadores,70.0,,0,rojo,,6.7,50.0,0,0.0
2025-04-01,dtx-146,aisin - japon,0.0,,0,rojo,,53.05,200.0,50,2652.5
2025-03-01,ani003,ito koyama - direccion,396.0,,0,rojo,,2.297905,200.0,0,0.0
2025-03-01,ef-13090,sakura filter,137.0,0.0,0,rojo,,2.95,100.0,0,0.0
2025-02-01,t1046,ito koyama - trapecios,47.0,,0,rojo,,10.43,80.0,0,0.0
2025-03-01,a-1169,sakura filter,39.0,100.0,0,rojo,,4.8,100.0,0,0.0
2025-04-01,54303-54y00,ito koyama - amortiguadores,199.0,,0,rojo,,9.9,228.0,0,0.0
2025-03-01,sfc-79140-30,sakura filter,95.0,0.0,0,rojo,,6.81,132.0,0,0.0
2025-04-01,55300-1m300,ito koyama - amortiguadores,191.0,,0,rojo,,8.0,200.0,0,0.0
2025-03-01,55310-c7200,ito koyama - amortiguadores,261.0,,0,rojo,,6.4,198.0,0,0.0
2025-03-01,a-58300,sakura filter,13.0,,0,rojo,,2.26,60.0,0,0.0
2025-03-01,a-31070,sakura filter,216.0,200.0,0,rojo,,3.2,200.0,0,0.0
2025-04-01,t014,ito koyama - resortes,776.0,,0,rojo,,4.75,800.0,0,0.0
2025-03-01,a-1088,sakura filter,0.0,600.0,0,rojo,,7.12,300.0,0,0.0
2025-03-01,a-22500,sakura filter,137.0,,0,rojo,,2.88,100.0,0,0.0
2025-03-01,a-6227-s,sakura filter,436.0,,0,rojo,,3.2,96.0,0,0.0
2025-01-01,re-010,ito koyama - palieres,89.0,,0,rojo,,9.9,300.0,0,0.0
2025-02-01,icd1258,ishikawa - pastillas de freno,0.0,,0,rojo,,5.4,100.0,50,270.0
2025-04-01,cf-400/1,mann - brasil,58.0,,0,rojo,,9.29,210.0,0,0.0
2025-03-01,eo-29050,sakura filter,408.0,150.0,0,rojo,,1.25,300.0,0,0.0
2025-02-01,ex54651s1002,ito koyama - amortiguadores,0.0,,0,rojo,,13.0,54.0,50,650.0
2025-03-01,scki-339,seco - embragues,855.0,,0,rojo,,9.51,1500.0,0,0.0
2025-03-01,t1125,ito koyama - trapecios,6.0,,0,rojo,,11.30425,40.0,0,0.0
2025-01-01,t1120,ito koyama - trapecios,28.0,,0,rojo,,8.1,40.0,0,0.0
2024-12-01,89542-0k060,enertech - encendido,0.0,,0,rojo,11.0,8.76,140.0,100,876.0
2025-03-01,a-33410,sakura filter,227.0,0.0,0,rojo,,3.17,400.0,0,0.0
2025-02-01,s-franelas,sin definicion,0.0,,0,rojo,,7.503743669254253,1000.0,50,375.18718346271265
2025-03-01,a-1409,sakura filter,74.0,,0,rojo,,2.77,80.0,0,0.0
2025-03-01,tch003,ito koyama - direccion,185.0,,0,rojo,,2.506792,200.0,0,0.0
2025-03-01,ni-047,ito koyama - palieres,67.0,,0,rojo,,8.3,100.0,0,0.0
2025-03-01,icd1036,ishikawa - pastillas de freno,33.0,,0,rojo,,3.1,100.0,0,0.0
2025-03-01,sfc-5301-10b,sakura filter,218.0,,0,rojo,,13.65,24.0,0,0.0
2025-03-01,tni007,ito koyama - direccion,80.0,,0,rojo,,1.949777,100.0,0,0.0
2025-03-01,sk008,ito koyama - resortes,348.0,,0,rojo,,3.95,120.0,0,0.0
2025-02-01,a-2936,sakura filter,94.0,,0,rojo,,3.32,40.0,0,0.0
2025-03-01,k16r-u,denso - bujias - japon,34.0,,0,rojo,,0.99,384.0,0,0.0
2025-03-01,ahy005,ito koyama - direccion,172.0,,0,rojo,,2.158614,200.0,0,0.0
2025-04-01,ca-28380,sakura filter,299.0,,0,rojo,,1.1,200.0,0,0.0
2024-09-01,tto015,ito koyama - direccion,0.0,,0,rojo,19.80378246480138,3.0,100.0,150,450.0
2025-01-01,wk-940/26,mann - brasil,0.0,,0,rojo,,23.07,60.0,50,1153.5
2025-03-01,ch005,ito koyama - resortes,14.0,,0,rojo,,4.0,80.0,0,0.0
2025-03-01,a-33450,sakura filter,693.0,,0,rojo,,3.95,600.0,0,0.0
2025-04-01,c-5102,sakura filter,29.0,,0,rojo,,2.6,75.0,0,0.0
2025-02-01,c-5001,sakura filter,51.0,,0,rojo,,3.77,48.0,0,0.0
2025-03-01,esu001,ito koyama - direccion,368.0,,0,rojo,,1.531943,500.0,0,0.0
2025-03-01,333604,ito koyama - amortiguadores,11.0,,0,rojo,,11.2,48.0,0,0.0
2025-03-01,a-4212-s,sakura filter,267.0,,0,rojo,,7.52,88.0,0,0.0
2025-03-01,18058,narva,171.0,,0,rojo,,16.436042238301873,504.0,0,0.0
2025-03-01,sfc-55240,sakura filter,129.0,0.0,0,rojo,,12.09,84.0,0,0.0
2025-03-01,c-1717,sakura filter,136.0,156.0,0,rojo,,2.5,204.0,0,0.0
2025-03-01,a-44200,sakura filter,27.0,,0,rojo,,4.84,80.0,0,0.0
2025-03-01,tto031,ito koyama - direccion,188.0,,0,rojo,,2.646083,200.0,0,0.0
2025-03-01,t1105,ito koyama - trapecios,50.0,,0,rojo,,16.7,100.0,0,0.0
2025-03-01,fs-2904,sakura filter,32.0,,0,rojo,,2.38,140.0,0,0.0
2025-03-01,bdd058,ishikawa - discos de freno,40.0,,0,rojo,,8.3,50.0,0,0.0
2025-03-01,cf-1552,mann - brasil,20.0,,0,rojo,,7.77,60.0,0,0.0
2025-03-01,fxe20hr11,denso - bujias - japon,234.0,,0,rojo,,11.09,192.0,0,0.0
2024-04-01,g15405500,valvoline,5.0,,0,verde,2.2777777777777777,564.17,4.0,50,28208.499999999996
2024-10-01,ptracto500usr,prextoline - usa,0.0,,0,rojo,34.16403999724661,25.99,240.0,150,3898.4999999999995
2025-03-01,ef-11110,sakura filter,19.0,,0,rojo,,3.39,50.0,0,0.0
2025-03-01,ch009,ito koyama - resortes,80.0,,0,rojo,,4.9,120.0,0,0.0
2025-03-01,t040,ito koyama - resortes,202.0,,0,rojo,,5.5,280.0,0,0.0
2025-03-01,41601-59j10,ito koyama - amortiguadores,18.0,,0,rojo,,10.6,48.0,0,0.0
2025-04-01,fc-28011,sakura filter,1194.0,504.0,0,rojo,,3.05,336.0,0,0.0
2025-03-01,aty001,ito koyama - direccion,276.0,,0,rojo,,2.297922,300.0,0,0.0
2025-03-01,726680404l,ito koyama - amortiguadores,92.0,,0,rojo,,10.8,72.0,0,0.0
2025-03-01,726680404r,ito koyama - amortiguadores,92.0,,0,rojo,,10.8,72.0,0,0.0
2025-04-01,a-1126-s,sakura filter,2760.0,,0,rojo,,4.45,76.0,0,0.0
2025-04-01,ca-1103,sakura filter,366.0,,0,rojo,,1.15,20.0,0,0.0
2025-03-01,bdd015,ishikawa - discos de freno,4.0,,0,rojo,,13.81,50.0,0,0.0
2023-09-01,14606,spaco - italia,0.0,,0,rojo,23.953125,8.535537421703339,200.0,150,1280.3306132555008
2025-04-01,f-13140,sakura filter,337.0,300.0,0,rojo,,5.0,300.0,0,0.0
2025-03-01,to-2880,ito koyama - palieres,78.0,,0,rojo,,10.2,300.0,0,0.0
2025-01-01,48991,narva,0.0,,0,rojo,0.0,2.9137098019480705,2000.0,100,291.37098019480703
2025-04-01,n002,ito koyama - resortes,184.0,,0,rojo,,6.6,104.0,0,0.0
2025-03-01,ca-89060,sakura filter,102.0,,0,rojo,,2.25,220.0,0,0.0
2025-03-01,eo-30180,sakura filter,15.0,,0,rojo,,1.02,200.0,0,0.0
2025-04-01,wk-723,mann - brasil,701.0,,0,rojo,,4.07,1200.0,0,0.0
2025-03-01,a-38050-s,sakura filter,83.0,0.0,0,rojo,,23.83,36.0,0,0.0
2025-04-01,a-6304-s,sakura filter,601.0,284.0,0,rojo,,16.77,188.0,0,0.0
2025-02-01,c-1019,sakura filter,124.0,,0,rojo,,3.18,100.0,0,0.0
2025-04-01,c-1025,sakura filter,804.0,,0,rojo,,2.27,288.0,0,0.0
2025-03-01,cmt-055,aisin - japon,56.0,,0,rojo,,18.34,64.0,0,0.0
2025-03-01,a-1623,sakura filter,38.0,,0,rojo,,2.89,60.0,0,0.0
2025-04-01,a-1429,sakura filter,5.0,100.0,0,rojo,,2.51,200.0,0,0.0
2025-03-01,ch004,ito koyama - resortes,32.0,,0,rojo,,4.2,80.0,0,0.0
2025-02-01,icd0002,ishikawa - pastillas de freno,0.0,,0,rojo,,3.81,100.0,50,190.5
2024-06-01,tb-1374x,sin definicion,0.0,,0,rojo,,15.152820947170259,300.0,50,757.641047358513
2025-03-01,ehy003,ito koyama - direccion,160.0,,0,rojo,,1.531924,198.0,0,0.0
2025-03-01,icd1275,ishikawa - pastillas de freno,73.0,,0,rojo,,3.86,100.0,0,0.0
2025-03-01,by-002,ito koyama - palieres,180.0,,0,rojo,,8.1,200.0,0,0.0
2025-03-01,96407822,ito koyama - amortiguadores,23.0,,0,rojo,,10.85,52.0,0,0.0
2025-03-01,a-2921,sakura filter,50.0,,0,rojo,,3.09,20.0,0,0.0
2025-03-01,c-1302,sakura filter,848.0,,0,rojo,,2.99,744.0,0,0.0
2025-02-01,bto014,ito koyama - bocamazas,0.0,,0,rojo,,12.6,100.0,50,630.0
2025-03-01,a-1108,sakura filter,40.0,,0,rojo,,3.36,36.0,0,0.0
2025-03-01,54302-50a00,ito koyama - amortiguadores,19.0,,0,rojo,,9.5,102.0,0,0.0
2025-03-01,as-8547,sakura filter,225.0,,0,rojo,,4.69,84.0,0,0.0
2025-03-01,bf6000ml,prestone - mexico,1.0,,0,rojo,,4.75,120.0,50,237.5
2025-04-01,ca-28330,sakura filter,586.0,0.0,0,rojo,,1.3,100.0,0,0.0
2025-04-01,fc-5704,sakura filter,158.0,0.0,0,rojo,,1.65,200.0,0,0.0
2025-04-01,ca-18190,sakura filter,192.0,,0,rojo,,1.27,200.0,0,0.0
2025-03-01,bdd136,ishikawa - discos de freno,22.0,,0,rojo,,6.63,50.0,0,0.0
2025-03-01,561103j200,ito koyama - amortiguadores,130.0,,0,rojo,,7.9,192.0,0,0.0
2023-09-01,ety011,ito koyama - direccion,0.0,,0,rojo,11.219802000000001,2.02,210.0,100,202.0
2025-03-01,t1086,ito koyama - trapecios,320.0,,0,rojo,,23.8,308.0,0,0.0
2023-12-01,sm008,ito koyama - torretas,0.0,,0,rojo,12.098111711248286,4.41,100.0,100,441.0
2025-03-01,icd602,ishikawa - pastillas de freno,9.0,,0,rojo,,3.3,100.0,0,0.0
2025-03-01,ctx-084,aisin - japon,47.0,,0,rojo,,39.81,60.0,0,0.0
2025-03-01,a-28640,sakura filter,353.0,500.0,0,rojo,,1.4,20.0,0,0.0
2025-03-01,ch010,ito koyama - resortes,92.0,,0,rojo,,4.25,200.0,0,0.0
2025-03-01,eo-2621,sakura filter,63.0,0.0,0,rojo,,5.28,96.0,0,0.0
2025-03-01,ato-001,ito koyama - palieres,202.0,,0,rojo,,31.3,100.0,0,0.0
2025-03-01,ni-007,ito koyama - palieres,0.0,,0,rojo,,7.8,50.0,50,390.0
2025-03-01,eo-65150,sakura filter,0.0,,0,rojo,,2.03,50.0,50,101.49999999999999
2025-04-01,54302-54y00,ito koyama - amortiguadores,237.0,,0,rojo,,9.9,180.0,0,0.0
2025-03-01,t1091,ito koyama - trapecios,18.0,,0,rojo,,9.86,40.0,0,0.0
2025-03-01,a-1180,sakura filter,0.0,0.0,0,rojo,,1.22,180.0,50,61.0
2025-03-01,icd536,ishikawa - pastillas de freno,75.0,,0,rojo,,3.4,100.0,0,0.0
2023-11-01,c-23440/1,mann - brasil,0.0,,0,rojo,2.0,22.7,60.0,50,1135.0
2024-12-01,89543-0k060,enertech - encendido,0.0,,0,rojo,11.0,8.76,140.0,100,876.0
2025-03-01,333741,ito koyama - amortiguadores,1.0,,0,rojo,,9.7,90.0,50,484.99999999999994
2025-03-01,a-2102,sakura filter,84.0,0.0,0,rojo,,2.09,100.0,0,0.0
2025-01-01,fc-5101,sakura filter,72.0,,0,rojo,,1.72,100.0,0,0.0
2025-03-01,a-88170-s,sakura filter,74.0,,0,rojo,,8.62,63.0,0,0.0
2025-03-01,rto019,ito koyama - direccion,374.0,,0,rojo,,2.506817,400.0,0,0.0
2025-03-01,sk-120,ito koyama - palieres,229.0,,0,rojo,,7.9,300.0,0,0.0
2025-03-01,sfc-2201,sakura filter,88.0,,0,rojo,,4.59,108.0,0,0.0
2025-03-01,mi-013,ito koyama - palieres,315.0,,0,rojo,,8.5,300.0,0,0.0
2022-06-01,110517,sealco - usa,0.0,,0,rojo,15.0,14.49,200.0,50,724.5
2025-03-01,332012,ito koyama - amortiguadores,46.0,,0,rojo,,10.1,56.0,0,0.0
2025-03-01,cs-009,aisin - japon,21.0,,0,rojo,,19.08,20.0,0,0.0
2025-03-01,aty011,ito koyama - direccion,180.0,,0,rojo,,2.297905,200.0,0,0.0
2025-03-01,55311-2s000,ito koyama - amortiguadores,43.0,,0,rojo,,5.9,150.0,0,0.0
2025-03-01,g15400500,valvoline,53.0,,0,rojo,,53.73,150.0,0,0.0
2025-03-01,hy031,ito koyama - resortes,88.0,,0,rojo,,6.1,56.0,0,0.0
2025-02-01,icd1855,ishikawa - pastillas de freno,0.0,,0,rojo,,5.4,100.0,50,270.0
2025-03-01,k007,ito koyama - resortes,26.0,,0,rojo,,6.8,64.0,0,0.0
2025-03-01,48511-35360,ito koyama - amortiguadores,102.0,,0,rojo,,5.9,50.0,0,0.0
2025-03-01,a-6211-s,sakura filter,91.0,,0,rojo,,17.02,72.0,0,0.0
2025-02-01,sfc-10310-10,sakura filter,188.0,,0,rojo,,7.6,180.0,0,0.0
2025-03-01,cmt-150,aisin - japon,6.0,,0,rojo,,18.08,80.0,0,0.0
2025-04-01,eo-18230,sakura filter,958.0,,0,rojo,,6.49,75.0,0,0.0
2025-04-01,a-28600,sakura filter,61.0,0.0,0,rojo,,3.08,60.0,0,0.0
2024-10-01,fc-1006,sakura filter,126.0,,0,verde,10.553415780749887,1.7,100.0,50,85.0
2025-02-01,a-1026,sakura filter,118.0,,0,rojo,,11.5,108.0,0,0.0
2025-02-01,dt235/65r16c,deestone,45.0,,0,rojo,,45.58,658.0,0,0.0
2025-02-01,dt255/55r18,deestone,57.0,,0,rojo,,48.68,131.0,0,0.0
2025-04-01,eo-28170,sakura filter,567.0,,0,rojo,,1.3,100.0,0,0.0
2025-02-01,bhy001,ito koyama - bocamazas,93.0,,0,rojo,,4.64,100.0,0,0.0
2025-03-01,a-2844,sakura filter,44.0,,0,rojo,,2.0,60.0,0,0.0
2025-03-01,18013,narva,6.0,,0,rojo,,33.64771321773529,198.0,0,0.0
2025-03-01,to-731b,ito koyama - palieres,0.0,,0,rojo,,11.2,102.0,50,560.0
2025-03-01,sk26fa-e,plumillas - sakura,195.0,,0,rojo,,1.48,200.0,0,0.0
2025-02-01,a-1163,sakura filter,146.0,,0,rojo,,4.04,90.0,0,0.0
2025-03-01,tni015,ito koyama - direccion,176.0,,0,rojo,,1.949724,196.0,0,0.0
2025-02-01,sfc-55170,sakura filter,96.0,,0,rojo,,10.88,120.0,0,0.0
2025-03-01,bdd011,ishikawa - discos de freno,0.0,,0,rojo,,17.47,50.0,50,873.5
2025-02-01,sfc-5706,sakura filter,0.0,,0,rojo,,3.44,24.0,50,172.0
2025-03-01,377412503,ito koyama - amortiguadores,151.0,,0,rojo,,7.2,200.0,0,0.0
2025-03-01,56210-s9026,ito koyama - amortiguadores,102.0,,0,rojo,,5.8,50.0,0,0.0
2025-03-01,t1112,ito koyama - trapecios,42.0,,0,rojo,,9.28,40.0,0,0.0
2025-03-01,bfu-700x,mann - brasil,0.0,,0,rojo,,2.65,432.0,50,132.5
2025-03-01,wk-820/18,mann - brasil,184.0,,0,rojo,,40.25,80.0,0,0.0
2025-04-01,ef-13070,sakura filter,2030.0,1200.0,0,rojo,,2.3,350.0,0,0.0
2025-03-01,rni011,ito koyama - direccion,162.0,,0,rojo,,2.506792,200.0,0,0.0
2025-01-01,srb-05,seco - embragues,20.0,,0,rojo,,7.65,50.0,0,0.0
2025-03-01,a-1730,sakura filter,17.0,,0,rojo,,2.46,60.0,0,0.0
2025-03-01,bdd123,ishikawa - discos de freno,20.0,,0,rojo,,10.74,50.0,0,0.0
2025-03-01,a-29380,sakura filter,78.0,,0,rojo,,2.52,200.0,0,0.0
2025-03-01,ni-021,ito koyama - palieres,89.0,,0,rojo,,7.32,100.0,0,0.0
2025-03-01,sk22,plumillas - sakura,142.0,,0,rojo,,1.14,200.0,0,0.0
2025-02-01,17109,narva,0.0,,0,rojo,,0.14367878484725952,4000.0,50,7.1839392423629755
2025-03-01,ni-052,ito koyama - palieres,116.0,,0,rojo,,7.4,50.0,0,0.0
2025-02-01,na-6201-2nsec3,nachi - koyo - ntn - nsk - japon,0.0,,0,rojo,,0.98,700.0,50,49.0
2025-02-01,a-17850,sakura filter,241.0,,0,rojo,,3.56,100.0,0,0.0
2025-03-01,rovatfd100,rover - usa,541.0,,0,rojo,,7.9975,432.0,0,0.0
2025-03-01,cg001,ito koyama - resortes,56.0,,0,rojo,,4.1,64.0,0,0.0
2025-02-01,cf-933,mann - brasil,11.0,,0,rojo,,12.44,30.0,0,0.0
2025-03-01,a-38570,sakura filter,27.0,,0,rojo,,6.72,108.0,0,0.0
2025-02-01,bdd096,ishikawa - discos de freno,36.0,,0,rojo,,13.7,100.0,0,0.0
2025-02-01,a-1856,sakura filter,27.0,,0,rojo,,7.22,16.0,0,0.0
2025-03-01,dt215/75r16c,deestone,25.0,,0,rojo,,43.2,40.0,0,0.0
2025-02-01,pk16tt,denso - bujias - japon,116.0,,0,rojo,,2.18,96.0,0,0.0
2024-04-01,wpt-107va,aisin - japon,0.0,,0,rojo,4.001098950703939,17.72,80.0,50,886.0
2025-03-01,a-14620,sakura filter,67.0,,0,rojo,,1.45,200.0,0,0.0
2025-02-01,mi-025,ito koyama - palieres,3.0,,0,rojo,,6.9,50.0,0,0.0
2025-03-01,dt-064,aisin - japon,209.0,,0,rojo,,27.83,200.0,0,0.0
2025-03-01,83965005,monark - alemania,0.0,,0,rojo,,,,50,
2025-03-01,83865750,monark - alemania,0.0,,0,rojo,,,,50,
2025-02-01,fc-5723,sakura filter,0.0,150.0,0,rojo,,1.55,400.0,0,0.0
2025-04-01,hy026,ito koyama - resortes,681.0,,0,rojo,,4.75,600.0,0,0.0
2024-03-01,bto017,ito koyama - bocamazas,0.0,,0,rojo,6.630666262555337,9.5718,300.0,50,478.59
2025-03-01,ni-032,ito koyama - palieres,125.0,,0,rojo,,7.2,200.0,0,0.0
2025-03-01,ca-89080-s,sakura filter,35.0,,0,rojo,,1.44,100.0,0,0.0
2025-04-01,48520-12610-l,ito koyama - amortiguadores,114.0,,0,rojo,,12.3,180.0,0,0.0
2025-02-01,sfc-51170,sakura filter,0.0,,0,rojo,,1.54,200.0,50,77.0
2025-03-01,a-38520-s,sakura filter,99.0,,0,rojo,,23.88,31.0,0,0.0
2025-02-01,fc-1107,sakura filter,0.0,,0,rojo,,1.78,100.0,50,89.0
2025-03-01,icd1731,ishikawa - pastillas de freno,30.0,,0,rojo,,3.2,100.0,0,0.0
2025-04-01,dtx-099,aisin - japon,149.0,,0,rojo,,30.82,200.0,0,0.0
2025-03-01,a-17860,sakura filter,881.0,,0,rojo,,4.4,600.0,0,0.0
2025-04-01,ca-14050,sakura filter,479.0,160.0,0,rojo,,1.13,240.0,0,0.0
2025-03-01,tc-56010,sakura filter,102.0,,0,rojo,,20.15,102.0,0,0.0
2024-10-01,3451-1013skr,sakura - radiadores,5.0,,0,verde,2.2526041666666665,20.7,6.0,50,1035.0
2025-04-01,c-7971,sakura filter,1825.0,1000.0,0,rojo,,1.1,1000.0,0,0.0
2025-03-01,tto019,ito koyama - direccion,39.0,,0,rojo,,4.47,40.0,0,0.0
2025-03-01,48511-29526,ito koyama - amortiguadores,616.0,,0,rojo,,6.4,400.0,0,0.0
2025-03-01,dtmlt275/70r18,deestone,43.0,,0,rojo,,75.83,289.0,0,0.0
2025-01-01,hu-923x,mann - brasil,744.0,,0,rojo,,5.390021800994873,50.0,0,0.0
2025-03-01,dttmlt265/65r17,deestone,102.0,,0,rojo,,74.5,109.0,0,0.0
2025-02-01,a-29390,sakura filter,0.0,0.0,0,rojo,,1.6,60.0,50,80.0
2025-03-01,wk-940/24,mann - brasil,75.0,,0,rojo,,9.1,204.0,0,0.0
2024-07-01,scsz-093,seco - embragues,0.0,,0,rojo,5.58799575,11.49,90.0,50,574.5
2025-03-01,tmi001,ito koyama - direccion,35.0,,0,rojo,,2.506799,92.0,0,0.0
2025-03-01,icd1235,ishikawa - pastillas de freno,1.0,,0,rojo,,5.02,100.0,0,0.0
2025-03-01,543028h600,ito koyama - amortiguadores,32.0,,0,rojo,,10.6,48.0,0,0.0
2025-03-01,ss01,ito koyama - resortes,22.0,,0,rojo,,7.3,80.0,0,0.0
2025-03-01,95032447,ito koyama - amortiguadores,3.0,,0,rojo,,10.3,60.0,0,0.0
2025-01-01,48039,narva,285.0,,0,rojo,,1.6769331560254097,400.0,0,0.0
2025-03-01,cf-1650,mann - brasil,68.0,,0,rojo,,19.34207056045532,160.0,0,0.0
2024-09-01,60677020,monark - alemania,0.0,,0,rojo,53.57173156738281,,,250,
2025-03-01,bch003,ito koyama - bocamazas,67.0,,0,rojo,,3.98,100.0,0,0.0
2025-03-01,bdd036,ishikawa - discos de freno,0.0,,0,rojo,,6.49,50.0,50,324.5
2025-03-01,95917154,ito koyama - amortiguadores,134.0,,0,rojo,,11.0,90.0,0,0.0
2025-04-01,fc-1020,sakura filter,374.0,,0,rojo,,1.55,108.0,0,0.0
2025-03-01,as-7988-s,sakura filter,208.0,,0,rojo,,12.26,100.0,0,0.0
2025-03-01,icd507,ishikawa - pastillas de freno,6.0,,0,rojo,,4.3,100.0,0,0.0
2025-03-01,a-6709-s,sakura filter,605.0,28.0,0,rojo,,11.04,365.0,0,0.0
2025-04-01,5u0413031,ito koyama - amortiguadores,142.0,,0,rojo,,10.3,180.0,0,0.0
2024-01-01,rhy004,ito koyama - direccion,0.0,,0,rojo,13.725337219935986,2.99,210.0,100,299.0
2025-03-01,icd1643,ishikawa - pastillas de freno,26.0,,0,rojo,,3.5,100.0,0,0.0
2025-03-01,mz-012,ito koyama - palieres,31.0,,0,rojo,,6.1,50.0,0,0.0
2025-03-01,sk-610a,ito koyama - palieres,55.0,,0,rojo,,5.9,100.0,0,0.0
2025-03-01,ahy007,ito koyama - direccion,190.0,,0,rojo,,2.297905,200.0,0,0.0
2025-03-01,hy-009,ito koyama - palieres,48.0,,0,rojo,,6.5,100.0,0,0.0
2025-03-01,eo-28060,sakura filter,53.0,0.0,0,rojo,,1.17,100.0,0,0.0
2025-03-01,t010,ito koyama - resortes,206.0,,0,rojo,,3.7,400.0,0,0.0
2025-03-01,dtx-099l,aisin - japon,0.0,,0,rojo,,27.49,200.0,50,1374.5
2025-04-01,cf-300/1,mann - brasil,12.0,,0,rojo,,7.65,84.0,0,0.0
2025-04-01,re001,ito koyama - resortes,426.0,,0,rojo,,5.3,304.0,0,0.0
2025-03-01,ho-5046,ito koyama - palieres,49.0,,0,rojo,,6.5,50.0,0,0.0
2025-02-01,fc-5504,sakura filter,223.0,,0,rojo,,2.99,204.0,0,0.0
2024-01-01,zd1623,wagner - pastillas,0.0,,0,rojo,3.2916666666666665,18.57,60.0,50,928.5
2025-03-01,sfc-7908,sakura filter,32.0,,0,rojo,,2.67,50.0,0,0.0
2025-03-01,sfc-79110,sakura filter,185.0,,0,rojo,,8.45,36.0,0,0.0
2024-10-01,c-29010kit,mann - brasil,0.0,,0,rojo,7.244998130721752,46.21404692173004,30.0,50,2310.702346086502
2025-03-01,a-31140,sakura filter,12.0,200.0,0,rojo,,5.69,200.0,0,0.0
2025-03-01,j002,ito koyama - resortes,122.0,,0,rojo,,6.51,176.0,0,0.0
2025-03-01,dt-625,aisin - japon,13.0,,0,rojo,,51.93,50.0,0,0.0
2025-03-01,ani002,ito koyama - direccion,478.0,,0,rojo,,2.297905,200.0,0,0.0
2025-04-01,sfc-5705,sakura filter,117.0,108.0,0,rojo,,3.9,96.0,0,0.0
2025-03-01,56211-wf126,ito koyama - amortiguadores,194.0,,0,rojo,,6.7,140.0,0,0.0
2025-04-01,a-7122-s,sakura filter,1137.0,,0,rojo,,32.57,396.0,0,0.0
2025-03-01,95917155,ito koyama - amortiguadores,132.0,,0,rojo,,11.0,90.0,0,0.0
2025-04-01,sfc-1306-30,sakura filter,578.0,450.0,0,rojo,,5.33,460.0,0,0.0
2025-03-01,a-65440,sakura filter,29.0,,0,rojo,,3.26,40.0,0,0.0
2025-04-01,fs-31130,sakura filter,65.0,0.0,0,rojo,,13.04,40.0,0,0.0
2025-02-01,icd1202,ishikawa - pastillas de freno,0.0,,0,rojo,,5.87,100.0,50,293.5
2025-03-01,srto003,ito koyama - cremalleras,4.0,,0,rojo,,32.0,34.0,0,0.0
2025-02-01,a-7633-s,sakura filter,111.0,,0,rojo,,15.82,44.0,0,0.0
2025-03-01,opt-115,aisin - japon,111.0,,0,rojo,,38.5,100.0,0,0.0
2025-03-01,n013,ito koyama - resortes,510.0,,0,rojo,,4.7,240.0,0,0.0
2025-03-01,ca-14110,sakura filter,35.0,,0,rojo,,1.38,60.0,0,0.0
2025-03-01,icd0010,ishikawa - pastillas de freno,0.0,,0,rojo,,3.52,100.0,50,176.0
2025-01-01,t1190,ito koyama - trapecios,46.0,,0,rojo,,23.19,40.0,0,0.0
2025-03-01,mi007,ito koyama - resortes,31.0,,0,rojo,,9.6,148.0,0,0.0
2025-02-01,to-843,ito koyama - palieres,0.0,,0,rojo,,8.1,200.0,50,405.0
2025-04-01,as-1014-s,sakura filter,42.0,54.0,0,rojo,,5.65,63.0,0,0.0
2024-10-01,mwmwd1086,wagner - pastillas,0.0,,0,rojo,0.0,7.9,10.0,50,395.0
2022-05-01,sk18,sin definicion,0.0,,0,rojo,,1.12,400.0,50,56.00000000000001
2025-03-01,mr-151235,ito koyama - amortiguadores,156.0,,0,rojo,,5.9,50.0,0,0.0
2025-03-01,ho-019,ito koyama - palieres,0.0,,0,rojo,,8.1,100.0,50,405.0
2025-02-01,48530-16380,ito koyama - amortiguadores,0.0,,0,rojo,,5.9,150.0,50,295.0
2025-03-01,48541-09210ref,ito koyama - amortiguadores,144.0,,0,rojo,,8.6,200.0,0,0.0
2025-03-01,sk-110,ito koyama - palieres,86.0,,0,rojo,,7.0,100.0,0,0.0
2025-03-01,hy055,ito koyama - resortes,113.0,,0,rojo,,6.2,160.0,0,0.0
2025-03-01,ef-27040,sakura filter,361.0,,0,rojo,,3.87,100.0,0,0.0
2025-03-01,icd1864,ishikawa - pastillas de freno,27.0,,0,rojo,,6.3,100.0,0,0.0
2024-11-01,a-33850,sakura filter,0.0,,0,rojo,17.512529500000003,1.57,200.0,150,235.5
2025-03-01,85880077,monark - alemania,0.0,,0,rojo,,,,50,
2025-03-01,n023,ito koyama - resortes,59.0,,0,rojo,,4.5,64.0,0,0.0
2025-03-01,a-14600,sakura filter,321.0,,0,rojo,,1.81,300.0,0,0.0
2025-03-01,sk-017,ito koyama - palieres,193.0,,0,rojo,,5.9,100.0,0,0.0
2024-06-01,hu-1077/2z,mann - brasil,0.0,,0,rojo,28.15393518518519,7.81,204.0,150,1171.5
2025-02-01,eo-28140,sakura filter,0.0,0.0,0,rojo,,1.8,200.0,50,90.0
2025-03-01,ca-28160,sakura filter,72.0,40.0,0,rojo,,2.07,80.0,0,0.0
2025-03-01,48531-26360,ito koyama - amortiguadores,263.0,,0,rojo,,5.7,199.0,0,0.0
2025-04-01,sk-801,ito koyama - palieres,20.0,,0,rojo,,6.2,50.0,0,0.0
2025-03-01,eo-32010,sakura filter,21.0,,0,rojo,,1.3,300.0,0,0.0
2025-03-01,t037,ito koyama - resortes,50.0,,0,rojo,,9.7,64.0,0,0.0
2025-03-01,eo-2805,sakura filter,13.0,,0,rojo,,1.16,50.0,0,0.0
2025-04-01,3461-8553skr,sakura - radiadores,449.0,,0,rojo,,29.25,355.0,0,0.0
2025-03-01,sk021,ito koyama - resortes,245.0,,0,rojo,,4.55,56.0,0,0.0
2025-03-01,tto028,ito koyama - direccion,172.0,,0,rojo,,2.646075,298.0,0,0.0
2024-10-01,t1167,ito koyama - trapecios,2.0,,0,verde,2.5346257716049383,10.1,40.0,50,505.0
2025-03-01,c-7910,sakura filter,8.0,,0,rojo,,2.37,60.0,0,0.0
2025-03-01,t1118,ito koyama - trapecios,1.0,,0,rojo,,9.6,60.0,0,0.0
2025-03-01,sfc-1306-10b,sakura filter,120.0,,0,rojo,,6.34,330.0,0,0.0
2025-03-01,t1169,ito koyama - trapecios,54.0,,0,rojo,,13.04,60.0,0,0.0
2025-03-01,c-1138,sakura filter,0.0,0.0,0,rojo,,1.62,100.0,50,81.0
2025-03-01,a-2817,sakura filter,154.0,,0,rojo,,2.72,20.0,0,0.0
2024-05-01,17036,narva,0.0,,0,rojo,13.90625,0.266491329395771,200.0,100,26.649132939577104
2025-03-01,fd-106,ito koyama - palieres,37.0,,0,rojo,,6.9,50.0,0,0.0
2025-04-01,48520-29285,ito koyama - amortiguadores,8.0,,0,rojo,,12.1,90.0,0,0.0
2025-03-01,c-13114/4,mann - brasil,35.0,,0,rojo,,13.61,30.0,0,0.0
2025-01-01,dt5.50r13lt,deestone,0.0,,0,rojo,176.453125,26.5,250.0,1100,29150.0
2025-03-01,t005,ito koyama - resortes,324.0,,0,rojo,,3.9,360.0,0,0.0
2025-03-01,48511-39687,ito koyama - amortiguadores,100.0,,0,rojo,,5.9,100.0,0,0.0
2025-03-01,tto021,ito koyama - direccion,346.0,,0,rojo,,1.949744,300.0,0,0.0
2025-03-01,56210-el00a,ito koyama - amortiguadores,233.0,,0,rojo,,6.7,150.0,0,0.0
2025-03-01,hm11r22.5,deruibo,106.0,,0,rojo,,94.0,170.0,0,0.0
2025-03-01,bdd056,ishikawa - discos de freno,2.0,,0,rojo,,11.21,150.0,0,0.0
2025-03-01,opt-044,aisin - japon,11.0,,0,rojo,,26.09,20.0,0,0.0
2025-03-01,schd-483,seco - embragues,155.0,,0,rojo,,16.5,339.0,0,0.0
2025-02-01,icd2268,ishikawa - pastillas de freno,0.0,,0,rojo,,7.09,50.0,50,354.5
2025-02-01,t1230,ito koyama - trapecios,44.0,,0,rojo,,21.8,40.0,0,0.0
2025-02-01,t1231,ito koyama - trapecios,45.0,,0,rojo,,21.8,40.0,0,0.0
2024-11-01,sk020,ito koyama - resortes,0.0,,0,rojo,4.0,4.41,200.0,50,220.5
2025-03-01,icd929,ishikawa - pastillas de freno,53.0,,0,rojo,,4.81,100.0,0,0.0
2025-03-01,icd1519,ishikawa - pastillas de freno,238.0,,0,rojo,,4.17,400.0,0,0.0
2025-03-01,a-padmouse,sin definicion,0.0,,0,rojo,,1.11864,750.0,50,55.932
2024-10-01,asz001,ito koyama - direccion,0.0,,0,rojo,18.751183827718098,2.28,240.0,150,341.99999999999994
2025-04-01,a-3301,sakura filter,216.0,900.0,0,rojo,,1.35,40.0,0,0.0
2025-02-01,c-1812,sakura filter,78.0,,0,rojo,,3.38,100.0,0,0.0
2025-03-01,c-311410,mann - brasil,20.0,,0,rojo,,31.41044898033142,82.0,0,0.0
2025-03-01,c-321420/2,mann - brasil,53.0,,0,rojo,,33.66,30.0,0,0.0
2024-09-01,c-321500,mann - brasil,52.0,,0,verde,2.0,98.31505998373032,30.0,0,0.0
2025-02-01,dtlt225/75r16,deestone,32.0,,0,rojo,,50.0,229.0,0,0.0
2025-03-01,c-5706,sakura filter,71.0,0.0,0,rojo,,6.87,114.0,0,0.0
2023-04-01,ety010,ito koyama - direccion,0.0,,0,rojo,12.588988485818838,1.97,210.0,100,197.0
2025-03-01,eni008,ito koyama - direccion,110.0,,0,rojo,,1.531953,200.0,0,0.0
2025-03-01,eni007,ito koyama - direccion,182.0,,0,rojo,,1.531953,200.0,0,0.0
2025-03-01,as-5412,sakura filter,288.0,150.0,0,rojo,,2.25,200.0,0,0.0
2025-03-01,t011,ito koyama - resortes,570.0,,0,rojo,,3.6,304.0,0,0.0
2023-12-01,ctx-149,aisin - japon,0.0,,0,rojo,10.426254572473708,42.03,52.0,100,4203.0
2025-03-01,hy-620,ito koyama - palieres,224.0,,0,rojo,,6.9,200.0,0,0.0
2025-03-01,a-33730,sakura filter,84.0,160.0,0,rojo,,2.2,60.0,0,0.0
2025-03-01,fc-29080,sakura filter,279.0,200.0,0,rojo,,2.99,150.0,0,0.0
2025-03-01,ef-26070,sakura filter,678.0,,0,rojo,,4.8,900.0,0,0.0
2025-02-01,eo-1303,sakura filter,149.0,,0,rojo,,9.98,36.0,0,0.0
2025-03-01,48530-02180,ito koyama - amortiguadores,332.0,,0,rojo,,6.9,200.0,0,0.0
2025-02-01,p85140500,prextoline - lubricantes,44.0,,0,rojo,,46.5,50.0,0,0.0
2025-03-01,ca-1809-s,sakura filter,78.0,0.0,0,rojo,,1.55,100.0,0,0.0
2025-02-01,t1158,ito koyama - trapecios,14.0,,0,rojo,,10.43,60.0,0,0.0
2025-03-01,ctx-166,aisin - japon,969.0,,0,rojo,,30.08,402.0,0,0.0
2024-12-01,fs-11730,sakura filter,111.0,,0,verde,10.240575000000003,6.49,160.0,50,324.5
2024-06-01,sm029,ito koyama - torretas,0.0,,0,rojo,16.397569172372865,4.02,360.0,150,602.9999999999999
2025-03-01,m25600025,valvoline,132.0,,0,rojo,,3.06,108.0,0,0.0
2025-03-01,fc-1005,sakura filter,236.0,0.0,0,rojo,,3.2,200.0,0,0.0
2025-03-01,a-30240,sakura filter,283.0,200.0,0,rojo,,2.25,100.0,0,0.0
2025-03-01,rxfc113641b,wagner locked - usa,1533.0,,0,rojo,,5.1,4320.0,0,0.0
2025-03-01,fc-5713,sakura filter,0.0,,0,rojo,,3.14,60.0,50,157.0
2025-03-01,k003,ito koyama - resortes,1222.0,,0,rojo,,4.4,600.0,0,0.0
2025-04-01,eo-2624,sakura filter,109.0,0.0,0,rojo,,1.26,1200.0,0,0.0
2025-03-01,c-18450/2,mann - brasil,52.0,,0,rojo,,11.93,30.0,0,0.0
2025-04-01,ca-1705,sakura filter,145.0,,0,rojo,,1.13,200.0,0,0.0
2025-03-01,55310-a0000,ito koyama - amortiguadores,0.0,,0,rojo,,6.7,50.0,50,335.0
2025-03-01,t1117,ito koyama - trapecios,74.0,,0,rojo,,9.919375,12.0,0,0.0
2025-03-01,hd+295/80r22.5,deruibo,74.0,,0,rojo,,118.0,204.0,0,0.0
2025-03-01,sb-022,ito koyama - palieres,25.0,,0,rojo,,7.4,50.0,0,0.0
2025-03-01,mi-012,ito koyama - palieres,0.0,,0,rojo,,6.42,120.0,50,321.0
2025-01-01,c-17410,sakura filter,0.0,,0,rojo,,0.95,50.0,50,47.5
2025-03-01,sb-012,ito koyama - palieres,62.0,,0,rojo,,7.5,50.0,0,0.0
2025-03-01,tki003,ito koyama - direccion,42.0,,0,rojo,,2.785325,100.0,0,0.0
2024-12-01,wk-940/7,mann - brasil,33.0,,0,verde,10.69987475,8.95,36.0,50,447.49999999999994
2025-03-01,a-18671,sakura filter,2.0,,0,rojo,,1.9,200.0,0,0.0
2025-03-01,o-5302,sakura filter,306.0,,0,rojo,,3.95,240.0,0,0.0
2024-12-01,wk-712/2,mann - brasil,7.0,,0,verde,42.0,3.488347578048706,60.0,200,697.6695156097412
2025-03-01,rhy012,ito koyama - direccion,103.0,,0,rojo,,3.16,180.0,0,0.0
2025-03-01,fc-1009,sakura filter,611.0,250.0,0,rojo,,3.26,450.0,0,0.0
2025-02-01,c-1912,sakura filter,4.0,,0,rojo,,3.6,256.0,0,0.0
2025-02-01,a-16810,sakura filter,40.0,,0,rojo,,1.17,40.0,0,0.0
2025-03-01,jp001,ito koyama - resortes,54.0,,0,rojo,,7.8,56.0,0,0.0
2025-03-01,bmz001,ito koyama - bocamazas,32.0,,0,rojo,,15.9,40.0,0,0.0
2025-04-01,ca-18140,sakura filter,27.0,60.0,0,rojo,,1.44,60.0,0,0.0
2025-02-01,100-2e,ishikawa - cigueñales-culatas-ejes de levas,58.0,,0,rojo,,128.0,40.0,0,0.0
2025-04-01,t004,ito koyama - resortes,776.0,,0,rojo,,4.1,600.0,0,0.0
2024-01-01,14248,spaco - italia,0.0,,0,rojo,6.783757716049383,11.591838312149049,60.0,50,579.5919156074524
2025-03-01,a-1850,sakura filter,196.0,,0,rojo,,2.56,120.0,0,0.0
2025-03-01,tki001,ito koyama - direccion,90.0,,0,rojo,,2.715729,100.0,0,0.0
2023-12-01,kn44051,tkl - taiwan,0.0,,0,rojo,46.40625,4.4,500.0,200,880.0000000000001
2024-06-01,skgm-276,seco - embragues,0.0,,0,rojo,6.327338500000001,33.74,80.0,50,1687.0
2025-03-01,aat-017,aisin - japon,496.0,,0,rojo,,91.64,408.0,0,0.0
2025-03-01,cp-23210,mann - brasil,14.0,,0,rojo,,29.06029522418976,108.0,0,0.0
2025-03-01,eo-31170,sakura filter,274.0,,0,rojo,,1.32,200.0,0,0.0
2025-03-01,scki-448,seco - embragues,6.0,,0,rojo,,13.2,100.0,0,0.0
2025-03-01,hy017,ito koyama - resortes,54.0,,0,rojo,,4.6,160.0,0,0.0
2025-03-01,bni005,ito koyama - bocamazas,19.0,,0,rojo,,8.32,50.0,0,0.0
2025-04-01,c-1513,sakura filter,575.0,0.0,0,rojo,,7.11,372.0,0,0.0
2025-04-01,fc-1104,sakura filter,581.0,,0,rojo,,1.66,500.0,0,0.0
2025-04-01,ca-70020,sakura filter,46.0,,0,rojo,,2.0,60.0,0,0.0
2025-04-01,opt-010,aisin - japon,64.0,,0,rojo,,21.01,27.0,0,0.0
2025-03-01,ca-2803,sakura filter,57.0,,0,rojo,,1.73,100.0,0,0.0
2025-03-01,ctx-123,aisin - japon,0.0,,0,rojo,,34.13,60.0,50,1706.5000000000002
2025-02-01,c-913/1,mann - brasil,12.0,,0,rojo,,7.61,60.0,0,0.0
2025-03-01,bdd041,ishikawa - discos de freno,30.0,,0,rojo,,10.41175,80.0,0,0.0
2024-09-01,50006609,ks - alemania,0.0,,0,rojo,31.21875,5.384640060663224,120.0,150,807.6960090994836
2025-01-01,sdns-526,seco - embragues,1.0,,0,rojo,,25.14,50.0,0,0.0
2025-03-01,48025,narva,180.0,,0,rojo,,2.7453872583031655,200.0,0,0.0
2025-03-01,bto015,ito koyama - bocamazas,47.0,,0,rojo,,15.61,80.0,0,0.0
2025-03-01,48510-52031,ito koyama - amortiguadores,0.0,,0,rojo,,9.9,180.0,50,495.0
2025-02-01,aho001,ito koyama - direccion,2.0,,0,rojo,,2.28,220.0,0,0.0
2025-04-01,c-1305,sakura filter,214.0,144.0,0,rojo,,3.59,504.0,0,0.0
2025-01-01,rov20500254t,rover - usa,1562.0,,0,rojo,,2.5825,2016.0,0,0.0
2025-04-01,a-1880,sakura filter,331.0,120.0,0,rojo,,1.75,100.0,0,0.0
2025-03-01,ehy004,ito koyama - direccion,160.0,,0,rojo,,1.531944,196.0,0,0.0
2025-03-01,n010,ito koyama - resortes,80.0,,0,rojo,,4.5,104.0,0,0.0
2025-03-01,n008,ito koyama - resortes,220.0,,0,rojo,,3.4,192.0,0,0.0
2024-12-01,17141,narva,0.0,,0,rojo,7041.821904760953,0.15778852411508562,3000.0,28350,4473.304658662677
2025-03-01,as-5656-s,sakura filter,593.0,,0,rojo,,8.91,207.0,0,0.0
2025-03-01,5611076000,ito koyama - amortiguadores,66.0,,0,rojo,,5.7,100.0,0,0.0
2025-04-01,96424026sp,ito koyama - amortiguadores,98.0,,0,rojo,,9.85,60.0,0,0.0
2025-03-01,fc-1814,sakura filter,518.0,150.0,0,rojo,,3.25,150.0,0,0.0
2025-02-01,icd1210,ishikawa - pastillas de freno,0.0,,0,rojo,,5.25,200.0,50,262.5
2025-03-01,c-1603,sakura filter,257.0,,0,rojo,,1.95,100.0,0,0.0
2025-03-01,bz0002,ishikawa - zapatas de freno,254.0,,0,rojo,,4.05,200.0,0,0.0
2025-03-01,hy039,ito koyama - resortes,0.0,,0,rojo,,11.8,80.0,50,590.0
2025-03-01,cf-360,mann - brasil,44.0,,0,rojo,,10.05,100.0,0,0.0
2025-02-01,hc-5816,sakura filter,128.0,0.0,0,rojo,,5.33,192.0,0,0.0
2025-04-01,ctx-071,aisin - japon,0.0,,0,rojo,,24.05,180.0,50,1202.5
2025-03-01,fs-31140,sakura filter,0.0,0.0,0,rojo,,10.83,60.0,50,541.5
2025-04-01,as-1825,sakura filter,103.0,270.0,0,rojo,,4.13,396.0,0,0.0
2025-02-01,h-12111x,mann - brasil,1558.0,,0,rojo,,7.44,504.0,0,0.0
2025-04-01,48510-12750-r,ito koyama - amortiguadores,140.0,,0,rojo,,12.3,150.0,0,0.0
2025-03-01,ch002,ito koyama - resortes,302.0,,0,rojo,,4.85,160.0,0,0.0
2025-02-01,sk014,ito koyama - resortes,0.0,,0,rojo,,9.35,420.0,50,467.5
2025-03-01,95077491,ito koyama - amortiguadores,40.0,,0,rojo,,5.9,150.0,0,0.0
2025-03-01,sfc-7939-30,sakura filter,541.0,300.0,0,rojo,,11.05,300.0,0,0.0
2025-03-01,t1079,ito koyama - trapecios,30.0,,0,rojo,,9.86,20.0,0,0.0
2025-03-01,ef-1301,sakura filter,276.0,240.0,0,rojo,,3.32,240.0,0,0.0
2025-03-01,b1005,ito koyama - trapecios,0.0,,0,rojo,,1.48,300.0,50,74.0
2025-03-01,ctx-145,aisin - japon,552.0,,0,rojo,,31.65,202.0,0,0.0
2025-03-01,a-1864,sakura filter,335.0,306.0,0,rojo,,2.5,297.0,0,0.0
2025-04-01,f-11112,sakura filter,654.0,500.0,0,rojo,,1.47,300.0,0,0.0
2025-03-01,96424025sp,ito koyama - amortiguadores,53.0,,0,rojo,,9.85,60.0,0,0.0
2025-04-01,sfc-7912-30b,sakura filter,30.0,,0,rojo,,8.58,144.0,0,0.0
2024-07-01,c-18450/1,mann - brasil,0.0,,0,rojo,0.0,16.36,100.0,50,818.0
2025-03-01,c-1121,sakura filter,302.0,250.0,0,rojo,,1.5,900.0,0,0.0
2025-04-01,ctx-062,aisin - japon,870.0,,0,rojo,,20.79,1000.0,0,0.0
2025-04-01,fc-7102,sakura filter,46.0,,0,rojo,,3.67,120.0,0,0.0
2025-03-01,95026519,ito koyama - amortiguadores,105.0,,0,rojo,,6.05,120.0,0,0.0
2025-03-01,d003,ito koyama - resortes,146.0,,0,rojo,,4.9,200.0,0,0.0
2024-09-01,a-1665,sakura filter,0.0,,0,rojo,1.1461896666666669,2.89,60.0,50,144.5
2025-03-01,d004,ito koyama - resortes,166.0,,0,rojo,,6.05,56.0,0,0.0
2025-03-01,to-842,ito koyama - palieres,426.0,,0,rojo,,6.7,200.0,0,0.0
2025-02-01,a-6819,sakura filter,61.0,,0,rojo,,3.57,200.0,0,0.0
2025-02-01,a-65490,sakura filter,0.0,0.0,0,rojo,,2.07,100.0,50,103.49999999999999
2025-03-01,ni-029,ito koyama - palieres,59.0,,0,rojo,,8.2,100.0,0,0.0
2025-03-01,c-2516,sakura filter,406.0,0.0,0,rojo,,1.3,375.0,0,0.0
2024-09-01,a-68390,sin definicion,0.0,,0,rojo,,6.77,81.0,50,338.5
2024-05-01,tkl24030,tkl - taiwan,0.0,,0,rojo,141.578125,1.05,2000.0,600,630.0
2024-10-01,n011,ito koyama - resortes,0.0,,0,rojo,1.4369872295393264,5.04,56.0,50,252.0
2025-01-01,w-11102/18,mann - brasil,0.0,,0,rojo,,9.5,60.0,50,475.0
2025-03-01,sk-130,ito koyama - palieres,73.0,,0,rojo,,6.5,100.0,0,0.0
2025-03-01,c-6521,sakura filter,725.0,,0,rojo,,1.72,200.0,0,0.0
2025-04-01,48510-0d591,ito koyama - amortiguadores,384.0,,0,rojo,,10.3,600.0,0,0.0
2025-02-01,ef-68040,sakura filter,0.0,,0,rojo,,4.73,50.0,50,236.50000000000003
2025-03-01,mz001,ito koyama - resortes,166.0,,0,rojo,,5.35,56.0,0,0.0
2025-03-01,54650-24120,ito koyama - amortiguadores,53.0,,0,rojo,,9.55,104.0,0,0.0
2025-03-01,c-1304,sakura filter,144.0,,0,rojo,,4.75,100.0,0,0.0
2025-03-01,ca-1006,sakura filter,161.0,,0,rojo,,2.43,100.0,0,0.0
2025-03-01,hu-12140x,mann - brasil,68.0,,0,rojo,,11.77,84.0,0,0.0
2025-04-01,dtx-232a,aisin - japon,0.0,,0,rojo,,68.84,1000.0,50,3442.0
2024-08-01,srb-031,seco - embragues,0.0,,0,rojo,0.0,6.07,100.0,50,303.5
2025-03-01,48530-52051,ito koyama - amortiguadores,24.0,,0,rojo,,6.6,140.0,0,0.0
2023-04-01,sat-018,aisin - japon,0.0,,0,rojo,19.247395833333332,219.62,47.0,150,32943.0
2025-03-01,dtp215/70r15c,deestone,5.0,,0,rojo,,39.27,60.0,0,0.0
2025-04-01,eo-65120,sakura filter,201.0,,0,rojo,,2.09,400.0,0,0.0
2025-02-01,hy030,ito koyama - resortes,0.0,,0,rojo,,5.0,80.0,50,250.0
2025-03-01,ahy001,ito koyama - direccion,26.0,,0,rojo,,2.06,180.0,0,0.0
2025-03-01,sfc-2202,sakura filter,233.0,,0,rojo,,2.9,204.0,0,0.0
2025-03-01,sfc-2203,sakura filter,33.0,,0,rojo,,5.63,60.0,0,0.0
2025-03-01,cmt-064,aisin - japon,0.0,,0,rojo,,19.54,60.0,50,977.0
2025-03-01,c006,ito koyama - resortes,10.0,,0,rojo,,5.57,200.0,0,0.0
2025-03-01,ca-38040,sakura filter,0.0,,0,rojo,,0.88,40.0,50,44.0
2024-03-01,78520600,ks - alemania,0.0,,0,rojo,21.844879500000005,9.852056864500046,70.0,150,1477.8085296750069
2025-03-01,a-8681,sakura filter,0.0,0.0,0,rojo,,18.51,60.0,50,925.5000000000001
2025-03-01,mi-013a,ito koyama - palieres,137.0,,0,rojo,,6.8,100.0,0,0.0
2025-03-01,eni001,ito koyama - direccion,124.0,,0,rojo,,1.392662,200.0,0,0.0
2025-04-01,a-5108-s,sakura filter,30.0,,0,rojo,,5.07,63.0,0,0.0
2024-07-01,q20pr-u11,denso - bujias - japon,96.0,,0,verde,8.88240533632995,0.99,96.0,0,0.0
2025-04-01,ef-1003,sakura filter,6416.0,2000.0,0,rojo,,1.84,550.0,0,0.0
2025-03-01,41801-59j10,ito koyama - amortiguadores,1.0,,0,rojo,,10.9,48.0,50,545.0
2025-03-01,op-006,ito koyama - palieres,81.0,,0,rojo,,6.6,50.0,0,0.0
2025-02-01,icd668,ishikawa - pastillas de freno,0.0,,0,rojo,,3.62,100.0,50,181.0
2025-03-01,t1101,ito koyama - trapecios,6.0,,0,rojo,,8.405741,54.0,0,0.0
2025-03-01,f-10200,sakura filter,514.0,200.0,0,rojo,,1.84,400.0,0,0.0
2025-03-01,aty009,ito koyama - direccion,276.0,,0,rojo,,2.297922,300.0,0,0.0
2025-03-01,eo-18210,sakura filter,0.0,0.0,0,rojo,,1.71,100.0,50,85.5
2025-03-01,fc-5509,sakura filter,408.0,,0,rojo,,3.38,360.0,0,0.0
2025-01-01,a-1416,sakura filter,0.0,,0,rojo,2.5598490149356383,2.26,40.0,50,112.99999999999999
2025-04-01,df01,ito koyama - resortes,28.0,,0,rojo,,4.85,56.0,0,0.0
2025-03-01,a-29440,sakura filter,96.0,0.0,0,rojo,,2.7,100.0,0,0.0
2025-02-01,ca-18220,sakura filter,0.0,,0,rojo,,1.35,60.0,50,67.5
2025-02-01,tkl49011,tkl - taiwan,0.0,,0,rojo,,7.25,600.0,50,362.5
2025-03-01,o-1006,sakura filter,2.0,0.0,0,rojo,,3.27,50.0,0,0.0
2025-03-01,ef-65030,sakura filter,244.0,,0,rojo,,2.44,100.0,0,0.0
2025-04-01,c-16400,mann - brasil,82.0,,0,rojo,,10.75,200.0,0,0.0
2025-03-01,bni001,ito koyama - bocamazas,9.0,,0,rojo,,21.18,40.0,0,0.0
2025-03-01,hy040,ito koyama - resortes,0.0,,0,rojo,,3.36,352.0,50,168.0
2025-03-01,sk20fa-e,plumillas - sakura,7.0,,0,rojo,,1.31,500.0,0,0.0
2023-08-01,sm017,ito koyama - torretas,0.0,,0,rojo,20.587070781954026,4.57,60.0,150,685.5
2025-03-01,t007,ito koyama - resortes,530.0,,0,rojo,,4.0,200.0,0,0.0
2025-03-01,f001,ito koyama - resortes,22.0,,0,rojo,,5.2,80.0,0,0.0
2025-03-01,dt235/60r17,deestone,180.0,,0,rojo,,43.16,326.0,0,0.0
2025-04-01,sfc-7912-30,sakura filter,86.0,900.0,0,rojo,,5.81,504.0,0,0.0
2025-04-01,cf-600/1,mann - brasil,98.0,,0,rojo,,8.88,100.0,0,0.0
2025-03-01,mwmwc768,wagner - pastillas,13.0,,0,rojo,,10.8,40.0,0,0.0
2025-03-01,to-502,ito koyama - palieres,122.0,,0,rojo,,8.9,100.0,0,0.0
2025-03-01,bdd035,ishikawa - discos de freno,100.0,,0,rojo,,10.19,150.0,0,0.0
2025-03-01,afc11100mb-m1,prestone - mexico,55.0,,0,rojo,,34.47,240.0,0,0.0
2025-02-01,tkl4075c,tkl - taiwan,0.0,,0,rojo,,3.3,400.0,50,165.0
2025-04-01,56210-jg000,ito koyama - amortiguadores,38.0,,0,rojo,,6.8,99.0,0,0.0
2025-02-01,sk013,ito koyama - resortes,2.0,,0,rojo,,6.62,288.0,0,0.0
2025-03-01,sk009,ito koyama - resortes,766.0,,0,rojo,,3.95,496.0,0,0.0
2024-05-01,aty010,ito koyama - direccion,0.0,,0,rojo,0.0,2.18,120.0,50,109.00000000000001
2025-02-01,c-4905,sakura filter,155.0,,0,rojo,,3.37,84.0,0,0.0
2025-04-01,a-6207-s,sakura filter,473.0,45.0,0,rojo,,12.5,18.0,0,0.0
2025-03-01,af6310/fh,prestone - usa,152.0,,0,rojo,,6.9,324.0,0,0.0
2025-04-01,a-16850,sakura filter,73.0,,0,rojo,,1.64,50.0,0,0.0
2025-02-01,mwmwd1264,wagner - pastillas,22.0,,0,rojo,,10.2,50.0,0,0.0
2025-02-01,a-8904,sakura filter,810.0,,0,rojo,,1.6,200.0,0,0.0
2025-02-01,bdd031,ishikawa - discos de freno,0.0,,0,rojo,,8.92,100.0,50,446.0
2025-03-01,a-1142,sakura filter,292.0,0.0,0,rojo,,3.25,96.0,0,0.0
2025-03-01,re002,ito koyama - resortes,426.0,,0,rojo,,6.3,304.0,0,0.0
2025-03-01,sf-71010,sakura filter,153.0,,0,rojo,,3.95,16.0,0,0.0
2025-02-01,op-012,ito koyama - palieres,161.0,,0,rojo,,8.4,60.0,0,0.0
2025-03-01,a-2405,sakura filter,68.0,,0,rojo,,23.26,100.0,0,0.0
2025-03-01,a-5662-s,sakura filter,66.0,0.0,0,rojo,,17.06,60.0,0,0.0
2025-02-01,41800a78b00,ito koyama - amortiguadores,161.0,,0,rojo,,5.7,148.0,0,0.0
2025-02-01,u-5001kit,mann - brasil,82.0,,0,rojo,,12.64,120.0,0,0.0
2025-02-01,ca-29130,sakura filter,62.0,,0,rojo,,2.88,200.0,0,0.0
2025-03-01,tkl23016,tkl - taiwan,211.0,,0,rojo,,7.2,300.0,0,0.0
2025-03-01,c-38100,sakura filter,509.0,,0,rojo,,2.43,288.0,0,0.0
2025-02-01,k20hr-u11,denso - bujias - japon,96.0,,0,rojo,,2.89,96.0,0,0.0
2025-03-01,ik20,denso - bujias - japon,108.0,,0,rojo,,4.91,96.0,0,0.0
2025-03-01,t1095,ito koyama - trapecios,18.0,,0,rojo,,5.22,40.0,0,0.0
2025-03-01,ch014,ito koyama - resortes,46.0,,0,rojo,,5.6,56.0,0,0.0
2025-03-01,mi-2351a,ito koyama - palieres,29.0,,0,rojo,,6.6,100.0,0,0.0
2024-10-01,fs-1143,sakura filter,103.0,,0,verde,8.59375,3.37,100.0,50,168.5
2024-11-01,icd1566,ishikawa - pastillas de freno,0.0,,0,rojo,15.0,7.72,50.0,100,772.0
2025-04-01,ef-1112,sakura filter,723.0,1200.0,0,rojo,,1.84,384.0,0,0.0
2025-03-01,18057,narva,113.0,,0,rojo,,15.191222023963928,462.0,0,0.0
2025-03-01,18048,narva,105.0,,0,rojo,,16.43603131292188,1008.0,0,0.0
2025-03-01,t1193,ito koyama - trapecios,0.0,,0,rojo,,15.65225,40.0,50,782.6125000000001
2025-04-01,fs-18290,sakura filter,514.0,736.0,0,rojo,,5.33,192.0,0,0.0
2025-03-01,mi-720,ito koyama - palieres,71.0,,0,rojo,,10.3,50.0,0,0.0
2025-03-01,a-65540,sakura filter,40.0,,0,rojo,,2.31,100.0,0,0.0
2025-03-01,c-5106,sakura filter,82.0,,0,rojo,,3.64,575.0,0,0.0
2025-03-01,icd2343,ishikawa - pastillas de freno,104.0,,0,rojo,,3.35,100.0,0,0.0
2025-03-01,icd242,ishikawa - pastillas de freno,3.0,,0,rojo,,3.23,100.0,0,0.0
2025-04-01,c-1922,sakura filter,1191.0,,0,rojo,,1.6,240.0,0,0.0
2024-03-01,60489000,monark - alemania,0.0,,0,rojo,0.0,,,50,
2025-03-01,a-1952,sakura filter,10.0,,0,rojo,,3.56,40.0,0,0.0
2025-03-01,c-45030,sakura filter,220.0,0.0,0,rojo,,3.32,96.0,0,0.0
2025-02-01,a-1662,sakura filter,141.0,0.0,0,rojo,,2.67,40.0,0,0.0
2024-05-01,rhy010,ito koyama - direccion,0.0,,0,rojo,13.39762428128052,3.23,160.0,100,323.0
2025-03-01,af12097m,prestone - mexico,186.0,,0,rojo,,11.82,240.0,0,0.0
2025-03-01,df712870xb,ito koyama - amortiguadores,130.0,,0,rojo,,6.1,100.0,0,0.0
2025-04-01,o-1325,sakura filter,267.0,200.0,0,rojo,,3.28,300.0,0,0.0
2025-03-01,n025,ito koyama - resortes,0.0,,0,rojo,,4.4,120.0,50,220.00000000000003
2025-03-01,332011,ito koyama - amortiguadores,91.0,,0,rojo,,10.4,59.0,0,0.0
2025-03-01,fs-11650,sakura filter,370.0,200.0,0,rojo,,2.96,100.0,0,0.0
2025-02-01,sdhd-295,seco - embragues,68.0,,0,rojo,,15.61,150.0,0,0.0
2025-03-01,fc-1105,sakura filter,23.0,,0,rojo,,4.0,150.0,0,0.0
2025-02-01,fc-7933,sakura filter,20.0,,0,rojo,,3.75,30.0,0,0.0
2025-02-01,fc-7928,sakura filter,272.0,,0,rojo,,3.06,204.0,0,0.0
2025-01-01,pu-1046/x,mann - brasil,0.0,,0,rojo,,6.0,504.0,50,300.0
2025-03-01,fs-4301,sakura filter,1198.0,,0,rojo,,3.3,1000.0,0,0.0
2024-07-01,eo-2604,sakura filter,0.0,,0,rojo,0.0,2.4,50.0,50,120.0
2025-03-01,a-1178,sakura filter,0.0,160.0,0,rojo,,1.07,200.0,0,0.0
2025-03-01,v-polos,sin definicion,0.0,,0,rojo,,27.43468158863027,200.0,50,1371.7340794315135
2025-03-01,68196,narva,380.0,,0,rojo,,2.288334241747856,1000.0,0,0.0
2025-04-01,fc-7920,sakura filter,379.0,,0,rojo,,3.2,100.0,0,0.0
2025-03-01,ho-5025,ito koyama - palieres,22.0,,0,rojo,,7.6,50.0,0,0.0
2025-03-01,ca-1402,sakura filter,295.0,,0,rojo,,1.13,200.0,0,0.0
2025-03-01,ni-045,ito koyama - palieres,39.0,,0,rojo,,9.6,54.0,0,0.0
2025-03-01,c-1032,sakura filter,0.0,,0,rojo,,1.45,150.0,50,72.5
2024-01-01,s-bolsas,sin definicion,0.0,,0,rojo,,0.1,900.0,50,5.0
2025-03-01,891566,valvoline - usa,378.0,,0,rojo,,2.583333,252.0,0,0.0
2025-02-01,icd0009,ishikawa - pastillas de freno,0.0,,0,rojo,,3.54,210.0,50,177.0
2025-02-01,bsu002,ito koyama - bocamazas,18.0,,0,rojo,,16.64,20.0,0,0.0
2025-03-01,dt-628,aisin - japon,0.0,,0,rojo,,46.55,60.0,50,2327.5
2025-02-01,a-lapiceros,sin definicion,0.0,,0,rojo,,0.15678,5000.0,50,7.839
2025-02-01,bdd050,ishikawa - discos de freno,0.0,,0,rojo,,6.49,200.0,50,324.5
2025-03-01,54660-b2100,ito koyama - amortiguadores,116.0,,0,rojo,,11.8,11.0,0,0.0
2025-03-01,af6100/2f,prestone - usa,237.0,,0,rojo,,7.39,432.0,0,0.0
2025-03-01,rki001,ito koyama - direccion,182.0,,0,rojo,,1.810486,300.0,0,0.0
2025-03-01,a-6903-s,sakura filter,35.0,,0,rojo,,38.87,9.0,0,0.0
2025-03-01,dt265/70r16,deestone,51.0,,0,rojo,,53.81,60.0,0,0.0
2024-04-01,scsz-507,seco - embragues,0.0,,0,rojo,1.0,11.94,30.0,50,597.0
2025-02-01,bdd079,ishikawa - discos de freno,16.0,,0,rojo,,7.93,50.0,0,0.0
2025-04-01,as-2206-s,sakura filter,316.0,,0,rojo,,2.94,168.0,0,0.0
2025-03-01,a-2839,sakura filter,97.0,,0,rojo,,1.7,100.0,0,0.0
2025-02-01,af850/xf,prestone - usa,48.0,,0,rojo,,7.69,324.0,0,0.0
2025-03-01,t016,ito koyama - resortes,305.0,,0,rojo,,9.8,1000.0,0,0.0
2025-03-01,fc-1108,sakura filter,337.0,,0,rojo,,1.7,50.0,0,0.0
2025-03-01,c-1112,sakura filter,440.0,,0,rojo,,2.5,400.0,0,0.0
2025-03-01,rto014,ito koyama - direccion,368.0,,0,rojo,,2.646073,500.0,0,0.0
2025-02-01,mwmwd1210,wagner - pastillas,6.0,,0,rojo,,9.1,40.0,0,0.0
2025-03-01,di1540ci500,valvoline,11.0,,0,rojo,,48.02,30.0,0,0.0
2025-03-01,sb002,ito koyama - resortes,26.0,,0,rojo,,4.9,96.0,0,0.0
2025-03-01,icd2272,ishikawa - pastillas de freno,130.0,,0,rojo,,3.55,200.0,0,0.0
2025-03-01,fc-1002,sakura filter,430.0,200.0,0,rojo,,1.8,500.0,0,0.0
2024-11-01,11109,versachem - usa,2.0,,0,amarillo,44.99038524512776,1.68,432.0,100,168.0
2025-03-01,icd1937,ishikawa - pastillas de freno,63.0,,0,rojo,,3.86,200.0,0,0.0
2025-02-01,sfc-1905-10,sakura filter,48.0,,0,rojo,,4.15,24.0,0,0.0
2025-03-01,a-2929,sakura filter,403.0,,0,rojo,,3.86,20.0,0,0.0
2025-03-01,eo-1702,sakura filter,0.0,,0,rojo,,1.44,150.0,50,72.0
2025-04-01,ca-3301,sakura filter,361.0,,0,rojo,,1.21,280.0,0,0.0
2025-03-01,h947/1,mann - brasil,24.0,,0,rojo,,4.04,60.0,0,0.0
2025-03-01,p1540ci500,prextoline - lubricantes,0.0,,0,rojo,,29.5,750.0,50,1475.0
2025-03-01,a-1431,sakura filter,152.0,100.0,0,rojo,,1.42,100.0,0,0.0
2025-03-01,a-2002,sakura filter,1.0,0.0,0,rojo,,2.58,200.0,0,0.0
2025-03-01,sf-1912-30,sakura filter,543.0,,0,rojo,,3.27,400.0,0,0.0
2025-03-01,55310-h9200,ito koyama - amortiguadores,108.0,,0,rojo,,6.4,100.0,0,0.0
2025-02-01,dt-036v,aisin - japon,0.0,,0,rojo,,17.74,200.0,50,886.9999999999999
2025-03-01,rhy001,ito koyama - direccion,47.0,,0,rojo,,1.810486,200.0,0,0.0
2025-03-01,ge-007,ito koyama - palieres,99.0,,0,rojo,,7.7,100.0,0,0.0
2025-03-01,b32t34900c,ito koyama - amortiguadores,23.0,,0,rojo,,11.2,48.0,0,0.0
2025-03-01,a-3320,sakura filter,45.0,,0,rojo,,1.71,120.0,0,0.0
2024-02-01,11347,marilia,0.0,,0,rojo,20.00090789794922,1.76,500.0,100,176.0
2025-02-01,sdhd-084,seco - embragues,2.0,,0,rojo,,27.27,50.0,0,0.0
2025-04-01,c-6204,sakura filter,117.0,225.0,0,rojo,,2.9,200.0,0,0.0
2025-02-01,t1185,ito koyama - trapecios,36.0,,0,rojo,,3.91,60.0,0,0.0
2025-03-01,a-8504,sakura filter,34.0,,0,rojo,,1.76,200.0,0,0.0
2025-03-01,sk-901,ito koyama - palieres,233.0,,0,rojo,,7.2,200.0,0,0.0
2025-04-01,es-57010,sakura filter,128.0,,0,rojo,,2.45,200.0,0,0.0
2025-04-01,fc-13210,sakura filter,75.0,0.0,0,rojo,,12.09,120.0,0,0.0
2025-04-01,a-1050,sakura filter,38.0,16.0,0,rojo,,9.26,120.0,0,0.0
2025-03-01,a-2408,sakura filter,26.0,,0,rojo,,16.96,60.0,0,0.0
2024-10-01,17053,narva,0.0,,0,rojo,0.0,0.15856471502780914,200.0,50,7.928235751390457
2025-03-01,26560143,sakura filter,885.0,,0,rojo,,3.5,300.0,0,0.0
2025-02-01,icd1543,ishikawa - pastillas de freno,0.0,,0,rojo,,5.05,300.0,50,252.5
2025-03-01,to-2435,ito koyama - palieres,0.0,,0,rojo,,6.2,400.0,50,310.0
2025-01-01,bfu-811,mann - brasil,0.0,,0,rojo,,3.97,36.0,50,198.5
2025-03-01,rto009,ito koyama - direccion,383.0,,0,rojo,,2.785331,405.0,0,0.0
2025-03-01,hy023,ito koyama - resortes,28.0,,0,rojo,,5.15,104.0,0,0.0
2025-03-01,bdd010,ishikawa - discos de freno,0.0,,0,rojo,,10.09,50.0,50,504.5
2025-03-01,48607,narva,0.0,,0,rojo,,6.9178569518566135,200.0,50,345.89284759283066
2025-03-01,sfc-7939-30b,sakura filter,79.0,102.0,0,rojo,,16.89,102.0,0,0.0
2025-03-01,a-71420-s,sakura filter,146.0,0.0,0,rojo,,31.66,99.0,0,0.0
2025-03-01,h-1271,mann - brasil,17.0,,0,rojo,,5.54,60.0,0,0.0
2025-03-01,c-1007,sakura filter,46.0,198.0,0,rojo,,7.7,198.0,0,0.0
2025-02-01,f-11141,sakura filter,0.0,100.0,0,rojo,,2.8,100.0,0,0.0
2025-03-01,i-agenda,sin definicion,0.0,,0,rojo,,45.43403701121023,500.0,50,2271.7018505605115
2025-03-01,rto015,ito koyama - direccion,389.0,,0,rojo,,2.506808,501.0,0,0.0
2025-03-01,ca-66030,sakura filter,70.0,,0,rojo,,2.03,100.0,0,0.0
2025-03-01,mi005,ito koyama - resortes,0.0,,0,rojo,,3.85,64.0,50,192.5
2025-02-01,ge-008,ito koyama - palieres,10.0,,0,rojo,,6.7,50.0,0,0.0
2025-03-01,ge001,ito koyama - resortes,66.0,,0,rojo,,7.3,80.0,0,0.0
2025-04-01,wk-1060/2,mann - brasil,343.0,,0,rojo,,11.99,900.0,0,0.0
2025-03-01,dt205/55r16,deestone,32.0,,0,rojo,,26.94,120.0,0,0.0
2024-04-01,49027b,tkl - taiwan,0.0,,0,rojo,25.307273864746094,2.5,600.0,150,375.0
2025-03-01,mwmwd242,wagner - pastillas,0.0,,0,rojo,,7.0,40.0,50,350.0
2025-02-01,t1131,ito koyama - trapecios,105.0,,0,rojo,,7.536214,140.0,0,0.0
2025-02-01,ctx-118,aisin - japon,326.0,,0,rojo,,32.27,200.0,0,0.0
2025-03-01,srb-40,seco - embragues,3.0,,0,rojo,,8.0,50.0,0,0.0
2025-03-01,t1066,ito koyama - trapecios,39.0,,0,rojo,,9.57,40.0,0,0.0
2025-04-01,eo-65090,sakura filter,1023.0,300.0,0,rojo,,0.85,800.0,0,0.0
2025-04-01,ca-1112,sakura filter,762.0,300.0,0,rojo,,0.78,500.0,0,0.0
2025-03-01,cu-37001,mann - brasil,8.0,,0,rojo,,4.937259969711304,60.0,0,0.0
2025-03-01,bdd020,ishikawa - discos de freno,668.0,,0,rojo,,11.8,400.0,0,0.0
2025-04-01,v003,ito koyama - resortes,108.0,,0,rojo,,8.8,56.0,0,0.0
2025-03-01,gw001,ito koyama - resortes,24.0,,0,rojo,,6.3,120.0,0,0.0
2025-04-01,fc-1003,sakura filter,158.0,0.0,0,rojo,,1.9,200.0,0,0.0
2025-03-01,ca-18310,sakura filter,36.0,,0,rojo,,1.15,60.0,0,0.0
2024-09-01,tto016,ito koyama - direccion,32.0,,0,verde,4.0,2.77,80.0,50,138.5
2025-03-01,48520-12610,ito koyama - amortiguadores,238.0,,0,rojo,,11.2,89.0,0,0.0
2025-03-01,ni-026,ito koyama - palieres,50.0,,0,rojo,,9.7,50.0,0,0.0
2025-03-01,a-6609,sakura filter,52.0,0.0,0,rojo,,2.61,60.0,0,0.0
2025-02-01,bdd038,ishikawa - discos de freno,0.0,,0,rojo,,6.38,50.0,50,319.0
2025-01-01,pu-911,mann - brasil,0.0,,0,rojo,,11.930421613454818,68.0,50,596.5210806727409
2025-03-01,fc-1803,sakura filter,326.0,,0,rojo,,2.49,240.0,0,0.0
2025-04-01,ca-17160,sakura filter,218.0,220.0,0,rojo,,0.95,200.0,0,0.0
2025-03-01,aty006,ito koyama - direccion,492.0,,0,rojo,,2.158644,590.0,0,0.0
2025-03-01,a-1878,sakura filter,107.0,,0,rojo,,1.1,200.0,0,0.0
2025-02-01,ch007,ito koyama - resortes,82.0,,0,rojo,,6.51,148.0,0,0.0
2025-03-01,54650-d4000,ito koyama - amortiguadores,29.0,,0,rojo,,11.8,52.0,0,0.0
2025-03-01,eo-83020,sakura filter,33.0,0.0,0,rojo,,3.72,150.0,0,0.0
2025-03-01,a-61530,sakura filter,2636.0,1500.0,0,rojo,,2.1,60.0,0,0.0
2025-04-01,t015,ito koyama - resortes,1150.0,,0,rojo,,4.7,1200.0,0,0.0
2025-03-01,ca-10150,sakura filter,0.0,300.0,0,rojo,,1.92,200.0,0,0.0
2025-04-01,ef-10080,sakura filter,1274.0,600.0,0,rojo,,3.45,400.0,0,0.0
2025-03-01,ef-5102,sakura filter,925.0,1020.0,0,rojo,,5.93,360.0,0,0.0
2025-02-01,w-950/9,mann - brasil,18.0,,0,rojo,,8.84,60.0,0,0.0
2025-03-01,cac-11380,sakura filter,900.0,,0,rojo,,1.87,600.0,0,0.0
2025-03-01,5531007100,ito koyama - amortiguadores,118.0,,0,rojo,,7.0,100.0,0,0.0
2025-03-01,a-28990,sakura filter,445.0,300.0,0,rojo,,2.74,260.0,0,0.0
2025-03-01,a-5149-s,sakura filter,501.0,,0,rojo,,6.44,198.0,0,0.0
2025-02-01,h-962,mann - brasil,274.0,,0,rojo,,9.61331172466278,200.0,0,0.0
2025-02-01,sdhd-519,seco - embragues,0.0,,0,rojo,,18.98,200.0,50,949.0
2025-03-01,bdd043,ishikawa - discos de freno,30.0,,0,rojo,,5.598,50.0,0,0.0
2025-03-01,bto016,ito koyama - bocamazas,5.0,,0,rojo,,8.25,120.0,0,0.0
2025-03-01,54661-a0100,ito koyama - amortiguadores,0.0,,0,rojo,,12.1,102.0,50,605.0
2025-03-01,a-8506-s,sakura filter,1292.0,744.0,0,rojo,,5.89,696.0,0,0.0
2025-03-01,48540-0d570,ito koyama - amortiguadores,364.0,,0,rojo,,6.4,650.0,0,0.0
2025-03-01,tto002,ito koyama - direccion,170.0,,0,rojo,,2.228275,202.0,0,0.0
2025-03-01,sfc-1902-30,sakura filter,242.0,,0,rojo,,4.84,40.0,0,0.0
2025-02-01,ni-012,ito koyama - palieres,0.0,,0,rojo,,6.8,100.0,50,340.0
2025-04-01,ac-7901,sakura filter,385.0,498.0,0,rojo,,10.67,348.0,0,0.0
2025-04-01,sf-1911-30,sakura filter,226.0,150.0,0,rojo,,1.47,400.0,0,0.0
2025-02-01,dt-123v,aisin - japon,0.0,,0,rojo,,14.66,3000.0,100,1466.0
2025-03-01,sfc-8801-10b,sakura filter,74.0,,0,rojo,,5.8,100.0,0,0.0
2025-02-01,42027,narva,2764.0,,0,rojo,,0.8089619566440582,2000.0,0,0.0
2025-03-01,sf-1911-10,sakura filter,417.0,,0,rojo,,1.29,100.0,0,0.0
2025-03-01,a-1165,sakura filter,127.0,,0,rojo,,1.93,100.0,0,0.0
2025-03-01,efg-1002,sakura filter,1056.0,150.0,0,rojo,,3.77,500.0,0,0.0
2025-03-01,a-65510,sakura filter,242.0,153.0,0,rojo,,3.3,144.0,0,0.0
2025-03-01,wk-1060,mann - brasil,0.0,,0,rojo,,11.92,420.0,50,596.0
2025-03-01,sfc-5509-10,sakura filter,54.0,0.0,0,rojo,,10.4,60.0,0,0.0
2025-03-01,a-28560,sakura filter,0.0,,0,rojo,,4.03,45.0,50,201.5
2025-02-01,bdd040,ishikawa - discos de freno,0.0,,0,rojo,,12.08,50.0,50,604.0
2025-03-01,d001,ito koyama - resortes,1140.0,,0,rojo,,2.9,600.0,0,0.0
2025-03-01,485100d851,ito koyama - amortiguadores,573.0,,0,rojo,,10.1,780.0,0,0.0
2025-03-01,to-808,ito koyama - palieres,64.0,,0,rojo,,6.1,100.0,0,0.0
2025-04-01,ef-15130,sakura filter,5943.0,1825.0,0,rojo,,4.14,375.0,0,0.0
2025-01-01,48728,narva,0.0,,0,rojo,0.0,3.2968154595851895,16000.0,250,824.2038648962974
2025-01-01,a-6006,sakura filter,103.0,,0,rojo,,9.0,120.0,0,0.0
2025-03-01,fs-1804,sakura filter,114.0,,0,rojo,,2.6,50.0,0,0.0
2025-04-01,fc-2801,sakura filter,1046.0,864.0,0,rojo,,2.8,216.0,0,0.0
2025-02-01,opt-076,aisin - japon,57.0,,0,rojo,,37.45,50.0,0,0.0
2025-03-01,rni007,ito koyama - direccion,171.0,,0,rojo,,4.419722,201.0,0,0.0
2025-03-01,96187438,ito koyama - amortiguadores,5.0,,0,rojo,,7.4,48.0,0,0.0
2025-04-01,cf-1651,mann - brasil,28.0,,0,rojo,,20.85,120.0,0,0.0
2025-01-01,774038,valvoline - usa,0.0,,0,rojo,,21.133333,117.0,50,1056.6666500000001
2025-03-01,bto007,ito koyama - bocamazas,52.0,,0,rojo,,4.42,100.0,0,0.0
2025-04-01,c-23610,mann - brasil,16.0,,0,rojo,,16.59,200.0,0,0.0
2025-03-01,sdki-440,seco - embragues,40.0,,0,rojo,,13.81,120.0,0,0.0
2024-08-01,sat-017,aisin - japon,0.0,,0,rojo,28.21745272331694,102.72,120.0,200,20544.0
2025-03-01,100-2c,ishikawa - cigueñales-culatas-ejes de levas,47.0,,0,rojo,,90.0,60.0,0,0.0
2025-03-01,acb-003-cs,aisin - japon,23.0,,0,rojo,,10.16,216.0,0,0.0
2025-03-01,hy045,ito koyama - resortes,630.0,,0,rojo,,4.5,792.0,0,0.0
2025-03-01,bdd060,ishikawa - discos de freno,30.0,,0,rojo,,16.53,150.0,0,0.0
2025-03-01,ef-65030-s,sakura filter,32.0,0.0,0,rojo,,5.31,50.0,0,0.0
2024-10-01,cf-100/1,mann - brasil,0.0,,0,rojo,0.0,11.33,60.0,50,566.5
2025-03-01,tto027,ito koyama - direccion,214.0,,0,rojo,,2.506809,300.0,0,0.0
2025-03-01,hy049,ito koyama - resortes,116.0,,0,rojo,,6.5,56.0,0,0.0
2025-02-01,ch013,ito koyama - resortes,0.0,,0,rojo,,6.0,96.0,50,300.0
2025-03-01,p1540ci5500,prextoline - lubricantes,13.0,,0,rojo,,295.0,80.0,0,0.0
2025-03-01,fc-62110,sakura filter,34.0,,0,rojo,,2.93,125.0,0,0.0
2025-02-01,da-014,ito koyama - palieres,15.0,,0,rojo,,6.5,50.0,0,0.0
2025-04-01,41063007,monark - alemania,0.0,,0,rojo,,,,50,
2025-03-01,c004,ito koyama - resortes,46.0,,0,rojo,,5.5,80.0,0,0.0
2024-02-01,sm028,ito koyama - torretas,1.0,,0,amarillo,24.001688639322918,4.52,300.0,150,677.9999999999999
2025-03-01,dt-072,aisin - japon,37.0,,0,rojo,,28.91,200.0,0,0.0
2025-02-01,dt-063v,aisin - japon,55.0,,0,rojo,,20.62,100.0,0,0.0
2025-03-01,183101006,monark - alemania,427.0,,0,rojo,,12.936681067943573,800.0,0,0.0
2025-02-01,a-gorros,sin definicion,0.0,,0,rojo,,33.39094682746941,500.0,50,1669.5473413734708
2025-04-01,a-5541-s,sakura filter,2991.0,1656.0,0,rojo,,5.7,324.0,0,0.0
2025-03-01,fs-29090,sakura filter,282.0,,0,rojo,,5.8,100.0,0,0.0
2025-03-01,a-1840-s,sakura filter,162.0,0.0,0,rojo,,23.41,50.0,0,0.0
2025-03-01,bdd062,ishikawa - discos de freno,0.0,,0,rojo,,14.26,80.0,50,713.0
2025-03-01,t006,ito koyama - resortes,358.0,,0,rojo,,4.65,400.0,0,0.0
2025-04-01,c-1012,sakura filter,339.0,,0,rojo,,3.56,240.0,0,0.0
2025-03-01,a-6611,sakura filter,3.0,60.0,0,rojo,,2.08,60.0,0,0.0
2025-04-01,eo-17030,sakura filter,1314.0,600.0,0,rojo,,0.95,900.0,0,0.0
2025-03-01,thy003,ito koyama - direccion,121.0,,0,rojo,,2.576438,200.0,0,0.0
2025-03-01,pp05300100,valvoline,0.0,,0,rojo,,16.31,600.0,50,815.4999999999999
2025-04-01,eo-66020,sakura filter,899.0,0.0,0,rojo,,1.2,150.0,0,0.0
2025-03-01,c-58270,sakura filter,328.0,300.0,0,rojo,,5.2,600.0,0,0.0
2025-03-01,a-8513,sakura filter,709.0,,0,rojo,,2.1,450.0,0,0.0
2025-03-01,hy-823,ito koyama - palieres,6.0,,0,rojo,,9.2,50.0,0,0.0
2025-04-01,c-271340,mann - brasil,63.0,,0,rojo,,32.5,100.0,0,0.0
2025-03-01,ek001,ito koyama - direccion,0.0,,0,rojo,,1.531987,96.0,50,76.59935
2025-03-01,tni011,ito koyama - direccion,170.0,,0,rojo,,2.089001,196.0,0,0.0
2025-03-01,n014,ito koyama - resortes,493.0,,0,rojo,,3.65,240.0,0,0.0
2025-01-01,di1540ci025,valvoline,278.0,,0,verde,29.25,2.96,180.0,0,0.0
2025-03-01,sk21fa-e,plumillas - sakura,252.0,,0,rojo,,1.31,995.0,0,0.0
2025-03-01,c-18360/2,mann - brasil,28.0,,0,rojo,,11.71,100.0,0,0.0
2025-03-01,ss02,ito koyama - resortes,4.0,,0,rojo,,7.98,100.0,0,0.0
2025-03-01,tto029,ito koyama - direccion,172.0,,0,rojo,,2.646067,300.0,0,0.0
2024-04-01,50006626,ks - alemania,0.0,,0,rojo,45.39332561728395,4.96379644870758,210.0,200,992.759289741516
2025-02-01,as-7988,sakura filter,16.0,40.0,0,rojo,,11.29,40.0,0,0.0
2025-04-01,ef-18050,sakura filter,2688.0,1375.0,0,rojo,,3.7,600.0,0,0.0
2025-02-01,bto005,ito koyama - bocamazas,64.0,,0,rojo,,7.96,100.0,0,0.0
2025-02-01,ami002,ito koyama - direccion,94.0,,0,rojo,,2.08,300.0,0,0.0
2025-04-01,n009,ito koyama - resortes,162.0,,0,rojo,,4.41,688.0,0,0.0
2025-03-01,7246302r,ito koyama - amortiguadores,121.0,,0,rojo,,10.9,72.0,0,0.0
2025-03-01,efg-15010,sakura filter,2487.0,300.0,0,rojo,,2.0,400.0,0,0.0
2025-03-01,k16hpr-u11,denso - bujias - japon,210.0,,0,rojo,,3.23,192.0,0,0.0
2024-11-01,tis-162,toyo - japon,10.0,,0,verde,4.790702160493828,9.192239983007312,60.0,50,459.6119991503656
2025-03-01,a-6119m,sakura filter,45.0,0.0,0,rojo,,10.0,19.0,0,0.0
2025-03-01,c-25011,sakura filter,56.0,,0,rojo,,1.84,200.0,0,0.0
2025-03-01,tto030,ito koyama - direccion,366.0,,0,rojo,,1.949733,486.0,0,0.0
2025-04-01,a-5101,sakura filter,192.0,0.0,0,rojo,,1.84,200.0,0,0.0
2025-03-01,dttmlt265/70r16,deestone,103.0,,0,rojo,,67.0,139.0,0,0.0
2025-04-01,c-1515,sakura filter,1619.0,500.0,0,rojo,,4.6,80.0,0,0.0
2025-03-01,ef-2634,sakura filter,1656.0,0.0,0,rojo,,4.89,250.0,0,0.0
2025-03-01,a-1118,sakura filter,0.0,,0,rojo,,3.87,18.0,50,193.5
2025-03-01,fs-8901,sakura filter,33.0,,0,rojo,,3.57,50.0,0,0.0
2025-04-01,c-1533,sakura filter,1537.0,432.0,0,rojo,,5.5,498.0,0,0.0
2025-03-01,bdd033,ishikawa - discos de freno,28.0,,0,rojo,,6.79,50.0,0,0.0
2025-03-01,a-2843,sakura filter,333.0,180.0,0,rojo,,2.96,114.0,0,0.0
2025-03-01,54303-70n00,ito koyama - amortiguadores,43.0,,0,rojo,,9.4,60.0,0,0.0
2025-04-01,eo-2404,sakura filter,1305.0,,0,rojo,,1.7,150.0,0,0.0
2025-03-01,ho-054,ito koyama - palieres,69.0,,0,rojo,,7.4,100.0,0,0.0
2024-04-01,rxfc123188b,wagner locked - usa,0.0,,0,rojo,70.2417815,7.19,1080.0,200,1438.0
2025-03-01,fs-1150,sakura filter,177.0,,0,rojo,,3.95,100.0,0,0.0
2025-02-01,fc-55014,sakura filter,0.0,,0,rojo,,2.99,80.0,50,149.5
2025-03-01,bto010,ito koyama - bocamazas,30.0,,0,rojo,,15.43,40.0,0,0.0
2025-03-01,dt195/55r15,deestone,0.0,,0,rojo,,23.86,40.0,50,1193.0
2025-03-01,op-011,ito koyama - palieres,363.0,,0,rojo,,5.9,100.0,0,0.0
2025-02-01,cac-1801,sakura filter,126.0,0.0,0,rojo,,2.65,120.0,0,0.0
2025-04-01,wk-1040,mann - brasil,858.0,,0,rojo,,9.32,1398.0,0,0.0
2025-03-01,56110-01n00,ito koyama - amortiguadores,106.0,,0,rojo,,5.6,50.0,0,0.0
2025-03-01,c-1202,sakura filter,393.0,,0,rojo,,1.56,150.0,0,0.0
2025-02-01,18038,narva,0.0,,0,rojo,,15.939012508153915,600.0,50,796.9506254076957
2025-04-01,a-1422,sakura filter,16.0,,0,rojo,,2.03,100.0,0,0.0
2024-04-01,p1540cip500usr,prextoline - usa,0.0,,0,rojo,46.171875,37.99,480.0,200,7598.0
2025-03-01,48510-12550,ito koyama - amortiguadores,126.0,,0,rojo,,7.5,50.0,0,0.0
2025-03-01,884721,valvoline - usa,1232.0,,0,rojo,,4.595,252.0,0,0.0
2025-04-01,c-65400,sakura filter,991.0,1350.0,0,rojo,,1.1,600.0,0,0.0
2025-03-01,rni008,ito koyama - direccion,11.0,,0,rojo,,3.07,210.0,0,0.0
2024-10-01,dpp12r22.5,deruibo,0.0,,0,rojo,6.0,129.2,20.0,50,6459.999999999999
2025-03-01,sk023,ito koyama - resortes,306.0,,0,rojo,,4.3,448.0,0,0.0
2025-03-01,tni010,ito koyama - direccion,88.0,,0,rojo,,2.646033,100.0,0,0.0
2025-03-01,tni009,ito koyama - direccion,104.0,,0,rojo,,2.646033,100.0,0,0.0
2025-03-01,tni008,ito koyama - direccion,80.0,,0,rojo,,1.949777,100.0,0,0.0
2025-03-01,c-15300,mann - brasil,0.0,,0,rojo,,8.1,7.0,50,405.0
2025-03-01,ab3118045d,ito koyama - amortiguadores,14.0,,0,rojo,,8.0,59.0,0,0.0
2025-03-01,op-001,ito koyama - palieres,188.0,,0,rojo,,6.5,200.0,0,0.0
2025-03-01,ety001,ito koyama - direccion,402.0,,0,rojo,,1.671203,497.0,0,0.0
2025-03-01,v002,ito koyama - resortes,28.0,,0,rojo,,5.7,200.0,0,0.0
2025-03-01,cst-007,aisin - japon,0.0,,0,rojo,,35.25,200.0,50,1762.5
2025-01-01,48042,narva,0.0,,0,rojo,,1.671619198536873,1000.0,50,83.58095992684365
2025-03-01,ehy007,ito koyama - direccion,0.0,,0,rojo,,1.531933,202.0,50,76.59665
2025-03-01,48510-8z205ref,ito koyama - amortiguadores,351.0,,0,rojo,,9.1,480.0,0,0.0
2025-03-01,wk-1080/7x,mann - brasil,40.0,,0,rojo,,23.0,80.0,0,0.0
2025-03-01,thy004,ito koyama - direccion,121.0,,0,rojo,,2.576438,200.0,0,0.0
2025-03-01,as-8801,sakura filter,12.0,,0,rojo,,2.88,60.0,0,0.0
2025-03-01,ach001,ito koyama - direccion,87.0,,0,rojo,,2.27,145.0,0,0.0
2025-03-01,ni-080,ito koyama - palieres,17.0,,0,rojo,,7.0,50.0,0,0.0
2023-11-01,rxfc113642b,wagner locked - usa,0.0,,0,rojo,870.124085206011,1.74,4944.0,1800,3132.0
2025-03-01,w20exr-u,denso - bujias - japon,192.0,,0,rojo,,0.98,384.0,0,0.0
2025-04-01,c-1814,sakura filter,693.0,1050.0,0,rojo,,1.17,450.0,0,0.0
2025-03-01,aty004,ito koyama - direccion,22.0,,0,rojo,,1.82,210.0,0,0.0
2025-04-01,to-840,ito koyama - palieres,47.0,,0,rojo,,6.3,200.0,0,0.0
2024-12-01,tks58-31k,mrk - japon,0.0,,0,rojo,9.739513853151667,9.18911987543106,200.0,50,459.45599377155304
2025-04-01,3410014a,ito koyama - amortiguadores,417.0,,0,rojo,,7.3,240.0,0,0.0
2025-02-01,hu-721y,mann - brasil,2.0,,0,rojo,,3.5557529449462892,60.0,0,0.0
2025-03-01,eo-2623,sakura filter,407.0,0.0,0,rojo,,1.78,350.0,0,0.0
2025-03-01,mi-620a,ito koyama - palieres,38.0,,0,rojo,,6.6,50.0,0,0.0
2025-03-01,90373164,ito koyama - amortiguadores,37.0,,0,rojo,,6.4,50.0,0,0.0
2025-03-01,1293,spaco - italia,0.0,,0,rojo,,,,50,
2025-03-01,ef-2636,sakura filter,874.0,300.0,0,rojo,,3.61,50.0,0,0.0
2025-03-01,scns-353,seco - embragues,10.0,,0,rojo,,14.4,50.0,0,0.0
2025-03-01,sk22fa-e,plumillas - sakura,0.0,,0,rojo,,1.31,200.0,50,65.5
2025-03-01,t009,ito koyama - resortes,394.0,,0,rojo,,5.05,400.0,0,0.0
2025-03-01,icd1571,ishikawa - pastillas de freno,70.0,,0,rojo,,4.9,100.0,0,0.0
2024-02-01,a-14630,sakura filter,126.0,,0,verde,10.0,2.5,120.0,0,0.0
2025-02-01,v4-075,aisin - japon,0.0,,0,rojo,,26.83,20.0,50,1341.5
2025-03-01,17322,narva,150.0,,0,rojo,,0.28239888367652893,200.0,0,0.0
2025-02-01,bmi002,ito koyama - bocamazas,36.0,,0,rojo,,5.3,40.0,0,0.0
2025-03-01,48004,narva,167.0,,0,rojo,,2.102984268546104,300.0,0,0.0
2025-03-01,hy046,ito koyama - resortes,84.0,,0,rojo,,8.6,104.0,0,0.0
2025-03-01,eo-68040,sakura filter,30.0,,0,rojo,,4.2,12.0,0,0.0
2025-03-01,c-5610,sakura filter,47.0,,0,rojo,,3.14,60.0,0,0.0
2025-04-01,c-2505,sakura filter,2537.0,675.0,0,rojo,,1.15,150.0,0,0.0
2025-03-01,sk14fa-e,plumillas - sakura,373.0,,0,rojo,,1.29,500.0,0,0.0
2025-04-01,a-5801,sakura filter,114.0,115.0,0,rojo,,11.29,115.0,0,0.0
2025-02-01,eo-3009,sakura filter,0.0,,0,rojo,,1.35,50.0,50,67.5
2025-03-01,af9050m,prestone - mexico,144.0,,0,rojo,,7.39,240.0,0,0.0
2025-03-01,c-7955,sakura filter,146.0,,0,rojo,,3.64,96.0,0,0.0
2025-03-01,a-8577-s,sakura filter,2033.0,,0,rojo,,10.58,374.0,0,0.0
2025-03-01,c-2804,sakura filter,133.0,150.0,0,rojo,,1.07,150.0,0,0.0
2025-03-01,dtt225/65r17,deestone,40.0,,0,rojo,,36.58,200.0,0,0.0
2025-04-01,t008,ito koyama - resortes,680.0,,0,rojo,,4.48,400.0,0,0.0
2025-03-01,ach002,ito koyama - direccion,165.0,,0,rojo,,2.27,150.0,0,0.0
2025-03-01,48510-09k60ref,ito koyama - amortiguadores,288.0,,0,rojo,,9.1,240.0,0,0.0
2025-03-01,a-1117,sakura filter,61.0,0.0,0,rojo,,2.9,54.0,0,0.0
2025-04-01,by-001,ito koyama - palieres,155.0,,0,rojo,,8.15,700.0,0,0.0
2025-03-01,fs-18291,sakura filter,502.0,,0,rojo,,7.51,320.0,0,0.0
2025-03-01,dt225/45zr18,deestone,77.0,,0,rojo,,33.07,60.0,0,0.0
2025-03-01,ety003,ito koyama - direccion,70.0,,0,rojo,,1.531939,398.0,0,0.0
2025-04-01,884656,valvoline - usa,593.0,,0,rojo,,5.1617,126.0,0,0.0
2024-02-01,8.00028E+11,,,,0,rojo,21.012221944023622,,,100,
2025-03-01,eo-18060,sakura filter,342.0,,0,rojo,,1.07,200.0,0,0.0
2025-02-01,bto003,ito koyama - bocamazas,0.0,,0,rojo,,8.11,120.0,50,405.5
2025-04-01,ca-18450,sakura filter,438.0,,0,rojo,,2.31,200.0,0,0.0
2025-02-01,56210-0m011,ito koyama - amortiguadores,0.0,,0,rojo,,6.5,150.0,50,325.0
2025-03-01,a-61600,sakura filter,208.0,,0,rojo,,2.37,100.0,0,0.0
2025-03-01,48076,narva,145.0,,0,rojo,,5.184955296993256,600.0,0,0.0
2025-02-01,c-7105,sakura filter,0.0,,0,rojo,,4.68,60.0,50,234.0
2025-02-01,a-3303,sakura filter,39.0,,0,rojo,,1.58,60.0,0,0.0
2025-02-01,b10300025,valvoline,0.0,,0,rojo,,3.73,432.0,50,186.5
2025-02-01,dtx-133,aisin - japon,11.0,,0,rojo,,48.37,80.0,0,0.0
2025-02-01,ef-1002,sakura filter,0.0,168.0,0,rojo,,3.45,396.0,0,0.0
2025-04-01,c-1122,sakura filter,2447.0,,0,rojo,,1.84,2004.0,0,0.0
2025-03-01,ch001,ito koyama - resortes,408.0,,0,rojo,,5.35,304.0,0,0.0
2025-03-01,fo-003,ito koyama - palieres,84.0,,0,rojo,,6.5,100.0,0,0.0
2025-03-01,fm-1001,sakura filter,0.0,,0,rojo,,12.06,264.0,50,603.0
2025-03-01,sk24fa-e,plumillas - sakura,0.0,,0,rojo,,1.48,200.0,50,74.0
2025-02-01,ef-83020,sakura filter,256.0,,0,rojo,,6.1,100.0,0,0.0
2025-03-01,ef-83030-s,sakura filter,285.0,,0,rojo,,11.5,48.0,0,0.0
2025-03-01,hd295/80r22.5,deruibo,14.0,,0,rojo,,102.0,20.0,0,0.0
2025-03-01,41163068,monark - alemania,0.0,,0,rojo,,,,50,
2025-03-01,ho-020,ito koyama - palieres,47.0,,0,rojo,,6.8,50.0,0,0.0
2025-01-01,q16r-u11,denso - bujias - japon,480.0,,0,verde,0.0,0.99,480.0,0,0.0
2025-04-01,wdk-11102/11,mann - brasil,64.0,,0,rojo,,12.222900748252869,120.0,0,0.0
2025-02-01,op-004,ito koyama - palieres,13.0,,0,rojo,,6.3,50.0,0,0.0
2025-03-01,a-83090,sakura filter,182.0,,0,rojo,,7.12,4.0,0,0.0
2025-03-01,opt-025,aisin - japon,0.0,,0,rojo,,43.38,135.0,50,2169.0
2024-09-01,d-lapiceros,sin definicion,0.0,,0,rojo,,2.9887498895511073,2000.0,50,149.43749447755536
2025-04-01,c-1123,sakura filter,323.0,0.0,0,rojo,,1.11,400.0,0,0.0
2024-10-01,c-281275,mann - brasil,0.0,,0,rojo,8.25,40.26890210151672,3.0,50,2013.4451050758362
2025-03-01,c-6210,sakura filter,90.0,156.0,0,rojo,,2.9,144.0,0,0.0
2025-04-01,rp2050100,valvoline,124.0,,0,rojo,,11.47,600.0,0,0.0
2025-03-01,884646,valvoline - usa,890.0,,0,rojo,,4.376667,504.0,0,0.0
2025-03-01,icd1887,ishikawa - pastillas de freno,133.0,,0,rojo,,5.03,100.0,0,0.0
2025-03-01,ca-26080,sakura filter,67.0,,0,rojo,,3.48,290.0,0,0.0
2025-03-01,atfd30025,valvoline,92.0,,0,rojo,,3.37,156.0,0,0.0
2025-01-01,ca-18250,sakura filter,1716.0,0.0,0,rojo,,0.9,600.0,0,0.0
2025-02-01,rxfc113641bep,wagner locked - usa,0.0,,0,rojo,,2.88,1728.0,100,288.0
2025-02-01,wk-1156,mann - brasil,0.0,,0,rojo,,14.18,30.0,50,709.0
2025-04-01,eo-28090,sakura filter,1008.0,2200.0,0,rojo,,2.0,250.0,0,0.0
2025-04-01,c-1013,sakura filter,181.0,1200.0,0,rojo,,1.37,500.0,0,0.0
2025-04-01,c-1314,sakura filter,3907.0,1002.0,0,rojo,,4.14,498.0,0,0.0
2024-03-01,rto016,ito koyama - direccion,1.0,,0,amarillo,44.07971859757717,2.98,330.0,300,894.0
2025-03-01,hy-014,ito koyama - palieres,171.0,,0,rojo,,7.4,50.0,0,0.0
2025-03-01,w-9023/1,mann - brasil,54.0,,0,rojo,,17.71,72.0,0,0.0
2025-03-01,dt235/55r18,deestone,52.0,,0,rojo,,45.18,80.0,0,0.0
2025-02-01,dt225/75r16c,deestone,82.0,,0,rojo,,44.78,227.0,0,0.0
2025-03-01,f-1306,sakura filter,2.0,0.0,0,rojo,,1.63,300.0,50,81.5
2025-03-01,t1005,ito koyama - trapecios,52.0,,0,rojo,,10.434833,60.0,0,0.0
2025-03-01,56210-86425,ito koyama - amortiguadores,21.0,,0,rojo,,5.5,149.0,0,0.0
2024-07-01,48708,narva,1400.0,,0,verde,30.0,1.8599230885505675,5100.0,0,0.0
2025-04-01,5461-9836skr,sakura - radiadores,53.0,,0,rojo,,30.0,5.0,0,0.0
2023-06-01,schd-423,seco - embragues,0.0,,0,rojo,7.407202000000001,15.2,60.0,50,760.0
2024-02-01,thy005,ito koyama - direccion,0.0,,0,rojo,12.927083333333334,2.03,180.0,100,202.99999999999997
2025-03-01,t1108,ito koyama - trapecios,77.0,,0,rojo,,18.55,40.0,0,0.0
2025-03-01,c-5520,sakura filter,15.0,,0,rojo,,5.72,48.0,0,0.0
2025-03-01,cu-1919,mann - brasil,0.0,,0,rojo,,1.6778709208965301,100.0,50,83.89354604482651
2025-03-01,p20500254t,prextoline - lubricantes,4524.0,,0,rojo,,1.945833,9600.0,0,0.0
2025-02-01,hu-718/1k,mann - brasil,1.0,,0,rojo,,1.8433874559402466,50.0,50,92.16937279701233
2025-01-01,fc-7918,sakura filter,79.0,,0,rojo,,2.27,125.0,0,0.0
2025-04-01,ki-002,ito koyama - palieres,248.0,,0,rojo,,7.2,400.0,0,0.0
2025-03-01,tsz002,ito koyama - direccion,444.0,,0,rojo,,1.810466,500.0,0,0.0
2025-03-01,48092,narva,182.0,,0,rojo,,5.592777584517002,200.0,0,0.0
2025-04-01,ca-18120,sakura filter,1028.0,340.0,0,rojo,,1.35,240.0,0,0.0
2025-02-01,sdgm-565,seco - embragues,0.0,,0,rojo,,14.54,100.0,50,727.0
2025-02-01,to-721,ito koyama - palieres,149.0,,0,rojo,,15.4,100.0,0,0.0
2025-03-01,pra500500,prextoline - lubricantes,55.0,,0,rojo,,38.0,60.0,0,0.0
2025-04-01,c-14200,mann - brasil,41.0,,0,rojo,,6.11,102.0,0,0.0
2025-02-01,rov1040025,rover - usa,0.0,,0,rojo,,2.0825,1008.0,50,104.125
2025-02-01,wk-842,mann - brasil,8.0,,0,rojo,,5.975304993391037,60.0,0,0.0
2025-03-01,eo-19050,sakura filter,6.0,,0,rojo,,1.58,100.0,0,0.0
2025-03-01,c-31070,sakura filter,376.0,,0,rojo,,4.23,240.0,0,0.0
2025-04-01,a-1129,sakura filter,215.0,100.0,0,rojo,,1.75,100.0,0,0.0
2025-03-01,a-19760,sakura filter,220.0,,0,rojo,,3.05,20.0,0,0.0
2025-03-01,48511-35280,ito koyama - amortiguadores,57.0,,0,rojo,,6.0,50.0,0,0.0
2025-03-01,dt155r12c,deestone,0.0,,0,rojo,,20.43,80.0,50,1021.5
2025-02-01,sk16fa-e,plumillas - sakura,0.0,,0,rojo,,1.29,300.0,50,64.5
2025-03-01,a-8811-s,sakura filter,232.0,,0,rojo,,2.71,180.0,0,0.0
2025-04-01,c-6804,sakura filter,805.0,0.0,0,rojo,,1.88,600.0,0,0.0
2025-03-01,af9033m1,prestone - mexico,132.0,,0,rojo,,5.91,150.0,0,0.0
2025-03-01,fs-28250,sakura filter,38.0,,0,rojo,,6.0,50.0,0,0.0
2025-03-01,as-87540-s,sakura filter,191.0,0.0,0,rojo,,12.98,72.0,0,0.0
2025-02-01,bdd009,ishikawa - discos de freno,0.0,,0,rojo,,13.55,50.0,50,677.5
2025-03-01,crt-005,aisin - japon,129.0,,0,rojo,,9.64,135.0,0,0.0
2025-04-01,a-58370,sakura filter,372.0,380.0,0,rojo,,1.14,980.0,0,0.0
2025-04-01,fc-1301,sakura filter,782.0,,0,rojo,,1.5,750.0,0,0.0
2025-03-01,a-25990,sakura filter,63.0,,0,rojo,,2.37,100.0,0,0.0
2025-03-01,fs-26150,sakura filter,808.0,,0,rojo,,14.5,100.0,0,0.0
2025-03-01,48531-26220,ito koyama - amortiguadores,241.0,,0,rojo,,5.8,97.0,0,0.0
2025-03-01,880954,valvoline - usa,570.0,,0,rojo,,15.83,291.0,0,0.0
2025-03-01,h-601/10,mann - brasil,0.0,,0,rojo,,1.81,384.0,50,90.5
2025-03-01,a-3308,sakura filter,148.0,100.0,0,rojo,,2.54,100.0,0,0.0
2025-02-01,eo-11060,sakura filter,37.0,,0,rojo,,1.77,200.0,0,0.0
2025-04-01,eo-11050,sakura filter,688.0,600.0,0,rojo,,0.94,500.0,0,0.0
2025-03-01,ahy002,ito koyama - direccion,108.0,,0,rojo,,2.297905,200.0,0,0.0
2025-02-01,h85140025,valvoline,0.0,,0,rojo,,3.51,120.0,50,175.5
2025-02-01,ca-14060,sakura filter,245.0,,0,rojo,,1.84,200.0,0,0.0
2025-03-01,dt155/70r12,deestone,0.0,,0,rojo,,15.0,200.0,50,750.0
2025-03-01,zxed1,valvoline - usa,396.0,,0,rojo,,8.72,108.0,0,0.0
2025-03-01,48420,narva,256.0,,0,rojo,,1.5105997776985167,400.0,0,0.0
2025-03-01,a-5904,sakura filter,180.0,144.0,0,rojo,,4.19,64.0,0,0.0
2025-03-01,18107,narva,706.0,,0,rojo,,2.275307532787323,210.0,0,0.0
2025-02-01,dt165/65r14,deestone,300.0,,0,rojo,,18.87,100.0,0,0.0
2025-03-01,bdd082,ishikawa - discos de freno,76.0,,0,rojo,,10.44,100.0,0,0.0
2025-03-01,bfu-707,mann - brasil,0.0,,0,rojo,,2.06,24.0,50,103.0
2025-03-01,56210-4m400,ito koyama - amortiguadores,198.0,,0,rojo,,8.7,200.0,0,0.0
2025-03-01,fs-2301,sakura filter,271.0,,0,rojo,,1.9,100.0,0,0.0
2025-04-01,ef-1509,sakura filter,10815.0,7500.0,0,rojo,,2.07,1200.0,0,0.0
2025-02-01,48077,narva,89.0,,0,rojo,,12.212588193297385,200.0,0,0.0
2025-02-01,wk-940/20,mann - brasil,0.0,,0,rojo,,7.478192912340164,60.0,50,373.9096456170082
2025-03-01,ef-51040,sakura filter,158.0,0.0,0,rojo,,5.64,240.0,0,0.0
2025-03-01,pu-707x,mann - brasil,861.0,,0,rojo,,7.23,60.0,0,0.0
2025-02-01,ixeh20ett,denso - bujias - japon,2.0,,0,rojo,,6.55,96.0,50,327.5
2025-04-01,341166,ito koyama - amortiguadores,64.0,,0,rojo,,5.6,100.0,0,0.0
2025-04-01,wk-1060/1,mann - brasil,5138.0,,0,rojo,,12.21,2400.0,0,0.0
2025-04-01,139305037,monark - alemania,288.0,,0,rojo,,7.700781812667847,1320.0,0,0.0
2025-03-01,ema002,ito koyama - direccion,64.0,,0,rojo,,1.531944,98.0,0,0.0
2025-03-01,183450001,monark - alemania,276.0,,0,rojo,,16.17355775356293,500.0,0,0.0
2025-03-01,a-1517,sakura filter,669.0,440.0,0,rojo,,2.6,240.0,0,0.0
2025-03-01,rhy008,ito koyama - direccion,176.0,,0,rojo,,1.949727,200.0,0,0.0
2025-01-01,17037,narva,0.0,,0,rojo,,0.1055887142419815,4000.0,200,21.1177428483963
2025-03-01,tto014,ito koyama - direccion,170.0,,0,rojo,,2.089018,200.0,0,0.0
2025-03-01,icd233,ishikawa - pastillas de freno,4.0,,0,rojo,,3.51,100.0,0,0.0
2025-03-01,wc-5705,sakura filter,451.0,0.0,0,rojo,,2.99,96.0,0,0.0
2025-04-01,a-1818,sakura filter,296.0,,0,rojo,,1.4,400.0,0,0.0
2025-03-01,cf-2631,mann - brasil,157.0,,0,rojo,,11.76,200.0,0,0.0
2022-12-01,48531-09840,ito koyama - amortiguadores,0.0,,0,rojo,57.76793675422696,8.6,109.0,350,3010.0
2025-04-01,icd1434,ishikawa - pastillas de freno,27.0,,0,rojo,,4.28,200.0,0,0.0
2025-03-01,c-17308,mann - brasil,26.0,,0,rojo,,15.54,100.0,0,0.0
2025-03-01,g20w50025,valvoline,198.0,,0,rojo,,3.08,240.0,0,0.0
2025-02-01,c-23750,mann - brasil,147.0,,0,rojo,,26.540467348098755,30.0,0,0.0
2025-03-01,a-6814,sakura filter,63.0,,0,rojo,,3.47,200.0,0,0.0
2025-03-01,fc-1302,sakura filter,707.0,,0,rojo,,2.01,200.0,0,0.0
2022-11-01,sk24,sin definicion,0.0,,0,rojo,,1.08,1200.0,50,54.0
2025-02-01,bhy003,ito koyama - bocamazas,48.0,,0,rojo,,4.42,100.0,0,0.0
2024-06-01,rov1030100,rover - usa,0.0,,0,rojo,85.75,7.7475,1296.0,350,2711.625
2023-07-01,tt-121,toyo - japon,0.0,,0,rojo,100.0040283203125,4.744708955287933,300.0,450,2135.11902987957
2025-03-01,r10300025,valvoline,96.0,,0,rojo,,3.17,108.0,0,0.0
2025-03-01,mi-016,ito koyama - palieres,196.0,,0,rojo,,6.2,100.0,0,0.0
2025-03-01,ctx-124a,aisin - japon,246.0,,0,rojo,,47.99,300.0,0,0.0
2025-03-01,icd0012,ishikawa - pastillas de freno,58.0,,0,rojo,,4.1,100.0,0,0.0
2025-03-01,eo-31070,sakura filter,37.0,200.0,0,rojo,,1.84,100.0,0,0.0
2025-02-01,hy-62026,ito koyama - palieres,0.0,,0,rojo,,7.2,50.0,50,360.0
2025-03-01,op-620,ito koyama - palieres,176.0,,0,rojo,,6.4,100.0,0,0.0
2025-03-01,dt195r15c,deestone,99.0,,0,rojo,,37.35,80.0,0,0.0
2024-09-01,q16pr-u11,denso - bujias - japon,96.0,,0,verde,58.834689117112,0.99,96.0,150,148.5
2025-01-01,17035,narva,0.0,,0,rojo,,0.3098110585927963,600.0,50,15.490552929639815
2025-03-01,f-5502,sakura filter,177.0,,0,rojo,,1.35,100.0,0,0.0
2025-03-01,55310-2p000,ito koyama - amortiguadores,49.0,,0,rojo,,6.3,48.0,0,0.0
2025-03-01,ur006,ito koyama - direccion,204.0,,0,rojo,,2.42,510.0,0,0.0
2025-03-01,48007,narva,85.0,,0,rojo,,3.521245517778397,200.0,0,0.0
2025-03-01,dt195/65r15,deestone,12.0,,0,rojo,,24.63,100.0,0,0.0
2025-03-01,11345,marilia,377.0,,0,rojo,,1.69,1500.0,0,0.0
2025-03-01,tto001,ito koyama - direccion,170.0,,0,rojo,,2.22826,200.0,0,0.0
2024-09-01,ca-1807,sakura filter,0.0,0.0,0,rojo,3.6640625,1.15,200.0,50,57.49999999999999
2025-04-01,a-1088-s,sakura filter,22.0,,0,rojo,,9.21,60.0,0,0.0
2025-03-01,h-932/4,mann - brasil,32.0,,0,rojo,,3.85,60.0,0,0.0
2025-03-01,c-6214,sakura filter,114.0,0.0,0,rojo,,1.88,200.0,0,0.0
2025-03-01,a-31230,sakura filter,16.0,,0,rojo,,3.97,50.0,0,0.0
2025-03-01,48510-02150,ito koyama - amortiguadores,170.0,,0,rojo,,10.8,96.0,0,0.0
2025-04-01,bdd026,ishikawa - discos de freno,2.0,,0,rojo,,10.65,50.0,0,0.0
2025-03-01,c-5301,sakura filter,165.0,,0,rojo,,3.79,186.0,0,0.0
2025-03-01,a-2625,sakura filter,132.0,0.0,0,rojo,,4.57,200.0,0,0.0
2025-03-01,ek002,ito koyama - direccion,62.0,,0,rojo,,1.531903,100.0,0,0.0
2025-03-01,ek003,ito koyama - direccion,82.0,,0,rojo,,1.462308,100.0,0,0.0
2025-03-01,ek004,ito koyama - direccion,92.0,,0,rojo,,1.531987,96.0,0,0.0
2025-03-01,b1001,ito koyama - trapecios,38.0,,0,rojo,,2.84,200.0,0,0.0
2025-03-01,a-65620,sakura filter,107.0,100.0,0,rojo,,2.13,120.0,0,0.0
2025-03-01,a-26020,sakura filter,45.0,,0,rojo,,1.41,100.0,0,0.0
2025-03-01,bdd081,ishikawa - discos de freno,6.0,,0,rojo,,15.35,100.0,0,0.0
2025-03-01,ca-1810,sakura filter,69.0,,0,rojo,,1.22,40.0,0,0.0
2025-03-01,a-1421,sakura filter,259.0,,0,rojo,,2.16,100.0,0,0.0
2025-03-01,dg001,ito koyama - resortes,174.0,,0,rojo,,4.6,104.0,0,0.0
2025-02-01,82966304,monark - alemania,0.0,,0,rojo,,,,50,
2025-03-01,pp10300025,valvoline,85.0,,0,rojo,,4.99,72.0,0,0.0
2024-10-01,sk010,ito koyama - resortes,0.0,,0,rojo,6.0,4.94,78.0,50,247.00000000000003
2025-02-01,48994,narva,40.0,,0,rojo,,2.853825289964676,200.0,0,0.0
2025-02-01,ea-70010-s,sakura filter,78.0,,0,rojo,,2.2,48.0,0,0.0
2025-03-01,ea-69220,sakura filter,312.0,150.0,0,rojo,,2.77,100.0,0,0.0
2025-03-01,ehy006,ito koyama - direccion,0.0,,0,rojo,,1.531944,196.0,50,76.5972
2025-02-01,55300x100,ito koyama - amortiguadores,53.0,,0,rojo,,7.8,80.0,0,0.0
2025-02-01,675130,valvoline - usa,432.0,,0,rojo,,6.291667,216.0,0,0.0
2025-04-01,fc-1807,sakura filter,6321.0,300.0,0,rojo,,1.84,75.0,0,0.0
2025-03-01,tto008,ito koyama - direccion,198.0,,0,rojo,,1.810483,402.0,0,0.0
2025-04-01,vw-020,ito koyama - palieres,198.0,,0,rojo,,6.91,100.0,0,0.0
2025-03-01,hu-12110x,mann - brasil,2.0,,0,rojo,,11.69,102.0,50,584.5
2025-01-01,schd-645,seco - embragues,0.0,,0,rojo,6.960069444444445,19.15,50.0,50,957.4999999999999
2025-04-01,sk-1043,ito koyama - palieres,388.0,,0,rojo,,5.8,500.0,0,0.0
2023-10-01,p1540cip5500usr,prextoline - usa,0.0,,0,rojo,3.0,375.0,8.0,50,18750.0
2025-03-01,48531-20111,ito koyama - amortiguadores,68.0,,0,rojo,,6.0,60.0,0,0.0
2025-03-01,ch-005,ito koyama - palieres,505.0,,0,rojo,,6.5,500.0,0,0.0
2025-03-01,t1100,ito koyama - trapecios,8.0,,0,rojo,,8.405833,60.0,0,0.0
2025-03-01,a-22460,sakura filter,152.0,,0,rojo,,2.26,20.0,0,0.0
2025-03-01,k20pr-u11,denso - bujias - japon,526.0,,0,rojo,,0.99,384.0,0,0.0
2025-03-01,bdd014,ishikawa - discos de freno,78.0,,0,rojo,,11.42,150.0,0,0.0
2025-03-01,a-1734,sakura filter,6.0,,0,rojo,,1.47,100.0,0,0.0
2025-03-01,vw-011,ito koyama - palieres,36.0,,0,rojo,,7.1,50.0,0,0.0
2025-03-01,ani007,ito koyama - direccion,284.0,,0,rojo,,2.297922,300.0,0,0.0
2025-04-01,to-015,ito koyama - palieres,316.0,,0,rojo,,6.5,600.0,0,0.0
2025-02-01,fc-7913,sakura filter,0.0,,0,rojo,,3.44,204.0,50,172.0
2023-06-01,thy009,ito koyama - direccion,0.0,,0,rojo,0.0,2.35,330.0,50,117.5
2025-04-01,k16tr11,denso - bujias - japon,1299.0,,0,rojo,,1.51,1152.0,0,0.0
2024-03-01,dtlt265/70r16,deestone,0.0,,0,rojo,17.510548944434245,60.71,546.0,150,9106.5
2025-03-01,a-1128,sakura filter,21.0,,0,rojo,,4.07,80.0,0,0.0
2025-04-01,pu-941x,mann - brasil,217.0,,0,rojo,,9.67,500.0,0,0.0
2025-03-01,bto013,ito koyama - bocamazas,0.0,,0,rojo,,17.55,50.0,50,877.5
2025-03-01,eo-24070,sakura filter,79.0,,0,rojo,,1.0,400.0,0,0.0
2025-04-01,ef-18060,sakura filter,496.0,,0,rojo,,3.95,600.0,0,0.0
2023-04-01,skhd-322,seco - embragues,0.0,,0,rojo,0.0,41.17,200.0,50,2058.5
2025-03-01,dttmlt265/70r17,deestone,0.0,,0,rojo,,71.34,60.0,50,3567.0
2025-02-01,a-1703,sakura filter,91.0,0.0,0,rojo,,2.53,200.0,0,0.0
2025-04-01,fc-10290,sakura filter,2654.0,,0,rojo,,2.8,1075.0,0,0.0
2025-03-01,18032,narva,514.0,,0,rojo,,20.025725548267364,1200.0,0,0.0
2025-03-01,mi-940l,ito koyama - palieres,45.0,,0,rojo,,29.3,50.0,0,0.0
2025-03-01,724580413l,ito koyama - amortiguadores,18.0,,0,rojo,,9.1,180.0,0,0.0
2025-04-01,ca-2808,sakura filter,588.0,,0,rojo,,1.13,180.0,0,0.0
2025-03-01,18044,narva,464.0,,0,rojo,,16.43602912784588,408.0,0,0.0
2025-03-01,bdd019,ishikawa - discos de freno,58.0,,0,rojo,,7.31,100.0,0,0.0
2025-03-01,af12035m,prestone - mexico,108.0,,0,rojo,,4.9,120.0,0,0.0
2024-07-01,af12035mb,prestone - mexico,0.0,,0,rojo,7.864197530864199,22.25,30.0,50,1112.5
2025-04-01,4851042080,ito koyama - amortiguadores,13.0,,0,rojo,,11.5,79.0,0,0.0
2025-04-01,f-1507,sakura filter,1068.0,950.0,0,rojo,,1.01,500.0,0,0.0
2025-04-01,f-1111,sakura filter,7569.0,3500.0,0,rojo,,1.1,1200.0,0,0.0
2025-02-01,sfc-5304-10b,sakura filter,28.0,,0,rojo,,13.65,132.0,0,0.0
2025-04-01,vw-005,ito koyama - palieres,208.0,,0,rojo,,6.4,400.0,0,0.0
2025-03-01,a-6014-s,sakura filter,17.0,,0,rojo,,20.04,25.0,0,0.0
2025-02-01,a-6012,sakura filter,0.0,,0,rojo,,6.36,24.0,50,318.0
2025-03-01,mi-801,ito koyama - palieres,134.0,,0,rojo,,7.02,100.0,0,0.0
2025-02-01,dtx-113,aisin - japon,0.0,,0,rojo,,56.04,20.0,50,2802.0
2024-11-01,hu-11002/x,mann - brasil,2.0,,0,verde,3.83004175,41.07214061021805,30.0,50,2053.6070305109024
2025-03-01,48034,narva,174.0,,0,rojo,,2.6131307697296142,200.0,0,0.0
2025-03-01,ctx-125,aisin - japon,164.0,,0,rojo,,58.21,100.0,0,0.0
2025-03-01,ur004,ito koyama - direccion,127.0,,0,rojo,,2.38,470.0,0,0.0
2025-03-01,w-1135/3,mann - brasil,24.0,,0,rojo,,10.28,240.0,0,0.0
2025-02-01,wk-950/21,mann - brasil,29.0,,0,rojo,,13.14,60.0,0,0.0
2025-03-01,act-002-cs,aisin - japon,174.0,,0,rojo,,10.7,120.0,0,0.0
2025-03-01,fc-2204,sakura filter,613.0,,0,rojo,,2.48,150.0,0,0.0
2025-03-01,sk-610,ito koyama - palieres,44.0,,0,rojo,,5.7,100.0,0,0.0
2025-04-01,ca-18280,sakura filter,545.0,300.0,0,rojo,,1.27,600.0,0,0.0
2025-03-01,341139,ito koyama - amortiguadores,0.0,,0,rojo,,7.3,50.0,50,365.0
2025-03-01,884572,valvoline - usa,498.0,,0,rojo,,4.988333,252.0,0,0.0
2025-04-01,fc-1806,sakura filter,4584.0,0.0,0,rojo,,1.77,1000.0,0,0.0
2025-03-01,wk-718,mann - brasil,397.0,,0,rojo,,4.83,480.0,0,0.0
2025-02-01,341193,ito koyama - amortiguadores,0.0,,0,rojo,,7.2,50.0,50,360.0
2025-02-01,341138,ito koyama - amortiguadores,0.0,,0,rojo,,7.3,50.0,50,365.0
2025-01-01,hy047,ito koyama - resortes,0.0,,0,rojo,11.494791666666666,10.61,120.0,100,1061.0
2025-02-01,cf-1550,mann - brasil,4.0,,0,rojo,,11.68,30.0,0,0.0
2025-03-01,bdd029,ishikawa - discos de freno,66.0,,0,rojo,,6.06,150.0,0,0.0
2025-02-01,c-10028,sakura filter,361.0,,0,rojo,,2.27,216.0,0,0.0
2025-02-01,vv630,valvoline - usa,34.0,,0,rojo,,122.49,22.0,0,0.0
2025-03-01,mwmwd976,wagner - pastillas,2.0,,0,rojo,,6.6,2700.0,50,330.0
2025-03-01,c-11100,mann - brasil,102.0,,0,rojo,,8.14,150.0,0,0.0
2025-03-01,48680,narva,1598.0,,0,rojo,,4.48362771650219,160.0,0,0.0
2025-03-01,ch-004,ito koyama - palieres,615.0,,0,rojo,,6.5,300.0,0,0.0
2025-03-01,ety004,ito koyama - direccion,0.0,,0,rojo,,1.531928,400.0,50,76.5964
2025-03-01,a-8548,sakura filter,207.0,306.0,0,rojo,,2.61,36.0,0,0.0
2025-03-01,bdd047,ishikawa - discos de freno,0.0,,0,rojo,,8.76,50.0,50,438.0
2025-03-01,48625,narva,99.0,,0,rojo,,7.232981841087342,100.0,0,0.0
2025-01-01,tt-124,toyo - japon,0.0,,0,rojo,,3.903874456882477,50.0,50,195.19372284412384
2025-03-01,hu-618x,mann - brasil,47.0,,0,rojo,,2.122340039014816,100.0,0,0.0
2025-02-01,96207646,ito koyama - amortiguadores,15.0,,0,rojo,,11.96,150.0,0,0.0
2025-02-01,96207647,ito koyama - amortiguadores,5.0,,0,rojo,,11.96,144.0,0,0.0
2025-02-01,icd1847,ishikawa - pastillas de freno,0.0,,0,rojo,,5.4,100.0,50,270.0
2025-02-01,48530-19265,ito koyama - amortiguadores,84.0,,0,rojo,,6.8,50.0,0,0.0
2025-02-01,t1045,ito koyama - trapecios,68.0,,0,rojo,,10.43475,80.0,0,0.0
2025-03-01,c-5715,sakura filter,121.0,90.0,0,rojo,,5.63,6.0,0,0.0
2025-03-01,c-2105,sakura filter,203.0,450.0,0,rojo,,1.56,500.0,0,0.0
2025-03-01,w-962,mann - brasil,314.0,,0,rojo,,8.09,396.0,0,0.0
2025-04-01,48328,narva,11502.0,,0,rojo,,2.0117759613633157,10000.0,0,0.0
2025-03-01,aty013,ito koyama - direccion,324.0,,0,rojo,,2.297905,400.0,0,0.0
2025-03-01,dttmlt265/75r16,deestone,50.0,,0,rojo,,74.46,150.0,0,0.0
2025-03-01,fc-1804,sakura filter,2.0,,0,rojo,,2.05,100.0,0,0.0
2025-03-01,pt16vr13,denso - bujias - japon,145.0,,0,rojo,,4.23,4000.0,0,0.0
2025-03-01,rov85140025,rover - usa,560.0,,0,rojo,,3.165833,1008.0,0,0.0
2025-02-01,c-1514,sakura filter,0.0,0.0,0,rojo,,1.62,200.0,50,81.0
2025-04-01,wk-962/7,mann - brasil,157.0,,0,rojo,,8.79,198.0,0,0.0
2025-02-01,wk-11001x,mann - brasil,0.0,,0,rojo,,20.53,120.0,50,1026.5
2025-02-01,48729,narva,248.0,,0,rojo,,6.931388828027248,400.0,0,0.0
2025-03-01,fc-7905,sakura filter,399.0,,0,rojo,,1.92,36.0,0,0.0
2025-03-01,m25600100,valvoline,85.0,,0,rojo,,11.14,240.0,0,0.0
2025-02-01,rto007,ito koyama - direccion,51.0,,0,rojo,,3.55,120.0,0,0.0
2025-03-01,pu-999/1x,mann - brasil,249.0,,0,rojo,,11.7,300.0,0,0.0
2025-03-01,ik20tt,denso - bujias - japon,152.0,,0,rojo,,5.25,192.0,0,0.0
2025-03-01,n015,ito koyama - resortes,472.0,,0,rojo,,8.4,200.0,0,0.0
2025-03-01,48531-36160,ito koyama - amortiguadores,175.0,,0,rojo,,5.9,99.0,0,0.0
2025-03-01,a-28690,sakura filter,232.0,200.0,0,rojo,,1.0,40.0,0,0.0
2025-03-01,eo-1701,sakura filter,93.0,,0,rojo,,1.44,50.0,0,0.0
2025-04-01,dt-100v,aisin - japon,0.0,,0,rojo,,13.65,300.0,50,682.5
2025-03-01,pra300500,prextoline - lubricantes,79.0,,0,rojo,,35.0,80.0,0,0.0
2025-04-01,p80900500,prextoline - lubricantes,2.0,,0,rojo,,40.0,50.0,0,0.0
2025-04-01,g20w50100,valvoline,162.0,,0,rojo,,11.13,210.0,0,0.0
2025-02-01,17189,narva,230.0,,0,rojo,,0.6183396646976471,400.0,0,0.0
2025-04-01,884559,valvoline - usa,676.0,,0,rojo,,5.7083,126.0,0,0.0
2025-03-01,a-1433,sakura filter,27.0,0.0,0,rojo,,1.75,120.0,0,0.0
2025-02-01,tb-1394/3x,mann - brasil,0.0,,0,rojo,,23.974816970825195,30.0,50,1198.7408485412598
2025-03-01,dt-124v,aisin - japon,0.0,,0,rojo,,16.69,800.0,50,834.5000000000001
2025-03-01,zxru1,valvoline - usa,426.0,,0,rojo,,5.825,216.0,0,0.0
2025-02-01,sdhd-646,seco - embragues,32.0,,0,rojo,,24.97,50.0,0,0.0
2025-03-01,sdhn-095,seco - embragues,7.0,,0,rojo,,48.25,50.0,0,0.0
2025-03-01,dt185/70r14,deestone,53.0,,0,rojo,,23.0,250.0,0,0.0
2025-04-01,a-28520,sakura filter,6.0,,0,rojo,,2.93,54.0,0,0.0
2025-04-01,b10300100,valvoline,49.0,,0,rojo,,12.99,1050.0,0,0.0
2024-04-01,tkl22012d,tkl - taiwan,0.0,,0,rojo,51.6189956665039,15.5,600.0,250,3875.0
2024-09-01,w-950/12,mann - brasil,0.0,,0,rojo,12.484024282032681,7.73,36.0,100,773.0
2025-04-01,h-5902,sakura filter,218.0,,0,rojo,,4.15,200.0,0,0.0
2025-03-01,c-5713,sakura filter,124.0,0.0,0,rojo,,5.44,240.0,0,0.0
2025-03-01,ety005,ito koyama - direccion,220.0,,0,rojo,,1.396012,300.0,0,0.0
2025-03-01,ki-003,ito koyama - palieres,322.0,,0,rojo,,5.9,300.0,0,0.0
2025-03-01,ety002,ito koyama - direccion,382.0,,0,rojo,,1.531928,494.0,0,0.0
2025-03-01,41602a78b01,ito koyama - amortiguadores,226.0,,0,rojo,,8.1,200.0,0,0.0
2025-03-01,18036,narva,228.0,,0,rojo,,15.939012508153915,402.0,0,0.0
2025-03-01,c-5707,sakura filter,233.0,,0,rojo,,8.84,96.0,0,0.0
2025-03-01,95270169,monark - alemania,0.0,,0,rojo,,,,50,
2025-03-01,cf-1150,mann - brasil,174.0,,0,rojo,,10.56,228.0,0,0.0
2025-03-01,e4303-5ha3a,ito koyama - amortiguadores,69.0,,0,rojo,,10.8,80.0,0,0.0
2025-02-01,fc-2205,sakura filter,0.0,0.0,0,rojo,,5.2,96.0,50,260.0
2025-03-01,a-1876,sakura filter,0.0,160.0,0,rojo,,2.02,80.0,0,0.0
2025-03-01,96424026,ito koyama - amortiguadores,89.0,,0,rojo,,9.85,60.0,0,0.0
2025-03-01,v-ambientadores,sin definicion,0.0,,0,rojo,,1.6882000005031228,10000.0,50,84.41000002515614
2025-03-01,ema001,ito koyama - direccion,0.0,,0,rojo,,1.531925,94.0,50,76.59625
2025-03-01,dt185r14c,deestone,61.0,,0,rojo,,30.47,60.0,0,0.0
2025-02-01,a-1092,sakura filter,69.0,,0,rojo,,2.37,60.0,0,0.0
2025-03-01,ik16tt#4,denso - bujias - japon,44.0,,0,rojo,,5.33,96.0,0,0.0
2025-03-01,ca-11380,sakura filter,8469.0,4000.0,0,rojo,,0.83,2000.0,0,0.0
2025-04-01,rxfc113661bep,wagner locked - usa,2608.0,,0,rojo,,1.77,10368.0,0,0.0
2024-02-01,sdsz-240,seco - embragues,0.0,,0,rojo,0.0,10.44,50.0,50,522.0
2025-03-01,eo-30150,sakura filter,101.0,,0,rojo,,1.3,150.0,0,0.0
2025-03-01,48350,narva,0.0,,0,rojo,,1.3598480762243272,600.0,50,67.99240381121636
2025-03-01,c-2810,sakura filter,0.0,0.0,0,rojo,,2.01,150.0,50,100.49999999999999
2025-02-01,rov1030sn100,rover - usa,121.0,,0,rojo,,11.4975,432.0,0,0.0
2025-03-01,17315,narva,0.0,,0,rojo,,3.7454268639528023,20.0,50,187.2713431976401
2024-08-01,f-1804,sakura filter,0.0,,0,rojo,5.3359375,1.26,50.0,50,63.0
2025-03-01,ctx-065,aisin - japon,64.0,,0,rojo,,36.65,40.0,0,0.0
2025-03-01,eo-25030,sakura filter,130.0,,0,rojo,,4.29,25.0,0,0.0
2023-11-01,bto019,ito koyama - bocamazas,1.0,,0,amarillo,4.0,11.52,24.0,50,576.0
2025-03-01,17172,narva,100.0,,0,rojo,,0.3542999819397926,400.0,0,0.0
2025-03-01,as-1014,sakura filter,91.0,0.0,0,rojo,,3.24,81.0,0,0.0
2025-03-01,a-17861,sakura filter,43.0,0.0,0,rojo,,6.59,200.0,0,0.0
2025-03-01,c-1404,sakura filter,230.0,0.0,0,rojo,,1.3,300.0,0,0.0
2025-03-01,hu-947/2x,mann - brasil,3.0,,0,rojo,,5.02,102.0,0,0.0
2025-04-01,ef-10050,sakura filter,226.0,,0,rojo,,2.93,200.0,0,0.0
2024-04-01,pglaz5003,prextoline - grasas,0.0,,0,rojo,1.1395503070641895,50.51,120.0,50,2525.5
2025-03-01,17632,narva,0.0,,0,rojo,,0.7220793176651001,1000.0,50,36.10396588325501
2025-02-01,bto011,ito koyama - bocamazas,0.0,,0,rojo,,12.3,100.0,50,615.0
2025-03-01,bto012,ito koyama - bocamazas,0.0,,0,rojo,,17.55,50.0,50,877.5
2025-03-01,c-29003/1,mann - brasil,0.0,,0,rojo,,3.19,60.0,50,159.5
2025-03-01,r20500025,valvoline,0.0,,0,rojo,,3.17,360.0,50,158.5
2025-01-01,cf-1200,mann - brasil,0.0,,0,rojo,4.359375,11.93,30.0,50,596.5
2025-02-01,49531,narva,12280.0,,0,rojo,,1.1309101598381996,5700.0,0,0.0
2025-03-01,sk015,ito koyama - resortes,352.0,,0,rojo,,4.9,56.0,0,0.0
2025-03-01,ni-020,ito koyama - palieres,0.0,,0,rojo,,6.7,400.0,50,335.0
2025-01-01,w16exr-u,denso - bujias - japon,384.0,,0,rojo,,0.99,384.0,0,0.0
2025-03-01,17059,narva,10.0,,0,rojo,,0.22311448764801026,400.0,0,0.0
2025-04-01,f-17011,sakura filter,3266.0,1184.0,0,rojo,,1.8,384.0,0,0.0
2023-07-01,zd976,wagner - pastillas,0.0,,0,rojo,326.6291664002419,12.33,1000.0,1000,12330.0
2025-03-01,rov1540100,rover - usa,0.0,,0,rojo,,8.125,648.0,50,406.25
2025-03-01,rxfc113640bep,wagner locked - usa,0.0,,0,rojo,,1.29,8640.0,250,322.5
2024-11-01,2376,spaco - italia,0.0,,0,rojo,150.0,,,650,
2025-04-01,ca-1114,sakura filter,13909.0,4000.0,0,rojo,,0.92,2000.0,0,0.0
2025-03-01,crt-006,aisin - japon,9.0,,0,rojo,,15.38,15.0,0,0.0
2024-03-01,a-1009,sakura filter,0.0,,0,rojo,2.4488275891632374,7.42,95.0,50,371.0
2025-03-01,ch-006,ito koyama - palieres,98.0,,0,rojo,,6.6,100.0,0,0.0
2025-04-01,sf-1911-2,sakura filter,3140.0,750.0,0,rojo,,1.33,1500.0,0,0.0
2025-03-01,98014,narva,2.0,,0,rojo,,4.993714751720428,100.0,0,0.0
2025-03-01,17027,narva,130.0,,0,rojo,,0.31546616381406783,200.0,0,0.0
2025-02-01,dt175/65r14,deestone,200.0,,0,rojo,,18.49,200.0,0,0.0
2025-03-01,884558,valvoline - usa,336.0,,0,rojo,,5.3867,126.0,0,0.0
2025-03-01,fc-1702,sakura filter,115.0,300.0,0,rojo,,1.62,200.0,0,0.0
2025-03-01,fc-62150,sakura filter,186.0,,0,rojo,,4.39,120.0,0,0.0
2025-02-01,ca-1806,sakura filter,0.0,0.0,0,rojo,,0.97,100.0,50,48.5
2025-02-01,c-1204,sakura filter,0.0,0.0,0,rojo,,1.51,100.0,50,75.5
2025-02-01,48904,narva,0.0,,0,rojo,,1.7970065010070801,1000.0,50,89.850325050354
2025-03-01,a-8553-s,sakura filter,255.0,,0,rojo,,4.14,156.0,0,0.0
2025-03-01,a-14460,sakura filter,94.0,100.0,0,rojo,,1.9,20.0,0,0.0
2025-02-01,884530,valvoline - usa,2055.0,,0,rojo,,21.46,1149.0,0,0.0
2024-10-01,pu-966/1x,mann - brasil,0.0,,0,rojo,10.203125,11.436213179826735,100.0,50,571.8106589913367
2025-04-01,op-013,ito koyama - palieres,4.0,,0,rojo,,7.2,100.0,0,0.0
2025-03-01,48720,narva,110.0,,0,rojo,,2.2047501171827317,800.0,0,0.0
2025-03-01,ur009,ito koyama - direccion,344.0,,0,rojo,,2.42,540.0,0,0.0
2025-04-01,m-polos,sin definicion,0.0,,0,rojo,,18.48614554117971,500.0,50,924.3072770589855
2025-03-01,dt-094l,aisin - japon,454.0,,0,rojo,,33.82,100.0,0,0.0
2025-03-01,sk17fa-e,plumillas - sakura,494.0,,0,rojo,,1.29,1000.0,0,0.0
2025-03-01,op-100,ito koyama - palieres,87.0,,0,rojo,,7.73,100.0,0,0.0
2025-04-01,s-agenda,sin definicion,0.0,,0,rojo,,54.24314007091667,500.0,50,2712.1570035458335
2025-02-01,a-6509,sakura filter,9.0,,0,rojo,,1.6,20.0,0,0.0
2025-03-01,v001,ito koyama - resortes,85.0,,0,rojo,,5.04,160.0,0,0.0
2025-02-01,fc-6501,sakura filter,124.0,,0,rojo,,2.93,204.0,0,0.0
2023-02-01,c-13330,sakura filter,0.0,,0,rojo,9.8046875,3.5,252.0,100,350.0
2025-04-01,po-83010,sakura filter,149.0,,0,rojo,,0.94,200.0,0,0.0
2025-02-01,xu22hdr9,denso - bujias - japon,198.0,,0,rojo,,3.35,192.0,0,0.0
2025-03-01,w-920/7,mann - brasil,198.0,,0,rojo,,5.97,300.0,0,0.0
2025-03-01,cf-2135,mann - brasil,12.0,,0,rojo,,7.126562118530273,600.0,0,0.0
2025-03-01,c-5710,sakura filter,0.0,0.0,0,rojo,,9.75,198.0,50,487.5
2025-03-01,wk-613/3,mann - brasil,0.0,,0,rojo,,4.18,60.0,50,209.0
2025-03-01,w-917,mann - brasil,0.0,,0,rojo,,9.23,10.0,50,461.5
2025-03-01,p00100500,prextoline - lubricantes,359.0,,0,rojo,,29.0,300.0,0,0.0
2024-01-01,e11228700d,ito koyama - amortiguadores,0.0,,0,rojo,5.76588629292645,7.7,7.0,50,385.0
2025-02-01,ca-65180,sakura filter,1.0,0.0,0,rojo,,1.98,240.0,50,99.0
2025-03-01,4tp20500025,valvoline,60.0,,0,rojo,,2.83,180.0,0,0.0
2025-02-01,o-13270,sakura filter,74.0,,0,rojo,,3.38,100.0,0,0.0
2025-02-01,ef-15131,sakura filter,231.0,,0,rojo,,4.52,200.0,0,0.0
2025-03-01,hy-010,ito koyama - palieres,45.0,,0,rojo,,7.0,100.0,0,0.0
2025-04-01,c-1110,sakura filter,4136.0,850.0,0,rojo,,1.05,950.0,0,0.0
2025-03-01,ct-011u,aisin - japon,188.0,,0,rojo,,18.75,200.0,0,0.0
2025-03-01,mr-151227,ito koyama - amortiguadores,64.0,,0,rojo,,5.6,50.0,0,0.0
2025-03-01,884577,valvoline - usa,11.0,,0,rojo,,5.486667,126.0,0,0.0
2025-01-01,17104,narva,70.0,,0,rojo,,0.5187194800376892,200.0,0,0.0
2025-03-01,44209,versachem - usa,102.0,,0,rojo,,2.28,4320.0,0,0.0
2025-02-01,w-11102/36,mann - brasil,0.0,,0,rojo,,9.156063833236695,960.0,50,457.8031916618348
2025-01-01,w16ex-u11,denso - bujias - japon,288.0,,0,rojo,,0.93,288.0,0,0.0
2025-03-01,hu-12103/x,mann - brasil,0.0,,0,rojo,,6.9837047588825225,60.0,50,349.18523794412613
2025-03-01,ef-11010,sakura filter,135.0,0.0,0,rojo,,2.0,300.0,0,0.0
2025-04-01,884569,valvoline - usa,2695.0,,0,rojo,,5.386667,504.0,0,0.0
2025-03-01,17945,narva,520.0,,0,rojo,,0.640477483510971,1000.0,0,0.0
2025-03-01,vv975,valvoline - usa,123.0,,0,rojo,,122.44767514753677,120.0,0,0.0
2025-03-01,48321,narva,610.0,,0,rojo,,0.7700922698378563,2000.0,0,0.0
2025-03-01,sc20hr11,denso - bujias - japon,94.0,,0,rojo,,7.92,576.0,0,0.0
2025-04-01,c-10026,sakura filter,475.0,,0,rojo,,1.56,300.0,0,0.0
2025-03-01,98016,narva,156.0,,0,rojo,,6.953228444337845,300.0,0,0.0
2025-04-01,c-6526,sakura filter,732.0,750.0,0,rojo,,1.36,150.0,0,0.0
2025-03-01,17638,narva,460.0,,0,rojo,,0.34518318732976916,20000.0,0,0.0
2025-03-01,ef-25010,sakura filter,320.0,,0,rojo,,7.68,350.0,0,0.0
2025-03-01,17051,narva,570.0,,0,rojo,,0.2178743659257889,1000.0,0,0.0
2025-02-01,48530-02130,ito koyama - amortiguadores,0.0,,0,rojo,,11.3,60.0,50,565.0
2025-03-01,82933005,monark - alemania,0.0,,0,rojo,,,,50,
2025-04-01,af6210/fh,prestone - usa,558.0,,0,rojo,,6.9,1134.0,0,0.0
2025-03-01,k16r-u11,denso - bujias - japon,3910.0,,0,rojo,,0.99,3360.0,0,0.0
2024-10-01,48329,narva,90.0,,0,verde,16.776695,3.1289016975164414,200.0,100,312.8901697516441
2024-02-01,zx275,wagner - pastillas,0.0,,0,rojo,2.617283950617284,8.65,60.0,50,432.5
2025-03-01,q20r-u11,denso - bujias - japon,476.0,,0,rojo,,0.99,576.0,0,0.0
2025-03-01,af9033mv,prestone - mexico,0.0,,0,rojo,,4.95,300.0,50,247.5
2025-03-01,48702,narva,2068.0,,0,rojo,,1.4518096600413322,6000.0,0,0.0
2025-03-01,as-51540,sakura filter,158.0,,0,rojo,,4.74,9.0,0,0.0
2025-03-01,dt5.00r12lt,deestone,760.0,,0,rojo,,20.5,350.0,0,0.0
2025-03-01,48358,narva,200.0,,0,rojo,,3.0859468313455585,600.0,0,0.0
2025-03-01,dt5.50r12lt,deestone,297.0,,0,rojo,,25.5,200.0,0,0.0
2025-03-01,17941,narva,550.0,,0,rojo,,0.6234400445222855,600.0,0,0.0
2025-03-01,82953005,monark - alemania,0.0,,0,rojo,,,,50,
2025-04-01,m-franelas,sin definicion,0.0,,0,rojo,,7.487999784024872,1000.0,50,374.3999892012436
2025-03-01,h80900025,valvoline,9.0,,0,rojo,,19.067797,24.0,0,0.0
2025-03-01,vv982,valvoline - usa,618.0,,0,rojo,,9.911667,204.0,0,0.0
2025-02-01,ef-5103,sakura filter,351.0,,0,rojo,,6.21,240.0,0,0.0
2025-03-01,96407819,ito koyama - amortiguadores,30.0,,0,rojo,,11.1,48.0,0,0.0
2025-03-01,h-71180,sakura filter,2.0,,0,rojo,,1.1,150.0,0,0.0
2025-02-01,w-719/45,mann - brasil,40.0,,0,rojo,,6.189232469797135,60.0,0,0.0
2025-03-01,ctx-170a,aisin - japon,1.0,,0,rojo,,60.66,200.0,50,3033.0
2025-03-01,c-1160,sakura filter,16781.0,7350.0,0,rojo,,1.2,2000.0,0,0.0
2025-04-01,m-lapiceros,sin definicion,0.0,,0,rojo,,2.541839877886597,2000.0,50,127.09199389432986
2025-03-01,17326,narva,190.0,,0,rojo,,0.18665219783782958,400.0,0,0.0
2025-02-01,17948,narva,0.0,,0,rojo,,0.9064568654298782,2000.0,50,45.32284327149391
2025-02-01,schd-514,seco - embragues,0.0,,0,rojo,,16.24,200.0,50,811.9999999999999
2025-03-01,c-1318,sakura filter,0.0,504.0,0,rojo,,2.75,204.0,0,0.0
2025-01-01,17063,narva,1340.0,,0,rojo,,0.16408199347257613,4000.0,0,0.0
2025-02-01,98015,narva,0.0,,0,rojo,,6.570677845036983,1000.0,50,328.5338922518492
2025-03-01,tt-123,toyo - japon,643.0,,0,rojo,,5.236446306109428,2000.0,0,0.0
2025-04-01,sfc-5708,sakura filter,65.0,100.0,0,rojo,,2.84,100.0,0,0.0
2025-03-01,rovatfd025,rover - usa,654.0,,0,rojo,,2.165833,1008.0,0,0.0
2025-03-01,w-1170/7,mann - brasil,212.0,,0,rojo,,12.058664560317993,320.0,0,0.0
2025-02-01,c-6519,sakura filter,359.0,0.0,0,rojo,,1.93,500.0,0,0.0
2024-03-01,eh-55040,sakura filter,0.0,,0,rojo,7.815786261609941,15.44,25.0,50,772.0
2025-02-01,48078,narva,0.0,,0,rojo,,5.554533055865765,400.0,50,277.7266527932882
2025-03-01,17040,narva,0.0,,0,rojo,,0.14814012100696564,6000.0,50,7.407006050348282
2025-02-01,68191,narva,200.0,,0,rojo,,1.678241999745369,200.0,0,0.0
2025-04-01,17181,narva,8340.0,,0,rojo,,0.1832919398188591,15000.0,0,0.0
2025-03-01,82952014,monark - alemania,0.0,,0,rojo,,,,50,
2024-04-01,rxfc113640b,wagner locked - usa,6.0,,0,amarillo,1350.6734805154947,2.1,7344.0,2900,6090.0
2025-03-01,kn44041,tkl - taiwan,17.0,,0,rojo,,4.4,100.0,0,0.0
2025-03-01,96407820,ito koyama - amortiguadores,33.0,,0,rojo,,11.1,48.0,0,0.0
2025-02-01,17316,narva,0.0,,0,rojo,,0.19477280917167664,600.0,50,9.738640458583832
2025-02-01,17317,narva,140.0,,0,rojo,,0.43331524765491486,2000.0,0,0.0
2025-03-01,48320,narva,865.0,,0,rojo,,0.8464916325330734,6000.0,0,0.0
2025-03-01,48750,narva,850.0,,0,rojo,,2.826776419723034,1000.0,0,0.0
2025-04-01,99939,versachem - usa,31202.0,,0,rojo,,1.8,28800.0,0,0.0
2025-04-01,17629,narva,1000.0,,0,rojo,,1.4446021729946137,2000.0,0,0.0
2025-03-01,17649,narva,160.0,,0,rojo,,0.628648943066597,2000.0,0,0.0
2024-10-01,17102,narva,80.0,,0,verde,95.141215,0.3812262622117996,200.0,450,171.55181799530982
2025-04-01,c-1147,sakura filter,1968.0,1200.0,0,rojo,,1.14,1000.0,0,0.0
2025-03-01,rov530sn5500,rover - usa,13.0,,0,rojo,,369.0,16.0,0,0.0
2025-03-01,dtxlt265/70r16,deestone,254.0,,0,rojo,,68.79,250.0,0,0.0
2025-03-01,48351,narva,462.0,,0,rojo,,0.9856848900675774,2000.0,0,0.0
2025-04-01,17925,narva,410.0,,0,rojo,,0.35438659386634824,17600.0,50,17.719329693317412
2025-04-01,17643,narva,0.0,,0,rojo,,0.2397321076154709,30000.0,250,59.93302690386773
2025-03-01,h80900100,valvoline,18.0,,0,rojo,,13.1,201.0,0,0.0
2025-03-01,17631,narva,0.0,,0,rojo,,0.5289186648130416,6000.0,100,52.89186648130416
2025-03-01,bf6000m3,prestone - mexico,144.0,,0,rojo,,2.25,1200.0,0,0.0
2025-04-01,48881,narva,13029.0,,0,rojo,,1.2620864240884782,100.0,0,0.0
2025-03-01,di1540ci100,valvoline,104.0,,0,rojo,,10.78,204.0,0,0.0
2025-02-01,rto001,ito koyama - direccion,0.0,,0,rojo,,2.65,24.0,50,132.5
2025-02-01,c-6001,sakura filter,108.0,0.0,0,rojo,,6.5,120.0,0,0.0
2025-03-01,t017,ito koyama - resortes,76.0,,0,rojo,,8.4,104.0,0,0.0
2025-03-01,c-7984,sakura filter,266.0,,0,rojo,,2.71,120.0,0,0.0
2025-03-01,rp1030100,valvoline,15.0,,0,rojo,,11.47,270.0,0,0.0
2025-02-01,wp-11102/3,mann - brasil,0.0,,0,rojo,,7.733762655258179,400.0,50,386.68813276290894
2025-03-01,re-016,ito koyama - palieres,461.0,,0,rojo,,9.2,800.0,0,0.0
2025-03-01,c-5705,sakura filter,190.0,198.0,0,rojo,,6.5,198.0,0,0.0
2025-03-01,48222,narva,13780.0,,0,rojo,,1.4538055795311926,5300.0,0,0.0
2025-03-01,afc11100/1f,prestone - mexico,1870.0,,0,rojo,,7.19,3084.0,0,0.0
2025-02-01,c-2107,sakura filter,84.0,,0,rojo,,2.37,100.0,0,0.0
2025-03-01,h-12110/2x,mann - brasil,262.0,,0,rojo,,9.02,300.0,0,0.0
2025-02-01,vw-802,ito koyama - palieres,105.0,,0,rojo,,6.8,50.0,0,0.0
2025-04-01,48700,narva,4690.0,,0,rojo,,1.1563026911258696,18000.0,0,0.0
2025-03-01,884544,valvoline - usa,1758.0,,0,rojo,,21.46,1149.0,0,0.0
2025-03-01,96316781,ito koyama - amortiguadores,459.0,,0,rojo,,5.6,399.0,0,0.0
2025-03-01,96407821,ito koyama - amortiguadores,27.0,,0,rojo,,10.85,52.0,0,0.0
2025-03-01,paw68a500,prextoline - lubricantes,1170.0,,0,rojo,,19.0,1335.0,0,0.0
2025-03-01,48040,narva,0.0,,0,rojo,,1.715381917119026,1000.0,50,85.7690958559513
2024-10-01,48884,narva,0.0,,0,rojo,61.12031986322094,1.2606619664430618,300.0,250,315.16549161076546
2025-03-01,w-1265,mann - brasil,49.0,,0,rojo,,17.84,120.0,0,0.0
2025-02-01,c-1316,sakura filter,247.0,,0,rojo,,5.75,200.0,0,0.0
2025-03-01,h80900500,valvoline,7.0,,0,rojo,,58.2,50.0,0,0.0
2025-04-01,48892,narva,2375.0,,0,rojo,,1.9298323778629303,1300.0,0,0.0
2025-03-01,17311,narva,270.0,,0,rojo,,0.1541047671675682,400.0,0,0.0
2025-03-01,17197,narva,3340.0,,0,rojo,,0.15735214352607726,8000.0,0,0.0
2025-04-01,af2033,prestone - usa,4382.0,,0,rojo,,5.12,3240.0,0,0.0
2025-03-01,48041,narva,197.0,,0,rojo,,1.4207947274446489,400.0,0,0.0
2025-02-01,17169,narva,0.0,,0,rojo,,0.36180141139030453,1000.0,50,18.090070569515227
2025-03-01,r20500500,valvoline,1.0,,0,rojo,,45.0,50.0,0,0.0
2025-03-01,c-1002,sakura filter,0.0,,0,rojo,,1.2,100.0,50,60.0
2025-02-01,dtc195/50r15,deestone,80.0,,0,rojo,,21.57,60.0,0,0.0
2025-03-01,48894,narva,378.0,,0,rojo,,1.8955645498394966,600.0,0,0.0
2025-02-01,48901,narva,0.0,,0,rojo,,1.6327730271220207,1500.0,450,734.7478622049093
2025-02-01,c-1317,sakura filter,66.0,,0,rojo,,4.74,72.0,0,0.0
2025-03-01,ikh16tt,denso - bujias - japon,243.0,,0,rojo,,6.95,192.0,0,0.0
2025-03-01,48006,narva,418.0,,0,rojo,,1.784442314016819,15000.0,0,0.0
2025-03-01,17094,narva,70.0,,0,rojo,,0.2972195613384247,200.0,0,0.0
2025-03-01,17171,narva,14000.0,,0,rojo,,0.16022798126935958,25000.0,0,0.0
2025-02-01,17919,narva,0.0,,0,rojo,,20.436610949959483,50.0,150,3065.4916424939224
2025-03-01,48005,narva,0.0,,0,rojo,,39.326963656504354,20.0,100,3932.6963656504354
2025-03-01,17097,narva,650.0,,0,rojo,,0.11427021181583405,6000.0,0,0.0
2025-02-01,re-017,ito koyama - palieres,38.0,,0,rojo,,7.2,50.0,0,0.0
2025-03-01,48709,narva,260.0,,0,rojo,,1.8861638666391372,300.0,0,0.0
2025-03-01,17635,narva,0.0,,0,rojo,,5.149975749185154,20.0,750,3862.4818118888656
2025-04-01,op-705,ito koyama - palieres,63.0,,0,rojo,,8.2,150.0,0,0.0
2025-04-01,a-68510-s,sakura filter,56.0,,0,rojo,,25.64,60.0,0,0.0
2025-04-01,a-68580-s,sakura filter,33.0,,0,rojo,,21.8,60.0,0,0.0
2023-11-01,00046br,sabo- brasil,40.0,,0,rojo,,2.4363,66.0,,
2021-08-01,00051br,sabo- brasil,0.0,,0,rojo,,2.142,20.0,,
2023-06-01,00259n,corteco - brasil,38.0,,0,rojo,,1.42,50.0,,
2025-02-01,00359br,sabo- brasil,0.0,,0,rojo,,0.675,100.0,,
2022-08-01,00726br,sabo- brasil,0.0,,0,rojo,,0.86,500.0,,
2024-07-01,00979brge,sabo- brasil,0.0,,0,rojo,,1.55,500.0,,
2024-04-01,01017572b,corteco - brasil,23.0,,0,rojo,,18.46,43.0,,
2024-07-01,01095jg2,sabo- brasil,0.0,,0,rojo,,1.575,1980.0,,
2021-09-01,01135brg,sabo- brasil,0.0,,0,rojo,,1.1,1200.0,,
2021-09-01,01276gre,sabo- brasil,0.0,,0,rojo,,1.1,250.0,,
2021-09-01,01289gre,sabo- brasil,0.0,,0,rojo,,0.9,200.0,,
2021-09-01,01543br,sabo- brasil,0.0,,0,rojo,,0.51,100.0,,
2024-05-01,01884brag,sabo- brasil,0.0,,0,rojo,,2.7,200.0,,
2022-11-01,01974brg,sabo- brasil,0.0,,0,rojo,,2.22,300.0,,
2022-06-01,01988brg,sabo- brasil,0.0,,0,rojo,,0.39,100.0,,
2021-08-01,02049bg,sabo- brasil,0.0,,0,rojo,,2.0604,50.0,,
2025-02-01,02208bag,sabo- brasil,9.0,,0,rojo,,3.15,50.0,,
2023-05-01,02219bag,sabo- brasil,0.0,,0,rojo,,11.25,50.0,,
2021-04-01,02246bag,sabo- brasil,0.0,,0,rojo,,3.9,50.0,,
2023-04-01,02544bre,sabo- brasil,0.0,,0,rojo,,0.2564,1200.0,,
2023-03-01,02753brg,sabo- brasil,0.0,,0,rojo,,2.0272,50.0,,
2023-11-01,03750bray,sabo- brasil,42.0,,0,rojo,,10.26,5.0,,
2023-11-01,03778brg,sabo- brasil,16.0,,0,rojo,,5.01,20.0,,
2023-11-01,03815brage,sabo- brasil,40.0,,0,rojo,,6.33,50.0,,
2023-06-01,04247brgf,sabo- brasil,62.0,,0,rojo,,1.12,90.0,,
2023-11-01,05916brgf,sabo- brasil,6.0,,0,rojo,,2.34,30.0,,
2023-04-01,05917brg,sabo- brasil,0.0,,0,rojo,,2.19,60.0,,
2023-11-01,08312brf,sabo- brasil,8.0,,0,rojo,,2.01,20.0,,
2023-03-01,08458brgef,sabo- brasil,0.0,,0,rojo,,2.04,20.0,,
2023-03-01,08459baef,sabo- brasil,0.0,,0,rojo,,1.85,20.0,,
2022-09-01,090140-0061,denso - elementos - valvulas,0.0,,0,rojo,,4.46,12.0,,
2021-09-01,090140-1350,denso - elementos - valvulas,0.0,,0,rojo,,4.21,20.0,,
2021-07-01,090140-2220,denso - elementos - valvulas,0.0,,0,rojo,,4.84,20.0,,
2022-09-01,090150-3050,denso - elementos - valvulas,0.0,,0,rojo,,10.69,20.0,,
2023-06-01,090150-6002,denso - elementos - valvulas,0.0,,0,rojo,,61.09,6.0,,
2021-09-01,09203bref,sabo- brasil,0.0,,0,rojo,,0.44,80.0,,
2023-04-01,09314bref,sabo- brasil,0.0,,0,rojo,,0.69,800.0,,
2021-07-01,093400-5640,denso - elementos - valvulas,1.0,,0,rojo,,5.15,80.0,,
2021-06-01,093400-5760,denso - elementos - valvulas,10.0,,0,rojo,,18.79,12.0,,
2021-06-01,096400-1441,denso - elementos - valvulas,0.0,,0,rojo,,92.14,5.0,,
2022-09-01,096400-1700,denso - elementos - valvulas,0.0,,0,rojo,,958.5233530578847,1.0,,
2021-04-01,096417-0040,denso - elementos - valvulas,0.0,,0,rojo,,2.97,40.0,,
2025-02-01,100-1gd,ishikawa - cigueñales-culatas-ejes de levas,8.0,,0,rojo,,240.0,10.0,,
2025-02-01,100-1kd-2kd,ishikawa - cigueñales-culatas-ejes de levas,19.0,,0,rojo,,165.0,20.0,,
2024-06-01,100-1kz-t,birene - cigueñales-culatas-ejes de levas,5.0,,0,rojo,,140.0,5.0,,
2022-06-01,100-22r,birene - cigueñales-culatas-ejes de levas,0.0,,0,rojo,,103.0,3.0,,
2025-03-01,100-2400,ishikawa - cigueñales-culatas-ejes de levas,9.0,,0,rojo,,78.0,10.0,,
2023-12-01,100-2l-new,birene - cigueñales-culatas-ejes de levas,11.0,,0,rojo,,105.0,10.0,,
2025-03-01,100-2l-old,ishikawa - cigueñales-culatas-ejes de levas,10.0,,0,rojo,,105.0,20.0,,
2022-01-01,100-4e,birene - cigueñales-culatas-ejes de levas,0.0,,0,rojo,,128.0,20.0,,
2025-03-01,100-4y,ishikawa - cigueñales-culatas-ejes de levas,4.0,,0,rojo,,58.0,20.0,,
2025-02-01,100-5l,ishikawa - cigueñales-culatas-ejes de levas,15.0,,0,rojo,,105.0,20.0,,
2025-02-01,100-alto,ishikawa - cigueñales-culatas-ejes de levas,3.0,,0,rojo,,75.0,10.0,,
2025-03-01,100-f8cv,ishikawa - cigueñales-culatas-ejes de levas,20.0,,0,rojo,,46.0,20.0,,
2025-02-01,100-g16b,ishikawa - cigueñales-culatas-ejes de levas,9.0,,0,rojo,,65.0,10.0,,
2022-10-01,100-ka24de,birene - cigueñales-culatas-ejes de levas,10.0,,0,rojo,,155.0,10.0,,
2025-03-01,100-l200,ishikawa - cigueñales-culatas-ejes de levas,0.0,,0,rojo,,168.0,5.0,,
2025-02-01,100-n300,ishikawa - cigueñales-culatas-ejes de levas,39.0,,0,rojo,,55.0,40.0,,
2025-02-01,100-navara,ishikawa - cigueñales-culatas-ejes de levas,9.0,,0,rojo,,140.0,10.0,,
2024-11-01,100-spark,birene - cigueñales-culatas-ejes de levas,10.0,,0,rojo,,50.0,30.0,,
2025-02-01,100-td27,ishikawa - cigueñales-culatas-ejes de levas,9.0,,0,rojo,,90.0,10.0,,
2025-02-01,100-yd25,ishikawa - cigueñales-culatas-ejes de levas,9.0,,0,rojo,,155.0,10.0,,
2022-02-01,100-z20,birene - cigueñales-culatas-ejes de levas,0.0,,0,rojo,,122.0,2.0,,
2024-12-01,10231905,ito koyama - amortiguadores,0.0,,0,rojo,,7.54,100.0,,
2022-08-01,10244011s,trw - brasil,0.0,,0,rojo,,34.03,25.0,,
2021-09-01,10324013s,trw - brasil,0.0,,0,rojo,,57.3,10.0,,
2024-11-01,10481745,ito koyama - amortiguadores,0.0,,0,rojo,,11.16,56.0,,
2024-11-01,10481746,ito koyama - amortiguadores,1.0,,0,rojo,,11.16,56.0,,
2021-06-01,10620,marilia,0.0,,0,rojo,,1.48,50.0,,
2024-08-01,10635,marilia,0.0,,0,rojo,,1.47,200.0,,
2024-09-01,1069888,cei - italia,0.0,,0,rojo,,3.43,6.0,,
2022-06-01,11009,spaco - italia,0.0,,0,rojo,,9.005979895591736,20.0,,
2022-04-01,11011,marilia,0.0,,0,rojo,,2.0,400.0,,
2021-12-01,11031,marilia,0.0,,0,rojo,,3.4,1500.0,,
2021-10-01,11038,marilia,0.0,,0,rojo,,0.97,1000.0,,
2021-08-01,110415,sealco - usa,0.0,,0,rojo,,27.2,20.0,,
2022-04-01,110500,sealco - usa,72.0,,0,rojo,,30.2,80.0,,
2022-02-01,11052,marilia,0.0,,0,rojo,,1.76,500.0,,
2022-07-01,11076,spaco - italia,0.0,,0,rojo,,4.642920509576798,50.0,,
2022-08-01,1108n,corteco - brasil,0.0,,0,rojo,,2.07,200.0,,
2022-09-01,11090,spaco - italia,0.0,,0,rojo,,7.929280514717101,40.0,,
2022-06-01,11130,spaco - italia,0.0,,0,rojo,,0.312071750164032,100.0,,
2021-07-01,11159,marilia,0.0,,0,rojo,,3.09,100.0,,
2023-03-01,11166,marilia,0.0,,0,rojo,,2.62,100.0,,
2025-01-01,11175,marilia,78.0,,0,rojo,,1.76,300.0,,
2022-12-01,11194,marilia,0.0,,0,rojo,,3.24,50.0,,
2021-10-01,11209,marilia,0.0,,0,rojo,,4.44,50.0,,
2021-10-01,11251,marilia,0.0,,0,rojo,,4.5,50.0,,
2021-02-01,11254,marilia,0.0,,0,rojo,,1.92,200.0,,
2025-02-01,113388901,victor reinz - alemania,0.0,,0,rojo,,37.6915388739109,30.0,,
2021-10-01,11353,marilia,0.0,,0,rojo,,1.76,50.0,,
2023-04-01,11385,marilia,0.0,,0,rojo,,2.15,200.0,,
2023-04-01,11401,marilia,0.0,,0,rojo,,6.55,100.0,,
2021-10-01,11420,marilia,0.0,,0,rojo,,0.9,500.0,,
2023-06-01,11448,spaco - italia,0.0,,0,rojo,,6.772496881484985,50.0,,
2024-03-01,11794,spaco - italia,0.0,,0,rojo,,4.713334500789642,50.0,,
2022-09-01,11811,spaco - italia,0.0,,0,rojo,,0.5582993030548096,1000.0,,
2022-09-01,11813,spaco - italia,0.0,,0,rojo,,5.185741603374481,50.0,,
2022-07-01,11844,spaco - italia,0.0,,0,rojo,,5.154061865806579,200.0,,
2024-09-01,11845,spaco - italia,10.0,,0,rojo,,0.28011205792427063,1000.0,,
2021-03-01,11853,spaco - italia,1.0,,0,rojo,,0.508004025220871,500.0,,
2024-11-01,11855,spaco - italia,36.0,,0,rojo,,1.0276474821567534,100.0,,
2024-02-01,1191915,cei - italia,0.0,,0,rojo,,39.9,10.0,,
2022-08-01,1194401,lemforder - brasil,0.0,,0,rojo,,22.84,10.0,,
2024-02-01,1194718,cei - italia,0.0,,0,rojo,,60.1,5.0,,
2022-12-01,11979,spaco - italia,0.0,,0,rojo,,0.601245403289795,4000.0,,
2021-08-01,12015509b,corteco - brasil,0.0,,0,rojo,,20.04,50.0,,
2025-03-01,12015881,corteco - brasil,0.0,,0,rojo,,0.57,100.0,,
2023-12-01,12051,marilia,0.0,,0,rojo,,30.14,30.0,,
2023-03-01,12053,marilia,10.0,,0,rojo,,35.18,20.0,,
2022-06-01,12123,spaco - italia,0.0,,0,rojo,,7.163005506992341,100.0,,
2022-04-01,12128,spaco - italia,0.0,,0,rojo,,2.5456903171539307,60.0,,
2021-03-01,12315504,victor reinz - alemania,0.0,,0,rojo,,,,,
2021-03-01,12316004,victor reinz - alemania,0.0,,0,rojo,,,,,
2021-11-01,12502507,victor reinz - alemania,0.0,,0,rojo,,,,,
2024-02-01,1268304537,cei - italia,0.0,,0,rojo,,25.59,10.0,,
2021-11-01,12710-78b00-000,birene - cigueñales-culatas-ejes de levas,0.0,,0,rojo,,10.0,20.0,,
2023-09-01,12744,spaco - italia,0.0,,0,rojo,,6.778711801767349,300.0,,
2024-06-01,12747,spaco - italia,0.0,,0,rojo,,9.73076795578003,40.0,,
2024-09-01,12871,spaco - italia,0.0,,0,rojo,,7.854434826374054,1000.0,,
2022-08-01,12880,spaco - italia,0.0,,0,rojo,,2.8972230219841,100.0,,
2023-01-01,12909501,victor reinz - alemania,0.0,,0,rojo,,,,,
2021-06-01,12awgfbblanco,indeco - cables,0.0,,0,rojo,,29.159722,5.0,,
2021-03-01,13109001,victor reinz - alemania,0.0,,0,rojo,,,,,
2023-01-01,13626001,victor reinz - alemania,0.0,,0,rojo,,,,,
2023-10-01,13721,spaco - italia,0.0,,0,rojo,,24.4842573428154,40.0,,
2022-03-01,13754,spaco - italia,0.0,,0,rojo,,17.48360897064209,30.0,,
2023-09-01,1391,spaco - italia,0.0,,0,rojo,,,,,
2024-04-01,139305009,monark - alemania,0.0,,0,rojo,,8.710516929626465,100.0,,
2023-11-01,140280,sealco - usa,12.0,,0,rojo,,7.75,80.0,,
2021-02-01,1404582000,goetze,0.0,,0,rojo,,9.62562059211731,240.0,,
2022-07-01,14066,spaco - italia,0.0,,0,rojo,,5.432681679725647,50.0,,
2024-04-01,14099,spaco - italia,0.0,,0,rojo,,1.4992337107658387,150.0,,
2024-02-01,141,marilia,0.0,,0,rojo,,8.35,50.0,,
2023-04-01,14386,spaco - italia,205.0,,0,rojo,,4.874382376670837,200.0,,
2025-01-01,14401,marilia,43.0,,0,rojo,,6.73,150.0,,
2023-02-01,14767,spaco - italia,0.0,,0,rojo,,10.035526686906815,70.0,,
2021-10-01,14803,spaco - italia,0.0,,0,rojo,,10.509804413318635,150.0,,
2022-07-01,15131,spaco - italia,0.0,,0,rojo,,11.327543592453003,100.0,,
2024-02-01,1521241,cei - italia,0.0,,0,rojo,,0.08,600.0,,
2024-02-01,1521414,cei - italia,0.0,,0,rojo,,152.25,2.0,,
2024-02-01,1521421,cei - italia,0.0,,0,rojo,,126.0,4.0,,
2024-02-01,1521423,cei - italia,0.0,,0,rojo,,89.5,2.0,,
2024-02-01,1521870,cei - italia,0.0,,0,rojo,,0.25,300.0,,
2024-02-01,1521886,cei - italia,0.0,,0,rojo,,3.43,10.0,,
2023-07-01,1521890,cei - italia,0.0,,0,rojo,,79.38,5.0,,
2024-02-01,1521907,cei - italia,0.0,,0,rojo,,120.0,3.0,,
2024-02-01,1521910,cei - italia,0.0,,0,rojo,,51.45,3.0,,
2024-02-01,1521913,cei - italia,0.0,,0,rojo,,168.0,2.0,,
2024-02-01,1521930,cei - italia,0.0,,0,rojo,,472.5,1.0,,
2024-02-01,1521979,cei - italia,0.0,,0,rojo,,120.75,2.0,,
2024-02-01,1523185,cei - italia,0.0,,0,rojo,,3.0,90.0,,
2024-02-01,1523318,cei - italia,0.0,,0,rojo,,7.35,1.0,,
2023-05-01,15392,spaco - italia,0.0,,0,rojo,,6.2967815852165225,20.0,,
2023-04-01,15411,marilia,0.0,,0,rojo,,3.11,200.0,,
2021-12-01,15421,marilia,0.0,,0,rojo,,3.3,400.0,,
2023-09-01,15452,spaco - italia,0.0,,0,rojo,,4.2087178230285645,400.0,,
2022-07-01,15665,spaco - italia,0.0,,0,rojo,,2.6807877767086032,120.0,,
2022-07-01,15684,spaco - italia,0.0,,0,rojo,,5.4675184559822085,50.0,,
2023-02-01,15721,spaco - italia,0.0,,0,rojo,,5.0231299352645875,100.0,,
2022-01-01,16011,marilia,0.0,,0,rojo,,1.92,200.0,,
2024-04-01,160677033,monark - alemania,0.0,,0,rojo,,5.117428696155549,100.0,,
2023-10-01,16276,spaco - italia,0.0,,0,rojo,,4.684823905229568,100.0,,
2023-04-01,16421,marilia,0.0,,0,rojo,,2.69,300.0,,
2024-02-01,1652539,cei - italia,0.0,,0,rojo,,49.0,2.0,,
2024-02-01,1652578,cei - italia,0.0,,0,rojo,,25.2,20.0,,
2024-02-01,1652617,cei - italia,0.0,,0,rojo,,125.08,2.0,,
2023-11-01,16532,spaco - italia,67.0,,0,rojo,,6.2967815852165225,50.0,,
2021-03-01,1653922,cei - italia,0.0,,0,rojo,,31.11,18.0,,
2023-11-01,16546-1hk0a,sin definicion,0.0,,0,rojo,,,,,
2024-02-01,1656209,cei - italia,0.0,,0,rojo,,129.17,3.0,,
2023-03-01,1656226,cei - italia,0.0,,0,rojo,,32.99,6.0,,
2024-02-01,1656232,cei - italia,0.0,,0,rojo,,21.0,8.0,,
2023-03-01,1656264,cei - italia,0.0,,0,rojo,,44.1,16.0,,
2024-02-01,1668148,cei - italia,0.0,,0,rojo,,233.73,2.0,,
2024-02-01,1668213,cei - italia,0.0,,0,rojo,,79.0,2.0,,
2024-02-01,1668242,cei - italia,0.0,,0,rojo,,65.1,3.0,,
2024-02-01,1673434,cei - italia,0.0,,0,rojo,,95.2,2.0,,
2024-02-01,1673445,cei - italia,0.0,,0,rojo,,551.25,1.0,,
2024-02-01,1698992,cei - italia,0.0,,0,rojo,,25.59,10.0,,
2024-11-01,17032,narva,0.0,,0,rojo,,0.2783575109481812,600.0,,
2023-03-01,17058,narva,0.0,,0,rojo,,0.2860707590103149,200.0,,
2024-08-01,17076,narva,90.0,,0,rojo,,0.3708925430774689,200.0,,
2025-03-01,17186,narva,0.0,,0,rojo,,0.18746953965425492,200.0,,
2021-05-01,17483,spaco - italia,0.0,,0,rojo,,15.725295810699462,200.0,,
2023-04-01,17521,narva,0.0,,0,rojo,,0.3694778360724449,200.0,,
2023-11-01,1795,spaco - italia,0.0,,0,rojo,,,,,
2022-08-01,18015,narva,0.0,,0,rojo,,29.217199862003326,18.0,,
2022-07-01,1829,spaco - italia,0.0,,0,rojo,,,,,
2024-11-01,184059033,monark - alemania,9.0,,0,rojo,,41.04831103086472,30.0,,
2023-03-01,1862176034,sachs - brasil,2.0,,0,rojo,,171.05,5.0,,
2024-10-01,1862248033,sachs - brasil,0.0,,0,rojo,,199.27,10.0,,
2024-05-01,1878002518,sachs - brasil,0.0,,0,rojo,,320.0,10.0,,
2024-05-01,1878006084,sachs - brasil,0.0,,0,rojo,,334.01,5.0,,
2025-03-01,1878006184,sachs - brasil,0.0,,0,rojo,,81.97,5.0,,
2022-02-01,1878007253,zf - alemania,0.0,,0,rojo,,256.26,30.0,,
2024-04-01,1878008093,sachs - brasil,0.0,,0,rojo,,173.96,10.0,,
2022-07-01,1878654433,sachs - brasil,0.0,,0,rojo,,66.49,12.0,,
2023-08-01,1882250143,zf - alemania,0.0,,0,rojo,,372.94520666599277,5.0,,
2021-03-01,1882280213,zf - alemania,0.0,,0,rojo,,464.1196553707123,5.0,,
2024-05-01,1884pro,corteco - brasil,0.0,,0,rojo,,2.35,100.0,,
2024-03-01,1k4713,vkntech,0.0,,0,rojo,,26.5,230.0,,
2024-03-01,1k7804,vkntech,0.0,,0,rojo,,44.0,50.0,,
2024-12-01,1k9371,vkntech,0.0,,0,rojo,,45.0,110.0,,
2024-12-01,1s0219,vkntech,0.0,,0,rojo,,26.5,20.0,,
2024-12-01,1s2919,vkntech,0.0,,0,rojo,,26.5,20.0,,
2024-12-01,1s6415-3,vkntech,0.0,,0,rojo,,26.5,20.0,,
2024-12-01,1s9840-2,vkntech,0.0,,0,rojo,,26.5,20.0,,
2024-12-01,1s9840-3,vkntech,0.0,,0,rojo,,26.5,20.0,,
2023-12-01,20-100-td27,birene - cigueñales-culatas-ejes de levas,0.0,,0,rojo,,92.0,15.0,,
2024-02-01,20366731,cei - italia,0.0,,0,rojo,,31.0,2.0,,
2024-02-01,20366733,cei - italia,0.0,,0,rojo,,430.0,1.0,,
2024-02-01,20366735,cei - italia,0.0,,0,rojo,,35.7,2.0,,
2024-02-01,20366756,cei - italia,0.0,,0,rojo,,30.0,6.0,,
2024-02-01,20366826,cei - italia,0.0,,0,rojo,,45.63,7.0,,
2024-02-01,20776785,cei - italia,0.0,,0,rojo,,131.25,3.0,,
2024-02-01,20781951,cei - italia,0.0,,0,rojo,,199.0,3.0,,
2024-02-01,20854441,cei - italia,0.0,,0,rojo,,154.0,2.0,,
2022-10-01,215950004501f,vdo - brasil,0.0,,0,rojo,,60.8,10.0,,
2023-03-01,21979473,philips,0.0,,0,rojo,,0.1253789782524109,200.0,,
2023-03-01,21985573,philips,0.0,,0,rojo,,0.15957324504852297,600.0,,
2023-03-01,21997828,philips,0.0,,0,rojo,,0.1481751561164856,200.0,,
2023-03-01,22003528,philips,0.0,,0,rojo,,0.17096627082824709,200.0,,
2022-08-01,221030003r,vdo - brasil,0.0,,0,rojo,,9.14,20.0,,
2023-05-01,221036003r,vdo - brasil,17.0,,0,rojo,,9.5,100.0,,
2025-03-01,22150404,trw - brasil,0.0,,0,rojo,,2.48,10.0,,
2024-12-01,22150579,trw - brasil,4.0,,0,rojo,,2.86,10.0,,
2023-03-01,22150652,trw - brasil,0.0,,0,rojo,,10.92,10.0,,
2024-12-01,22150783,trw - brasil,1.0,,0,rojo,,20.96,4.0,,
2024-12-01,22150903,trw - brasil,6.0,,0,rojo,,12.09,20.0,,
2021-03-01,22719002,victor reinz - alemania,0.0,,0,rojo,,,,,
2023-01-01,2279,spaco - italia,0.0,,0,rojo,,,,,
2024-10-01,23622390,ito koyama - amortiguadores,2.0,,0,rojo,,10.72,88.0,,
2024-10-01,23622391,ito koyama - amortiguadores,2.0,,0,rojo,,10.72,88.0,,
2025-01-01,23628770,ito koyama - amortiguadores,0.0,,0,rojo,,5.65,200.0,,
2023-09-01,2364,spaco - italia,0.0,,0,rojo,,,,,
2022-11-01,2371,spaco - italia,0.0,,0,rojo,,,,,
2022-11-01,2374,spaco - italia,0.0,,0,rojo,,,,,
2022-07-01,24072,wix filters,2.0,,0,rojo,,5.05,48.0,,
2022-07-01,24073,wix filters,0.0,,0,rojo,,6.26,120.0,,
2024-01-01,24074,wix filters,1.0,,0,rojo,,7.33,84.0,,
2023-05-01,24112,wix filters,17.0,,0,rojo,,18.93,60.0,,
2022-09-01,24113,wix filters,0.0,,0,rojo,,12.4,120.0,,
2025-02-01,24546807,ito koyama - amortiguadores,0.0,,0,rojo,,4.64,200.0,,
2022-11-01,246082003001r,vdo - brasil,0.0,,0,rojo,,4.7,50.0,,
2021-09-01,246082003021r,vdo - brasil,0.0,,0,rojo,,4.39,30.0,,
2021-12-01,24687530,philips,0.0,,0,rojo,,1.915944868326187,400.0,,
2021-10-01,24689930,philips,0.0,,0,rojo,,1.915944868326187,400.0,,
2025-03-01,25995943,ito koyama - amortiguadores,0.0,,0,rojo,,12.75,112.0,,
2022-04-01,266984,cei - italia,0.0,,0,rojo,,43.0,6.0,,
2021-05-01,2680,spaco - italia,0.0,,0,rojo,,,,,
2023-11-01,27100,versachem - usa,0.0,,0,rojo,,2.96,144.0,,
2022-09-01,2734,spaco - italia,0.0,,0,rojo,,,,,
2023-03-01,276115,cei - italia,0.0,,0,rojo,,245.0,1.0,,
2021-06-01,276146,cei - italia,0.0,,0,rojo,,3.05,12.0,,
2021-12-01,287070079,monark - alemania,0.0,,0,rojo,,8.658318493366242,50.0,,
2021-03-01,2duf050n-7,zsg - taiwan,0.0,,0,rojo,,35.6,20.0,,
2022-10-01,300-1kd,birene - cigueñales-culatas-ejes de levas,10.0,,0,rojo,,46.5,10.0,,
2025-03-01,300-3l,ishikawa - cigueñales-culatas-ejes de levas,0.0,,0,rojo,,43.5,20.0,,
2025-03-01,300-4d31,ishikawa - cigueñales-culatas-ejes de levas,9.0,,0,rojo,,55.8,10.0,,
2025-03-01,300-4d55,ishikawa - cigueñales-culatas-ejes de levas,0.0,,0,rojo,,42.5,10.0,,
2025-02-01,300-4jb1,ishikawa - cigueñales-culatas-ejes de levas,2.0,,0,rojo,,46.5,4.0,,
2025-03-01,300-aveo,ishikawa - cigueñales-culatas-ejes de levas,10.0,,0,rojo,,31.5,10.0,,
2024-12-01,30003602,ito koyama - amortiguadores,0.0,,0,rojo,,10.87,72.0,,
2025-03-01,30003617,ito koyama - amortiguadores,38.0,,0,rojo,,6.53,140.0,,
2021-02-01,3000954318,sachs - brasil,0.0,,0,rojo,,296.88,5.0,,
2024-12-01,30009866,ito koyama - amortiguadores,0.0,,0,rojo,,10.87,72.0,,
2024-02-01,307870902,monark - alemania,0.0,,0,rojo,,,,,
2024-09-01,3081-1008skr,sakura - radiadores,7.0,,0,rojo,,30.0,25.0,,
2022-12-01,30bcs19-2nslnr,nachi - koyo - ntn - nsk - japon,0.0,,0,rojo,,7.2,10.0,,
2023-11-01,30bg05s2g-2ds,nachi - koyo - ntn - nsk - japon,0.0,,0,rojo,,6.3,20.0,,
2023-08-01,3100002255,zf - alemania,0.0,,0,rojo,,120.7853827536106,10.0,,
2021-03-01,3100026531,zf - alemania,0.0,,0,rojo,,119.99,30.0,,
2023-03-01,31029330,philips,0.0,,0,rojo,,1.1967993378639221,50.0,,
2024-05-01,31250-22240,aisin - japon,2.0,,0,rojo,,55.51,30.0,,
2024-11-01,3141-1010skr,sakura - radiadores,57.0,,0,rojo,,14.0,59.0,,
2021-03-01,314971,sachs - argentina,0.0,,0,rojo,,49.51,60.0,,
2021-03-01,3151106041,zf - alemania,0.0,,0,rojo,,98.7306838452816,5.0,,
2024-02-01,3152722,cei - italia,0.0,,0,rojo,,180.0,2.0,,
2024-02-01,3152730,cei - italia,0.0,,0,rojo,,140.0,2.0,,
2024-02-01,3152798,cei - italia,0.0,,0,rojo,,110.25,1.0,,
2021-05-01,3182009938,zf - alemania,0.0,,0,rojo,,220.33,20.0,,
2025-03-01,3192-1006skr,sakura - radiadores,1.0,,0,rojo,,46.5,7.0,,
2024-02-01,3192293,cei - italia,0.0,,0,rojo,,43.05,5.0,,
2022-03-01,3192951,cei - italia,0.0,,0,rojo,,68.25,10.0,,
2023-08-01,3210a2rs1tn9,skf - rodajes,0.0,,0,rojo,,13.5,20.0,,
2025-03-01,3221-3002skr,sakura - radiadores,27.0,,0,rojo,,43.5,2.0,,
2025-03-01,3221-8506skr,sakura - radiadores,22.0,,0,rojo,,24.0,30.0,,
2021-05-01,328731,philips,0.0,,0,rojo,,,,,
2025-03-01,3301-8513skr,sakura - radiadores,27.0,,0,rojo,,20.5,30.0,,
2024-04-01,3306a2rs1tn9,skf - rodajes,0.0,,0,rojo,,9.0,20.0,,
2021-06-01,33109,wix filters,0.0,,0,rojo,,2.48,108.0,,
2022-02-01,33118mp,wix filters,0.0,,0,rojo,,3.17,12.0,,
2023-05-01,33120,wix filters,0.0,,0,rojo,,4.31,120.0,,
2025-03-01,3321-8507skr,sakura - radiadores,0.0,,0,rojo,,25.0,50.0,,
2022-11-01,33218,wix filters,7.0,,0,rojo,,4.87,36.0,,
2022-04-01,33231,wix filters,0.0,,0,rojo,,8.71,96.0,,
2024-06-01,333,precision - usa,0.0,,0,rojo,,26.58,183.0,,
2023-02-01,33405,wix filters,0.0,,0,rojo,,5.14,108.0,,
2024-01-01,33412,wix filters,0.0,,0,rojo,,13.92,102.0,,
2021-11-01,33416,wix filters,0.0,,0,rojo,,21.46,30.0,,
2022-05-01,33437,wix filters,0.0,,0,rojo,,8.03,80.0,,
2021-05-01,33472,wix filters,0.0,,0,rojo,,4.44,84.0,,
2023-09-01,33547,wix filters,0.0,,0,rojo,,6.77,180.0,,
2022-04-01,33628,wix filters,0.0,,0,rojo,,7.82,120.0,,
2021-02-01,33649,wix filters,0.0,,0,rojo,,8.67,18.0,,
2023-11-01,33651mp,wix filters,0.0,,0,rojo,,4.36,108.0,,
2022-07-01,33651xe,wix filters,0.0,,0,rojo,,6.64,204.0,,
2022-02-01,33654,wix filters,0.0,,0,rojo,,6.23,120.0,,
2023-11-01,33656,wix filters,0.0,,0,rojo,,7.81,250.0,,
2024-07-01,33657,wix filters,0.0,,0,rojo,,6.78,250.0,,
2022-07-01,33682,wix filters,0.0,,0,rojo,,6.32,132.0,,
2024-01-01,33691,wix filters,0.0,,0,rojo,,8.1,24.0,,
2021-04-01,33697,wix filters,0.0,,0,rojo,,4.3,84.0,,
2022-05-01,33721,wix filters,0.0,,0,rojo,,6.95,156.0,,
2024-04-01,33727,wix filters,0.0,,0,rojo,,12.42,150.0,,
2022-05-01,33744,wix filters,0.0,,0,rojo,,14.2,12.0,,
2022-05-01,33752,wix filters,0.0,,0,rojo,,15.07,60.0,,
2024-04-01,33812,wix filters,0.0,,0,rojo,,12.42,102.0,,
2025-03-01,3421-1029skr,sakura - radiadores,24.0,,0,rojo,,22.5,30.0,,
2025-03-01,3431-1006skr,sakura - radiadores,22.0,,0,rojo,,19.5,50.0,,
2025-03-01,3451-1020skr,sakura - radiadores,29.0,,0,rojo,,22.5,60.0,,
2023-03-01,3461-7008skr,sakura - radiadores,0.0,,0,rojo,,19.3,60.0,,
2025-03-01,3461-8558skr,sakura - radiadores,57.0,,0,rojo,,19.5,120.0,,
2025-03-01,3461-8572skr,sakura - radiadores,17.0,,0,rojo,,19.0,60.0,,
2023-02-01,3482,spaco - italia,0.0,,0,rojo,,,,,
2024-05-01,3482000187,sachs - brasil,0.0,,0,rojo,,338.73,6.0,,
2022-08-01,3482000257,sachs - brasil,0.0,,0,rojo,,226.18,10.0,,
2022-08-01,3482001234,sachs - brasil,0.0,,0,rojo,,281.87,2.0,,
2023-08-01,3482001308,zf - alemania,0.0,,0,rojo,,375.7032088208199,20.0,,
2023-08-01,3482056031,zf - alemania,0.0,,0,rojo,,329.0013622605801,2.0,,
2023-08-01,3482119034,zf - alemania,0.0,,0,rojo,,212.4643949460983,5.0,,
2023-08-01,3482124549,zf - alemania,0.0,,0,rojo,,230.26383705139162,5.0,,
2021-03-01,3482602002,zf - alemania,0.0,,0,rojo,,134.5291439294815,5.0,,
2021-03-01,3482602008,zf - alemania,0.0,,0,rojo,,142.47130193710328,5.0,,
2024-05-01,3482654119,sachs - brasil,0.0,,0,rojo,,162.37,10.0,,
2023-04-01,3483000058,sachs - brasil,0.0,,0,rojo,,349.73,5.0,,
2022-08-01,3483030032,sachs - brasil,0.0,,0,rojo,,361.29,2.0,,
2022-06-01,3500,spaco - italia,0.0,,0,rojo,,,,,
2023-04-01,3502,spaco - italia,0.0,,0,rojo,,,,,
2023-03-01,35024128,philips,0.0,,0,rojo,,8.030473426580429,200.0,,
2022-09-01,355,moog - usa,0.0,,0,rojo,,6.8966,50.0,,
2024-04-01,35bcd07s1cs46,nachi - koyo - ntn - nsk - japon,0.0,,0,rojo,,4.56,60.0,,
2022-09-01,360004002r,vdo - brasil,0.0,,0,rojo,,15.92,50.0,,
2021-10-01,3611,spaco - italia,0.0,,0,rojo,,,,,
2023-03-01,36194030,philips,0.0,,0,rojo,,6.861649537086486,50.0,,
2023-03-01,36229930,philips,0.0,,0,rojo,,4.020805696249008,50.0,,
2021-09-01,36430930,philips,0.0,,0,rojo,,3.2849947751998902,200.0,,
2023-03-01,36473633,philips,0.0,,0,rojo,,34.150876951217654,200.0,,
2023-03-01,36563430,philips,0.0,,0,rojo,,4.522014162540436,100.0,,
2023-03-01,36908328,philips,0.0,,0,rojo,,8.559964787960052,50.0,,
2023-03-01,37123930,philips,0.0,,0,rojo,,3.7534945142269134,200.0,,
2022-01-01,37150600,ks - alemania,0.0,,0,rojo,,26.095639580488207,20.0,,
2023-03-01,37170328,philips,0.0,,0,rojo,,9.898665268421173,100.0,,
2022-12-01,376,moog - usa,0.0,,0,rojo,,40.84,10.0,,
2022-11-01,3806,spaco - italia,0.0,,0,rojo,,,,,
2024-02-01,382248,cei - italia,0.0,,0,rojo,,50.0,12.0,,
2024-02-01,382255,cei - italia,0.0,,0,rojo,,84.0,1.0,,
2024-02-01,382801,cei - italia,0.0,,0,rojo,,59.0,5.0,,
2024-02-01,384094,cei - italia,0.0,,0,rojo,,39.9,10.0,,
2024-01-01,384098,cei - italia,0.0,,0,rojo,,0.94,600.0,,
2022-10-01,3921,spaco - italia,0.0,,0,rojo,,,,,
2023-03-01,39863231,philips,0.0,,0,rojo,,50.33401089942455,12.0,,
2023-03-01,39896030,philips,0.0,,0,rojo,,3.0406646955013277,100.0,,
2022-01-01,3dacf041d-3dr,zsg - taiwan,0.0,,0,rojo,,34.72,2.0,,
2024-09-01,40051961,ks - alemania,0.0,,0,rojo,,126.7653558909893,20.0,,
2021-10-01,40177930,philips,0.0,,0,rojo,,1.338609538078308,300.0,,
2024-03-01,40265960,ks - alemania,0.0,,0,rojo,,220.69470645427705,24.0,,
2023-04-01,40308960,ks - alemania,0.0,,0,rojo,,102.58646266818047,12.0,,
2024-09-01,40338960,ks - alemania,0.0,,0,rojo,,254.88015677928922,12.0,,
2022-05-01,40434330,philips,0.0,,0,rojo,,2.2112292528152464,100.0,,
2021-06-01,408237730002r,vdo - brasil,0.0,,0,rojo,,89.77,30.0,,
2024-09-01,40834961,ks - alemania,0.0,,0,rojo,,220.8889419674873,12.0,,
2021-07-01,40bcv09s1-2nsl,nachi - koyo - ntn - nsk - japon,0.0,,0,rojo,,7.2,20.0,,
2023-09-01,41058239,monark - alemania,0.0,,0,rojo,,,,,
2024-12-01,4170060k00,ito koyama - amortiguadores,0.0,,0,rojo,,5.14,200.0,,
2024-12-01,41800-m60m00,ito koyama - amortiguadores,0.0,,0,rojo,,10.14,100.0,,
2023-08-01,42017,narva,0.0,,0,rojo,,0.6051431746375561,600.0,,
2021-02-01,42808,wix filters,0.0,,0,rojo,,27.0,20.0,,
2024-04-01,42809,wix filters,0.0,,0,rojo,,37.84,20.0,,
2024-12-01,44365004,monark - alemania,0.0,,0,rojo,,,,,
2022-05-01,44365011,monark - alemania,0.0,,0,rojo,,,,,
2025-03-01,444139,ito koyama - amortiguadores,0.0,,0,rojo,,6.2,50.0,,
2022-11-01,452164-5001,garrett - brasil,0.0,,0,rojo,,503.5,9.0,,
2021-06-01,452174-5005,garrett - brasil,0.0,,0,rojo,,415.0,20.0,,
2023-08-01,4609,kawe - embragues,0.0,,0,rojo,,92.68254244327545,5.0,,
2023-08-01,4620,kawe - embragues,0.0,,0,rojo,,74.81602823734283,10.0,,
2022-03-01,4625,kawe - embragues,0.0,,0,rojo,,102.73245668411255,10.0,,
2022-05-01,46489,wix filters,0.0,,0,rojo,,10.16,20.0,,
2023-03-01,465590-5005,garrett - brasil,0.0,,0,rojo,,246.86,10.0,,
2023-04-01,46560ef,sabo- brasil,0.0,,0,rojo,,1.25,100.0,,
2021-09-01,46606ef,sabo- brasil,1.0,,0,rojo,,3.74,1200.0,,
2022-02-01,46626ef,sabo- brasil,0.0,,0,rojo,,0.54,200.0,,
2022-04-01,46628,wix filters,0.0,,0,rojo,,12.64,70.0,,
2022-06-01,46870p,wix filters,0.0,,0,rojo,,16.74,33.0,,
2023-10-01,46871p,wix filters,0.0,,0,rojo,,16.5,40.0,,
2023-03-01,47135228,philips,0.0,,0,rojo,,0.47058295011520385,400.0,,
2021-10-01,47138328,philips,0.0,,0,rojo,,0.7205007127761841,200.0,,
2022-05-01,47582430,philips,0.0,,0,rojo,,4.582581585645675,100.0,,
2021-05-01,47799660,philips,0.0,,0,rojo,,0.8206624031066895,400.0,,
2022-05-01,47898630,philips,0.0,,0,rojo,,1.1512069821357727,200.0,,
2024-04-01,48046,narva,0.0,,0,rojo,,1.4767467135429384,100.0,,
2024-11-01,48054,narva,110.0,,0,rojo,,1.707199877476692,100.0,,
2024-10-01,48055,narva,70.0,,0,rojo,,1.77377014991045,100.0,,
2024-10-01,48060,narva,189.0,,0,rojo,,2.498752948844433,200.0,,
2021-10-01,48095,narva,0.0,,0,rojo,,2.264215933775902,100.0,,
2022-05-01,48138273,philips,0.0,,0,rojo,,0.1481751561164856,1600.0,,
2023-03-01,48141228,philips,0.0,,0,rojo,,0.1253789782524109,300.0,,
2023-03-01,48144328,philips,0.0,,0,rojo,,0.11398088932037354,100.0,,
2023-03-01,48153573,philips,0.0,,0,rojo,,0.1253789782524109,400.0,,
2022-05-01,48159773,philips,0.0,,0,rojo,,0.2165636897087097,3000.0,,
2023-03-01,48248828,philips,0.0,,0,rojo,,0.2165636897087097,100.0,,
2022-05-01,48269373,philips,0.0,,0,rojo,,0.1481751561164856,2000.0,,
2021-12-01,48272328,philips,0.0,,0,rojo,,0.4369698822498322,400.0,,
2023-03-01,48306573,philips,0.0,,0,rojo,,0.1481751561164856,400.0,,
2022-04-01,48338673,philips,0.0,,0,rojo,,0.19148789405822755,1000.0,,
2023-02-01,48339,narva,0.0,,0,rojo,,7.661530507612229,100.0,,
2023-03-01,48341673,philips,0.0,,0,rojo,,0.1481751561164856,200.0,,
2022-05-01,48415473,philips,0.0,,0,rojo,,0.2507579565048218,2000.0,,
2022-05-01,48424673,philips,0.0,,0,rojo,,0.31914649009704593,2000.0,,
2024-10-01,48510-0r110,ito koyama - amortiguadores,2.0,,0,rojo,,14.0,52.0,,
2024-09-01,48510-0r330,ito koyama - amortiguadores,0.0,,0,rojo,,15.71,4.0,,
2022-02-01,48510-16290,ito koyama - amortiguadores,0.0,,0,rojo,,9.8,213.0,,
2025-01-01,48510-80a86,ito koyama - amortiguadores,6.0,,0,rojo,,21.43,52.0,,
2024-10-01,48510-bze50,ito koyama - amortiguadores,0.0,,0,rojo,,12.75,52.0,,
2021-08-01,48511-36110,ito koyama - amortiguadores,0.0,,0,rojo,,7.2,116.0,,
2024-11-01,48511-80107,ito koyama - amortiguadores,0.0,,0,rojo,,5.8,100.0,,
2024-10-01,48520-0r110,ito koyama - amortiguadores,2.0,,0,rojo,,14.0,52.0,,
2024-09-01,48520-0r330,ito koyama - amortiguadores,0.0,,0,rojo,,15.71,4.0,,
2023-09-01,48520-16070,ito koyama - amortiguadores,0.0,,0,rojo,,9.8,3.0,,
2025-01-01,48520-80646,ito koyama - amortiguadores,2.0,,0,rojo,,21.43,52.0,,
2024-10-01,48520-bza80,ito koyama - amortiguadores,0.0,,0,rojo,,12.75,52.0,,
2024-10-01,48530-19805,ito koyama - amortiguadores,0.0,,0,rojo,,5.22,100.0,,
2024-09-01,48530-80895,ito koyama - amortiguadores,0.0,,0,rojo,,7.14,30.0,,
2025-01-01,48531-26a30a,ito koyama - amortiguadores,2.0,,0,rojo,,10.15,100.0,,
2025-02-01,48531-80736,ito koyama - amortiguadores,0.0,,0,rojo,,6.3,160.0,,
2024-12-01,48531-bz490,ito koyama - amortiguadores,0.0,,0,rojo,,5.65,100.0,,
2024-11-01,48531-bzb10,ito koyama - amortiguadores,0.0,,0,rojo,,6.09,100.0,,
2025-03-01,4853109450ref,ito koyama - amortiguadores,0.0,,0,rojo,,7.7,60.0,,
2023-02-01,48613,narva,18.0,,0,rojo,,3.27661306951046,100.0,,
2025-03-01,48633,narva,142.0,,0,rojo,,2.6497818231582646,300.0,,
2025-01-01,48882,narva,20.0,,0,rojo,,1.63599934489727,100.0,,
2022-06-01,48889,narva,0.0,,0,rojo,,1.7927741065621374,200.0,,
2023-03-01,48981428,philips,0.0,,0,rojo,,8.254758818149567,100.0,,
2023-03-01,48983828,philips,0.0,,0,rojo,,8.336040830612182,60.0,,
2021-02-01,49078073,philips,0.0,,0,rojo,,0.15957324504852297,2000.0,,
2022-05-01,49088p,wix filters,0.0,,0,rojo,,24.19,250.0,,
2023-05-01,49089,wix filters,0.0,,0,rojo,,14.72,100.0,,
2022-12-01,49211,narva,42.0,,0,rojo,,0.753752349615097,600.0,,
2022-11-01,49247,wix filters,0.0,,0,rojo,,4.2,147.0,,
2024-09-01,49321,narva,37.0,,0,rojo,,0.8489445447921753,2500.0,,
2024-07-01,49711,wix filters,3.0,,0,rojo,,24.52,12.0,,
2021-09-01,49783,wix filters,0.0,,0,rojo,,21.95,12.0,,
2022-06-01,500-22r,birene - cigueñales-culatas-ejes de levas,2.0,,0,rojo,,17.0,10.0,,
2025-03-01,500-2e,ishikawa - cigueñales-culatas-ejes de levas,39.0,,0,rojo,,13.2,50.0,,
2022-08-01,500-2lt,birene - cigueñales-culatas-ejes de levas,20.0,,0,rojo,,17.5,20.0,,
2025-02-01,500-3l,ishikawa - cigueñales-culatas-ejes de levas,144.0,,0,rojo,,17.5,150.0,,
2025-03-01,500-3y,ishikawa - cigueñales-culatas-ejes de levas,37.0,,0,rojo,,12.8,40.0,,
2024-11-01,500-4d31,birene - cigueñales-culatas-ejes de levas,0.0,,0,rojo,,19.8,30.0,,
2024-07-01,500-4d32,birene - cigueñales-culatas-ejes de levas,0.0,,0,rojo,,17.5,20.0,,
2025-02-01,500-6d16,ishikawa - cigueñales-culatas-ejes de levas,8.0,,0,rojo,,39.7,10.0,,
2025-02-01,500-cielo,ishikawa - cigueñales-culatas-ejes de levas,14.0,,0,rojo,,12.2,20.0,,
2025-03-01,500-d4bh,ishikawa - cigueñales-culatas-ejes de levas,99.0,,0,rojo,,10.0,100.0,,
2021-05-01,500-h100,birene - cigueñales-culatas-ejes de levas,20.0,,0,rojo,,10.0,20.0,,
2025-03-01,500-h100/h1,ishikawa - cigueñales-culatas-ejes de levas,5.0,,0,rojo,,10.0,10.0,,
2022-10-01,500-l200,birene - cigueñales-culatas-ejes de levas,10.0,,0,rojo,,10.0,10.0,,
2025-03-01,500-n300,ishikawa - cigueñales-culatas-ejes de levas,18.0,,0,rojo,,6.75,20.0,,
2025-03-01,500-navara,ishikawa - cigueñales-culatas-ejes de levas,9.0,,0,rojo,,15.4,10.0,,
2025-02-01,500-tico,ishikawa - cigueñales-culatas-ejes de levas,49.0,,0,rojo,,11.5,40.0,,
2022-12-01,500-triton,birene - cigueñales-culatas-ejes de levas,0.0,,0,rojo,,20.0,10.0,,
2025-03-01,500-z24,ishikawa - cigueñales-culatas-ejes de levas,9.0,,0,rojo,,13.2,10.0,,
2022-01-01,50006635,ks - alemania,0.0,,0,rojo,,5.367698786258698,10.0,,
2022-08-01,50009016,ks - brasil,0.0,,0,rojo,,3.91,120.0,,
2022-08-01,50009017,ks - brasil,0.0,,0,rojo,,6.0,120.0,,
2023-06-01,50017385,ks - brasil,36.0,,0,rojo,,2.56,56.0,,
2023-06-01,50017386,ks - brasil,40.0,,0,rojo,,2.73,60.0,,
2021-09-01,50017715,ks - brasil,0.0,,0,rojo,,1.59,320.0,,
2022-08-01,50017716,ks - brasil,212.0,,0,rojo,,1.58,480.0,,
2022-08-01,50017738,ks - brasil,4.0,,0,rojo,,2.13,360.0,,
2021-09-01,50017788,ks - brasil,0.0,,0,rojo,,2.57,420.0,,
2021-10-01,50017792,ks - brasil,0.0,,0,rojo,,1.96,248.0,,
2022-04-01,5031130,philips,0.0,,0,rojo,,,,,
2023-03-01,5039730,philips,0.0,,0,rojo,,,,,
2025-02-01,507460,valvoline - usa,106.0,,0,rojo,,6.88,144.0,,
2022-05-01,51243mp,wix filters,0.0,,0,rojo,,2.31,24.0,,
2022-01-01,513303,zsg - taiwan,0.0,,0,rojo,,25.52,30.0,,
2022-05-01,51361,wix filters,0.0,,0,rojo,,2.7,108.0,,
2021-06-01,51459,wix filters,0.0,,0,rojo,,3.61,60.0,,
2022-07-01,51748mp,wix filters,0.0,,0,rojo,,11.21,84.0,,
2021-07-01,51748xd,wix filters,0.0,,0,rojo,,16.01,102.0,,
2024-05-01,51792,wix filters,0.0,,0,rojo,,8.45,84.0,,
2022-07-01,51970,wix filters,0.0,,0,rojo,,6.04,84.0,,
2021-03-01,51971mp,wix filters,0.0,,0,rojo,,6.21,102.0,,
2021-02-01,52534173,philips,0.0,,0,rojo,,0.38831418793201444,200.0,,
2023-03-01,52646128,philips,0.0,,0,rojo,,11.786982464790343,60.0,,
2023-03-01,52910330,philips,0.0,,0,rojo,,2.5987642765045162,500.0,,
2021-06-01,53002428,philips,0.0,,0,rojo,,0.42271880149841307,100.0,,
2024-07-01,5341-9816skr,sakura - radiadores,34.0,,0,rojo,,29.0,50.0,,
2024-05-01,543020634r,ito koyama - amortiguadores,0.0,,0,rojo,,11.46,2.0,,
2025-03-01,543029774r,ito koyama - amortiguadores,36.0,,0,rojo,,18.12,100.0,,
2024-10-01,54650-h7100,ito koyama - amortiguadores,0.0,,0,rojo,,11.16,80.0,,
2024-10-01,54660-h7100,ito koyama - amortiguadores,0.0,,0,rojo,,11.16,80.0,,
2021-10-01,54kwh01,zsg - taiwan,0.0,,0,rojo,,14.28,400.0,,
2025-01-01,55300-h7100,ito koyama - amortiguadores,0.0,,0,rojo,,8.7,160.0,,
2024-10-01,55310-b4050,ito koyama - amortiguadores,0.0,,0,rojo,,7.68,120.0,,
2021-09-01,5615,spaco - italia,0.0,,0,rojo,,,,,
2021-12-01,56200-ax602,ito koyama - amortiguadores,0.0,,0,rojo,,5.9,30.0,,
2025-03-01,562100015r,ito koyama - amortiguadores,8.0,,0,rojo,,8.41,100.0,,
2024-06-01,5641921,delphi - cav - brasil,0.0,,0,rojo,,13.741887533664702,12.0,,
2024-06-01,5641934,delphi - cav - brasil,0.0,,0,rojo,,13.56766391992569,24.0,,
2022-05-01,57191,wix filters,0.0,,0,rojo,,9.89,48.0,,
2022-11-01,57213,wix filters,0.0,,0,rojo,,9.24,60.0,,
2024-10-01,57746xd,wix filters,0.0,,0,rojo,,16.0,402.0,,
2022-06-01,57901,wix filters,0.0,,0,rojo,,9.43,48.0,,
2022-07-01,6060,spaco - italia,0.0,,0,rojo,,,,,
2024-01-01,6104,spaco - italia,0.0,,0,rojo,,,,,
2021-03-01,612315510,victor reinz - alemania,0.0,,0,rojo,,11.397450822591782,30.0,,
2024-09-01,613108510,victor reinz - alemania,0.0,,0,rojo,,4.895850796699524,200.0,,
2021-03-01,613626010,victor reinz - alemania,1.0,,0,rojo,,47.1843235039711,100.0,,
2022-10-01,6149,spaco - italia,0.0,,0,rojo,,,,,
2025-03-01,624380211,ito koyama - amortiguadores,141.0,,0,rojo,,7.2,149.0,,
2021-12-01,63696kit,sabo- brasil,0.0,,0,rojo,,17.0,30.0,,
2021-12-01,63726kit,sabo- brasil,0.0,,0,rojo,,15.81,20.0,,
2021-12-01,63727kit,sabo- brasil,0.0,,0,rojo,,18.14,10.0,,
2023-01-01,67109,contitech - bolsas de aire,1.0,,0,rojo,,19.2068,288.0,,
2022-08-01,67473,contitech - bolsas de aire,0.0,,0,rojo,,56.9481,60.0,,
2024-09-01,679082,valvoline - usa,384.0,,0,rojo,,5.7,252.0,,
2025-02-01,679083,valvoline - usa,198.0,,0,rojo,,5.7,252.0,,
2024-10-01,68167,narva,120.0,,0,rojo,,1.0270417475700377,200.0,,
2023-01-01,68461,contitech - bolsas de aire,0.0,,0,rojo,,22.9521,288.0,,
2023-03-01,69573428,philips,0.0,,0,rojo,,7.727904295921326,300.0,,
2022-05-01,69639730,philips,0.0,,0,rojo,,1.3449744939804076,200.0,,
2022-04-01,69676930,philips,0.0,,0,rojo,,2.301469030380249,200.0,,
2022-05-01,69741430,philips,0.0,,0,rojo,,1.3311767324852943,60.0,,
2022-05-01,69964728,philips,0.0,,0,rojo,,0.42576552629470826,200.0,,
2021-09-01,70106efpsd,sabo- brasil,0.0,,0,rojo,,28.8,35.0,,
2022-01-01,70401,marilia,0.0,,0,rojo,,5.66,150.0,,
2022-04-01,705399-0003,garrett - brasil,0.0,,0,rojo,,17.34,300.0,,
2022-10-01,707994110,ks - brasil,0.0,,0,rojo,,9.41,120.0,,
2024-01-01,709,spaco - italia,0.0,,0,rojo,,,,,
2024-03-01,7090,spaco - italia,0.0,,0,rojo,,,,,
2021-02-01,71-1227/6 050,glyco - alemania,0.0,,0,rojo,,28.854985365915297,15.0,,
2021-02-01,71-1227/6 std,glyco - alemania,0.0,,0,rojo,,27.604977682757376,43.0,,
2023-11-01,71-3446/6 025,glyco - alemania,8.0,,0,rojo,,29.20863195580244,20.0,,
2023-11-01,71-3446/6 std,glyco - alemania,0.0,,0,rojo,,29.523883914947508,30.0,,
2021-08-01,71-3601/6 025,glyco - alemania,0.0,,0,rojo,,31.130132051324846,80.0,,
2021-02-01,71-3623/6 std,glyco - alemania,0.0,,0,rojo,,24.416677492141723,100.0,,
2021-11-01,71-4236/6 std,glyco - alemania,0.0,,0,rojo,,34.207987886631486,3.0,,
2022-02-01,7123-490,delphi - cav - brasil,0.0,,0,rojo,,10.71,12.0,,
2022-05-01,713593600,victor reinz - alemania,0.0,,0,rojo,,28.903486125469207,30.0,,
2023-08-01,7151,kawe - embragues,0.0,,0,rojo,,208.81488478183746,3.0,,
2023-08-01,71511,kawe - embragues,0.0,,0,rojo,,547.1619975566864,5.0,,
2022-07-01,7180-589n,delphi - cav - brasil,0.0,,0,rojo,,124.54,20.0,,
2021-06-01,7185,spaco - italia,0.0,,0,rojo,,,,,
2023-08-01,71870,kawe - embragues,0.0,,0,rojo,,547.1619975566864,5.0,,
2023-04-01,7191,spaco - italia,0.0,,0,rojo,,,,,
2021-03-01,7206-0379,delphi - cav - brasil,0.0,,0,rojo,,85.0,60.0,,
2022-01-01,73009,versachem - usa,40.0,,0,rojo,,1.37,288.0,,
2024-02-01,735320418,cei - italia,0.0,,0,rojo,,,,,
2022-02-01,738v7761,denso - elementos - valvulas,0.0,,0,rojo,,48.8,40.0,,
2021-06-01,7397,spaco - italia,0.0,,0,rojo,,,,,
2023-05-01,7435,spaco - italia,0.0,,0,rojo,,,,,
2021-05-01,7438,spaco - italia,0.0,,0,rojo,,,,,
2022-07-01,75296,sabo- brasil,0.0,,0,rojo,,2.62,10.0,,
2023-04-01,75297,sabo- brasil,0.0,,0,rojo,,1.28,60.0,,
2021-08-01,75943,sabo- brasil,0.0,,0,rojo,,3.5,100.0,,
2021-11-01,75944,sabo- brasil,38.0,,0,rojo,,5.85,100.0,,
2023-03-01,7631,spaco - italia,0.0,,0,rojo,,,,,
2023-06-01,7635,spaco - italia,0.0,,0,rojo,,,,,
2025-03-01,7689,spaco - italia,0.0,,0,rojo,,,,,
2021-06-01,7693,spaco - italia,0.0,,0,rojo,,,,,
2021-06-01,77005,sabo- brasil,0.0,,0,rojo,,3.21,100.0,,
2022-10-01,77137600,ks - alemania,0.0,,0,rojo,,26.342379081249238,10.0,,
2022-01-01,77137610,ks - alemania,0.0,,0,rojo,,19.744360061883928,5.0,,
2024-09-01,77137630,ks - alemania,0.0,,0,rojo,,19.200801104307175,1.0,,
2022-10-01,77138600,ks - alemania,0.0,,0,rojo,,21.15994154214859,10.0,,
2024-09-01,77138610,ks - alemania,0.0,,0,rojo,,21.15994154214859,40.0,,
2023-03-01,77138620,ks - alemania,0.0,,0,rojo,,21.15994154214859,10.0,,
2022-10-01,77139620,ks - alemania,0.0,,0,rojo,,33.92748009204865,10.0,,
2024-04-01,77157600,ks - alemania,0.0,,0,rojo,,16.542391208410262,60.0,,
2021-03-01,77157690,ks - alemania,0.0,,0,rojo,,16.185477232933046,20.0,,
2021-05-01,7719,spaco - italia,0.0,,0,rojo,,,,,
2021-08-01,7723,spaco - italia,0.0,,0,rojo,,,,,
2023-02-01,7742,spaco - italia,0.0,,0,rojo,,,,,
2021-03-01,77460660,philips,0.0,,0,rojo,,1.5045477390289308,200.0,,
2024-10-01,77462030,philips,0.0,,0,rojo,,,,,
2022-12-01,7759,spaco - italia,0.0,,0,rojo,,,,,
2022-11-01,7760,spaco - italia,0.0,,0,rojo,,,,,
2021-08-01,77634630,ks - brasil,0.0,,0,rojo,,7.24,30.0,,
2021-04-01,77635600,ks - brasil,0.0,,0,rojo,,12.48,20.0,,
2021-08-01,77635620,ks - brasil,0.0,,0,rojo,,11.92,20.0,,
2021-08-01,77635630,ks - brasil,0.0,,0,rojo,,12.48,30.0,,
2021-04-01,77636600,ks - brasil,0.0,,0,rojo,,9.65,20.0,,
2021-08-01,77636630,ks - brasil,0.0,,0,rojo,,9.65,10.0,,
2022-09-01,77749600,ks - alemania,0.0,,0,rojo,,36.70731478333474,5.0,,
2024-03-01,77750610,ks - alemania,0.0,,0,rojo,,31.18529577255249,10.0,,
2022-07-01,77751600,ks - alemania,0.0,,0,rojo,,29.135855603218076,20.0,,
2024-03-01,77751610,ks - alemania,0.0,,0,rojo,,31.290087445974347,20.0,,
2021-09-01,77751620,ks - alemania,0.0,,0,rojo,,35.06708037853241,5.0,,
2021-09-01,77833610,ks - alemania,0.0,,0,rojo,,22.296311330795287,5.0,,
2022-10-01,77842600,ks - alemania,0.0,,0,rojo,,31.75322235584259,12.0,,
2022-08-01,77842610,ks - alemania,0.0,,0,rojo,,31.616633270978927,5.0,,
2021-10-01,77990860,philips,0.0,,0,rojo,,1.2537897825241089,4000.0,,
2022-09-01,78745600,ks - alemania,0.0,,0,rojo,,5.926473891735077,25.0,,
2022-10-01,79361600,ks - alemania,0.0,,0,rojo,,8.365644025802613,30.0,,
2024-09-01,8.00011E+11,,,,0,rojo,,,,,
2022-07-01,8.00042E+11,,,,0,rojo,,,,,
2022-12-01,8.00044E+11,,,,0,rojo,,,,,
2024-03-01,8.00045E+11,,,,0,rojo,,,,,
2023-04-01,8.0005E+11,,,,0,rojo,,,,,
2023-04-01,8.00076E+11,,,,0,rojo,,,,,
2021-09-01,80002,sabo- brasil,0.0,,0,rojo,,14.26,200.0,,
2025-03-01,80270,sabo- brasil,60.0,,0,rojo,,32.4,100.0,,
2023-04-01,80382,sabo- brasil,0.0,,0,rojo,,24.71,30.0,,
2021-03-01,80434,sabo- brasil,0.0,,0,rojo,,55.14,5.0,,
2021-11-01,80534,sabo- brasil,0.0,,0,rojo,,93.55,5.0,,
2024-01-01,8130,spaco - italia,0.0,,0,rojo,,,,,
2022-10-01,81387004,monark - alemania,0.0,,0,rojo,,,,,
2025-03-01,81466005,monark - alemania,0.0,,0,rojo,,,,,
2024-11-01,81467041,monark - alemania,0.0,,0,rojo,,,,,
2023-04-01,8171338,cei - italia,0.0,,0,rojo,,13.0,50.0,,
2024-02-01,8172218,cei - italia,0.0,,0,rojo,,5.88,20.0,,
2021-07-01,817430910,goetze,0.0,,0,rojo,,,,,
2024-10-01,81768107,monark - alemania,0.0,,0,rojo,,,,,
2024-12-01,81768135,monark - alemania,0.0,,0,rojo,,,,,
2022-04-01,81768143,monark - alemania,0.0,,0,rojo,,,,,
2021-11-01,82054,sabo- brasil,0.0,,0,rojo,,2.88,400.0,,
2024-06-01,82207,sabo- brasil,11.0,,0,rojo,,4.09,20.0,,
2023-04-01,82208,sabo- brasil,0.0,,0,rojo,,3.46,50.0,,
2024-06-01,82384,sabo- brasil,28.0,,0,rojo,,2.66,30.0,,
2021-06-01,82452,sabo- brasil,0.0,,0,rojo,,14.76,20.0,,
2022-05-01,82577360,philips,0.0,,0,rojo,,1.3563725829124451,200.0,,
2021-10-01,82579760,philips,0.0,,0,rojo,,1.8578884959220885,1000.0,,
2022-05-01,82581060,philips,0.0,,0,rojo,,2.722658497095108,2000.0,,
2024-10-01,82933004,monark - alemania,0.0,,0,rojo,,,,,
2025-01-01,82966030,monark - alemania,0.0,,0,rojo,,,,,
2025-02-01,82966301,monark - alemania,0.0,,0,rojo,,,,,
2024-03-01,82966316,monark - alemania,0.0,,0,rojo,,,,,
2021-10-01,831900010,goetze,0.0,,0,rojo,,,,,
2022-02-01,831900510,goetze,0.0,,0,rojo,,,,,
2022-01-01,83402013,monark - alemania,0.0,,0,rojo,,,,,
2024-06-01,83402015,monark - alemania,0.0,,0,rojo,,,,,
2021-05-01,8358,spaco - italia,0.0,,0,rojo,,,,,
2023-07-01,8376,spaco - italia,0.0,,0,rojo,,,,,
2021-12-01,83865758,monark - alemania,0.0,,0,rojo,,,,,
2022-09-01,84002,narva,0.0,,0,rojo,,22.920353829860684,20.0,,
2025-03-01,84060022,monark - alemania,0.0,,0,rojo,,,,,
2023-01-01,84060023,monark - alemania,0.0,,0,rojo,,,,,
2025-01-01,84180036,monark - alemania,0.0,,0,rojo,,,,,
2022-01-01,84180078,monark - alemania,0.0,,0,rojo,,,,,
2025-01-01,84180083,monark - alemania,0.0,,0,rojo,,,,,
2022-09-01,8423,spaco - italia,0.0,,0,rojo,,,,,
2021-03-01,850050000,goetze,0.0,,0,rojo,,,,,
2023-06-01,8542,spaco - italia,0.0,,0,rojo,,,,,
2025-01-01,855460,valvoline - usa,0.0,,0,rojo,,32.15,18.0,,
2024-09-01,85580127,monark - alemania,0.0,,0,rojo,,,,,
2024-05-01,85768013,monark - alemania,0.0,,0,rojo,,,,,
2025-03-01,85836031,monark - alemania,0.0,,0,rojo,,,,,
2023-09-01,85881000,monark - alemania,0.0,,0,rojo,,,,,
2022-09-01,85910166,monark - alemania,0.0,,0,rojo,,,,,
2023-02-01,85910377,monark - alemania,0.0,,0,rojo,,,,,
2022-04-01,85988021,monark - alemania,0.0,,0,rojo,,,,,
2024-11-01,86437176,monark - alemania,0.0,,0,rojo,,,,,
2024-09-01,87065040,monark - alemania,0.0,,0,rojo,,,,,
2024-09-01,87065803,monark - alemania,0.0,,0,rojo,,,,,
2025-01-01,87065805,monark - alemania,0.0,,0,rojo,,9.417919921875,20.0,,
2022-09-01,87065826,monark - alemania,0.0,,0,rojo,,,,,
2024-12-01,87065827,monark - alemania,0.0,,0,rojo,,,,,
2021-03-01,87066970,monark - alemania,0.0,,0,rojo,,,,,
2023-06-01,87228600,ks - alemania,0.0,,0,rojo,,30.424678802490234,60.0,,
2024-09-01,87229600,ks - alemania,0.0,,0,rojo,,26.663850450515746,20.0,,
2023-03-01,87269600,ks - alemania,0.0,,0,rojo,,23.88017726302147,30.0,,
2022-09-01,8727,spaco - italia,0.0,,0,rojo,,,,,
2022-10-01,87271610,ks - alemania,0.0,,0,rojo,,25.64969449043274,40.0,,
2022-05-01,87271620,ks - alemania,0.0,,0,rojo,,30.82463311433792,10.0,,
2021-09-01,87271630,ks - alemania,0.0,,0,rojo,,25.678152406215666,20.0,,
2021-10-01,8740,spaco - italia,0.0,,0,rojo,,,,,
2025-03-01,874000700,goetze,0.0,,0,rojo,,,,,
2023-08-01,87515610,ks - alemania,0.0,,0,rojo,,30.818701429367064,44.0,,
2023-03-01,87515620,ks - alemania,0.0,,0,rojo,,30.818701429367064,20.0,,
2023-01-01,87515630,ks - alemania,0.0,,0,rojo,,32.16438305974007,12.0,,
2023-02-01,8752,spaco - italia,0.0,,0,rojo,,,,,
2024-04-01,87561620,ks - alemania,0.0,,0,rojo,,33.097402322292325,20.0,,
2023-04-01,87562600,ks - alemania,0.0,,0,rojo,,25.995186184644698,40.0,,
2023-04-01,87562610,ks - alemania,0.0,,0,rojo,,25.995186184644698,20.0,,
2022-09-01,87562630,ks - alemania,0.0,,0,rojo,,31.368068996667862,20.0,,
2024-11-01,8779,spaco - italia,0.0,,0,rojo,,,,,
2022-05-01,87908060,philips,0.0,,0,rojo,,1.9961721181869507,300.0,,
2021-10-01,8793,spaco - italia,0.0,,0,rojo,,,,,
2022-09-01,87978620,ks - brasil,0.0,,0,rojo,,11.46,20.0,,
2021-03-01,87978743,ks - brasil,0.0,,0,rojo,,150.35660596358971,1.0,,
2021-11-01,87978815,ks - brasil,0.0,,0,rojo,,11.46,20.0,,
2023-04-01,87978816,ks - brasil,7.0,,0,rojo,,11.46,20.0,,
2023-04-01,87978836,ks - brasil,0.0,,0,rojo,,11.46,10.0,,
2021-09-01,87978846,ks - brasil,0.0,,0,rojo,,140.9593164308654,1.0,,
2024-05-01,87987560,philips,0.0,,0,rojo,,2.0167840719223022,2000.0,,
2023-04-01,87998604,ks - brasil,0.0,,0,rojo,,3.04,40.0,,
2021-09-01,87998634,ks - brasil,0.0,,0,rojo,,3.04,40.0,,
2021-09-01,87998644,ks - brasil,0.0,,0,rojo,,3.04,40.0,,
2023-04-01,87998664,ks - brasil,15.0,,0,rojo,,3.1,80.0,,
2022-01-01,88090168,monark - alemania,0.0,,0,rojo,,,,,
2022-04-01,88097045,monark - alemania,0.0,,0,rojo,,,,,
2024-11-01,88269009,monark - alemania,0.0,,0,rojo,,,,,
2023-05-01,88373095,monark - alemania,0.0,,0,rojo,,,,,
2022-01-01,88375018,monark - alemania,0.0,,0,rojo,,,,,
2024-11-01,883792,valvoline - usa,0.0,,0,rojo,,,,,
2023-06-01,88868810,ks - alemania,0.0,,0,rojo,,22.239966262578964,36.0,,
2021-06-01,8897,spaco - italia,0.0,,0,rojo,,,,,
2023-04-01,89328810,ks - alemania,0.0,,0,rojo,,29.44826197504997,12.0,,
2024-09-01,89352110,ks - alemania,0.0,,0,rojo,,25.29378016471863,24.0,,
2024-01-01,89370810,ks - alemania,0.0,,0,rojo,,23.12486871480942,30.0,,
2023-05-01,89427810,ks - alemania,0.0,,0,rojo,,25.56355171084404,24.0,,
2023-08-01,89460110,ks - alemania,0.0,,0,rojo,,33.25743620634079,12.0,,
2022-03-01,89483190,ks - brasil,0.0,,0,rojo,,7.72,60.0,,
2023-12-01,89532110,ks - alemania,0.0,,0,rojo,,25.48066849708557,30.0,,
2024-03-01,89549110,ks - alemania,0.0,,0,rojo,,39.85065279364586,12.0,,
2024-01-01,89561810,ks - alemania,0.0,,0,rojo,,30.43023040294647,12.0,,
2023-03-01,89570110,ks - alemania,0.0,,0,rojo,,36.208815068006516,6.0,,
2024-09-01,89585110,ks - alemania,0.0,,0,rojo,,38.96205841064453,18.0,,
2022-10-01,89593110,ks - alemania,0.0,,0,rojo,,36.646948182582854,24.0,,
2023-07-01,8965,spaco - italia,0.0,,0,rojo,,,,,
2024-09-01,896679,valvoline - usa,72.0,,0,rojo,,23.1767,39.0,,
2025-03-01,896705,valvoline - usa,234.0,,0,rojo,,92.11962146219201,300.0,,
2024-09-01,8989,spaco - italia,0.0,,0,rojo,,,,,
2022-03-01,9009,kawe - embragues,0.0,,0,rojo,,53.59954261779785,5.0,,
2022-02-01,90215143,monark - alemania,0.0,,0,rojo,,,,,
2022-10-01,90290008,monark - alemania,0.0,,0,rojo,,,,,
2025-04-01,90491016,monark - alemania,0.0,,0,rojo,,,,,
2023-07-01,90741961,ks - alemania,0.0,,0,rojo,,99.01694828987122,18.0,,
2023-06-01,90870960,ks - alemania,0.0,,0,rojo,,226.78075253486634,12.0,,
2025-03-01,90873217,ito koyama - amortiguadores,32.0,,0,rojo,,6.67,120.0,,
2022-09-01,9114,spaco - italia,0.0,,0,rojo,,,,,
2021-09-01,91322960,ks - brasil,0.0,,0,rojo,,80.96,50.0,,
2022-10-01,91353960,ks - alemania,0.0,,0,rojo,,80.05493609905243,24.0,,
2023-08-01,91359960,ks - alemania,0.0,,0,rojo,,89.3807086622715,30.0,,
2024-03-01,92827960,ks - alemania,0.0,,0,rojo,,94.88404820322991,30.0,,
2024-09-01,9313,spaco - italia,0.0,,0,rojo,,,,,
2023-11-01,93162202,monark - alemania,0.0,,0,rojo,,,,,
2021-04-01,93166960,ks - alemania,0.0,,0,rojo,,52.647101402282715,18.0,,
2024-12-01,93249960,ks - alemania,0.0,,0,rojo,,117.01880801916123,18.0,,
2023-11-01,93369970,ks - alemania,0.0,,0,rojo,,88.81958384633064,18.0,,
2023-09-01,93369971,ks - alemania,0.0,,0,rojo,,83.78025136470795,24.0,,
2023-01-01,9339,kawe - embragues,0.0,,0,rojo,,50.249571204185486,120.0,,
2023-08-01,9341,kawe - embragues,0.0,,0,rojo,,56.94951403141022,5.0,,
2022-02-01,93474970,ks - alemania,0.0,,0,rojo,,78.63026136159897,12.0,,
2023-04-01,93474971,ks - alemania,0.0,,0,rojo,,78.56826509356499,12.0,,
2022-06-01,93494,spaco - italia,0.0,,0,rojo,,5.851406157016754,100.0,,
2021-09-01,9365,spaco - italia,0.0,,0,rojo,,,,,
2023-03-01,93734961,ks - alemania,0.0,,0,rojo,,111.44802113533021,12.0,,
2021-10-01,93751960,ks - alemania,0.0,,0,rojo,,84.5303675532341,18.0,,
2022-09-01,9551,kawe - embragues,0.0,,0,rojo,,36.01219269633293,10.0,,
2022-11-01,9582,spaco - italia,0.0,,0,rojo,,,,,
2025-02-01,95948811,ito koyama - amortiguadores,0.0,,0,rojo,,15.94,52.0,,
2025-02-01,95948812,ito koyama - amortiguadores,0.0,,0,rojo,,15.94,52.0,,
2023-12-01,96171,narva,12.0,,0,rojo,,78.75312219858169,41.0,,
2025-03-01,96392790,ito koyama - amortiguadores,54.0,,0,rojo,,5.66,100.0,,
2025-03-01,96626214,ito koyama - amortiguadores,57.0,,0,rojo,,9.28,100.0,,
2022-09-01,9667,spaco - italia,0.0,,0,rojo,,,,,
2025-02-01,9678808180,ito koyama - amortiguadores,9.0,,0,rojo,,11.02,56.0,,
2025-02-01,9678808280,ito koyama - amortiguadores,8.0,,0,rojo,,11.02,56.0,,
2021-08-01,97020800,ks - brasil,0.0,,0,rojo,,19.81,12.0,,
2023-04-01,97169960,ks - brasil,0.0,,0,rojo,,111.068,10.0,,
2023-06-01,9725,spaco - italia,0.0,,0,rojo,,,,,
2024-09-01,9752,spaco - italia,0.0,,0,rojo,,,,,
2025-03-01,9802909980,ito koyama - amortiguadores,18.0,,0,rojo,,7.11,100.0,,
2023-01-01,98180115,laso,0.0,,0,rojo,,134.58663203835488,30.0,,
2023-11-01,98183403,laso,93.0,,0,rojo,,4.074114294052124,100.0,,
2022-03-01,98183404,laso,40.0,,0,rojo,,2.0478925573825837,100.0,,
2024-09-01,98200100,laso,0.0,,0,rojo,,135.92515774726866,20.0,,
2024-11-01,98200114a,laso,0.0,,0,rojo,,144.3056853449345,20.0,,
2021-08-01,98200144,laso,0.0,,0,rojo,,91.61544585227966,10.0,,
2021-05-01,98200146a,laso,0.0,,0,rojo,,170.16448974609375,5.0,,
2022-09-01,98260100,laso,0.0,,0,rojo,,215.2494401550293,5.0,,
2021-06-01,98581802,laso,0.0,,0,rojo,,27.22950213432312,20.0,,
2022-07-01,98581803,laso,0.0,,0,rojo,,33.99049010038376,80.0,,
2023-01-01,98581804,laso,14.0,,0,rojo,,31.35705723762512,20.0,,
2024-09-01,98581806,laso,0.0,,0,rojo,,31.52764539241791,40.0,,
2023-04-01,99748960,ks - alemania,0.0,,0,rojo,,90.10141857862473,60.0,,
2023-11-01,99748961,ks - alemania,0.0,,0,rojo,,103.24285681843759,12.0,,
2023-02-01,99749960,ks - alemania,0.0,,0,rojo,,106.94063316583633,12.0,,
2022-12-01,99749961,ks - alemania,0.0,,0,rojo,,113.86944981217384,24.0,,
2024-03-01,99750960,ks - alemania,0.0,,0,rojo,,129.24376845479011,18.0,,
2024-06-01,99830025,monark - alemania,0.0,,0,rojo,,,,,
2021-12-01,99832008,monark - alemania,0.0,,0,rojo,,,,,
2024-04-01,99991970,ks - alemania,0.0,,0,rojo,,104.63045239448547,30.0,,
2025-03-01,a-1008,sakura filter,8.0,,0,rojo,,3.47,36.0,,
2024-11-01,a-1010,sakura filter,56.0,,0,rojo,,7.85,60.0,,
2024-08-01,a-1012,sakura filter,52.0,,0,rojo,,10.0,60.0,,
2025-03-01,a-1015,sakura filter,57.0,,0,rojo,,2.69,40.0,,
2025-03-01,a-1019-s,sakura filter,382.0,,0,rojo,,11.04,20.0,,
2021-12-01,a-1023,sakura filter,0.0,,0,rojo,,2.5,100.0,,
2025-03-01,a-1044,sakura filter,99.0,,0,rojo,,2.96,60.0,,
2025-03-01,a-1047,sakura filter,90.0,,0,rojo,,2.26,40.0,,
2025-02-01,a-1050-s,sakura filter,91.0,,0,rojo,,11.0,37.0,,
2025-03-01,a-1152,sakura filter,33.0,,0,rojo,,2.37,60.0,,
2025-03-01,a-1189,sakura filter,70.0,,0,rojo,,2.13,100.0,,
2025-02-01,a-1195,sakura filter,52.0,,0,rojo,,2.19,100.0,,
2024-09-01,a-1228,sakura filter,54.0,,0,rojo,,1.97,80.0,,
2025-03-01,a-12340,sakura filter,80.0,,0,rojo,,2.37,40.0,,
2024-06-01,a-13620,sakura filter,39.0,,0,rojo,,22.0,50.0,,
2025-02-01,a-13680,sakura filter,93.0,,0,rojo,,4.8,28.0,,
2024-09-01,a-1415,sakura filter,0.0,,0,rojo,,2.25,20.0,,
2022-07-01,a-1420,sakura filter,0.0,,0,rojo,,2.2,20.0,,
2025-03-01,a-1432,sakura filter,91.0,,0,rojo,,2.93,100.0,,
2025-02-01,a-14570,sakura filter,188.0,,0,rojo,,4.41,100.0,,
2021-12-01,a-1612,sakura filter,0.0,,0,rojo,,3.21,40.0,,
2025-03-01,a-1625,sakura filter,90.0,,0,rojo,,1.69,100.0,,
2024-10-01,a-1632,sakura filter,97.0,,0,rojo,,2.49,30.0,,
2024-01-01,a-1633,sakura filter,46.0,,0,rojo,,3.8,99.0,,
2022-11-01,a-1648,sakura filter,0.0,,0,rojo,,1.53,100.0,,
2022-09-01,a-1674,sakura filter,0.0,,0,rojo,,1.24,75.0,,
2024-02-01,a-16860,sakura filter,76.0,,0,rojo,,3.3,40.0,,
2024-02-01,a-16930,sakura filter,76.0,,0,rojo,,1.6,100.0,,
2024-05-01,a-1701,sakura filter,197.0,,0,rojo,,3.45,100.0,,
2024-10-01,a-1718,sakura filter,80.0,,0,rojo,,3.14,48.0,,
2025-03-01,a-1724,sakura filter,189.0,,0,rojo,,4.84,54.0,,
2024-08-01,a-1732,sakura filter,98.0,,0,rojo,,3.52,200.0,,
2025-03-01,a-1831,sakura filter,16.0,,0,rojo,,5.04,20.0,,
2024-04-01,a-1836,sakura filter,0.0,,0,rojo,,2.26,100.0,,
2024-05-01,a-1853,sakura filter,9.0,,0,rojo,,4.77,32.0,,
2024-04-01,a-1858,sakura filter,78.0,,0,rojo,,3.93,90.0,,
2021-11-01,a-1931,sakura filter,0.0,,0,rojo,,2.02,100.0,,
2024-12-01,a-1961,sakura filter,171.0,,0,rojo,,4.0,50.0,,
2025-03-01,a-21130,sakura filter,182.0,,0,rojo,,3.44,200.0,,
2025-03-01,a-21940,sakura filter,139.0,,0,rojo,,2.85,180.0,,
2025-03-01,a-22490,sakura filter,180.0,,0,rojo,,3.45,70.0,,
2025-03-01,a-22570,sakura filter,91.0,,0,rojo,,2.62,100.0,,
2021-12-01,a-2412,sakura filter,0.0,,0,rojo,,2.36,40.0,,
2024-05-01,a-2419,sakura filter,23.0,,0,rojo,,1.6,100.0,,
2024-10-01,a-2505-s,sakura filter,51.0,,0,rojo,,22.0,1.0,,
2025-03-01,a-26530,sakura filter,169.0,,0,rojo,,13.8,174.0,,
2022-02-01,a-2804,sakura filter,0.0,,0,rojo,,1.48,20.0,,
2025-01-01,a-2808,sakura filter,67.0,,0,rojo,,2.13,100.0,,
2022-01-01,a-2809,sakura filter,0.0,,0,rojo,,3.18,90.0,,
2024-08-01,a-2816,sakura filter,80.0,,0,rojo,,2.39,40.0,,
2024-11-01,a-2818,sakura filter,150.0,,0,rojo,,2.08,80.0,,
2025-01-01,a-2820,sakura filter,182.0,,0,rojo,,3.67,100.0,,
2024-08-01,a-2822,sakura filter,36.0,,0,rojo,,2.54,100.0,,
2024-06-01,a-2840,sakura filter,169.0,,0,rojo,,2.49,60.0,,
2024-10-01,a-2845,sakura filter,188.0,,0,rojo,,2.14,100.0,,
2024-06-01,a-28580,sakura filter,70.0,,0,rojo,,1.45,40.0,,
2025-02-01,a-28980,sakura filter,389.0,,0,rojo,,2.4,300.0,,
2025-03-01,a-2928,sakura filter,82.0,,0,rojo,,3.39,54.0,,
2025-03-01,a-29420,sakura filter,28.0,,0,rojo,,2.3,60.0,,
2025-01-01,a-29470,sakura filter,84.0,,0,rojo,,11.0,75.0,,
2021-10-01,a-3003,sakura filter,0.0,,0,rojo,,2.0,40.0,,
2025-02-01,a-31960,sakura filter,23.0,,0,rojo,,3.08,20.0,,
2025-03-01,a-33430,sakura filter,16.0,,0,rojo,,1.85,20.0,,
2024-05-01,a-3364-s,sakura filter,324.0,,0,rojo,,4.14,108.0,,
2025-03-01,a-33720,sakura filter,283.0,,0,rojo,,1.5,280.0,,
2024-05-01,a-38270,sakura filter,68.0,,0,rojo,,5.01,100.0,,
2025-03-01,a-38370,sakura filter,71.0,,0,rojo,,2.97,80.0,,
2025-02-01,a-38400,sakura filter,46.0,,0,rojo,,1.6,40.0,,
2025-04-01,a-38600,sakura filter,5.0,,0,rojo,,1.8,80.0,,
2025-01-01,a-38670,sakura filter,55.0,,0,rojo,,3.3,20.0,,
2025-03-01,a-39040,sakura filter,382.0,,0,rojo,,2.1,20.0,,
2025-02-01,a-44210,sakura filter,50.0,,0,rojo,,19.2,38.0,,
2025-02-01,a-44300,sakura filter,63.0,,0,rojo,,16.55,80.0,,
2025-03-01,a-49400-s,sakura filter,99.0,,0,rojo,,26.5,50.0,,
2025-02-01,a-49540-s,sakura filter,37.0,,0,rojo,,26.5,1.0,,
2025-03-01,a-49870,sakura filter,171.0,,0,rojo,,2.6,200.0,,
2025-02-01,a-5005-s,sakura filter,54.0,,0,rojo,,11.29,27.0,,
2025-03-01,a-50370,sakura filter,196.0,,0,rojo,,4.7,80.0,,
2025-02-01,a-53900,sakura filter,71.0,,0,rojo,,2.88,100.0,,
2022-04-01,a-5408,sakura filter,0.0,,0,rojo,,5.36,45.0,,
2025-03-01,a-5504,sakura filter,35.0,,0,rojo,,8.5,26.0,,
2025-02-01,a-5511-s,sakura filter,56.0,,0,rojo,,13.5,20.0,,
2025-02-01,a-5531-s,sakura filter,259.0,,0,rojo,,51.05,149.0,,
2024-02-01,a-5547,sakura filter,86.0,,0,rojo,,4.65,18.0,,
2024-12-01,a-5562-s,sakura filter,39.0,,0,rojo,,27.48,7.0,,
2023-04-01,a-5566,sakura filter,52.0,,0,rojo,,11.69,28.0,,
2025-02-01,a-5572-s,sakura filter,45.0,,0,rojo,,28.5,60.0,,
2025-03-01,a-5579-s,sakura filter,92.0,,0,rojo,,8.25,18.0,,
2023-10-01,a-5583-s,sakura filter,96.0,,0,rojo,,8.03,54.0,,
2024-12-01,a-5622-s,sakura filter,30.0,,0,rojo,,16.32,44.0,,
2022-01-01,a-5635,sin definicion,0.0,,0,rojo,,4.75,36.0,,
2025-04-01,a-58400,sakura filter,48.0,,0,rojo,,3.79,100.0,,
2023-04-01,a-58420,sin definicion,0.0,,0,rojo,,7.35,15.0,,
2025-02-01,a-61590-s,sakura filter,86.0,,0,rojo,,27.36,100.0,,
2025-02-01,a-6517,sakura filter,2.0,,0,rojo,,1.38,20.0,,
2024-12-01,a-6522,sakura filter,177.0,,0,rojo,,2.25,200.0,,
2025-03-01,a-6530,sakura filter,177.0,,0,rojo,,2.37,200.0,,
2025-03-01,a-6533,sakura filter,0.0,,0,rojo,,2.82,40.0,,
2025-02-01,a-65750,sakura filter,138.0,,0,rojo,,3.45,80.0,,
2023-08-01,a-6607,sakura filter,0.0,,0,rojo,,3.0,108.0,,
2022-03-01,a-6708,sin definicion,1.0,,0,rojo,,3.97,100.0,,
2025-03-01,a-6711,sakura filter,46.0,,0,rojo,,14.67,48.0,,
2025-03-01,a-68010-s,sakura filter,214.0,,0,rojo,,37.68,26.0,,
2022-11-01,a-6816,sakura filter,0.0,,0,rojo,,2.89,120.0,,
2025-03-01,a-68530,sakura filter,57.0,,0,rojo,,14.0,5.0,,
2025-01-01,a-68540-s,sakura filter,45.0,,0,rojo,,31.43,11.0,,
2025-03-01,a-68560-s,sakura filter,107.0,,0,rojo,,28.5,36.0,,
2024-02-01,a-69190-s,sakura filter,59.0,,0,rojo,,49.5,18.0,,
2025-01-01,a-7003-s,sakura filter,28.0,,0,rojo,,4.14,30.0,,
2021-04-01,a-7102,sin definicion,0.0,,0,rojo,,6.09,9.0,,
2024-12-01,a-7127,sakura filter,58.0,,0,rojo,,2.23,75.0,,
2022-04-01,a-7128,sin definicion,0.0,,0,rojo,,8.16,130.0,,
2024-04-01,a-71320,sakura filter,58.0,,0,rojo,,12.14,19.0,,
2025-02-01,a-7202,sakura filter,195.0,,0,rojo,,22.56,11.0,,
2025-02-01,a-7630-s,sakura filter,54.0,,0,rojo,,14.5,30.0,,
2025-02-01,a-76520,sakura filter,48.0,,0,rojo,,7.68,36.0,,
2024-03-01,a-7949,sakura filter,8.0,,0,rojo,,8.0,54.0,,
2024-10-01,a-83050,sakura filter,18.0,,0,rojo,,19.96,2.0,,
2024-07-01,a-85134-s,sakura filter,200.0,,0,rojo,,3.0,200.0,,
2025-03-01,a-8665m-s,sakura filter,32.0,,0,rojo,,32.0,42.0,,
2021-09-01,a-8686,sakura filter,0.0,,0,rojo,,28.0,20.0,,
2025-02-01,a-87970kit,sakura filter,324.0,,0,rojo,,7.5,12.0,,
2025-04-01,a-8807-s,sakura filter,53.0,,0,rojo,,4.74,75.0,,
2025-02-01,a-89340,sakura filter,177.0,,0,rojo,,2.9,180.0,,
2025-02-01,a-90320,sakura filter,72.0,,0,rojo,,1.97,100.0,,
2024-10-01,ac-71010,sakura filter,0.0,,0,rojo,,10.08,128.0,,
2024-11-01,acg-004,aisin - japon,90.0,,0,rojo,,13.57,90.0,,
2025-03-01,af12050mc-p,prestone - mexico,36.0,,0,rojo,,7.39,300.0,,
2022-03-01,af12070m,prestone - mexico,0.0,,0,rojo,,7.9,24.0,,
2025-03-01,af1420-6/2,prestone - usa,89.0,,0,rojo,,2.5,102.0,,
2024-11-01,af2000l/2f,prestone - usa,12.0,,0,rojo,,4.0,120.0,,
2024-04-01,af2033l/4,sin definicion,0.0,,0,rojo,,2.5,120.0,,
2021-03-01,af6100/1f,sin definicion,0.0,,0,rojo,,6.5,60.0,,
2021-06-01,af6300/f,sin definicion,0.0,,0,rojo,,7.1,150.0,,
2024-03-01,af6400/1f,prestone - usa,1.0,,0,rojo,,7.39,324.0,,
2021-04-01,af6600/f,sin definicion,0.0,,0,rojo,,6.5,24.0,,
2025-04-01,af6610/fh,prestone - usa,498.0,,0,rojo,,6.9,540.0,,
2022-12-01,af850-55/f-m1,prestone - mexico,0.0,,0,rojo,,248.33,4.0,,
2021-10-01,af888/2f,sin definicion,0.0,,0,rojo,,10.2,240.0,,
2022-07-01,af888/xf,prestone - usa,0.0,,0,rojo,,10.6,240.0,,
2025-03-01,afc10000mb-m2,prestone - usa,22.0,,0,rojo,,52.03,32.0,,
2021-10-01,afc10100mb-m1,sin definicion,0.0,,0,rojo,,24.38,45.0,,
2021-11-01,afc11100/f,sin definicion,0.0,,0,rojo,,6.08,1686.0,,
2024-04-01,afloja,novaquimica - peru,0.0,,0,rojo,,11.78415,20.0,,
2025-02-01,ah-7914,sakura filter,69.0,,0,rojo,,9.0,54.0,,
2025-02-01,ah-79160,sakura filter,43.0,,0,rojo,,5.28,72.0,,
2022-08-01,as-1216k,nas - pfi - zkl - mba,13.0,,0,rojo,,5.69,50.0,,
2024-04-01,as-22211cakw33,nas - pfi - zkl - mba,0.0,,0,rojo,,8.95,100.0,,
2024-04-01,as-22217cak/w33,nas - pfi - zkl - mba,0.0,,0,rojo,,20.52,50.0,,
2022-04-01,as-30204,nas - pfi - zkl - mba,0.0,,0,rojo,,0.67,500.0,,
2023-11-01,as-30205,nas - pfi - zkl - mba,0.0,,0,rojo,,0.66,500.0,,
2024-04-01,as-30307,nas - pfi - zkl - mba,0.0,,0,rojo,,2.8,50.0,,
2023-07-01,as-368a/362a,nas - pfi - zkl - mba,0.0,,0,rojo,,6.37,30.0,,
2021-12-01,as-47890/20,nas - pfi - zkl - mba,0.0,,0,rojo,,8.25,1000.0,,
2022-08-01,as-51206,nas - pfi - zkl - mba,0.0,,0,rojo,,0.82,100.0,,
2025-02-01,as-5643-s,sakura filter,3.0,,0,rojo,,5.5,64.0,,
2025-01-01,as-6000-2rsc3,nas - pfi - zkl - mba,16.0,,0,rojo,,0.22,200.0,,
2024-06-01,as-6003-2rsc3,nas - pfi - zkl - mba,0.0,,0,rojo,,0.32,300.0,,
2024-06-01,as-6004-2rs,nas - pfi - zkl - mba,0.0,,0,rojo,,0.46,140.0,,
2022-11-01,as-6005-2rsc3,nas - pfi - zkl - mba,0.0,,0,rojo,,0.51,150.0,,
2022-01-01,as-6006-2rsc3,nas - pfi - zkl - mba,0.0,,0,rojo,,0.59,100.0,,
2022-04-01,as-6007-2rs,nas - pfi - zkl - mba,0.0,,0,rojo,,0.65,300.0,,
2021-07-01,as-6007-2rsc3,nas - pfi - zkl - mba,0.0,,0,rojo,,0.89,500.0,,
2023-11-01,as-6008-2rsc3,nas - pfi - zkl - mba,76.0,,0,rojo,,0.91,100.0,,
2023-11-01,as-6009-2rsc3,nas - pfi - zkl - mba,0.0,,0,rojo,,1.12,0.0,,
2023-11-01,as-6011-2rsc3,nas - pfi - zkl - mba,0.0,,0,rojo,,1.57,0.0,,
2024-06-01,as-6012-zzc3,nas - pfi - zkl - mba,6.0,,0,rojo,,1.73,0.0,,
2024-08-01,as-6013-zzc3,nas - pfi - zkl - mba,14.0,,0,rojo,,2.33,0.0,,
2022-04-01,as-608-2rs,nas - pfi - zkl - mba,0.0,,0,rojo,,0.16,2170.0,,
2022-05-01,as-608-2rsc3,nas - pfi - zkl - mba,0.0,,0,rojo,,0.19,2000.0,,
2022-03-01,as-608-zz,nas - pfi - zkl - mba,0.0,,0,rojo,,0.16,600.0,,
2023-11-01,as-609-2rs,nas - pfi - zkl - mba,0.0,,0,rojo,,0.2,100.0,,
2021-12-01,as-609-2rsc3,nas - pfi - zkl - mba,0.0,,0,rojo,,0.2,500.0,,
2024-04-01,as-6201-2rsc3,nas - pfi - zkl - mba,0.0,,0,rojo,,0.29,600.0,,
2021-10-01,as-6203-2rs,nas - pfi - zkl - mba,0.0,,0,rojo,,0.34,1000.0,,
2022-01-01,as-6206-2rsc3,nas - pfi - zkl - mba,0.0,,0,rojo,,0.95,1200.0,,
2024-08-01,as-6207-2rs,nas - pfi - zkl - mba,1373.0,,0,rojo,,1.48,1500.0,,
2023-04-01,as-6207-2rsc3,nas - pfi - zkl - mba,0.0,,0,rojo,,1.48,100.0,,
2024-06-01,as-6208-2rsc3,nas - pfi - zkl - mba,12.0,,0,rojo,,1.74,100.0,,
2023-11-01,as-6209-2rsc3,nas - pfi - zkl - mba,5.0,,0,rojo,,1.31,50.0,,
2023-11-01,as-6209-zzc3,nas - pfi - zkl - mba,94.0,,0,rojo,,2.15,30.0,,
2023-11-01,as-6210-zzc3,nas - pfi - zkl - mba,8.0,,0,rojo,,1.96,20.0,,
2022-04-01,as-6211-2rs,nas - pfi - zkl - mba,0.0,,0,rojo,,2.48,20.0,,
2023-11-01,as-6211-zzc3,nas - pfi - zkl - mba,40.0,,0,rojo,,2.7,40.0,,
2022-04-01,as-6214-zzc3,nas - pfi - zkl - mba,0.0,,0,rojo,,3.85,0.0,,
2023-11-01,as-627-2rs,nas - pfi - zkl - mba,378.0,,0,rojo,,0.19,1000.0,,
2023-11-01,as-6300-2rsc3,nas - pfi - zkl - mba,162.0,,0,rojo,,0.32,300.0,,
2024-04-01,as-6301-2rsc3,nas - pfi - zkl - mba,0.0,,0,rojo,,0.36,500.0,,
2023-06-01,as-6302-2rsc3,nas - pfi - zkl - mba,0.0,,0,rojo,,0.44,500.0,,
2023-11-01,as-6304-2rsc3,nas - pfi - zkl - mba,0.0,,0,rojo,,0.89,500.0,,
2024-05-01,as-6305-2rsc3,nas - pfi - zkl - mba,0.0,,0,rojo,,1.12,400.0,,
2024-01-01,as-6307-2rsc3,nas - pfi - zkl - mba,182.0,,0,rojo,,2.15,300.0,,
2023-11-01,as-6308-zz,nas - pfi - zkl - mba,0.0,,0,rojo,,2.7,0.0,,
2023-04-01,as-6308-zzc3,nas - pfi - zkl - mba,63.0,,0,rojo,,2.7,200.0,,
2023-01-01,as-6309-2rsc3,nas - pfi - zkl - mba,1.0,,0,rojo,,2.23,100.0,,
2024-05-01,as-6309-zz,nas - pfi - zkl - mba,9.0,,0,rojo,,3.3,0.0,,
2024-04-01,as-6313-zz,nas - pfi - zkl - mba,68.0,,0,rojo,,6.69,200.0,,
2022-12-01,as-69349/10,nas - pfi - zkl - mba,0.0,,0,rojo,,2.12,100.0,,
2024-09-01,as-7918,sakura filter,22.0,,0,rojo,,4.93,9.0,,
2024-07-01,as-88240,sakura filter,159.0,,0,rojo,,2.02,60.0,,
2024-12-01,as-l44649/10,nas - pfi - zkl - mba,177.0,,0,rojo,,1.2,300.0,,
2022-01-01,as-lm11749/10,nas - pfi - zkl - mba,0.0,,0,rojo,,1.32,300.0,,
2024-01-01,as-lm48548/10,nas - pfi - zkl - mba,0.0,,0,rojo,,1.32,200.0,,
2023-11-01,as-lm67048/10,nas - pfi - zkl - mba,0.0,,0,rojo,,0.86,400.0,,
2023-11-01,as-m12649/10,nas - pfi - zkl - mba,0.0,,0,rojo,,1.16,300.0,,
2023-04-01,as105y/2,prestone - usa,0.0,,0,rojo,,1.55,60.0,,
2022-08-01,as145y,prestone - usa,0.0,,0,rojo,,1.67,120.0,,
2022-05-01,as237sp-m2,sin definicion,0.0,,0,rojo,,1.75,3756.0,,
2021-06-01,as237sp/1,sin definicion,0.0,,0,rojo,,1.85,1800.0,,
2023-10-01,as261psp-m1,prestone - mexico,0.0,,0,rojo,,2.78,96.0,,
2021-06-01,as335sp/2,sin definicion,0.0,,0,rojo,,2.35,300.0,,
2021-12-01,as657/2,sin definicion,0.0,,0,rojo,,1.5,390.0,,
2021-03-01,as661y-6,sin definicion,0.0,,0,rojo,,6.49,12.0,,
2021-09-01,as663y-6,sin definicion,0.0,,0,rojo,,8.49,24.0,,
2022-05-01,as730/5,prestone - usa,0.0,,0,rojo,,2.09,120.0,,
2024-05-01,as770dm,prestone - mexico,0.0,,0,rojo,,2.57,120.0,,
2022-08-01,atf-0t4,aisin - japon,0.0,,0,rojo,,4.08,60.0,,
2025-03-01,aty015,ito koyama - direccion,232.0,,0,rojo,,2.297922,300.0,,
2024-01-01,b10-al,baldwin filters,0.0,,0,rojo,,18.294,400.0,,
2025-03-01,b1006,ito koyama - trapecios,138.0,,0,rojo,,1.26,297.0,,
2025-03-01,b1007,ito koyama - trapecios,158.0,,0,rojo,,1.4,200.0,,
2025-03-01,b1008,ito koyama - trapecios,54.0,,0,rojo,,1.7,209.0,,
2025-03-01,b1009,ito koyama - trapecios,21.0,,0,rojo,,1.447071,198.0,,
2025-03-01,b1010,ito koyama - trapecios,31.0,,0,rojo,,1.51,200.0,,
2025-03-01,b1011,ito koyama - trapecios,155.0,,0,rojo,,1.68,200.0,,
2025-03-01,b1012,ito koyama - trapecios,103.0,,0,rojo,,1.74,400.0,,
2025-03-01,b1013,ito koyama - trapecios,209.0,,0,rojo,,1.59,402.0,,
2025-03-01,b1014,ito koyama - trapecios,150.0,,0,rojo,,1.59,200.0,,
2025-03-01,b1015,ito koyama - trapecios,187.0,,0,rojo,,1.84,400.0,,
2025-03-01,b1016,ito koyama - trapecios,97.0,,0,rojo,,2.432347,196.0,,
2025-03-01,b1017,ito koyama - trapecios,261.0,,0,rojo,,1.08,400.0,,
2025-03-01,b1018,ito koyama - trapecios,301.0,,0,rojo,,1.3,398.0,,
2025-03-01,b1019,ito koyama - trapecios,125.0,,0,rojo,,1.8,300.0,,
2025-03-01,b1020,ito koyama - trapecios,227.0,,0,rojo,,1.8,300.0,,
2025-03-01,b1021,ito koyama - trapecios,206.0,,0,rojo,,1.59,300.0,,
2025-04-01,b10405500,valvoline,5.0,,0,rojo,,593.9,15.0,,
2022-04-01,b43-s,baldwin filters,0.0,,0,rojo,,1.898056,72.0,,
2022-04-01,b7030,baldwin filters,0.0,,0,rojo,,9.033,210.0,,
2024-07-01,b7577,baldwin filters,136.0,,0,rojo,,7.188,210.0,,
2022-03-01,b7685,baldwin filters,0.0,,0,rojo,,8.076,180.0,,
2022-04-01,bb-121j 150,ks - brasil,0.0,,0,rojo,,3.93,200.0,,
2022-04-01,bc-174j 075,ks - brasil,0.0,,0,rojo,,13.44,30.0,,
2025-02-01,bcg001,ito koyama - bocamazas,0.0,,0,rojo,,7.26,30.0,,
2025-03-01,bcg002,ito koyama - bocamazas,1.0,,0,rojo,,8.32,50.0,,
2025-03-01,bch005,ito koyama - bocamazas,0.0,,0,rojo,,8.18,80.0,,
2025-03-01,bch006,ito koyama - bocamazas,36.0,,0,rojo,,15.31,60.0,,
2025-03-01,bch007,ito koyama - bocamazas,13.0,,0,rojo,,15.13,30.0,,
2025-03-01,bch008,ito koyama - bocamazas,27.0,,0,rojo,,8.66,40.0,,
2025-03-01,bch009,ito koyama - bocamazas,45.0,,0,rojo,,7.92,60.0,,
2025-02-01,bdd010s,ishikawa - discos de freno,0.0,,0,rojo,,11.09,50.0,,
2025-01-01,bdd020s,ishikawa - discos de freno,0.0,,0,rojo,,12.7,50.0,,
2025-01-01,bdd107,ishikawa - discos de freno,20.0,,0,rojo,,9.52,50.0,,
2025-02-01,bdd108,ishikawa - discos de freno,0.0,,0,rojo,,8.34,50.0,,
2025-02-01,bdd111,ishikawa - discos de freno,50.0,,0,rojo,,11.16,50.0,,
2025-01-01,bdd114,ishikawa - discos de freno,26.0,,0,rojo,,8.31,50.0,,
2024-08-01,bdd115,ishikawa - discos de freno,0.0,,0,rojo,,7.49,50.0,,
2025-01-01,bdd116,ishikawa - discos de freno,20.0,,0,rojo,,6.9,50.0,,
2025-03-01,bdd118,ishikawa - discos de freno,24.0,,0,rojo,,6.39,50.0,,
2025-02-01,bdd125,ishikawa - discos de freno,14.0,,0,rojo,,13.55,50.0,,
2025-01-01,bdd126,ishikawa - discos de freno,12.0,,0,rojo,,8.34,50.0,,
2025-02-01,bdd127,ishikawa - discos de freno,28.0,,0,rojo,,10.06,50.0,,
2025-01-01,bdd128,ishikawa - discos de freno,28.0,,0,rojo,,6.79,50.0,,
2025-03-01,bdd130,ishikawa - discos de freno,14.0,,0,rojo,,7.35,50.0,,
2025-01-01,bdd131,ishikawa - discos de freno,42.0,,0,rojo,,10.58,50.0,,
2024-11-01,bdd133,ishikawa - discos de freno,26.0,,0,rojo,,12.45,50.0,,
2025-01-01,bdd135,ishikawa - discos de freno,24.0,,0,rojo,,11.65,50.0,,
2024-08-01,bdd138,ishikawa - discos de freno,0.0,,0,rojo,,6.68,50.0,,
2025-01-01,bdd140,ishikawa - discos de freno,28.0,,0,rojo,,8.25,50.0,,
2025-02-01,bdd144,ishikawa - discos de freno,18.0,,0,rojo,,8.35,50.0,,
2024-07-01,bdd145,ishikawa - discos de freno,0.0,,0,rojo,,10.96,50.0,,
2024-11-01,bdd154,ishikawa - discos de freno,0.0,,0,rojo,,10.27,150.0,,
2025-03-01,bdd155,ishikawa - discos de freno,26.0,,0,rojo,,20.36,46.0,,
2025-03-01,bdd156,ishikawa - discos de freno,30.0,,0,rojo,,19.83,48.0,,
2024-11-01,bdd157,ishikawa - discos de freno,0.0,,0,rojo,,15.2,50.0,,
2024-12-01,bdd158,ishikawa - discos de freno,0.0,,0,rojo,,14.23,50.0,,
2025-01-01,bdd160,ishikawa - discos de freno,26.0,,0,rojo,,12.05,50.0,,
2025-03-01,bdd163,ishikawa - discos de freno,12.0,,0,rojo,,10.88,50.0,,
2025-02-01,bdd164,ishikawa - discos de freno,28.0,,0,rojo,,10.66,50.0,,
2025-03-01,bdd166,ishikawa - discos de freno,0.0,,0,rojo,,10.2,50.0,,
2025-01-01,bdd167,ishikawa - discos de freno,32.0,,0,rojo,,9.3132,50.0,,
2025-01-01,bdd168,ishikawa - discos de freno,30.0,,0,rojo,,9.49,50.0,,
2025-03-01,bdd169,ishikawa - discos de freno,16.0,,0,rojo,,9.14,50.0,,
2024-09-01,bdd171,ishikawa - discos de freno,0.0,,0,rojo,,7.74,50.0,,
2024-11-01,bdd172,ishikawa - discos de freno,0.0,,0,rojo,,7.66,50.0,,
2025-01-01,bdd173,ishikawa - discos de freno,16.0,,0,rojo,,7.48,50.0,,
2025-02-01,bdd174,ishikawa - discos de freno,12.0,,0,rojo,,7.2,50.0,,
2024-11-01,bdd175,ishikawa - discos de freno,32.0,,0,rojo,,7.1,50.0,,
2025-02-01,bdd176,ishikawa - discos de freno,26.0,,0,rojo,,6.78,50.0,,
2025-02-01,bdd177,ishikawa - discos de freno,2.0,,0,rojo,,5.9,50.0,,
2024-10-01,bdd178,ishikawa - discos de freno,0.0,,0,rojo,,17.46,50.0,,
2025-03-01,bdd179,ishikawa - discos de freno,22.0,,0,rojo,,16.04,50.0,,
2024-09-01,bdd180,ishikawa - discos de freno,0.0,,0,rojo,,14.17,50.0,,
2025-02-01,bdd182,ishikawa - discos de freno,32.0,,0,rojo,,13.53,50.0,,
2024-10-01,bdd183,ishikawa - discos de freno,0.0,,0,rojo,,12.99,50.0,,
2024-10-01,bdd184,ishikawa - discos de freno,36.0,,0,rojo,,12.69,50.0,,
2024-11-01,bdd187,ishikawa - discos de freno,0.0,,0,rojo,,10.9,50.0,,
2024-12-01,bdd189,ishikawa - discos de freno,14.0,,0,rojo,,9.89,50.0,,
2025-02-01,bdd190,ishikawa - discos de freno,4.0,,0,rojo,,9.41,50.0,,
2025-02-01,bdd193,ishikawa - discos de freno,20.0,,0,rojo,,8.35,50.0,,
2025-02-01,bdd194,ishikawa - discos de freno,24.0,,0,rojo,,8.11,50.0,,
2025-01-01,bdd197,ishikawa - discos de freno,34.0,,0,rojo,,7.69,50.0,,
2025-02-01,bdd198,ishikawa - discos de freno,44.0,,0,rojo,,7.69,50.0,,
2025-02-01,bdd199,ishikawa - discos de freno,26.0,,0,rojo,,7.41,50.0,,
2025-03-01,bdd200,ishikawa - discos de freno,38.0,,0,rojo,,7.44,50.0,,
2025-01-01,bdd203,ishikawa - discos de freno,36.0,,0,rojo,,6.89,50.0,,
2025-03-01,bdd204,ishikawa - discos de freno,0.0,,0,rojo,,5.42,50.0,,
2024-12-01,bdd208,ishikawa - discos de freno,28.0,,0,rojo,,7.39,50.0,,
2025-01-01,bdd209,ishikawa - discos de freno,12.0,,0,rojo,,6.83,50.0,,
2025-01-01,bdd210,ishikawa - discos de freno,36.0,,0,rojo,,6.58,50.0,,
2024-09-01,bdd211,ishikawa - discos de freno,48.0,,0,rojo,,13.76,50.0,,
2024-11-01,bdd212,ishikawa - discos de freno,42.0,,0,rojo,,5.87,50.0,,
2025-01-01,bdd213,ishikawa - discos de freno,38.0,,0,rojo,,12.86,50.0,,
2025-01-01,bdd214,ishikawa - discos de freno,28.0,,0,rojo,,9.53,50.0,,
2025-02-01,bdd215,ishikawa - discos de freno,32.0,,0,rojo,,10.12,50.0,,
2025-03-01,bdd216,ishikawa - discos de freno,26.0,,0,rojo,,6.34,50.0,,
2025-03-01,bdd217,ishikawa - discos de freno,40.0,,0,rojo,,7.09,50.0,,
2025-03-01,bdd218,ishikawa - discos de freno,10.0,,0,rojo,,17.26,50.0,,
2025-03-01,bdd219,ishikawa - discos de freno,25.0,,0,rojo,,14.1,50.0,,
2025-03-01,bdd220,ishikawa - discos de freno,16.0,,0,rojo,,8.5,50.0,,
2025-02-01,bdd221,ishikawa - discos de freno,34.0,,0,rojo,,14.85,50.0,,
2025-01-01,bdd222,ishikawa - discos de freno,34.0,,0,rojo,,16.98,50.0,,
2025-01-01,bdd223,ishikawa - discos de freno,44.0,,0,rojo,,9.24,50.0,,
2025-01-01,bdd224,ishikawa - discos de freno,30.0,,0,rojo,,7.37,50.0,,
2025-01-01,bdd225,ishikawa - discos de freno,38.0,,0,rojo,,7.82,50.0,,
2025-02-01,bdd227,ishikawa - discos de freno,40.0,,0,rojo,,8.54,50.0,,
2025-01-01,bdd228,ishikawa - discos de freno,30.0,,0,rojo,,9.55,50.0,,
2025-02-01,bdd229,ishikawa - discos de freno,6.0,,0,rojo,,6.66,50.0,,
2025-02-01,bdd230,ishikawa - discos de freno,14.0,,0,rojo,,7.56,50.0,,
2025-01-01,bdd231,ishikawa - discos de freno,32.0,,0,rojo,,6.68,50.0,,
2025-01-01,bdd232,ishikawa - discos de freno,22.0,,0,rojo,,9.08,50.0,,
2025-03-01,bdd233,ishikawa - discos de freno,26.0,,0,rojo,,8.65,50.0,,
2025-01-01,bdd234,ishikawa - discos de freno,30.0,,0,rojo,,7.78,48.0,,
2025-01-01,bdd235,ishikawa - discos de freno,32.0,,0,rojo,,6.36,50.0,,
2025-01-01,bdd236,ishikawa - discos de freno,38.0,,0,rojo,,6.54,50.0,,
2025-03-01,bdd237,ishikawa - discos de freno,21.0,,0,rojo,,16.8,50.0,,
2025-01-01,bdd238,ishikawa - discos de freno,28.0,,0,rojo,,6.36,50.0,,
2025-01-01,bdd239,ishikawa - discos de freno,32.0,,0,rojo,,6.69,50.0,,
2025-01-01,bdd241,ishikawa - discos de freno,26.0,,0,rojo,,6.96,50.0,,
2025-03-01,bdd243,ishikawa - discos de freno,8.0,,0,rojo,,7.63,50.0,,
2025-03-01,bdd244,ishikawa - discos de freno,16.0,,0,rojo,,10.91,50.0,,
2025-02-01,bdd245,ishikawa - discos de freno,6.0,,0,rojo,,6.75,50.0,,
2025-02-01,bdd246,ishikawa - discos de freno,7.0,,0,rojo,,8.51,50.0,,
2025-03-01,bdd247,ishikawa - discos de freno,62.0,,0,rojo,,9.44,96.0,,
2025-02-01,bdd248,ishikawa - discos de freno,72.0,,0,rojo,,5.17,96.0,,
2025-03-01,bdd249,ishikawa - discos de freno,36.0,,0,rojo,,8.68,50.0,,
2024-10-01,bdd250,ishikawa - discos de freno,0.0,,0,rojo,,7.92,50.0,,
2025-03-01,bdd251,ishikawa - discos de freno,58.0,,0,rojo,,14.94,100.0,,
2025-03-01,bdd252,ishikawa - discos de freno,62.0,,0,rojo,,10.81,100.0,,
2025-02-01,bdd253,ishikawa - discos de freno,6.0,,0,rojo,,18.26,50.0,,
2025-03-01,bdd254,ishikawa - discos de freno,32.0,,0,rojo,,6.38,100.0,,
2025-03-01,bdf001,ito koyama - bocamazas,4.0,,0,rojo,,9.08,30.0,,
2025-03-01,bdf002,ito koyama - bocamazas,30.0,,0,rojo,,10.11,80.0,,
2025-03-01,bdf003,ito koyama - bocamazas,78.0,,0,rojo,,14.47,120.0,,
2025-03-01,bdf004,ito koyama - bocamazas,40.0,,0,rojo,,16.64,80.0,,
2023-10-01,bf1226,baldwin filters,0.0,,0,rojo,,4.416,360.0,,
2024-01-01,bf1262,baldwin filters,0.0,,0,rojo,,17.37299,204.0,,
2022-02-01,bf1346-o,baldwin filters,0.0,,0,rojo,,13.344,600.0,,
2021-10-01,bf1360-sp,baldwin filters,4.0,,0,rojo,,10.592917,24.0,,
2023-05-01,bf1385-sps,baldwin filters,0.0,,0,rojo,,10.95,72.0,,
2021-12-01,bf588,baldwin filters,0.0,,0,rojo,,4.092,60.0,,
2024-11-01,bf7000m3,prestone - mexico,0.0,,0,rojo,,3.01649,648.0,,
2023-02-01,bf7619,baldwin filters,0.0,,0,rojo,,5.242083,48.0,,
2021-11-01,bf7624,baldwin filters,0.0,,0,rojo,,5.246944,36.0,,
2022-10-01,bf7629,baldwin filters,0.0,,0,rojo,,3.954,240.0,,
2023-08-01,bf7766,baldwin filters,0.0,,0,rojo,,8.316944,72.0,,
2021-02-01,bf7886,baldwin filters,0.0,,0,rojo,,9.36,72.0,,
2021-06-01,bfp-811,sin definicion,0.0,,0,rojo,,5.18,120.0,,
2025-02-01,bhy011,ito koyama - bocamazas,11.0,,0,rojo,,16.64,30.0,,
2025-01-01,bhy013,ito koyama - bocamazas,97.0,,0,rojo,,12.3,100.0,,
2025-03-01,bhy014,ito koyama - bocamazas,25.0,,0,rojo,,15.6,50.0,,
2025-02-01,bhy015,ito koyama - bocamazas,55.0,,0,rojo,,14.13,80.0,,
2025-01-01,bhy016,ito koyama - bocamazas,27.0,,0,rojo,,15.68,30.0,,
2025-01-01,bhy017,ito koyama - bocamazas,21.0,,0,rojo,,15.38,30.0,,
2025-01-01,bhy018,ito koyama - bocamazas,29.0,,0,rojo,,10.45,30.0,,
2025-01-01,bhy019,ito koyama - bocamazas,29.0,,0,rojo,,18.67,30.0,,
2025-01-01,bhy020,ito koyama - bocamazas,27.0,,0,rojo,,15.68,30.0,,
2025-01-01,bhy021,ito koyama - bocamazas,29.0,,0,rojo,,18.67,30.0,,
2025-02-01,bhy022,ito koyama - bocamazas,0.0,,0,rojo,,7.77,30.0,,
2025-01-01,bkt-001,wagner - pastillas,0.0,,0,rojo,,41.67,100.0,,
2025-03-01,bkt-002,wagner - pastillas,0.0,,0,rojo,,80.39,100.0,,
2025-04-01,bkt-003,wagner - pastillas,0.0,,0,rojo,,62.03,100.0,,
2025-03-01,bmi003,ito koyama - bocamazas,16.0,,0,rojo,,8.21,30.0,,
2025-03-01,bmi004,ito koyama - bocamazas,28.0,,0,rojo,,4.63,50.0,,
2025-03-01,bmi006,ito koyama - bocamazas,7.0,,0,rojo,,9.71,30.0,,
2025-01-01,bmz004,ito koyama - bocamazas,19.0,,0,rojo,,13.62,20.0,,
2025-01-01,bni008,ito koyama - bocamazas,0.0,,0,rojo,,21.94,40.0,,
2025-02-01,bni010,ito koyama - bocamazas,34.0,,0,rojo,,5.0,40.0,,
2025-03-01,bni011,ito koyama - bocamazas,25.0,,0,rojo,,4.42,50.0,,
2025-03-01,bni013,ito koyama - bocamazas,30.0,,0,rojo,,13.01,40.0,,
2025-03-01,bni014,ito koyama - bocamazas,15.0,,0,rojo,,21.94,40.0,,
2025-03-01,bni015,ito koyama - bocamazas,7.0,,0,rojo,,24.97,20.0,,
2025-03-01,bni017,ito koyama - bocamazas,0.0,,0,rojo,,9.26,40.0,,
2022-11-01,bolsas,sin definicion,0.0,,0,rojo,,7.150423446725195,1200.0,,
2025-02-01,brn001,ito koyama - bocamazas,47.0,,0,rojo,,6.05,50.0,,
2021-10-01,bs-505,kamura,0.0,,0,rojo,,6.78,100.0,,
2024-12-01,bsk002,ito koyama - bocamazas,0.0,,0,rojo,,4.66,12.0,,
2025-02-01,bsk003,ito koyama - bocamazas,93.0,,0,rojo,,14.47,100.0,,
2025-03-01,bsk004,ito koyama - bocamazas,58.0,,0,rojo,,4.05,80.0,,
2025-02-01,bsk006,ito koyama - bocamazas,29.0,,0,rojo,,5.53,50.0,,
2022-05-01,bt16811r22.5,boto tyres,0.0,,0,rojo,,173.17,280.0,,
2021-02-01,bt287-10,baldwin filters,0.0,,0,rojo,,5.415,72.0,,
2025-02-01,bto004,ito koyama - bocamazas,0.0,,0,rojo,,8.54,200.0,,
2025-02-01,bto020,ito koyama - bocamazas,0.0,,0,rojo,,15.92,100.0,,
2025-02-01,bto021,ito koyama - bocamazas,0.0,,0,rojo,,15.92,100.0,,
2025-03-01,bto024,ito koyama - bocamazas,59.0,,0,rojo,,14.57,80.0,,
2025-03-01,bto025,ito koyama - bocamazas,31.0,,0,rojo,,14.68,40.0,,
2025-03-01,bto026,ito koyama - bocamazas,21.0,,0,rojo,,4.7,30.0,,
2025-02-01,bto027,ito koyama - bocamazas,21.0,,0,rojo,,9.08,40.0,,
2025-03-01,bto028,ito koyama - bocamazas,3.0,,0,rojo,,14.83,20.0,,
2025-03-01,bto029,ito koyama - bocamazas,23.0,,0,rojo,,5.23,40.0,,
2025-03-01,bto030,ito koyama - bocamazas,32.0,,0,rojo,,15.68,40.0,,
2025-03-01,bto031,ito koyama - bocamazas,38.0,,0,rojo,,14.94,50.0,,
2025-03-01,bto032,ito koyama - bocamazas,59.0,,0,rojo,,4.51,70.0,,
2025-03-01,bvw001,ito koyama - bocamazas,20.0,,0,rojo,,8.51,25.0,,
2025-02-01,bvw002,ito koyama - bocamazas,9.0,,0,rojo,,6.78,30.0,,
2022-08-01,bw7000m-m3,prestone - mexico,0.0,,0,rojo,,1.35,480.0,,
2025-01-01,bz0003,ishikawa - zapatas de freno,0.0,,0,rojo,,6.49,100.0,,
2024-10-01,bz0005,ishikawa - zapatas de freno,0.0,,0,rojo,,5.9,100.0,,
2024-09-01,bz0006,ishikawa - zapatas de freno,0.0,,0,rojo,,6.19,100.0,,
2025-01-01,bz0010,ishikawa - zapatas de freno,0.0,,0,rojo,,3.94,300.0,,
2024-10-01,bz0016,ishikawa - zapatas de freno,0.0,,0,rojo,,6.49,100.0,,
2024-09-01,bz0023,ishikawa - zapatas de freno,0.0,,0,rojo,,3.83,100.0,,
2025-04-01,bz0024,ishikawa - zapatas de freno,103.0,,0,rojo,,3.94,150.0,,
2025-03-01,bz0025,ishikawa - zapatas de freno,397.0,,0,rojo,,3.64,500.0,,
2025-03-01,bz0026,ishikawa - zapatas de freno,75.0,,0,rojo,,5.46,150.0,,
2025-03-01,bz0027,ishikawa - zapatas de freno,3.0,,0,rojo,,4.55,100.0,,
2025-03-01,bz0028,ishikawa - zapatas de freno,25.0,,0,rojo,,2.73,200.0,,
2025-03-01,bz0029,ishikawa - zapatas de freno,129.0,,0,rojo,,2.73,200.0,,
2025-03-01,bz0030,ishikawa - zapatas de freno,122.0,,0,rojo,,2.73,200.0,,
2025-03-01,bz0031,ishikawa - zapatas de freno,79.0,,0,rojo,,3.64,100.0,,
2025-03-01,bz0032,ishikawa - zapatas de freno,69.0,,0,rojo,,4.25,150.0,,
2025-03-01,bz0033,ishikawa - zapatas de freno,75.0,,0,rojo,,3.34,150.0,,
2025-03-01,bz0034,ishikawa - zapatas de freno,350.0,,0,rojo,,8.34,400.0,,
2025-03-01,bz0035,ishikawa - zapatas de freno,13.0,,0,rojo,,2.73,150.0,,
2025-03-01,bz0036,ishikawa - zapatas de freno,88.0,,0,rojo,,3.94,150.0,,
2025-03-01,bz0037,ishikawa - zapatas de freno,236.0,,0,rojo,,6.68,300.0,,
2025-03-01,bz0038,ishikawa - zapatas de freno,16.0,,0,rojo,,2.43,100.0,,
2025-03-01,bz0039,ishikawa - zapatas de freno,95.0,,0,rojo,,5.46,150.0,,
2025-03-01,bz0040,ishikawa - zapatas de freno,251.0,,0,rojo,,7.59,300.0,,
2025-03-01,bz0041,ishikawa - zapatas de freno,66.0,,0,rojo,,3.94,100.0,,
2025-03-01,bz0042,ishikawa - zapatas de freno,72.0,,0,rojo,,5.46,100.0,,
2025-03-01,bz0043,ishikawa - zapatas de freno,21.0,,0,rojo,,5.01,300.0,,
2025-03-01,bz0044,ishikawa - zapatas de freno,237.0,,0,rojo,,2.73,300.0,,
2025-03-01,bz0045,ishikawa - zapatas de freno,149.0,,0,rojo,,5.01,200.0,,
2025-03-01,bz0046,ishikawa - zapatas de freno,68.0,,0,rojo,,2.73,100.0,,
2025-03-01,bz0047,ishikawa - zapatas de freno,59.0,,0,rojo,,5.01,100.0,,
2025-03-01,bz0048,ishikawa - zapatas de freno,69.0,,0,rojo,,6.68,150.0,,
2025-03-01,bz0049,ishikawa - zapatas de freno,107.0,,0,rojo,,6.37,150.0,,
2025-03-01,bz0050,ishikawa - zapatas de freno,30.0,,0,rojo,,5.76,100.0,,
2025-03-01,bz0051,ishikawa - zapatas de freno,302.0,,0,rojo,,3.64,400.0,,
2025-03-01,bz0052,ishikawa - zapatas de freno,299.0,,0,rojo,,4.25,400.0,,
2025-03-01,bz0053,ishikawa - zapatas de freno,205.0,,0,rojo,,3.94,300.0,,
2025-04-01,bz0054,ishikawa - zapatas de freno,18.0,,0,rojo,,3.03,100.0,,
2025-03-01,bz0055,ishikawa - zapatas de freno,75.0,,0,rojo,,4.55,100.0,,
2025-02-01,bz0056,ishikawa - zapatas de freno,0.0,,0,rojo,,2.73,100.0,,
2025-03-01,bz0057,ishikawa - zapatas de freno,55.0,,0,rojo,,6.68,100.0,,
2024-11-01,bz0058,ishikawa - zapatas de freno,0.0,,0,rojo,,3.64,100.0,,
2025-03-01,bz0059,ishikawa - zapatas de freno,34.0,,0,rojo,,4.55,100.0,,
2025-02-01,bz0060,ishikawa - zapatas de freno,0.0,,0,rojo,,3.94,100.0,,
2024-11-01,bz0061,ishikawa - zapatas de freno,0.0,,0,rojo,,3.03,100.0,,
2025-03-01,bz0062,ishikawa - zapatas de freno,9.0,,0,rojo,,4.55,100.0,,
2025-03-01,bz0063,ishikawa - zapatas de freno,14.0,,0,rojo,,4.25,100.0,,
2024-10-01,c-10006,mann - brasil,93.0,,0,rojo,,27.12646117687225,100.0,,
2024-12-01,c-1001,sakura filter,8.0,,0,rojo,,2.1,50.0,,
2025-01-01,c-1005,sakura filter,55.0,,0,rojo,,2.3,100.0,,
2024-10-01,c-10081,sakura filter,0.0,,0,rojo,,3.3,75.0,,
2021-12-01,c-11103/2,mann - brasil,0.0,,0,rojo,,14.381721510887147,10.0,,
2022-06-01,c-1119,sakura filter,0.0,,0,rojo,,1.51,250.0,,
2025-03-01,c-1125,sakura filter,265.0,,0,rojo,,1.0,300.0,,
2022-04-01,c-1131,sakura filter,0.0,,0,rojo,,1.34,50.0,,
2024-10-01,c-1141,sakura filter,347.0,,0,rojo,,1.51,50.0,,
2023-02-01,c-1150,sakura filter,0.0,,0,rojo,,1.27,50.0,,
2021-11-01,c-1176/3,mann - brasil,0.0,,0,rojo,,9.13799077987671,28.0,,
2025-02-01,c-13009,mann - brasil,21.0,,0,rojo,,16.3897987306118,30.0,,
2025-04-01,c-13163,sakura filter,418.0,,0,rojo,,6.5,230.0,,
2025-02-01,c-13320,sakura filter,124.0,,0,rojo,,1.69,50.0,,
2025-03-01,c-1374/2,mann - brasil,30.0,,0,rojo,,23.434634252786637,30.0,,
2024-10-01,c-1405,sakura filter,13.0,,0,rojo,,1.3,50.0,,
2025-03-01,c-14080,sakura filter,90.0,,0,rojo,,1.3,100.0,,
2025-03-01,c-14114,mann - brasil,0.0,,0,rojo,,9.634984123706818,30.0,,
2025-01-01,c-15011,mann - brasil,6.0,,0,rojo,,37.0584394812584,10.0,,
2025-01-01,c-1502,sakura filter,71.0,,0,rojo,,2.3,75.0,,
2024-03-01,c-1561,sakura filter,50.0,,0,rojo,,7.0,30.0,,
2025-03-01,c-1602,sakura filter,113.0,,0,rojo,,2.0,50.0,,
2022-02-01,c-1711,sakura filter,0.0,,0,rojo,,1.48,100.0,,
2025-02-01,c-17237/1,mann - brasil,22.0,,0,rojo,,19.413363575935364,30.0,,
2025-01-01,c-1813,sakura filter,9.0,,0,rojo,,1.45,50.0,,
2022-07-01,c-18263,mann - brasil,0.0,,0,rojo,,16.32,24.0,,
2022-03-01,c-1831,sakura filter,0.0,,0,rojo,,0.9,100.0,,
2025-01-01,c-18436,mann - brasil,30.0,,0,rojo,,29.85721300959587,30.0,,
2025-03-01,c-1858/2,mann - brasil,0.0,,0,rojo,,4.559958443641663,30.0,,
2025-02-01,c-1936,sakura filter,8.0,,0,rojo,,1.32,50.0,,
2023-03-01,c-21001,sin definicion,0.0,,0,rojo,,6.59,42.0,,
2025-01-01,c-21015/1,mann - brasil,0.0,,0,rojo,,5.66,12.0,,
2024-05-01,c-21104,mann - brasil,28.0,,0,rojo,,9.087576756477356,30.0,,
2024-10-01,c-21470,mann - brasil,29.0,,0,rojo,,29.75,30.0,,
2025-02-01,c-21990,sakura filter,122.0,,0,rojo,,1.64,33.0,,
2021-08-01,c-2218,sakura filter,0.0,,0,rojo,,9.5,120.0,,
2022-06-01,c-2240,mann - brasil,59.0,,0,rojo,,8.21677989602089,60.0,,
2021-10-01,c-2295/3,sin definicion,0.0,,0,rojo,,4.86,90.0,,
2023-03-01,c-23018,mann - brasil,9.0,,0,rojo,,6.789890670776367,20.0,,
2025-03-01,c-23589/1,mann - brasil,27.0,,0,rojo,,39.31329349756241,30.0,,
2022-07-01,c-24745/1,mann - brasil,30.0,,0,rojo,,24.75692987918854,30.0,,
2021-10-01,c-2496,mann - brasil,0.0,,0,rojo,,2.16,204.0,,
2025-03-01,c-2512,sakura filter,33.0,,0,rojo,,1.3,50.0,,
2025-03-01,c-25131,sakura filter,249.0,,0,rojo,,2.18,264.0,,
2024-11-01,c-2517,sakura filter,92.0,,0,rojo,,1.15,150.0,,
2024-06-01,c-26017,mann - brasil,15.0,,0,rojo,,4.654632461071014,30.0,,
2024-09-01,c-26120,mann - brasil,28.0,,0,rojo,,8.041912527084351,30.0,,
2025-02-01,c-261215,sin definicion,3.0,,0,rojo,,41.22661804437637,10.0,,
2024-06-01,c-261220,mann - brasil,1.0,,0,rojo,,53.6178355705738,10.0,,
2024-01-01,c-27009,mann - brasil,0.0,,0,rojo,,6.398806250095367,10.0,,
2024-07-01,c-27030,mann - brasil,48.0,,0,rojo,,4.500249820947647,30.0,,
2023-08-01,c-271050,mann - brasil,0.0,,0,rojo,,19.806583471298215,48.0,,
2022-11-01,c-271390,sin definicion,0.0,,0,rojo,,57.19093632698059,20.0,,
2021-11-01,c-271581,mann - brasil,1.0,,0,rojo,,74.65196519494056,10.0,,
2025-01-01,c-27380,mann - brasil,0.0,,0,rojo,,29.13610793352127,20.0,,
2024-07-01,c-27798,mann - brasil,11.0,,0,rojo,,18.37,10.0,,
2021-11-01,c-27844,mann - brasil,0.0,,0,rojo,,16.82,30.0,,
2022-02-01,c-2808,sin definicion,0.0,,0,rojo,,1.18,225.0,,
2022-06-01,c-28136/1,mann - brasil,0.0,,0,rojo,,3.24,60.0,,
2024-10-01,c-28160,sakura filter,464.0,,0,rojo,,11.5,360.0,,
2022-08-01,c-2852/2,mann - brasil,1.0,,0,rojo,,4.91,24.0,,
2024-12-01,c-2901,sakura filter,222.0,,0,rojo,,2.76,36.0,,
2025-02-01,c-2904,sakura filter,188.0,,0,rojo,,2.76,220.0,,
2023-02-01,c-2990,mann - brasil,0.0,,0,rojo,,2.73,60.0,,
2024-03-01,c-301240,mann - brasil,18.0,,0,rojo,,36.8768527674675,1.0,,
2025-03-01,c-301330,mann - brasil,9.0,,0,rojo,,39.11782540082931,20.0,,
2023-12-01,c-301359,mann - brasil,0.0,,0,rojo,,43.15,2.0,,
2021-04-01,c-30703,mann - brasil,30.0,,0,rojo,,39.7,30.0,,
2024-12-01,c-30810/3,mann - brasil,24.0,,0,rojo,,35.986718237400055,33.0,,
2025-02-01,c-30880/1,mann - brasil,27.0,,0,rojo,,49.27,30.0,,
2025-03-01,c-31081,sakura filter,18.0,,0,rojo,,3.25,80.0,,
2024-07-01,c-32191/1,mann - brasil,23.0,,0,rojo,,6.101504678726196,30.0,,
2024-08-01,c-32199,mann - brasil,8.0,,0,rojo,,7.72,60.0,,
2024-12-01,c-331465/1,mann - brasil,9.0,,0,rojo,,54.21648645401001,30.0,,
2022-03-01,c-34540,sin definicion,0.0,,0,rojo,,47.2851545548439,39.0,,
2025-03-01,c-3474,mann - brasil,135.0,,0,rojo,,3.28,90.0,,
2025-03-01,c-35154,mann - brasil,189.0,,0,rojo,,4.975557088851929,50.0,,
2022-05-01,c-351592,mann - brasil,30.0,,0,rojo,,55.49203194379806,30.0,,
2023-08-01,c-37153,mann - brasil,0.0,,0,rojo,,4.39,30.0,,
2024-11-01,c-37480,mann - brasil,0.0,,0,rojo,,27.29,60.0,,
2024-01-01,c-3880,mann - brasil,5.0,,0,rojo,,4.760305017232895,100.0,,
2021-08-01,c-411776,mann - brasil,0.0,,0,rojo,,89.21278145313264,16.0,,
2021-02-01,c-43102,mann - brasil,0.0,,0,rojo,,7.33,30.0,,
2024-12-01,c-49150,sakura filter,0.0,,0,rojo,,1.82,100.0,,
2025-02-01,c-5002,sakura filter,45.0,,0,rojo,,3.5,12.0,,
2025-02-01,c-5005,sakura filter,125.0,,0,rojo,,6.45,66.0,,
2022-02-01,c-5101,sakura filter,0.0,,0,rojo,,2.08,25.0,,
2025-02-01,c-55221,sakura filter,204.0,,0,rojo,,6.12,138.0,,
2025-03-01,c-5604,sakura filter,24.0,,0,rojo,,1.92,24.0,,
2025-02-01,c-5701,sakura filter,63.0,,0,rojo,,5.75,100.0,,
2024-10-01,c-5708,sakura filter,250.0,,0,rojo,,2.92,96.0,,
2024-02-01,c-5812,sakura filter,58.0,,0,rojo,,4.3,48.0,,
2024-07-01,c-6109,sakura filter,107.0,,0,rojo,,2.4,250.0,,
2024-08-01,c-6202,sakura filter,84.0,,0,rojo,,2.48,100.0,,
2024-11-01,c-6508,sakura filter,0.0,,0,rojo,,4.4,60.0,,
2025-04-01,c-66071,sakura filter,207.0,,0,rojo,,2.5,96.0,,
2022-06-01,c-68001,mann - brasil,17.0,,0,rojo,,9.384943151473998,20.0,,
2025-03-01,c-7010,sakura filter,16.0,,0,rojo,,5.85,24.0,,
2024-05-01,c-8901,sakura filter,0.0,,0,rojo,,,,,
2025-01-01,c-9001,sakura filter,379.0,,0,rojo,,1.07,200.0,,
2025-03-01,c-9002,sakura filter,1185.0,,0,rojo,,1.23,250.0,,
2024-10-01,c001n,ito koyama - resortes,0.0,,0,rojo,,,,,
2025-03-01,c002n,ito koyama - resortes,8.0,,0,rojo,,4.2,200.0,,
2025-03-01,c003n,ito koyama - resortes,84.0,,0,rojo,,6.62,96.0,,
2022-04-01,c71240 std,mahle - brasil,0.0,,0,rojo,,47.460833,24.0,,
2025-03-01,ca-1401,sakura filter,151.0,,0,rojo,,1.6,100.0,,
2022-06-01,ca-17100,sin definicion,0.0,,0,rojo,,1.0,200.0,,
2025-03-01,ca-19271,sakura filter,272.0,,0,rojo,,2.4,20.0,,
2024-12-01,ca-2402,sakura filter,31.0,,0,rojo,,17.0,32.0,,
2021-07-01,ca-28180,sin definicion,0.0,,0,rojo,,1.3,80.0,,
2021-02-01,ca-28210,sin definicion,0.0,,0,rojo,,1.0,200.0,,
2025-04-01,ca-28400,sakura filter,73.0,,0,rojo,,2.07,100.0,,
2025-03-01,ca-28440,sakura filter,331.0,,0,rojo,,2.8,200.0,,
2025-03-01,ca-38110,sakura filter,130.0,,0,rojo,,1.65,180.0,,
2025-02-01,ca-54030,sakura filter,81.0,,0,rojo,,1.84,100.0,,
2025-02-01,ca-65820,sakura filter,145.0,,0,rojo,,1.35,200.0,,
2024-12-01,ca-68010,sakura filter,88.0,,0,rojo,,2.3,100.0,,
2024-10-01,ca-79330,sakura filter,460.0,,0,rojo,,3.5,20.0,,
2024-05-01,cac-16130,sakura filter,0.0,,0,rojo,,,,,
2025-02-01,cac-18120,sakura filter,78.0,,0,rojo,,1.6,200.0,,
2023-05-01,cac-18250,sakura filter,320.0,,0,rojo,,2.02,40.0,,
2025-03-01,cac-19271,sakura filter,194.0,,0,rojo,,2.75,200.0,,
2025-03-01,cac-29160,sakura filter,15.0,,0,rojo,,3.0,100.0,,
2025-02-01,cac-30930-s,sakura filter,89.0,,0,rojo,,5.01,60.0,,
2025-03-01,cac-38130,sakura filter,158.0,,0,rojo,,2.0,20.0,,
2025-03-01,cac-38710,sakura filter,190.0,,0,rojo,,1.5,120.0,,
2024-12-01,cav-26080,sakura filter,90.0,,0,rojo,,4.99,100.0,,
2024-04-01,cav-2807,sakura filter,179.0,,0,rojo,,3.57,200.0,,
2024-04-01,cav-28300,sakura filter,186.0,,0,rojo,,1.8,100.0,,
2023-12-01,cbkh-16,ctr,0.0,,0,rojo,,8.39,228.0,,
2023-12-01,cbkh-9,ctr,0.0,,0,rojo,,6.39,240.0,,
2021-11-01,cbn-30,ctr,0.0,,0,rojo,,4.72,150.0,,
2022-01-01,cbt-14,ctr,0.0,,0,rojo,,6.61,120.0,,
2021-03-01,cbt-28,ctr,0.0,,0,rojo,,8.2,120.0,,
2022-06-01,cbt-60,ctr,0.0,,0,rojo,,6.21,120.0,,
2021-11-01,cc-1522,sin definicion,0.0,,0,rojo,,6.62,360.0,,
2025-01-01,cc-9002,mann - brasil,4.0,,0,rojo,,,,,
2025-01-01,cd215/75r17.5,deruibo,6.0,,0,rojo,,60.0,20.0,,
2023-01-01,cekh-3,ctr,0.0,,0,rojo,,3.73,108.0,,
2021-09-01,cekh-43l,ctr,4.0,,0,rojo,,6.1,108.0,,
2022-07-01,cet-23,ctr,0.0,,0,rojo,,3.33,108.0,,
2023-01-01,cet-63l,ctr,0.0,,0,rojo,,5.14,100.0,,
2021-05-01,cet-63r,ctr,0.0,,0,rojo,,5.14,100.0,,
2024-03-01,cet-75,ctr,0.0,,0,rojo,,6.22,108.0,,
2022-06-01,cet-98,ctr,0.0,,0,rojo,,5.65,200.0,,
2022-06-01,cet-99,ctr,0.0,,0,rojo,,5.65,200.0,,
2025-01-01,cf-10002,mann - brasil,6.0,,0,rojo,,27.5495402097702,10.0,,
2025-01-01,cf-1122,mann - brasil,102.0,,0,rojo,,16.86,16.0,,
2025-02-01,cf-1260,mann - brasil,162.0,,0,rojo,,13.720804810523987,29.0,,
2024-05-01,cf-1300,mann - brasil,0.0,,0,rojo,,14.08,30.0,,
2024-07-01,cf-1400,mann - brasil,17.0,,0,rojo,,14.74,20.0,,
2024-02-01,cf-1610,mann - brasil,37.0,,0,rojo,,15.28,60.0,,
2022-08-01,cf-1710,mann - brasil,0.0,,0,rojo,,9.28,30.0,,
2023-09-01,cf-1800,mann - brasil,0.0,,0,rojo,,23.287868523597716,50.0,,
2021-09-01,cf-2944,mann - brasil,0.0,,0,rojo,,9.96677708029747,10.0,,
2025-01-01,cf-5001,mann - brasil,0.0,,0,rojo,,3.635446572303772,10.0,,
2024-04-01,cf-600,mann - brasil,0.0,,0,rojo,,9.73,20.0,,
2024-09-01,cf-6002,mann - brasil,95.0,,0,rojo,,25.216970443725586,65.0,,
2024-08-01,cf-65/2,mann - brasil,4.0,,0,rojo,,6.028961908817291,10.0,,
2024-08-01,cf-800/1,mann - brasil,12.0,,0,rojo,,35.14,6.0,,
2025-03-01,cg003n,ito koyama - resortes,54.0,,0,rojo,,4.7,56.0,,
2025-03-01,cg004n,ito koyama - resortes,78.0,,0,rojo,,5.25,104.0,,
2021-06-01,ch-096400-1770,zy diesel,0.0,,0,rojo,,38.0,10.0,,
2024-06-01,ch-105007-1210,zy diesel,0.0,,0,rojo,,3.45,120.0,,
2022-04-01,ch-105015-4130,zy diesel,0.0,,0,rojo,,3.1,48.0,,
2022-05-01,ch-146403-2820,zy diesel,15.0,,0,rojo,,38.0,20.0,,
2024-06-01,ch-146406-0620,zy diesel,0.0,,0,rojo,,42.0,5.0,,
2025-03-01,ch006n,ito koyama - resortes,84.0,,0,rojo,,6.72,80.0,,
2025-01-01,ch012n,ito koyama - resortes,87.0,,0,rojo,,6.3,80.0,,
2025-03-01,ch013n,ito koyama - resortes,58.0,,0,rojo,,6.0,96.0,,
2025-02-01,ch014n,ito koyama - resortes,14.0,,0,rojo,,5.6,100.0,,
2022-01-01,ckg-500,aisin - japon,0.0,,0,rojo,,88.65,4.0,,
2023-03-01,ckg-513,aisin - japon,0.0,,0,rojo,,224.14,20.0,,
2022-04-01,ckgm-500,aisin - japon,0.0,,0,rojo,,66.38,10.0,,
2022-07-01,ckgm-501,aisin - japon,0.0,,0,rojo,,69.61,5.0,,
2021-05-01,ckgm-502,aisin - japon,0.0,,0,rojo,,54.86,5.0,,
2021-05-01,ckm-501,aisin - japon,0.0,,0,rojo,,116.21,2.0,,
2024-04-01,ckr-500,aisin - japon,0.0,,0,rojo,,261.34,12.0,,
2025-03-01,ckt-500au,aisin - japon,33.0,,0,rojo,,65.46,44.0,,
2025-03-01,ckt-515aa-mrk,aisin - japon,6.0,,0,rojo,,69.73,15.0,,
2025-03-01,ckt-516aa-mrk,aisin - japon,0.0,,0,rojo,,66.4,15.0,,
2025-03-01,ckt-518aa-mrk,aisin - japon,16.0,,0,rojo,,41.55,40.0,,
2022-02-01,clt-46,ctr,0.0,,0,rojo,,6.1,50.0,,
2022-12-01,cmt-008,aisin - japon,0.0,,0,rojo,,28.22,15.0,,
2024-02-01,cmt-014,aisin - japon,0.0,,0,rojo,,17.85,24.0,,
2022-01-01,cmt-019,aisin - japon,0.0,,0,rojo,,25.57,8.0,,
2022-06-01,cmt-026,aisin - japon,0.0,,0,rojo,,27.88,15.0,,
2022-02-01,cmt-037,aisin - japon,0.0,,0,rojo,,19.99,10.0,,
2024-03-01,cmt-069,aisin - japon,0.0,,0,rojo,,30.59,8.0,,
2025-03-01,cmt-075,aisin - japon,11.0,,0,rojo,,15.91,16.0,,
2025-03-01,cmt-078,aisin - japon,0.0,,0,rojo,,16.52,40.0,,
2025-03-01,cmt-138,aisin - japon,16.0,,0,rojo,,17.0,40.0,,
2021-07-01,cmt-140,aisin - japon,0.0,,0,rojo,,19.24,16.0,,
2025-03-01,cmts-011,aisin - japon,254.0,,0,rojo,,26.06,50.0,,
2023-08-01,cmts-012,aisin - japon,225.0,,0,rojo,,25.27,30.0,,
2024-12-01,cp235/75r17.5,deruibo,4.0,,0,rojo,,72.0,20.0,,
2024-09-01,cpm8.25r16,deruibo,0.0,,0,rojo,,81.0,20.0,,
2021-03-01,crkd-1,ctr,0.0,,0,rojo,,4.8,192.0,,
2021-08-01,crt-002,aisin - japon,0.0,,0,rojo,,9.11,60.0,,
2025-03-01,crt-008,aisin - japon,0.0,,0,rojo,,13.21,40.0,,
2022-04-01,crt-019,aisin - japon,0.0,,0,rojo,,11.84,20.0,,
2025-03-01,cst-011aa,aisin - japon,99.0,,0,rojo,,38.11,400.0,,
2021-03-01,ctx-011,aisin - japon,0.0,,0,rojo,,29.34,60.0,,
2025-04-01,ctx-014z,aisin - japon,2484.0,,0,rojo,,17.85,2500.0,,
2022-05-01,ctx-040,aisin - japon,0.0,,0,rojo,,34.37,40.0,,
2024-05-01,ctx-067,aisin - japon,12.0,,0,rojo,,29.35,12.0,,
2024-11-01,ctx-106,aisin - japon,0.0,,0,rojo,,38.65,20.0,,
2022-11-01,ctx-109,aisin - japon,0.0,,0,rojo,,83.96,10.0,,
2025-02-01,ctx-121,aisin - japon,0.0,,0,rojo,,89.67,30.0,,
2022-07-01,ctx-133,aisin - japon,0.0,,0,rojo,,57.24,20.0,,
2025-03-01,ctx-151,aisin - japon,0.0,,0,rojo,,40.92,100.0,,
2025-02-01,ctx-164,aisin - japon,373.0,,0,rojo,,27.52,402.0,,
2025-03-01,ctx-174a,aisin - japon,393.0,,0,rojo,,26.11,300.0,,
2025-03-01,ctx-175a,aisin - japon,0.0,,0,rojo,,30.89,50.0,,
2024-07-01,cu-1829,mann - brasil,38.0,,0,rojo,,4.948040013313293,50.0,,
2025-03-01,cu-20018,mann - brasil,0.0,,0,rojo,,8.222681378126143,20.0,,
2024-01-01,cu-2131,mann - brasil,0.0,,0,rojo,,2.3064462721347807,30.0,,
2025-03-01,cu-22028,mann - brasil,0.0,,0,rojo,,4.8078994464874265,30.0,,
2025-03-01,cu-2418-2,mann - brasil,0.0,,0,rojo,,6.128412461280822,50.0,,
2025-03-01,cu-2442,mann - brasil,0.0,,0,rojo,,3.7514551734924315,30.0,,
2025-03-01,cu-2544,mann - brasil,0.0,,0,rojo,,2.1883488512039184,30.0,,
2025-03-01,cu-27009,mann - brasil,0.0,,0,rojo,,2.3608295488357545,50.0,,
2021-12-01,cu-2785,mann - brasil,34.0,,0,rojo,,4.953050523996353,60.0,,
2025-03-01,cu-2842,mann - brasil,0.0,,0,rojo,,3.514294214248657,50.0,,
2025-03-01,cu-29003-2,mann - brasil,0.0,,0,rojo,,4.117327809333801,30.0,,
2025-01-01,cu-3125,mann - brasil,30.0,,0,rojo,,6.000333094596863,30.0,,
2025-01-01,cu-33128,mann - brasil,0.0,,0,rojo,,16.653707563877106,10.0,,
2024-09-01,cu-3855,mann - brasil,30.0,,0,rojo,,16.83232777118683,30.0,,
2023-04-01,cu-3858,mann - brasil,0.0,,0,rojo,,2.9307470202445987,30.0,,
2025-01-01,cu-3939,mann - brasil,29.0,,0,rojo,,7.5004163682460785,30.0,,
2024-07-01,cu-4662,mann - brasil,7.0,,0,rojo,,2.6469862031936646,20.0,,
2025-01-01,cu-61225,mann - brasil,0.0,,0,rojo,,10.057780680656434,10.0,,
2025-03-01,cuk-1829,mann - brasil,0.0,,0,rojo,,7.409017324447632,30.0,,
2025-01-01,cuk-2145,mann - brasil,114.0,,0,rojo,,9.593305034637451,120.0,,
2023-11-01,cuk-28013,mann - brasil,29.0,,0,rojo,,13.322966051101684,30.0,,
2024-08-01,cuk-2842,mann - brasil,38.0,,0,rojo,,5.885903806686401,50.0,,
2021-09-01,cuk-2945,mann - brasil,6.0,,0,rojo,,5.793183159828186,20.0,,
2024-08-01,cuk-3569,mann - brasil,94.0,,0,rojo,,8.83963575363159,100.0,,
2023-12-01,d-gorros,sin definicion,0.0,,0,rojo,,34.21186479019593,200.0,,
2022-01-01,d-overoles,sin definicion,0.0,,0,rojo,,162.22500222395362,50.0,,
2024-02-01,d-polos,sin definicion,0.0,,0,rojo,,37.32203565112283,209.0,,
2022-01-01,d00128-700c,ito koyama - amortiguadores,0.0,,0,rojo,,6.5,8.0,,
2025-03-01,d005n,ito koyama - resortes,32.0,,0,rojo,,4.83,96.0,,
2025-02-01,d007n,ito koyama - resortes,2.0,,0,rojo,,3.99,344.0,,
2025-02-01,d008n,ito koyama - resortes,140.0,,0,rojo,,6.5,152.0,,
2021-09-01,d25500500,valvoline,0.0,,0,rojo,,37.24,60.0,,
2021-12-01,d255005500,valvoline,0.0,,0,rojo,,434.52,2.0,,
2022-09-01,dac3870w-7cs66,nachi - koyo - ntn - nsk - japon,0.0,,0,rojo,,10.5,20.0,,
2022-01-01,dac38710039,zsg - taiwan,0.0,,0,rojo,,5.05,50.0,,
2022-01-01,dac38720236/33,zsg - taiwan,4.0,,0,rojo,,4.87,50.0,,
2021-12-01,dac40750039,zsg - taiwan,0.0,,0,rojo,,6.53,20.0,,
2022-01-01,dac42820040,zsg - taiwan,0.0,,0,rojo,,8.5,50.0,,
2023-03-01,dd11r22.5,deruibo,0.0,,0,rojo,,110.8,40.0,,
2023-02-01,dd315/80r22.5,deruibo,0.0,,0,rojo,,118.4,20.0,,
2022-03-01,dg409w-12rshr4sh2c5,nachi - koyo - ntn - nsk - japon,0.0,,0,rojo,,10.6,10.0,,
2022-01-01,dis-3700,sankei - japon,0.0,,0,rojo,,5.493808412924409,60.0,,
2021-10-01,dis-3850,sankei - japon,0.0,,0,rojo,,5.5,600.0,,
2022-02-01,dis-3900,sankei - japon,0.0,,0,rojo,,9.627763258293271,150.0,,
2021-09-01,dm-316,aisin - japon,0.0,,0,rojo,,66.38,21.0,,
2022-04-01,dm12r22.5,deruibo,0.0,,0,rojo,,126.0,20.0,,
2023-07-01,dm7.50r16lt,deruibo,0.0,,0,rojo,,66.0,20.0,,
2023-08-01,dm8.25r16lt,deruibo,0.0,,0,rojo,,85.0,20.0,,
2021-09-01,dm900r20,deruibo,0.0,,0,rojo,,122.0,30.0,,
2021-11-01,dn-005,aisin - japon,0.0,,0,rojo,,14.32,30.0,,
2021-08-01,dn-027,aisin - japon,0.0,,0,rojo,,15.87,50.0,,
2021-08-01,dn-035,aisin - japon,0.0,,0,rojo,,22.79,10.0,,
2022-04-01,dop1117,sankei - japon,0.0,,0,rojo,,1.1513426871970296,50.0,,
2023-02-01,dop1120,sankei - japon,0.0,,0,rojo,,1.1513426871970296,80.0,,
2023-02-01,dop1147,sankei - japon,0.0,,0,rojo,,1.6499556619673967,50.0,,
2024-09-01,dop11r22.5,deruibo,0.0,,0,rojo,,104.0,40.0,,
2023-08-01,dop12.00r20,deruibo,0.0,,0,rojo,,139.0,60.0,,
2022-03-01,dp11r22.5,deruibo,0.0,,0,rojo,,110.0,78.0,,
2022-01-01,dp295/80r22.5,deruibo,0.0,,0,rojo,,118.0,20.0,,
2021-04-01,dplt235/75r15,deestone,0.0,,0,rojo,,53.89,80.0,,
2025-01-01,dpo12.00r20,deruibo,0.0,,0,rojo,,154.0,58.0,,
2021-04-01,dpp11r22.5,deruibo,0.0,,0,rojo,,112.0,30.0,,
2021-12-01,dt-008,aisin - japon,0.0,,0,rojo,,15.06,10.0,,
2024-04-01,dt-052v,aisin - japon,48.0,,0,rojo,,19.25,30.0,,
2021-12-01,dt11r22.5,deestone,0.0,,0,rojo,,132.68,7.0,,
2021-09-01,dt12-16.5,deestone,0.0,,0,rojo,,69.79,44.0,,
2021-09-01,dt12.4-24,deestone,0.0,,0,rojo,,125.0,14.0,,
2021-10-01,dt12.5/80-18,deestone,0.0,,0,rojo,,124.14,68.0,,
2021-10-01,dt14.9-24,deestone,0.0,,0,rojo,,170.01,14.0,,
2021-05-01,dt165r13,deestone,0.0,,0,rojo,,18.56,24.0,,
2021-11-01,dt18.4-30,deestone,0.0,,0,rojo,,347.73,14.0,,
2021-06-01,dt19.5l-24,deestone,0.0,,0,rojo,,251.96,44.0,,
2022-02-01,dt195/50r16,deestone,0.0,,0,rojo,,24.68,48.0,,
2023-09-01,dt195/60r14,deestone,0.0,,0,rojo,,20.93,20.0,,
2021-03-01,dt195/60r15,deestone,0.0,,0,rojo,,23.29,60.0,,
2021-05-01,dt195/70r15c,deestone,0.0,,0,rojo,,32.27,40.0,,
2021-08-01,dt205/50zr16,deestone,0.0,,0,rojo,,26.92,25.0,,
2024-05-01,dt205/65r15,deestone,0.0,,0,rojo,,26.92,40.0,,
2022-05-01,dt205r16c,deestone,0.0,,0,rojo,,45.39,20.0,,
2022-03-01,dt215/60r16,deestone,0.0,,0,rojo,,29.11,50.0,,
2023-11-01,dt215/65r15,deestone,0.0,,0,rojo,,35.34,60.0,,
2023-02-01,dt215/70r15c,deestone,0.0,,0,rojo,,39.3,80.0,,
2024-12-01,dt215/75r17.5,deestone,44.0,,0,rojo,,79.49,40.0,,
2024-12-01,dt225/40zr18,deestone,57.0,,0,rojo,,33.32,100.0,,
2024-06-01,dt225/45zr17,deestone,0.0,,0,rojo,,32.43,101.0,,
2021-06-01,dt225/50zr17,deestone,0.0,,0,rojo,,32.39,52.0,,
2022-12-01,dt225/60r16,deestone,0.0,,0,rojo,,31.29,32.0,,
2023-09-01,dt225/65r17,deestone,0.0,,0,rojo,,34.6,48.0,,
2022-04-01,dt225/70r16,deestone,0.0,,0,rojo,,35.66,40.0,,
2023-12-01,dt235/35zr19,deestone,0.0,,0,rojo,,51.3,12.0,,
2022-05-01,dt235/40zr18xl,deestone,0.0,,0,rojo,,48.99,80.0,,
2024-03-01,dt235/60r18,deestone,0.0,,0,rojo,,43.2,76.0,,
2024-10-01,dt235/65r17,deestone,0.0,,0,rojo,,39.23,40.0,,
2021-06-01,dt255/70r16,deestone,0.0,,0,rojo,,52.47,32.0,,
2024-09-01,dt265/30zr19,deestone,6.0,,0,rojo,,56.05,12.0,,
2023-08-01,dt265/65r17,deestone,0.0,,0,rojo,,47.3,40.0,,
2024-09-01,dt275/65r17,deestone,0.0,,0,rojo,,54.58,20.0,,
2022-06-01,dt31x10.5r15lt,deestone,0.0,,0,rojo,,51.66,20.0,,
2021-02-01,dtd215/75r17.5,deestone,0.0,,0,rojo,,71.45,9.0,,
2025-01-01,dte225/45zr17,deestone,0.0,,0,rojo,,32.37,40.0,,
2021-09-01,dtl12-16.5,deestone,0.0,,0,rojo,,130.41,68.0,,
2021-06-01,dtlt245/75r16,deestone,0.0,,0,rojo,,53.13,80.0,,
2022-07-01,dtm11r22.5,deestone,0.0,,0,rojo,,147.42,25.0,,
2021-06-01,dtmlt265/70r17,deestone,0.0,,0,rojo,,69.77,120.0,,
2022-01-01,dtmlt265/75r16,deestone,0.0,,0,rojo,,68.94,18.0,,
2022-07-01,dtn195/50r15,deestone,0.0,,0,rojo,,22.8,40.0,,
2022-03-01,dtn195/55r15,deestone,0.0,,0,rojo,,22.8,6.0,,
2025-01-01,dtn195/60r15,deestone,0.0,,0,rojo,,24.67,60.0,,
2024-05-01,dtn205/55r16,deestone,0.0,,0,rojo,,26.94,188.0,,
2021-11-01,dtp11r22.5,deestone,0.0,,0,rojo,,162.0,40.0,,
2024-02-01,dtp185/60r15,deestone,0.0,,0,rojo,,22.62,100.0,,
2025-02-01,dtp195/55r15,deestone,28.0,,0,rojo,,24.33,40.0,,
2022-01-01,dtp195/65r15,deestone,0.0,,0,rojo,,24.69,150.0,,
2025-03-01,dtp205/60r16,deestone,143.0,,0,rojo,,30.24,60.0,,
2025-03-01,dtp215/70r16,deestone,6.0,,0,rojo,,35.38,40.0,,
2021-02-01,dtp225/70r15c,deestone,0.0,,0,rojo,,38.26,8.0,,
2021-06-01,dtt235/65r17,deestone,0.0,,0,rojo,,37.11,60.0,,
2023-09-01,dtt245/45zr17,deestone,0.0,,0,rojo,,32.25,50.0,,
2022-04-01,dttlt265/75r16,deestone,0.0,,0,rojo,,63.41,77.0,,
2021-12-01,dttv185/60r15,deestone,0.0,,0,rojo,,20.74,5.0,,
2021-09-01,dtv175/65r14,deestone,0.0,,0,rojo,,19.76,60.0,,
2021-11-01,dtv175/70r13,deestone,0.0,,0,rojo,,18.53,72.0,,
2021-03-01,dtv185/65r15,deestone,0.0,,0,rojo,,21.79,80.0,,
2021-06-01,dtv215/50zr17,deestone,0.0,,0,rojo,,30.92,60.0,,
2022-05-01,dtv225/45zr17,deestone,0.0,,0,rojo,,22.56,10.0,,
2025-03-01,dtx-137,aisin - japon,54.0,,0,rojo,,42.13,100.0,,
2025-03-01,dtx-168,aisin - japon,0.0,,0,rojo,,37.53,57.0,,
2025-03-01,dtx-174,aisin - japon,0.0,,0,rojo,,61.06,20.0,,
2025-03-01,dtx-237a,aisin - japon,0.0,,0,rojo,,28.72,60.0,,
2025-03-01,dtx-238a,aisin - japon,24.0,,0,rojo,,34.96,60.0,,
2025-02-01,dtxlt235/75r15,deestone,18.0,,0,rojo,,53.96,40.0,,
2025-03-01,dtxlt265/60r18,deestone,18.0,,0,rojo,,67.21,150.0,,
2023-04-01,dw024,daewha - korea,32.0,,0,rojo,,8.2,100.0,,
2021-04-01,dw141,daewha - korea,0.0,,0,rojo,,7.9,120.0,,
2021-05-01,dw164,daewha - korea,0.0,,0,rojo,,8.2,50.0,,
2022-12-01,dw165,daewha - korea,0.0,,0,rojo,,7.35,100.0,,
2025-04-01,e-lapiceros,sin definicion,0.0,,0,rojo,,2.524159797792985,2000.0,,
2024-10-01,e4302-5ee0b,ito koyama - amortiguadores,0.0,,0,rojo,,11.59,60.0,,
2024-11-01,e4302-9am1a,ito koyama - amortiguadores,0.0,,0,rojo,,12.46,60.0,,
2024-10-01,e4303-5ee0b,ito koyama - amortiguadores,0.0,,0,rojo,,11.59,60.0,,
2024-11-01,e4303-9an1a,ito koyama - amortiguadores,0.0,,0,rojo,,12.46,60.0,,
2024-10-01,e6210-5ee0b,ito koyama - amortiguadores,4.0,,0,rojo,,7.97,120.0,,
2025-01-01,e6210-9an0a,ito koyama - amortiguadores,1.0,,0,rojo,,6.67,120.0,,
2024-09-01,ef-15030,sakura filter,0.0,,0,rojo,,,,,
2022-03-01,ef-55040,sakura filter,0.0,,0,rojo,,3.7,50.0,,
2024-03-01,eh-55050,sakura filter,130.0,,0,rojo,,20.0,32.0,,
2025-04-01,eh-55070,sakura filter,46.0,,0,rojo,,4.5,50.0,,
2025-03-01,ek007,ito koyama - direccion,216.0,,0,rojo,,1.671212,296.0,,
2022-12-01,eni002,ito koyama - direccion,0.0,,0,rojo,,2.02,210.0,,
2025-03-01,enr17037,enertech - iluminacion,1070.0,,0,rojo,,0.022,2000.0,,
2025-03-01,enr17039,enertech - iluminacion,280.0,,0,rojo,,0.13,500.0,,
2025-03-01,enr17040,enertech - iluminacion,410.0,,0,rojo,,0.024,500.0,,
2024-11-01,enr17063,enertech - iluminacion,490.0,,0,rojo,,0.052,500.0,,
2025-03-01,enr17097,enertech - iluminacion,4820.0,,0,rojo,,0.02,2000.0,,
2025-02-01,enr17109,enertech - iluminacion,5750.0,,0,rojo,,0.022,6000.0,,
2025-02-01,enr17125,enertech - iluminacion,1760.0,,0,rojo,,0.052,2000.0,,
2025-03-01,enr17131,enertech - iluminacion,1780.0,,0,rojo,,0.052,2000.0,,
2025-03-01,enr17136,enertech - iluminacion,1880.0,,0,rojo,,0.054,2000.0,,
2025-03-01,enr17141,enertech - iluminacion,7740.0,,0,rojo,,0.054,8000.0,,
2025-03-01,enr17171,enertech - iluminacion,13830.0,,0,rojo,,0.048,15000.0,,
2025-04-01,enr17177,enertech - iluminacion,45590.0,,0,rojo,,0.02,50000.0,,
2025-03-01,enr17181,enertech - iluminacion,28100.0,,0,rojo,,0.05,30000.0,,
2025-03-01,enr17197,enertech - iluminacion,15730.0,,0,rojo,,0.022,16000.0,,
2025-03-01,enr17326,enertech - iluminacion,660.0,,0,rojo,,0.05,1000.0,,
2025-03-01,enr17631,enertech - iluminacion,2710.0,,0,rojo,,0.042,3000.0,,
2025-03-01,enr17632,enertech - iluminacion,830.0,,0,rojo,,0.12,1000.0,,
2025-04-01,enr17635,enertech - iluminacion,17740.0,,0,rojo,,0.049,20000.0,,
2025-04-01,enr17638,enertech - iluminacion,6260.0,,0,rojo,,0.062,10000.0,,
2025-03-01,enr17643,enertech - iluminacion,14110.0,,0,rojo,,0.051,15000.0,,
2025-03-01,enr17649,enertech - iluminacion,840.0,,0,rojo,,0.062,1000.0,,
2025-04-01,enr17916,enertech - iluminacion,30290.0,,0,rojo,,0.052,35000.0,,
2025-03-01,enr17919,enertech - iluminacion,0.0,,0,rojo,,0.125,4000.0,,
2025-03-01,enr17925,enertech - iluminacion,18830.0,,0,rojo,,0.054,20000.0,,
2025-03-01,enr17945,enertech - iluminacion,170.0,,0,rojo,,0.19,500.0,,
2025-03-01,enr17948,enertech - iluminacion,0.0,,0,rojo,,0.195,500.0,,
2025-04-01,enr48005,enertech - iluminacion,953.0,,0,rojo,,0.48,1800.0,,
2025-03-01,enr48006,enertech - iluminacion,1310.0,,0,rojo,,0.48,1800.0,,
2024-11-01,enr48060,enertech - iluminacion,390.0,,0,rojo,,0.48,400.0,,
2025-04-01,enr48072,enertech - iluminacion,2198.0,,0,rojo,,0.46,4000.0,,
2025-03-01,enr48072y,enertech - iluminacion,3209.0,,0,rojo,,0.64,3000.0,,
2025-03-01,enr48222,enertech - iluminacion,5850.0,,0,rojo,,0.48,6000.0,,
2025-03-01,enr48320,enertech - iluminacion,3630.0,,0,rojo,,0.19,4000.0,,
2025-03-01,enr48321,enertech - iluminacion,2570.0,,0,rojo,,0.19,3000.0,,
2025-04-01,enr48328,enertech - iluminacion,12060.0,,0,rojo,,0.33,15000.0,,
2025-03-01,enr48700,enertech - iluminacion,9540.0,,0,rojo,,0.21,10000.0,,
2025-03-01,enr48702,enertech - iluminacion,3782.0,,0,rojo,,0.21,4000.0,,
2025-03-01,enr48728,enertech - iluminacion,6506.0,,0,rojo,,0.35,8000.0,,
2025-03-01,enr48772,enertech - iluminacion,216.0,,0,rojo,,0.48,400.0,,
2025-03-01,enr48772y,enertech - iluminacion,266.0,,0,rojo,,0.66,400.0,,
2025-04-01,enr48881,enertech - iluminacion,16873.0,,0,rojo,,0.45,20000.0,,
2025-03-01,enr48892,enertech - iluminacion,7016.0,,0,rojo,,0.47,8000.0,,
2025-04-01,enr48901,enertech - iluminacion,1210.0,,0,rojo,,0.46,3000.0,,
2025-03-01,enr48991,enertech - iluminacion,630.0,,0,rojo,,0.48,1000.0,,
2025-02-01,enr49531,enertech - iluminacion,5920.0,,0,rojo,,0.35,6000.0,,
2025-04-01,enrled9005,enertech - iluminacion,359.0,,0,rojo,,11.5,400.0,,
2025-04-01,enrled9006,enertech - iluminacion,264.0,,0,rojo,,11.5,200.0,,
2025-03-01,enrled9012,enertech - iluminacion,228.0,,0,rojo,,11.5,300.0,,
2025-04-01,enrledh1,enertech - iluminacion,372.0,,0,rojo,,11.5,300.0,,
2025-04-01,enrledh11,enertech - iluminacion,586.0,,0,rojo,,11.5,500.0,,
2025-04-01,enrledh11y,enertech - iluminacion,594.0,,0,rojo,,11.5,800.0,,
2025-04-01,enrledh3,enertech - iluminacion,415.0,,0,rojo,,11.5,200.0,,
2025-03-01,enrledh4,enertech - iluminacion,1052.0,,0,rojo,,11.5,1000.0,,
2025-03-01,enrledh7,enertech - iluminacion,548.0,,0,rojo,,11.5,600.0,,
2024-11-01,eo-11050xpl,sakura filter,0.0,,0,rojo,,1.4,100.0,,
2025-02-01,eo-13040,sakura filter,307.0,,0,rojo,,9.12,112.0,,
2025-02-01,eo-13050,sakura filter,288.0,,0,rojo,,4.32,160.0,,
2025-02-01,eo-2803,sakura filter,8.0,,0,rojo,,1.68,50.0,,
2025-02-01,eo-28180,sakura filter,259.0,,0,rojo,,1.4,250.0,,
2025-02-01,eo-3010,sakura filter,282.0,,0,rojo,,1.52,300.0,,
2025-02-01,eo-30260,sakura filter,0.0,,0,rojo,,2.0,100.0,,
2025-02-01,eo-31150,sakura filter,125.0,,0,rojo,,1.44,100.0,,
2025-01-01,eo-38030,sakura filter,0.0,,0,rojo,,2.0,100.0,,
2025-02-01,eo-66030,sakura filter,38.0,,0,rojo,,1.35,50.0,,
2025-03-01,eo-8301,sakura filter,109.0,,0,rojo,,4.74,25.0,,
2024-09-01,es-38020,sakura filter,186.0,,0,rojo,,12.0,200.0,,
2025-03-01,es-66090,sakura filter,71.0,,0,rojo,,4.3,50.0,,
2023-12-01,esu002,ito koyama - direccion,0.0,,0,rojo,,1.88,480.0,,
2025-01-01,ete-24010kit,sakura filter,67.0,,0,rojo,,5.93,25.0,,
2022-06-01,ety006,ito koyama - direccion,0.0,,0,rojo,,1.82,90.0,,
2025-04-01,ety014,ito koyama - direccion,0.0,,0,rojo,,1.531937,300.0,,
2025-03-01,ety015,ito koyama - direccion,0.0,,0,rojo,,1.542065,296.0,,
2025-03-01,ety016,ito koyama - direccion,0.0,,0,rojo,,1.531953,200.0,,
2025-03-01,ety020,ito koyama - direccion,228.0,,0,rojo,,1.671195,300.0,,
2025-03-01,ety021,ito koyama - direccion,224.0,,0,rojo,,1.671212,296.0,,
2025-02-01,f-13080,sakura filter,125.0,,0,rojo,,2.0,150.0,,
2025-04-01,f-1503,sakura filter,457.0,,0,rojo,,2.0,200.0,,
2024-12-01,f-1802,sakura filter,22.0,,0,rojo,,,,,
2025-03-01,f-25020,sakura filter,98.0,,0,rojo,,2.0,100.0,,
2025-03-01,f-89030,sakura filter,57.0,,0,rojo,,1.95,125.0,,
2024-10-01,f001n,ito koyama - resortes,0.0,,0,rojo,,5.24,120.0,,
2024-08-01,fc-1018,sakura filter,174.0,,0,rojo,,2.35,300.0,,
2024-08-01,fc-1023,sakura filter,123.0,,0,rojo,,1.7,216.0,,
2025-02-01,fc-1305,sakura filter,0.0,,0,rojo,,4.23,50.0,,
2024-12-01,fc-2303,sakura filter,48.0,,0,rojo,,3.38,48.0,,
2024-10-01,fc-27060,sakura filter,0.0,,0,rojo,,11.5,60.0,,
2025-03-01,fc-28030,sakura filter,44.0,,0,rojo,,4.16,36.0,,
2025-03-01,fc-28070,sakura filter,66.0,,0,rojo,,6.96,132.0,,
2025-01-01,fc-28190,sakura filter,0.0,,0,rojo,,3.0,125.0,,
2024-12-01,fc-45030,sakura filter,234.0,,0,rojo,,3.4,252.0,,
2025-02-01,fc-5404,sakura filter,19.0,,0,rojo,,3.26,24.0,,
2023-04-01,fc-56230,sakura filter,54.0,,0,rojo,,11.5,36.0,,
2025-02-01,fc-62111,sakura filter,99.0,,0,rojo,,2.6,125.0,,
2024-01-01,fc-6503,sakura filter,41.0,,0,rojo,,2.3,100.0,,
2024-06-01,fc133300,wagner locked - usa,0.0,,0,rojo,,2.44,2448.0,,
2022-01-01,fd-005,ito koyama - palieres,0.0,,0,rojo,,6.4,20.0,,
2025-02-01,fj517013u,exedy - japon,0.0,,0,rojo,,80.58,9.0,,
2021-10-01,fldi00004,fras-le,0.0,,0,rojo,,17.18,300.0,,
2021-05-01,fldi00019,fras-le,0.0,,0,rojo,,17.74,20.0,,
2022-11-01,fldi00021,fras-le,0.0,,0,rojo,,13.96,80.0,,
2021-11-01,fldi00022,fras-le,0.0,,0,rojo,,15.16,30.0,,
2021-11-01,fldi00028,fras-le,0.0,,0,rojo,,12.95,20.0,,
2022-11-01,fldi00044,fras-le,0.0,,0,rojo,,14.31,1.0,,
2022-04-01,fldi00048,fras-le,0.0,,0,rojo,,12.9,50.0,,
2021-10-01,fldi00067,fras-le,0.0,,0,rojo,,12.0,10.0,,
2022-11-01,fldi00077,fras-le,0.0,,0,rojo,,9.64,26.0,,
2022-04-01,fldi00078,fras-le,0.0,,0,rojo,,10.99,10.0,,
2022-11-01,fldi00083,fras-le,0.0,,0,rojo,,11.56,10.0,,
2022-11-01,fldi00089,fras-le,2.0,,0,rojo,,9.19,10.0,,
2021-02-01,fldi00102,fras-le,0.0,,0,rojo,,12.13,30.0,,
2022-11-01,fldi00106,fras-le,0.0,,0,rojo,,11.01,30.0,,
2021-09-01,fldi00410,fras-le,0.0,,0,rojo,,8.95,20.0,,
2022-11-01,fldi00457,fras-le,0.0,,0,rojo,,11.59,20.0,,
2022-11-01,fldi00495,fras-le,0.0,,0,rojo,,11.18,24.0,,
2021-12-01,fldi00503,fras-le,0.0,,0,rojo,,15.13,30.0,,
2022-03-01,fldi00601,fras-le,0.0,,0,rojo,,10.43,20.0,,
2021-12-01,fldi00647,fras-le,0.0,,0,rojo,,13.66,10.0,,
2022-11-01,fldi00658,fras-le,0.0,,0,rojo,,14.71,34.0,,
2022-03-01,fldi00660,fras-le,0.0,,0,rojo,,11.79,20.0,,
2022-04-01,fldi00731,fras-le,0.0,,0,rojo,,14.62,30.0,,
2021-12-01,fldi00736,fras-le,0.0,,0,rojo,,12.63,6.0,,
2025-03-01,fp-26009,mann - brasil,0.0,,0,rojo,,8.08503270149231,10.0,,
2024-09-01,fp-26010,mann - brasil,0.0,,0,rojo,,9.351293206214905,10.0,,
2021-08-01,fp10223x10,sealed power - usa,0.0,,0,rojo,,5.07,600.0,,
2021-06-01,fp2881719,fp diesel - usa,0.0,,0,rojo,,80.85,60.0,,
2021-06-01,fp2881873,fp diesel - usa,0.0,,0,rojo,,299.999167,12.0,,
2021-06-01,fp3802232,fp diesel - usa,8.0,,0,rojo,,11.5,82.0,,
2021-06-01,fp3901173,fp diesel - usa,24.0,,0,rojo,,1.74,108.0,,
2022-05-01,fp3909411,fp diesel - usa,0.0,,0,rojo,,16.36,20.0,,
2023-07-01,fp3917780,fp diesel - usa,6.0,,0,rojo,,8.45,10.0,,
2021-06-01,fp3928870,fp diesel - usa,0.0,,0,rojo,,4.68,60.0,,
2021-06-01,fp3934864,fp diesel - usa,0.0,,0,rojo,,0.57,120.0,,
2021-06-01,fp4089845,fp diesel - usa,25.0,,0,rojo,,112.728,30.0,,
2021-04-01,fp4985562,fp diesel - usa,13.0,,0,rojo,,42.091,30.0,,
2024-09-01,fs-1004,sakura filter,237.0,,0,rojo,,1.5,200.0,,
2025-03-01,fs-1116,sakura filter,119.0,,0,rojo,,4.42,100.0,,
2025-03-01,fs-1144,sakura filter,97.0,,0,rojo,,2.81,100.0,,
2025-03-01,fs-19320,sakura filter,373.0,,0,rojo,,23.0,120.0,,
2021-09-01,fs-21990,sakura filter,0.0,,0,rojo,,4.77,100.0,,
2023-11-01,fs-22020,sakura filter,130.0,,0,rojo,,4.6,72.0,,
2025-02-01,fs-2814,sakura filter,191.0,,0,rojo,,3.3,300.0,,
2024-11-01,fs-28310,sakura filter,579.0,,0,rojo,,6.72,100.0,,
2024-12-01,fs-31200,sakura filter,103.0,,0,rojo,,10.56,12.0,,
2025-03-01,fs-31210,sakura filter,250.0,,0,rojo,,7.85,12.0,,
2022-05-01,fxe20he11,denso - bujias - japon,0.0,,0,rojo,,9.56,96.0,,
2023-02-01,g-valvoline,sin definicion,0.0,,0,rojo,,37.482913806785334,309.0,,
2024-04-01,g1328537,osvat,150.0,,0,rojo,,6.272377967834473,240.0,,
2024-04-01,g1333230,osvat,142.0,,0,rojo,,4.116248041391373,240.0,,
2024-04-01,g1403823,osvat,240.0,,0,rojo,,2.508951187133789,240.0,,
2021-07-01,g466386,osvat,0.0,,0,rojo,,1.2806105017662048,360.0,,
2023-12-01,g71831-std-semi,mahle - brasil,0.0,,0,rojo,,6.626583,120.0,,
2025-03-01,ghm-1-1001,ghm - filtros,255.0,,0,rojo,,3.2,120.0,,
2025-03-01,ghm-1-1004s,ghm - filtros,194.0,,0,rojo,,39.54,120.0,,
2025-03-01,ghm-1-1007s,ghm - filtros,0.0,,0,rojo,,11.3,100.0,,
2025-03-01,ghm-1-1010s,ghm - filtros,229.0,,0,rojo,,7.9,200.0,,
2025-03-01,ghm-1-1012s,ghm - filtros,188.0,,0,rojo,,10.04,120.0,,
2025-03-01,ghm-1-1015s,ghm - filtros,262.0,,0,rojo,,9.68,200.0,,
2025-03-01,ghm-1-1018s,ghm - filtros,500.0,,0,rojo,,17.43,400.0,,
2025-04-01,ghm-1-1020s,ghm - filtros,173.0,,0,rojo,,22.16,120.0,,
2025-03-01,ghm-1-1021,ghm - filtros,1362.0,,0,rojo,,7.47,1000.0,,
2025-03-01,ghm-2-2001,ghm - filtros,382.0,,0,rojo,,3.0,600.0,,
2025-01-01,ghm-2-2002,ghm - filtros,405.0,,0,rojo,,1.0,500.0,,
2025-03-01,ghm-2-2003,ghm - filtros,462.0,,0,rojo,,1.9,510.0,,
2025-03-01,ghm-2-2004,ghm - filtros,498.0,,0,rojo,,1.65,510.0,,
2025-03-01,ghm-2-2005,ghm - filtros,476.0,,0,rojo,,3.0,504.0,,
2025-02-01,ghm-2-2006,ghm - filtros,474.0,,0,rojo,,2.1,510.0,,
2025-03-01,ghm-2-2007,ghm - filtros,465.0,,0,rojo,,3.0,504.0,,
2025-03-01,ghm-2e-2008,ghm - filtros,406.0,,0,rojo,,2.05,500.0,,
2025-03-01,ghm-2e-2009,ghm - filtros,452.0,,0,rojo,,2.2,500.0,,
2025-03-01,ghm-2e-2010,ghm - filtros,390.0,,0,rojo,,0.95,500.0,,
2025-03-01,ghm-2e-2011,ghm - filtros,243.0,,0,rojo,,1.45,500.0,,
2025-03-01,ghm-2e-2012,ghm - filtros,431.0,,0,rojo,,1.2,500.0,,
2025-04-01,ghm-2e-2013,ghm - filtros,449.0,,0,rojo,,3.15,504.0,,
2025-04-01,ghm-3-3001,ghm - filtros,700.0,,0,rojo,,4.85,1008.0,,
2025-03-01,ghm-3-3002,ghm - filtros,413.0,,0,rojo,,4.55,600.0,,
2025-03-01,ghm-3-3003,ghm - filtros,304.0,,0,rojo,,0.88,500.0,,
2025-01-01,ghm-3-3004,ghm - filtros,502.0,,0,rojo,,4.85,512.0,,
2025-01-01,ghm-3-3005,ghm - filtros,464.0,,0,rojo,,4.7,510.0,,
2025-03-01,ghm-3-3006,ghm - filtros,462.0,,0,rojo,,1.88,510.0,,
2025-03-01,ghm-3e-3007,ghm - filtros,352.0,,0,rojo,,2.6,500.0,,
2025-03-01,ghm-3e-3008,ghm - filtros,459.0,,0,rojo,,2.6,500.0,,
2025-03-01,ghm-3e-3009,ghm - filtros,194.0,,0,rojo,,1.35,500.0,,
2025-03-01,ghm-3e-3010,ghm - filtros,457.0,,0,rojo,,1.35,500.0,,
2024-11-01,ghm065146,ghm - frenos de aire,94.0,,0,rojo,,12.000804,100.0,,
2024-11-01,ghm065225,ghm - frenos de aire,0.0,,0,rojo,,47.64,20.0,,
2024-08-01,ghm10028a,ghm - frenos de aire,2349.0,,0,rojo,,0.070005,2000.0,,
2024-11-01,ghm1624dd,ghm - frenos de aire,0.0,,0,rojo,,12.14,20.0,,
2024-09-01,ghm229859,ghm - frenos de aire,0.0,,0,rojo,,1.5001,300.0,,
2024-09-01,ghm24,ghm - frenos de aire,286.0,,0,rojo,,0.690046,400.0,,
2024-10-01,ghm2424dd,ghm - frenos de aire,102.0,,0,rojo,,12.140813,150.0,,
2024-09-01,ghm2424dp,ghm - frenos de aire,48.0,,0,rojo,,13.000871,100.0,,
2024-12-01,ghm2430dd,ghm - frenos de aire,10.0,,0,rojo,,12.860861,30.0,,
2024-10-01,ghm24516,ghm - frenos de aire,0.0,,0,rojo,,0.29,300.0,,
2024-11-01,ghm267027,ghm - frenos de aire,100.0,,0,rojo,,5.500368,100.0,,
2024-11-01,ghm277026,ghm - frenos de aire,100.0,,0,rojo,,5.500368,100.0,,
2025-03-01,ghm283411,ghm - frenos de aire,36.0,,0,rojo,,4.0,150.0,,
2025-02-01,ghm286965,ghm - frenos de aire,92.0,,0,rojo,,4.000268,200.0,,
2024-12-01,ghm288539,ghm - frenos de aire,58.0,,0,rojo,,5.0,100.0,,
2024-12-01,ghm288540,ghm - frenos de aire,61.0,,0,rojo,,5.0,100.0,,
2024-09-01,ghm30,ghm - frenos de aire,408.0,,0,rojo,,0.710048,800.0,,
2024-10-01,ghm3030dd,ghm - frenos de aire,255.0,,0,rojo,,12.300824,1000.0,,
2024-11-01,ghm3030dd do,ghm - frenos de aire,0.0,,0,rojo,,12.3,380.0,,
2024-11-01,ghm3030dp,ghm - frenos de aire,56.0,,0,rojo,,18.501239,100.0,,
2024-11-01,ghm3944252,ghm - frenos de aire,69.0,,0,rojo,,3.500234,100.0,,
2024-09-01,ghm3944912,ghm - frenos de aire,60.0,,0,rojo,,6.000402,500.0,,
2025-03-01,ghm452710,ghm - frenos de aire,395.0,,0,rojo,,2.290153,400.0,,
2024-09-01,ghm452710-4a,ghm - frenos de aire,740.0,,0,rojo,,1.300087,800.0,,
2024-09-01,ghm5004342x,ghm - frenos de aire,4.0,,0,rojo,,8.21055,60.0,,
2024-12-01,ghm8123281,ghm - frenos de aire,0.0,,0,rojo,,1.5,100.0,,
2025-03-01,ghmt20,ghm - frenos de aire,37.0,,0,rojo,,5.14,100.0,,
2024-12-01,ghmt36,ghm - frenos de aire,28.0,,0,rojo,,13.5,52.0,,
2025-03-01,gm606111u,exedy - japon,27.0,,0,rojo,,33.43,102.0,,
2025-03-01,gmk1040ex,exedy - japon,20.0,,0,rojo,,41.36,40.0,,
2025-02-01,gmk1046ex,exedy - japon,2.0,,0,rojo,,37.06,40.0,,
2022-01-01,gum-87,zsg - taiwan,0.0,,0,rojo,,2.76,50.0,,
2025-03-01,gut-21,zsg - taiwan,0.0,,0,rojo,,4.17,800.0,,
2022-04-01,gut-23,zsg - taiwan,0.0,,0,rojo,,3.99,501.0,,
2023-11-01,gwhy-11a,gmb - bombas de agua,6.0,,0,rojo,,14.8,50.0,,
2021-11-01,gwhy-19a,gmb - bombas de agua,0.0,,0,rojo,,11.31,60.0,,
2022-11-01,gwhy-23a,gmb - bombas de agua,0.0,,0,rojo,,13.44,90.0,,
2022-11-01,gwhy-35a,gmb - bombas de agua,0.0,,0,rojo,,14.39,50.0,,
2024-11-01,gwm-39a,gmb - bombas de agua,2.0,,0,rojo,,23.35,60.0,,
2021-03-01,gwm-52a,gmb - bombas de agua,0.0,,0,rojo,,23.35,90.0,,
2025-02-01,h-11002,mann - brasil,39.0,,0,rojo,,18.965263187885284,64.0,,
2025-01-01,h-11006z,mann - brasil,25.0,,0,rojo,,14.411911154985429,32.0,,
2024-06-01,h-1164,mann - brasil,0.0,,0,rojo,,3.6,24.0,,
2025-01-01,h-1275x,mann - brasil,1.0,,0,rojo,,8.93434464097023,32.0,,
2024-11-01,h-14106,mann - brasil,0.0,,0,rojo,,7.57,12.0,,
2025-01-01,h-15111/2,mann - brasil,64.0,,0,rojo,,18.870974024534227,72.0,,
2023-05-01,h-28042,sakura filter,74.0,,0,rojo,,35.0,64.0,,
2025-02-01,h-38020,sakura filter,37.0,,0,rojo,,22.5,60.0,,
2025-04-01,h-38040,sakura filter,85.0,,0,rojo,,9.67,100.0,,
2024-11-01,h-5506,sakura filter,46.0,,0,rojo,,6.49,30.0,,
2025-02-01,h-56292,sakura filter,35.0,,0,rojo,,18.0,18.0,,
2024-12-01,h-56650,sakura filter,0.0,,0,rojo,,9.5,45.0,,
2024-05-01,h-59230,sakura filter,100.0,,0,rojo,,4.45,156.0,,
2023-11-01,h-6003z,mann - brasil,82.0,,0,rojo,,8.871975884437562,75.0,,
2024-10-01,h-615,mann - brasil,38.0,,0,rojo,,10.398461627960204,60.0,,
2021-10-01,h-623,mann - brasil,0.0,,0,rojo,,7.863798302412033,120.0,,
2023-08-01,h-710/1n,mann - brasil,0.0,,0,rojo,,12.14892701625824,30.0,,
2024-11-01,h-71170,sakura filter,86.0,,0,rojo,,20.0,90.0,,
2025-01-01,h-7922,sakura filter,39.0,,0,rojo,,22.0,9.0,,
2024-09-01,h-7969,sakura filter,0.0,,0,rojo,,7.0,24.0,,
2024-06-01,h-824/2x,mann - brasil,0.0,,0,rojo,,8.133410876989364,120.0,,
2024-11-01,h-8522,sakura filter,42.0,,0,rojo,,11.0,50.0,,
2025-03-01,h-8537-s,sakura filter,58.0,,0,rojo,,5.52,60.0,,
2023-09-01,h-85670,sakura filter,91.0,,0,rojo,,10.0,96.0,,
2024-11-01,h-85700,sakura filter,94.0,,0,rojo,,20.0,96.0,,
2024-11-01,h-85720,sakura filter,89.0,,0,rojo,,15.0,75.0,,
2025-04-01,h-85730,sakura filter,78.0,,0,rojo,,1.6,48.0,,
2024-04-01,h-929/3,mann - brasil,0.0,,0,rojo,,4.538398356437683,100.0,,
2024-08-01,h-930,mann - brasil,117.0,,0,rojo,,16.09062632918358,120.0,,
2024-09-01,h1053/7 025,glyco - alemania,0.0,,0,rojo,,39.355662375497815,60.0,,
2024-09-01,h1053/7 std,glyco - alemania,0.0,,0,rojo,,37.6507618281126,41.0,,
2021-10-01,h4990332,kamura,0.0,,0,rojo,,2.59,50.0,,
2021-10-01,h4990637,kamura,0.0,,0,rojo,,3.8,40.0,,
2021-10-01,h4990817,kamura,0.0,,0,rojo,,3.69,40.0,,
2021-10-01,h4990885,kamura,0.0,,0,rojo,,3.39,60.0,,
2021-10-01,h4991000,kamura,0.0,,0,rojo,,4.004,150.0,,
2021-10-01,h4991195,kamura,0.0,,0,rojo,,5.5,40.0,,
2021-10-01,h4991222,kamura,0.0,,0,rojo,,6.3,60.0,,
2021-10-01,h4991297,kamura,0.0,,0,rojo,,4.57,100.0,,
2021-10-01,h4995003,kamura,0.0,,0,rojo,,5.13,40.0,,
2021-10-01,h4995014a/l,kamura,0.0,,0,rojo,,3.49,40.0,,
2021-10-01,h4995014a/s,kamura,0.0,,0,rojo,,3.24,40.0,,
2021-10-01,h4995036,kamura,0.0,,0,rojo,,3.46,50.0,,
2021-10-01,h4995048,kamura,0.0,,0,rojo,,3.29,70.0,,
2021-10-01,h4995061,kamura,0.0,,0,rojo,,5.63,60.0,,
2021-10-01,h4995074,kamura,0.0,,0,rojo,,3.17,50.0,,
2021-07-01,h71111 050-semi,mahle - brasil,0.0,,0,rojo,,15.1935,60.0,,
2021-12-01,h841/7 050,glyco - alemania,0.0,,0,rojo,,39.40877405354977,18.0,,
2024-11-01,hc-5512,sakura filter,56.0,,0,rojo,,23.5,6.0,,
2025-02-01,hc-55280,sakura filter,125.0,,0,rojo,,19.0,150.0,,
2025-02-01,hc-55290,sakura filter,134.0,,0,rojo,,11.5,150.0,,
2024-11-01,hc-5817,sakura filter,161.0,,0,rojo,,4.57,24.0,,
2024-06-01,hc-76130,sakura filter,108.0,,0,rojo,,19.0,12.0,,
2025-02-01,hc-7925,sakura filter,112.0,,0,rojo,,7.54,120.0,,
2025-01-01,hc-7965,sakura filter,68.0,,0,rojo,,3.5,72.0,,
2025-03-01,hcc507,exedy - japon,7.0,,0,rojo,,19.41,20.0,,
2025-03-01,hcd801u,exedy - japon,7.0,,0,rojo,,19.2,20.0,,
2022-06-01,hd-517/1x,mann - brasil,0.0,,0,rojo,,43.91081433296203,30.0,,
2021-03-01,hd-820,mann - brasil,0.0,,0,rojo,,29.572508175373077,60.0,,
2021-11-01,hd-820x,mann - brasil,0.0,,0,rojo,,28.812821459770205,20.0,,
2024-10-01,hd1000mb,prestone - mexico,0.0,,0,rojo,,14.72,50.0,,
2023-05-01,hd11r22.5,deruibo,0.0,,0,rojo,,110.0,40.0,,
2024-06-01,hd315/80r22.5,deruibo,0.0,,0,rojo,,104.0,30.0,,
2024-09-01,hdd11r22.5,deruibo,0.0,,0,rojo,,94.0,40.0,,
2024-12-01,hdd315/80r22.5,deruibo,0.0,,0,rojo,,104.0,60.0,,
2023-05-01,hl0900500,sin definicion,0.0,,0,rojo,,44.09,10.0,,
2025-02-01,hm315/80r22.5,deruibo,0.0,,0,rojo,,104.0,30.0,,
2022-05-01,hmtlt235/85r16,deruibo,0.0,,0,rojo,,1200.8364065122864,8.0,,
2024-09-01,hn540047u,exedy - japon,0.0,,0,rojo,,,,,
2024-09-01,hn541058u,exedy - japon,0.0,,0,rojo,,,,,
2024-12-01,hnc540,exedy - japon,0.0,,0,rojo,,198.06,20.0,,
2025-02-01,hnc541,exedy - japon,9.0,,0,rojo,,257.24,20.0,,
2025-03-01,hnc548,exedy - japon,6.0,,0,rojo,,91.3,50.0,,
2024-10-01,hnd047u,exedy - japon,0.0,,0,rojo,,101.57,20.0,,
2025-01-01,hnd058u,exedy - japon,0.0,,0,rojo,,110.37,20.0,,
2025-03-01,hnd092u,exedy - japon,23.0,,0,rojo,,117.81,40.0,,
2025-02-01,ho-016,ito koyama - palieres,48.0,,0,rojo,,6.8,50.0,,
2022-01-01,hp0900500,sin definicion,0.0,,0,rojo,,40.72,10.0,,
2025-01-01,hp295/80r22.5,deruibo,0.0,,0,rojo,,116.0,20.0,,
2025-01-01,hu-10002/z,mann - brasil,9.0,,0,rojo,,4.833252668380737,30.0,,
2025-03-01,hu-1072x,mann - brasil,2.0,,0,rojo,,10.187141203880309,32.0,,
2021-12-01,hu-1077/1x,sin definicion,0.0,,0,rojo,,5.71,360.0,,
2023-11-01,hu-12001/z,mann - brasil,16.0,,0,rojo,,20.110533928871156,24.0,,
2021-10-01,hu-13125x,sin definicion,0.0,,0,rojo,,6.322432614564895,8.0,,
2024-09-01,hu-1381/x,mann - brasil,37.0,,0,rojo,,5.2739280462265015,48.0,,
2025-03-01,hu-514x,mann - brasil,0.0,,0,rojo,,2.4455647087097168,100.0,,
2024-11-01,hu-6011z,mann - brasil,41.0,,0,rojo,,4.015158982276917,60.0,,
2024-11-01,hu-711/51x,mann - brasil,0.0,,0,rojo,,1.822323384284973,30.0,,
2024-10-01,hu-718/1z,mann - brasil,0.0,,0,rojo,,1.6556474649906159,30.0,,
2025-02-01,hu-719/7x,mann - brasil,25.0,,0,rojo,,2.1452286767959596,30.0,,
2024-09-01,hu-726/2x,mann - brasil,22.0,,0,rojo,,4.872579708099365,30.0,,
2025-02-01,hy028n,ito koyama - resortes,10.0,,0,rojo,,5.7,56.0,,
2025-01-01,hy031n,ito koyama - resortes,0.0,,0,rojo,,6.1,120.0,,
2024-07-01,hy032n,ito koyama - resortes,0.0,,0,rojo,,,,,
2025-03-01,hy035n,ito koyama - resortes,58.0,,0,rojo,,8.4,80.0,,
2025-03-01,hy040n,ito koyama - resortes,344.0,,0,rojo,,3.36,352.0,,
2024-06-01,hy041n,ito koyama - resortes,0.0,,0,rojo,,,,,
2025-03-01,hy047n,ito koyama - resortes,106.0,,0,rojo,,10.61,120.0,,
2025-03-01,hy048n,ito koyama - resortes,36.0,,0,rojo,,6.8,80.0,,
2024-11-01,hy050n,ito koyama - resortes,0.0,,0,rojo,,6.51,100.0,,
2025-03-01,hy052n,ito koyama - resortes,10.0,,0,rojo,,,,,
2025-03-01,hy055n,ito koyama - resortes,164.0,,0,rojo,,,,,
2025-03-01,hy056n,ito koyama - resortes,0.0,,0,rojo,,6.3,392.0,,
2025-02-01,hy506106ud,exedy - japon,0.0,,0,rojo,,61.69,9.0,,
2025-02-01,hy510103u,exedy - japon,10.0,,0,rojo,,40.63,18.0,,
2024-02-01,i-franelas,sin definicion,0.0,,0,rojo,,9.34320942978326,273.0,,
2024-08-01,i-gorros,sin definicion,0.0,,0,rojo,,37.824027143841455,200.0,,
2022-11-01,i-lapiceros,sin definicion,0.0,,0,rojo,,2.7454000891830352,2000.0,,
2024-11-01,icd0011,ishikawa - pastillas de freno,0.0,,0,rojo,,3.2,100.0,,
2024-12-01,icd1095,ishikawa - pastillas de freno,0.0,,0,rojo,,3.69,100.0,,
2024-10-01,icd1108,ishikawa - pastillas de freno,0.0,,0,rojo,,4.1,50.0,,
2024-10-01,icd1296,ishikawa - pastillas de freno,0.0,,0,rojo,,3.66,50.0,,
2024-12-01,icd1301,ishikawa - pastillas de freno,0.0,,0,rojo,,7.19,50.0,,
2024-09-01,icd1302,ishikawa - pastillas de freno,0.0,,0,rojo,,4.29,50.0,,
2024-12-01,icd1601,ishikawa - pastillas de freno,0.0,,0,rojo,,3.91,100.0,,
2024-06-01,icd378,ishikawa - pastillas de freno,0.0,,0,rojo,,4.44,50.0,,
2025-03-01,icd484,ishikawa - pastillas de freno,53.0,,0,rojo,,4.5,400.0,,
2024-11-01,icd768,ishikawa - pastillas de freno,0.0,,0,rojo,,4.75,100.0,,
2025-02-01,icd772,ishikawa - pastillas de freno,6.0,,0,rojo,,6.27,50.0,,
2024-08-01,icd815,ishikawa - pastillas de freno,0.0,,0,rojo,,5.45,50.0,,
2024-11-01,icd835,ishikawa - pastillas de freno,0.0,,0,rojo,,2.36,50.0,,
2024-11-01,icd904,ishikawa - pastillas de freno,0.0,,0,rojo,,3.86,50.0,,
2024-09-01,icd914,ishikawa - pastillas de freno,0.0,,0,rojo,,4.56,50.0,,
2024-11-01,isc567,exedy - japon,24.0,,0,rojo,,70.53,30.0,,
2025-01-01,isc599,exedy - japon,32.0,,0,rojo,,167.19,40.0,,
2025-02-01,isc600,exedy - japon,0.0,,0,rojo,,51.98,30.0,,
2025-01-01,isd102us,exedy - japon,0.0,,0,rojo,,50.16,40.0,,
2022-05-01,ixeh22tt,denso - bujias - japon,0.0,,0,rojo,,5.85,96.0,,
2025-03-01,j001n,ito koyama - resortes,126.0,,0,rojo,,5.78,160.0,,
2024-12-01,j602905010,ito koyama - amortiguadores,0.0,,0,rojo,,12.47,56.0,,
2024-12-01,j602905020,ito koyama - amortiguadores,0.0,,0,rojo,,12.47,56.0,,
2025-02-01,j602915010,ito koyama - amortiguadores,0.0,,0,rojo,,7.4,100.0,,
2025-01-01,j692905010,ito koyama - amortiguadores,0.0,,0,rojo,,12.9,56.0,,
2025-01-01,j692905020,ito koyama - amortiguadores,0.0,,0,rojo,,12.9,56.0,,
2024-12-01,j692915010,ito koyama - amortiguadores,2.0,,0,rojo,,9.43,100.0,,
2025-03-01,k-19110,sakura filter,189.0,,0,rojo,,33.5,200.0,,
2025-03-01,k-agenda,sin definicion,0.0,,0,rojo,,45.41282856853111,500.0,,
2025-03-01,k-chalecos,sin definicion,0.0,,0,rojo,,93.63659234882348,40.0,,
2024-01-01,k-franelas,sin definicion,0.0,,0,rojo,,9.401695449265402,445.0,,
2023-12-01,k-gorros,sin definicion,0.0,,0,rojo,,37.824027143841455,100.0,,
2023-08-01,k-mameluco,sin definicion,0.0,,0,rojo,,217.2254352991395,10.0,,
2023-12-01,k-mochilas,sin definicion,0.0,,0,rojo,,21.984744581388973,50.0,,
2025-03-01,k-overoles,sin definicion,0.0,,0,rojo,,202.88173875579338,25.0,,
2024-01-01,k-tapasoles,sin definicion,0.0,,0,rojo,,8.040087511574352,100.0,,
2024-07-01,k003n,ito koyama - resortes,0.0,,0,rojo,,,,,
2024-09-01,k004n,ito koyama - resortes,0.0,,0,rojo,,,,,
2025-03-01,k007n,ito koyama - resortes,62.0,,0,rojo,,,,,
2025-03-01,k008n,ito koyama - resortes,8.0,,0,rojo,,,,,
2023-01-01,k1213-01,zekiturbo,0.0,,0,rojo,,46.0,50.0,,
2023-01-01,k1560-01,zekiturbo,0.0,,0,rojo,,31.5,25.0,,
2023-01-01,k1572-01,zekiturbo,0.0,,0,rojo,,33.6,15.0,,
2023-01-01,k1577-01,zekiturbo,0.0,,0,rojo,,30.45,27.0,,
2021-05-01,k71420 stdws,mahle - brasil,0.0,,0,rojo,,100.404583,24.0,,
2021-10-01,kb-610,sankei - japon,0.0,,0,rojo,,3.14,60.0,,
2022-02-01,kb-612,sankei - japon,0.0,,0,rojo,,3.2,150.0,,
2021-11-01,kb-620,sankei - japon,0.0,,0,rojo,,6.799267837777734,50.0,,
2021-11-01,kb-637,sankei - japon,0.0,,0,rojo,,5.602596698328853,200.0,,
2025-01-01,kd235/75r17.5,deruibo,0.0,,0,rojo,,66.0,20.0,,
2021-05-01,kg2397.1.19,fag - alemania,0.0,,0,rojo,,46.63532488584518,120.0,,
2021-03-01,kg28012.0.1,fag - alemania,0.0,,0,rojo,,45.92155132293701,100.0,,
2021-10-01,kh-c19,sankei - japon,0.0,,0,rojo,,1.84,600.0,,
2021-10-01,kh-c30,sankei - japon,0.0,,0,rojo,,1.8403351614251733,150.0,,
2025-03-01,ki504105u,exedy - japon,20.0,,0,rojo,,37.55,48.0,,
2023-09-01,km425/65r22.5,deruibo,0.0,,0,rojo,,199.0,40.0,,
2024-03-01,km7.00r16lt,deruibo,0.0,,0,rojo,,56.0,20.0,,
2023-09-01,km7.50r16lt,deruibo,0.0,,0,rojo,,61.0,20.0,,
2021-02-01,km9.5r17.5,deruibo,0.0,,0,rojo,,1847.440621341979,2.0,,
2022-01-01,kn-30,sankei - japon,0.0,,0,rojo,,1.98,400.0,,
2021-02-01,kn-33,sankei - japon,0.0,,0,rojo,,2.01,50.0,,
2022-02-01,kn-43tm,sankei - japon,0.0,,0,rojo,,2.1938970889896154,30.0,,
2025-02-01,ko-0183-32182,nachi - koyo - ntn - nsk - japon,13.0,,0,rojo,,2.23,50.0,,
2021-03-01,ko-dac3871w-2cs70,nachi - koyo - ntn - nsk - japon,0.0,,0,rojo,,9.8,50.0,,
2021-05-01,ko-rct283sa,collarines - nachi - koyo - nsk - japon,0.0,,0,rojo,,6.75,20.0,,
2022-03-01,ko-rct356sa8,collarines - nachi - koyo - nsk - japon,0.0,,0,rojo,,4.9,150.0,,
2021-09-01,ko-rct358sa2,collarines - nachi - koyo - nsk - japon,0.0,,0,rojo,,6.4,150.0,,
2024-06-01,kp-104,sankei - japon,0.0,,0,rojo,,1.8765979232266545,500.0,,
2022-02-01,kp-106,sankei - japon,0.0,,0,rojo,,2.148568636737764,200.0,,
2022-02-01,kr-223,sankei - japon,0.0,,0,rojo,,8.18,150.0,,
2023-02-01,kr-234,sankei - japon,0.0,,0,rojo,,6.808333528228104,20.0,,
2023-01-01,kr-236,sankei - japon,0.0,,0,rojo,,6.808333528228104,20.0,,
2022-06-01,kr-251,sankei - japon,0.0,,0,rojo,,7.062172860838473,30.0,,
2021-11-01,krb-911,sankei - japon,0.0,,0,rojo,,5.5176654271781445,90.0,,
2023-02-01,krb-915,sankei - japon,0.0,,0,rojo,,5.439414270222187,50.0,,
2023-04-01,krb-918,sankei - japon,0.0,,0,rojo,,5.8292389595881104,100.0,,
2021-11-01,kt-42a,sankei - japon,0.0,,0,rojo,,2.82,200.0,,
2022-04-01,kw-11n,sankei - japon,0.0,,0,rojo,,2.5383933261036873,50.0,,
2024-05-01,kw-408,sankei - japon,0.0,,0,rojo,,4.9,100.0,,
2024-05-01,kw-411,sankei - japon,0.0,,0,rojo,,5.73,150.0,,
2022-06-01,kw-413,sankei - japon,0.0,,0,rojo,,5.83,50.0,,
2021-09-01,kw-414,sankei - japon,0.0,,0,rojo,,4.866399999707937,230.0,,
2021-11-01,kw-450,sankei - japon,0.0,,0,rojo,,8.84,100.0,,
2024-05-01,kw-5n,sankei - japon,0.0,,0,rojo,,2.411473659798503,100.0,,
2022-12-01,kw-6b,sankei - japon,0.0,,0,rojo,,2.3117510648444295,80.0,,
2023-02-01,kw-6n,sankei - japon,0.0,,0,rojo,,2.3117510648444295,50.0,,
2024-04-01,kw-6t,sankei - japon,0.0,,0,rojo,,2.32,200.0,,
2021-09-01,kw-7t,sankei - japon,0.0,,0,rojo,,2.4,200.0,,
2022-10-01,kw-8b,sankei - japon,0.0,,0,rojo,,3.6262761801481247,150.0,,
2025-02-01,l001n,ito koyama - resortes,26.0,,0,rojo,,6.09,48.0,,
2024-11-01,l002n,ito koyama - resortes,0.0,,0,rojo,,4.62,48.0,,
2023-05-01,l019pbb,delphi - cav - brasil,0.0,,0,rojo,,39.200313091278076,60.0,,
2024-12-01,lb-11102/2,mann - brasil,0.0,,0,rojo,,38.23523143529892,32.0,,
2025-03-01,lb-13145/3,mann - brasil,8.0,,0,rojo,,43.59399767518044,60.0,,
2025-03-01,lb-962/2,mann - brasil,73.0,,0,rojo,,22.546018080711367,60.0,,
2025-01-01,lm425/65r22.5,deruibo,10.0,,0,rojo,,211.0,20.0,,
2023-07-01,lmd215/75r17.5,deruibo,0.0,,0,rojo,,62.0,80.0,,
2023-12-01,lmd235/75r17.5,deruibo,0.0,,0,rojo,,75.0,60.0,,
2021-09-01,lmp12r22.5,deruibo,0.0,,0,rojo,,137.0,60.0,,
2025-03-01,lmp215/75r17.5,deruibo,15.0,,0,rojo,,61.0,20.0,,
2021-09-01,lmp235/75r17.5,deruibo,1.0,,0,rojo,,68.0,28.0,,
2021-10-01,lmp295/80r22.5,deruibo,0.0,,0,rojo,,131.0,40.0,,
2023-09-01,lmp7.50r16,deruibo,0.0,,0,rojo,,72.5,20.0,,
2023-01-01,m195/55r15,mirage,0.0,,0,rojo,,24.729625,160.0,,
2022-04-01,m205/40r17,mirage,0.0,,0,rojo,,29.001625,80.0,,
2022-07-01,m225/40r18,mirage,0.0,,0,rojo,,35.6928,100.0,,
2022-01-01,mb-22,zsg - taiwan,0.0,,0,rojo,,3.0,50.0,,
2025-03-01,mb-242115,ito koyama - amortiguadores,42.0,,0,rojo,,5.4,50.0,,
2024-12-01,mb523022uf,exedy - japon,1.0,,0,rojo,,46.84,9.0,,
2025-03-01,mb659129u,exedy - japon,84.0,,0,rojo,,105.05,200.0,,
2025-03-01,mbc502,exedy - japon,34.0,,0,rojo,,27.3,60.0,,
2024-09-01,mbc503,exedy - japon,13.0,,0,rojo,,18.35,18.0,,
2024-11-01,mbc523,exedy - japon,12.0,,0,rojo,,26.79,18.0,,
2024-11-01,mbc585,exedy - japon,7.0,,0,rojo,,98.93,9.0,,
2025-03-01,mbd006u,exedy - japon,34.0,,0,rojo,,17.64,60.0,,
2025-03-01,mbd022u,exedy - japon,13.0,,0,rojo,,22.52,20.0,,
2024-11-01,mbd063u,exedy - japon,0.0,,0,rojo,,54.44,10.0,,
2025-01-01,mbd129u,exedy - japon,18.0,,0,rojo,,59.72,20.0,,
2024-10-01,mbk1012lb,exedy - japon,35.0,,0,rojo,,150.48,40.0,,
2021-06-01,me-500394,aisin - japon,0.0,,0,rojo,,39.15,100.0,,
2024-02-01,mf-fh12,mann - brasil,0.0,,0,rojo,,53.64,100.0,,
2024-02-01,mf-om457,mann - brasil,0.0,,0,rojo,,53.35,100.0,,
2024-06-01,mf-sck124,mann - brasil,0.0,,0,rojo,,52.13,46.0,,
2025-03-01,mf540015un,exedy - japon,129.0,,0,rojo,,64.84,200.0,,
2025-03-01,mfc540,exedy - japon,48.0,,0,rojo,,39.51,60.0,,
2025-01-01,mfc558,exedy - japon,5.0,,0,rojo,,76.63,10.0,,
2025-03-01,mfc560,exedy - japon,1.0,,0,rojo,,85.11,20.0,,
2025-02-01,mfc615,exedy - japon,0.0,,0,rojo,,88.43,40.0,,
2025-03-01,mfd004,exedy - japon,11.0,,0,rojo,,66.84,40.0,,
2025-03-01,mfd005,exedy - japon,6.0,,0,rojo,,110.28,10.0,,
2025-03-01,mfd015un,exedy - japon,69.0,,0,rojo,,33.43,80.0,,
2025-03-01,mfd067u,exedy - japon,14.0,,0,rojo,,97.61,40.0,,
2021-02-01,mg1546,precision - usa,0.0,,0,rojo,,6.13,40.0,,
2023-11-01,mg1761,moog - usa,0.0,,0,rojo,,20.482,80.0,,
2022-06-01,mg304,moog - usa,0.0,,0,rojo,,10.696,10.0,,
2024-06-01,mg305,moog - usa,0.0,,0,rojo,,20.601,20.0,,
2021-02-01,mg333,moog - usa,0.0,,0,rojo,,27.96,100.0,,
2021-07-01,mg334,moog - usa,0.0,,0,rojo,,30.09,10.0,,
2022-10-01,mg341,moog - usa,0.0,,0,rojo,,5.971,30.0,,
2022-09-01,mg344,moog - usa,0.0,,0,rojo,,6.56,10.0,,
2024-06-01,mg353,moog - usa,0.0,,0,rojo,,6.17,80.0,,
2022-10-01,mg361,moog - usa,0.0,,0,rojo,,10.528,20.0,,
2024-09-01,mg365,moog - usa,0.0,,0,rojo,,6.3,20.0,,
2021-11-01,mg371,moog - usa,0.0,,0,rojo,,6.73,300.0,,
2024-06-01,mg374,moog - usa,0.0,,0,rojo,,24.15,20.0,,
2024-06-01,mg430,moog - usa,0.0,,0,rojo,,6.545,50.0,,
2022-02-01,mg433,moog - usa,0.0,,0,rojo,,5.48,1.0,,
2023-01-01,mg434,moog - usa,0.0,,0,rojo,,6.874,25.0,,
2023-11-01,mg470,moog - usa,0.0,,0,rojo,,37.65,15.0,,
2023-12-01,mg475,moog - usa,0.0,,0,rojo,,27.91,20.0,,
2022-01-01,mg476,moog - usa,0.0,,0,rojo,,27.91,10.0,,
2024-06-01,mg477,moog - usa,0.0,,0,rojo,,39.91,50.0,,
2022-08-01,mg492,moog - usa,0.0,,0,rojo,,6.86,9.0,,
2022-01-01,mg507,moog - usa,0.0,,0,rojo,,7.28,20.0,,
2022-06-01,mg508,precision - usa,0.0,,0,rojo,,20.1672,25.0,,
2024-06-01,mg514g,moog - usa,0.0,,0,rojo,,6.174,50.0,,
2024-06-01,mg522,moog - usa,0.0,,0,rojo,,21.525,30.0,,
2024-06-01,mg530,moog - usa,0.0,,0,rojo,,33.9712,25.0,,
2021-04-01,mg534g,moog - usa,0.0,,0,rojo,,4.89,40.0,,
2022-04-01,mg540,precision - usa,0.0,,0,rojo,,33.89,20.0,,
2023-09-01,mg560,moog - usa,0.0,,0,rojo,,43.876,50.0,,
2023-11-01,mg563,moog - usa,0.0,,0,rojo,,63.462,21.0,,
2024-06-01,mg570,moog - usa,0.0,,0,rojo,,51.387,30.0,,
2023-11-01,mg574,moog - usa,0.0,,0,rojo,,52.395,30.0,,
2024-06-01,mg785,moog - usa,0.0,,0,rojo,,139.293,10.0,,
2022-10-01,mg813,moog - usa,0.0,,0,rojo,,19.9,30.0,,
2021-05-01,mg888,moog - usa,0.0,,0,rojo,,20.9,25.0,,
2024-06-01,mg894,moog - usa,0.0,,0,rojo,,57.12,10.0,,
2024-06-01,mg895,moog - usa,0.0,,0,rojo,,64.029333,15.0,,
2024-06-01,mg896,moog - usa,0.0,,0,rojo,,38.07,20.0,,
2022-09-01,mg905,moog - usa,0.0,,0,rojo,,40.02,10.0,,
2023-02-01,mg911,moog - usa,0.0,,0,rojo,,78.44,30.0,,
2021-10-01,mg927,moog - usa,0.0,,0,rojo,,40.12,40.0,,
2021-06-01,mg928,moog - usa,0.0,,0,rojo,,26.71,20.0,,
2021-05-01,mg929,moog - usa,0.0,,0,rojo,,26.95,2.0,,
2023-08-01,mg934,moog - usa,0.0,,0,rojo,,14.58,1.0,,
2021-06-01,mg963,moog - usa,0.0,,0,rojo,,60.34,40.0,,
2021-06-01,mg968,moog - usa,0.0,,0,rojo,,28.77,20.0,,
2021-06-01,mg969,moog - usa,0.0,,0,rojo,,26.71,40.0,,
2023-01-01,mg997,moog - usa,0.0,,0,rojo,,39.732,12.0,,
2025-03-01,mi005n,ito koyama - resortes,46.0,,0,rojo,,3.85,64.0,,
2022-03-01,mm-02,mrk - japon,0.0,,0,rojo,,20.51403296278776,20.0,,
2024-01-01,mochilavalv,sin definicion,0.0,,0,rojo,,18.854259516958848,2500.0,,
2022-05-01,mp11r22.5,deruibo,0.0,,0,rojo,,2632.5889036427366,2.0,,
2023-06-01,mr-244218,ito koyama - amortiguadores,0.0,,0,rojo,,6.96,10.0,,
2025-03-01,mr491430,ito koyama - amortiguadores,49.0,,0,rojo,,10.4,104.0,,
2024-07-01,mwmwc1001,wagner - pastillas,47.0,,0,rojo,,26.3,50.0,,
2025-02-01,mwmwc1175,wagner - pastillas,8.0,,0,rojo,,15.1,10.0,,
2023-06-01,mwmwc1284,wagner - pastillas,0.0,,0,rojo,,17.0,9.0,,
2025-01-01,mwmwc1325,wagner - pastillas,8.0,,0,rojo,,8.9,20.0,,
2024-09-01,mwmwc1327,wagner - pastillas,23.0,,0,rojo,,12.9,20.0,,
2024-11-01,mwmwc1377,wagner - pastillas,14.0,,0,rojo,,27.77,5.0,,
2024-10-01,mwmwc1378,wagner - pastillas,0.0,,0,rojo,,14.0,10.0,,
2024-10-01,mwmwc1444,wagner - pastillas,9.0,,0,rojo,,22.9,20.0,,
2024-09-01,mwmwc1456,wagner - pastillas,10.0,,0,rojo,,9.8,10.0,,
2023-06-01,mwmwc1467,wagner - pastillas,0.0,,0,rojo,,21.55,40.0,,
2025-03-01,mwmwc1519,wagner - pastillas,62.0,,0,rojo,,21.8,200.0,,
2025-01-01,mwmwc1590,wagner - pastillas,7.0,,0,rojo,,11.5,20.0,,
2024-11-01,mwmwc1602,wagner - pastillas,0.0,,0,rojo,,13.3,30.0,,
2025-02-01,mwmwc1679,wagner - pastillas,19.0,,0,rojo,,10.3,50.0,,
2025-01-01,mwmwc1846,wagner - pastillas,0.0,,0,rojo,,19.2,10.0,,
2024-10-01,mwmwc1874,wagner - pastillas,7.0,,0,rojo,,13.6,20.0,,
2024-02-01,mwmwc2036,wagner - pastillas,0.0,,0,rojo,,25.5,20.0,,
2024-12-01,mwmwc2037,wagner - pastillas,11.0,,0,rojo,,28.5,20.0,,
2023-02-01,mwmwc2057,wagner - pastillas,0.0,,0,rojo,,18.6,2.0,,
2023-06-01,mwmwc2081,wagner - pastillas,0.0,,0,rojo,,13.9,10.0,,
2024-08-01,mwmwc2094,wagner - pastillas,19.0,,0,rojo,,27.4,30.0,,
2024-09-01,mwmwc536,wagner - pastillas,28.0,,0,rojo,,7.9,30.0,,
2024-12-01,mwmwc567,wagner - pastillas,14.0,,0,rojo,,6.5,20.0,,
2024-10-01,mwmwc680,wagner - pastillas,0.0,,0,rojo,,8.7,10.0,,
2025-03-01,mwmwc688,wagner - pastillas,6.0,,0,rojo,,9.2,10.0,,
2023-07-01,mwmwc768a,wagner - pastillas,0.0,,0,rojo,,14.9,20.0,,
2023-10-01,mwmwc831,wagner - pastillas,0.0,,0,rojo,,7.5,30.0,,
2024-09-01,mwmwc881,wagner - pastillas,0.0,,0,rojo,,14.8,20.0,,
2024-10-01,mwmwc918,wagner - pastillas,9.0,,0,rojo,,15.6,10.0,,
2024-09-01,mwmwc996,wagner - pastillas,0.0,,0,rojo,,6.0,10.0,,
2024-12-01,mwmwd1012,wagner - pastillas,0.0,,0,rojo,,9.6,30.0,,
2024-12-01,mwmwd1035,wagner - pastillas,0.0,,0,rojo,,7.9,20.0,,
2025-02-01,mwmwd1036,wagner - pastillas,12.0,,0,rojo,,5.6,20.0,,
2025-01-01,mwmwd1041,wagner - pastillas,2.0,,0,rojo,,7.9,20.0,,
2024-09-01,mwmwd1055,wagner - pastillas,0.0,,0,rojo,,7.2,20.0,,
2025-03-01,mwmwd1092,wagner - pastillas,4.0,,0,rojo,,13.1,20.0,,
2024-10-01,mwmwd1105,wagner - pastillas,0.0,,0,rojo,,10.5,10.0,,
2025-02-01,mwmwd1108,wagner - pastillas,0.0,,0,rojo,,12.4,10.0,,
2024-09-01,mwmwd1161,wagner - pastillas,12.0,,0,rojo,,7.9,20.0,,
2024-09-01,mwmwd1181,wagner - pastillas,0.0,,0,rojo,,10.9,20.0,,
2025-03-01,mwmwd1191,wagner - pastillas,11.0,,0,rojo,,11.4,30.0,,
2024-08-01,mwmwd1258,wagner - pastillas,0.0,,0,rojo,,16.8,30.0,,
2024-04-01,mwmwd1259,wagner - pastillas,0.0,,0,rojo,,9.1,20.0,,
2024-09-01,mwmwd1280,wagner - pastillas,0.0,,0,rojo,,11.9,10.0,,
2024-12-01,mwmwd1281,wagner - pastillas,5.0,,0,rojo,,8.5,10.0,,
2025-02-01,mwmwd1338,wagner - pastillas,7.0,,0,rojo,,11.8,10.0,,
2024-07-01,mwmwd1397,wagner - pastillas,8.0,,0,rojo,,23.5,20.0,,
2023-07-01,mwmwd1398,wagner - pastillas,0.0,,0,rojo,,16.39,50.0,,
2024-12-01,mwmwd1654,wagner - pastillas,14.0,,0,rojo,,32.9,30.0,,
2024-09-01,mwmwd1709,wagner - pastillas,0.0,,0,rojo,,33.9,10.0,,
2025-02-01,mwmwd233,wagner - pastillas,3.0,,0,rojo,,5.8,10.0,,
2022-07-01,mwmwd462,wagner - pastillas,0.0,,0,rojo,,11.73,50.0,,
2024-10-01,mwmwd484,wagner - pastillas,0.0,,0,rojo,,7.7,20.0,,
2024-07-01,mwmwd503,wagner - pastillas,0.0,,0,rojo,,9.0,20.0,,
2024-12-01,mwmwd530,wagner - pastillas,5.0,,0,rojo,,8.2,10.0,,
2024-09-01,mwmwd537,wagner - pastillas,19.0,,0,rojo,,5.7,30.0,,
2024-01-01,mwmwd540a,wagner - pastillas,0.0,,0,rojo,,7.0,18.0,,
2024-09-01,mwmwd564,wagner - pastillas,0.0,,0,rojo,,5.8,20.0,,
2025-02-01,mwmwd580,wagner - pastillas,8.0,,0,rojo,,8.9,10.0,,
2024-02-01,mwmwd621,wagner - pastillas,0.0,,0,rojo,,8.3,20.0,,
2025-03-01,mwmwd691,wagner - pastillas,15.0,,0,rojo,,9.3,20.0,,
2024-10-01,mwmwd696,wagner - pastillas,0.0,,0,rojo,,8.6,10.0,,
2024-07-01,mwmwd772,wagner - pastillas,0.0,,0,rojo,,9.9,10.0,,
2024-06-01,mwmwd773,wagner - pastillas,0.0,,0,rojo,,8.5,10.0,,
2024-01-01,mwmwd835,wagner - pastillas,0.0,,0,rojo,,5.7,30.0,,
2025-02-01,mwmwd862,wagner - pastillas,8.0,,0,rojo,,8.6,10.0,,
2025-01-01,mwmwd865,wagner - pastillas,1.0,,0,rojo,,6.3,10.0,,
2024-02-01,mwmwd868,wagner - pastillas,10.0,,0,rojo,,11.9,10.0,,
2024-09-01,mwmwd900,wagner - pastillas,7.0,,0,rojo,,9.1,10.0,,
2024-08-01,mwmwd914,wagner - pastillas,0.0,,0,rojo,,10.4,10.0,,
2024-12-01,mwmwd924a,wagner - pastillas,0.0,,0,rojo,,16.99,20.0,,
2025-02-01,mwmwd937,wagner - pastillas,7.0,,0,rojo,,7.8,10.0,,
2024-12-01,mwmwd961,wagner - pastillas,1.0,,0,rojo,,6.8,10.0,,
2021-09-01,mwmwx1145,wagner - pastillas,0.0,,0,rojo,,14.4,10.0,,
2025-01-01,mwmwx1316s,wagner - pastillas,0.0,,0,rojo,,26.8,20.0,,
2024-12-01,mwmwx1362,wagner - pastillas,1.0,,0,rojo,,7.4,20.0,,
2023-09-01,mwmwx303,wagner - pastillas,0.0,,0,rojo,,17.5,39.0,,
2022-12-01,mwmwx510,wagner - pastillas,0.0,,0,rojo,,8.05,100.0,,
2024-07-01,mwmwx555,wagner - pastillas,0.0,,0,rojo,,16.63,20.0,,
2023-05-01,mwmwx688,wagner - pastillas,25.0,,0,rojo,,11.2,30.0,,
2024-10-01,mwmwx841,wagner - pastillas,0.0,,0,rojo,,11.2,2.0,,
2022-04-01,mz-016,ito koyama - palieres,0.0,,0,rojo,,6.4,20.0,,
2023-04-01,mz-2802a,ito koyama - palieres,0.0,,0,rojo,,9.2,50.0,,
2024-11-01,mz003n,ito koyama - resortes,10.0,,0,rojo,,3.89,120.0,,
2024-10-01,mz005n,ito koyama - resortes,0.0,,0,rojo,,,,,
2025-03-01,mzc538,exedy - japon,1.0,,0,rojo,,25.03,9.0,,
2025-03-01,mzd007us,exedy - japon,2.0,,0,rojo,,18.59,10.0,,
2024-06-01,n-861,affinia nakata - brasil,27.0,,0,rojo,,28.47,194.0,,
2023-01-01,n-895,affinia nakata - brasil,0.0,,0,rojo,,37.83,200.0,,
2023-08-01,n-968,affinia nakata - brasil,29.0,,0,rojo,,10.93,50.0,,
2025-03-01,n009n,ito koyama - resortes,14.0,,0,rojo,,4.41,688.0,,
2025-01-01,n015n,ito koyama - resortes,0.0,,0,rojo,,,,,
2025-04-01,n018n,ito koyama - resortes,42.0,,0,rojo,,4.5,600.0,,
2021-09-01,n157/7 std,glyco - alemania,2.0,,0,rojo,,15.368719842367172,445.0,,
2021-06-01,na-17887/31,nachi - koyo - ntn - nsk - japon,0.0,,0,rojo,,5.8,60.0,,
2023-11-01,na-28584r/21,nachi - koyo - ntn - nsk - japon,0.0,,0,rojo,,11.892373,20.0,,
2024-01-01,na-30bcds2,nachi - koyo - ntn - nsk - japon,0.0,,0,rojo,,5.4,20.0,,
2021-08-01,na-3579r/25,nachi - koyo - ntn - nsk - japon,0.0,,0,rojo,,14.363559,20.0,,
2022-12-01,na-35bvv07x-6,nachi - koyo - ntn - nsk - japon,0.0,,0,rojo,,13.91,10.0,,
2023-11-01,na-35trk-1,collarines - nachi - koyo - nsk - japon,0.0,,0,rojo,,4.6,30.0,,
2021-03-01,na-40bgs11g-2ds,nachi - koyo - ntn - nsk - japon,0.0,,0,rojo,,4.45,20.0,,
2023-07-01,na-40bgs12g-2ds,nachi - koyo - ntn - nsk - japon,0.0,,0,rojo,,4.86,30.0,,
2021-11-01,na-40trk-1,collarines - nachi - koyo - nsk - japon,0.0,,0,rojo,,4.05,100.0,,
2022-02-01,na-50scrn31p,collarines - nachi - koyo - nsk - japon,0.0,,0,rojo,,6.7,200.0,,
2021-11-01,na-50scrn31p-4b,collarines - nachi - koyo - nsk - japon,0.0,,0,rojo,,7.0,200.0,,
2021-02-01,na-50scrn40p-8p,collarines - nachi - koyo - nsk - japon,0.0,,0,rojo,,6.8,30.0,,
2021-07-01,na-6000-2nsec3,nachi - koyo - ntn - nsk - japon,0.0,,0,rojo,,0.98,100.0,,
2021-07-01,na-6001-2nsec3,nachi - koyo - ntn - nsk - japon,0.0,,0,rojo,,1.02,20.0,,
2021-02-01,na-6001-2nsl,nachi - koyo - ntn - nsk - japon,0.0,,0,rojo,,1.02,50.0,,
2021-10-01,na-6002-2nsec3,nachi - koyo - ntn - nsk - japon,0.0,,0,rojo,,1.15,100.0,,
2021-12-01,na-6003-2nsec3,nachi - koyo - ntn - nsk - japon,0.0,,0,rojo,,1.22,100.0,,
2022-02-01,na-6003zzec3,nachi - koyo - ntn - nsk - japon,0.0,,0,rojo,,1.16,50.0,,
2021-11-01,na-6004-2nsec3,nachi - koyo - ntn - nsk - japon,0.0,,0,rojo,,1.45,20.0,,
2021-09-01,na-6005-2nsec3,nachi - koyo - ntn - nsk - japon,0.0,,0,rojo,,1.95,100.0,,
2022-09-01,na-6005-2nsl,nachi - koyo - ntn - nsk - japon,0.0,,0,rojo,,1.74,100.0,,
2022-09-01,na-6006-2nsec3,nachi - koyo - ntn - nsk - japon,0.0,,0,rojo,,2.3,50.0,,
2022-12-01,na-6007-2nsec3,nachi - koyo - ntn - nsk - japon,0.0,,0,rojo,,2.35,70.0,,
2021-03-01,na-6008-2nsec3,nachi - koyo - ntn - nsk - japon,0.0,,0,rojo,,3.27,30.0,,
2023-11-01,na-6008-2rs,nachi - koyo - ntn - nsk - japon,0.0,,0,rojo,,3.9,50.0,,
2022-05-01,na-60scrn31t,collarines - nachi - koyo - nsk - japon,20.0,,0,rojo,,13.32,40.0,,
2022-02-01,na-6200-2nsl,nachi - koyo - ntn - nsk - japon,0.0,,0,rojo,,1.1,350.0,,
2021-09-01,na-6202-2nsec3,nachi - koyo - ntn - nsk - japon,0.0,,0,rojo,,1.19,200.0,,
2021-09-01,na-6202zzec3,nachi - koyo - ntn - nsk - japon,0.0,,0,rojo,,1.1,30.0,,
2024-04-01,na-6203-2nsec3,nachi - koyo - ntn - nsk - japon,0.0,,0,rojo,,1.12,400.0,,
2021-11-01,na-6203-2nsl,nachi - koyo - ntn - nsk - japon,0.0,,0,rojo,,1.29,800.0,,
2021-11-01,na-6203-zzec3,nachi - koyo - ntn - nsk - japon,0.0,,0,rojo,,1.22,100.0,,
2022-02-01,na-6204-2nsec3,nachi - koyo - ntn - nsk - japon,0.0,,0,rojo,,1.6,250.0,,
2024-04-01,na-6204-2nsl,nachi - koyo - ntn - nsk - japon,0.0,,0,rojo,,1.63,500.0,,
2021-09-01,na-6204-zzec3,nachi - koyo - ntn - nsk - japon,0.0,,0,rojo,,1.6,20.0,,
2021-12-01,na-6205-2nsec3,nachi - koyo - ntn - nsk - japon,0.0,,0,rojo,,2.1,100.0,,
2022-09-01,na-6205-2nsl,nachi - koyo - ntn - nsk - japon,0.0,,0,rojo,,1.85,500.0,,
2021-10-01,na-6206-2nsec3,nachi - koyo - ntn - nsk - japon,0.0,,0,rojo,,2.7,150.0,,
2022-02-01,na-6208-2nsec3,nachi - koyo - ntn - nsk - japon,0.0,,0,rojo,,4.2,50.0,,
2022-03-01,na-6301-2nsec3,nachi - koyo - ntn - nsk - japon,0.0,,0,rojo,,1.1,100.0,,
2023-11-01,na-6302-2nsl,nachi - koyo - ntn - nsk - japon,0.0,,0,rojo,,1.53,300.0,,
2023-11-01,na-6302zzec3,nachi - koyo - ntn - nsk - japon,0.0,,0,rojo,,1.4,50.0,,
2021-10-01,na-6303-2nsec3,nachi - koyo - ntn - nsk - japon,0.0,,0,rojo,,2.0,50.0,,
2021-03-01,na-6303-2nsl,nachi - koyo - ntn - nsk - japon,0.0,,0,rojo,,1.78,300.0,,
2022-09-01,na-6304-2nsec3,nachi - koyo - ntn - nsk - japon,0.0,,0,rojo,,2.15,160.0,,
2023-11-01,na-6304-2nsl,nachi - koyo - ntn - nsk - japon,0.0,,0,rojo,,2.11,100.0,,
2022-04-01,na-6305-2nsec3,nachi - koyo - ntn - nsk - japon,1.0,,0,rojo,,2.85,100.0,,
2022-02-01,na-6306-2nsec3,nachi - koyo - ntn - nsk - japon,0.0,,0,rojo,,3.6,100.0,,
2021-02-01,na-6307-2nsec3,nachi - koyo - ntn - nsk - japon,0.0,,0,rojo,,5.5,60.0,,
2024-04-01,na-6308-2nsec3,nachi - koyo - ntn - nsk - japon,0.0,,0,rojo,,6.9,100.0,,
2022-04-01,na-e30203j,nachi - koyo - ntn - nsk - japon,0.0,,0,rojo,,2.6,50.0,,
2021-08-01,na-e30207j,nachi - koyo - ntn - nsk - japon,0.0,,0,rojo,,4.8,40.0,,
2021-12-01,na-e30208j,nachi - koyo - ntn - nsk - japon,0.0,,0,rojo,,5.5,100.0,,
2021-10-01,na-e30210j,nachi - koyo - ntn - nsk - japon,0.0,,0,rojo,,7.5,20.0,,
2022-02-01,na-e30211j,nachi - koyo - ntn - nsk - japon,0.0,,0,rojo,,8.4,20.0,,
2021-10-01,na-e30212j,nachi - koyo - ntn - nsk - japon,0.0,,0,rojo,,9.9,10.0,,
2021-11-01,na-e30304j,nachi - koyo - ntn - nsk - japon,2.0,,0,rojo,,3.16,30.0,,
2022-12-01,na-e30306j,nachi - koyo - ntn - nsk - japon,0.0,,0,rojo,,5.08,30.0,,
2023-12-01,na-e30307j,nachi - koyo - ntn - nsk - japon,0.0,,0,rojo,,5.95,50.0,,
2021-11-01,na-e30308j,nachi - koyo - ntn - nsk - japon,2.0,,0,rojo,,9.35,20.0,,
2022-09-01,na-e30309dj,nachi - koyo - ntn - nsk - japon,0.0,,0,rojo,,12.7,20.0,,
2021-02-01,na-e30309j,nachi - koyo - ntn - nsk - japon,0.0,,0,rojo,,9.8,15.0,,
2022-12-01,na-e32005j,nachi - koyo - ntn - nsk - japon,0.0,,0,rojo,,3.4,20.0,,
2023-11-01,na-e32006j,nachi - koyo - ntn - nsk - japon,0.0,,0,rojo,,4.1,20.0,,
2022-12-01,na-e32007j,nachi - koyo - ntn - nsk - japon,0.0,,0,rojo,,4.95,20.0,,
2021-08-01,na-e32008j,nachi - koyo - ntn - nsk - japon,0.0,,0,rojo,,5.7,20.0,,
2021-02-01,na-e32206j,nachi - koyo - ntn - nsk - japon,0.0,,0,rojo,,4.73,20.0,,
2021-10-01,na-e32207j,nachi - koyo - ntn - nsk - japon,0.0,,0,rojo,,6.0,30.0,,
2021-10-01,na-e32209j,nachi - koyo - ntn - nsk - japon,0.0,,0,rojo,,8.0,30.0,,
2022-04-01,na-h-e32205j,nachi - koyo - ntn - nsk - japon,0.0,,0,rojo,,5.02,40.0,,
2023-11-01,na-l44649/10,nachi - koyo - ntn - nsk - japon,0.0,,0,rojo,,3.955085,150.0,,
2022-04-01,ni-006,ito koyama - palieres,0.0,,0,rojo,,7.4,50.0,,
2025-03-01,ni-028,ito koyama - palieres,113.0,,0,rojo,,7.4,150.0,,
2025-02-01,ni-620,ito koyama - palieres,72.0,,0,rojo,,6.22,50.0,,
2025-02-01,ni-7508,ito koyama - palieres,134.0,,0,rojo,,8.6,100.0,,
2025-03-01,ns511002uf,exedy - japon,17.0,,0,rojo,,42.55,48.0,,
2025-01-01,ns527036u,exedy - japon,0.0,,0,rojo,,47.66,30.0,,
2025-04-01,ns541042u,exedy - japon,65.0,,0,rojo,,29.76,150.0,,
2025-03-01,nsc501,exedy - japon,9.0,,0,rojo,,21.44,18.0,,
2025-01-01,nsc507,exedy - japon,9.0,,0,rojo,,21.97,12.0,,
2025-02-01,nsc511,exedy - japon,87.0,,0,rojo,,21.65,148.0,,
2024-11-01,nsc525,exedy - japon,56.0,,0,rojo,,36.47,60.0,,
2025-03-01,nsc527,exedy - japon,95.0,,0,rojo,,26.69,150.0,,
2025-02-01,nsc541,exedy - japon,37.0,,0,rojo,,17.21,60.0,,
2025-02-01,nsc545,exedy - japon,8.0,,0,rojo,,53.09,60.0,,
2025-02-01,nsc556,exedy - japon,40.0,,0,rojo,,24.24,80.0,,
2025-02-01,nsc573,exedy - japon,9.0,,0,rojo,,34.3,18.0,,
2024-11-01,nsc632,exedy - japon,0.0,,0,rojo,,77.88,18.0,,
2025-03-01,nsc633,exedy - japon,27.0,,0,rojo,,78.19,60.0,,
2025-03-01,nsc636,exedy - japon,16.0,,0,rojo,,72.47,18.0,,
2025-01-01,nsc652,exedy - japon,0.0,,0,rojo,,87.1,10.0,,
2024-12-01,nsc810,exedy - japon,0.0,,0,rojo,,109.37,20.0,,
2025-03-01,nsc815,exedy - japon,8.0,,0,rojo,,95.31,40.0,,
2025-02-01,nsd002u,exedy - japon,56.0,,0,rojo,,23.13,80.0,,
2024-12-01,nsd004u,exedy - japon,73.0,,0,rojo,,18.11,80.0,,
2025-03-01,nsd026,exedy - japon,45.0,,0,rojo,,16.29,80.0,,
2025-03-01,nsd029u,exedy - japon,6.0,,0,rojo,,14.64,20.0,,
2025-03-01,nsd036u,exedy - japon,40.0,,0,rojo,,21.29,150.0,,
2025-03-01,nsd042u,exedy - japon,70.0,,0,rojo,,15.63,120.0,,
2025-03-01,nsd043u,exedy - japon,0.0,,0,rojo,,47.88,20.0,,
2025-02-01,nsd053ua,exedy - japon,8.0,,0,rojo,,42.33,20.0,,
2025-03-01,nsd104u,exedy - japon,34.0,,0,rojo,,38.81,80.0,,
2025-02-01,nsd109u,exedy - japon,116.0,,0,rojo,,22.79,150.0,,
2025-02-01,nsd148,exedy - japon,0.0,,0,rojo,,83.05,20.0,,
2025-02-01,nsd151,exedy - japon,6.0,,0,rojo,,58.36,20.0,,
2025-01-01,nsd210,exedy - japon,0.0,,0,rojo,,108.34,20.0,,
2025-03-01,nsd215,exedy - japon,2.0,,0,rojo,,92.29,40.0,,
2023-04-01,nsk-02474/20,nachi - koyo - ntn - nsk - japon,0.0,,0,rojo,,5.5,30.0,,
2023-11-01,nsk-28584r/21,nachi - koyo - ntn - nsk - japon,0.0,,0,rojo,,7.5,20.0,,
2023-02-01,nsk-28985/21,nachi - koyo - ntn - nsk - japon,0.0,,0,rojo,,7.9,30.0,,
2021-11-01,nsk-58tka3703,collarines - nachi - koyo - nsk - japon,0.0,,0,rojo,,11.9,20.0,,
2021-12-01,nsk-6202dduc3,nachi - koyo - ntn - nsk - japon,0.0,,0,rojo,,1.21,1000.0,,
2021-02-01,nsk-hr32215j,nachi - koyo - ntn - nsk - japon,0.0,,0,rojo,,18.0,10.0,,
2025-02-01,ntn-1280/20,nachi - koyo - ntn - nsk - japon,71.0,,0,rojo,,5.15,120.0,,
2022-09-01,ntn-28580/21,nachi - koyo - ntn - nsk - japon,0.0,,0,rojo,,9.25,30.0,,
2021-02-01,ntn-32212u,nachi - koyo - ntn - nsk - japon,0.0,,0,rojo,,9.6,20.0,,
2021-02-01,ntn-368a/362a,nachi - koyo - ntn - nsk - japon,0.0,,0,rojo,,7.95,20.0,,
2022-04-01,ntn-4t-30204,nachi - koyo - ntn - nsk - japon,0.0,,0,rojo,,3.0,50.0,,
2022-10-01,ntn-4t-30206,nachi - koyo - ntn - nsk - japon,0.0,,0,rojo,,5.06,283.0,,
2021-11-01,ntn-4t-30209,nachi - koyo - ntn - nsk - japon,0.0,,0,rojo,,6.3,20.0,,
2021-10-01,ntn-4t-30308d,nachi - koyo - ntn - nsk - japon,0.0,,0,rojo,,9.4,20.0,,
2021-11-01,ntn-4t-32306,nachi - koyo - ntn - nsk - japon,0.0,,0,rojo,,8.4,10.0,,
2021-06-01,ntn-4t-32307,nachi - koyo - ntn - nsk - japon,0.0,,0,rojo,,9.9,10.0,,
2023-11-01,ntn-jpu60-150,nachi - koyo - ntn - nsk - japon,0.0,,0,rojo,,6.3,78.0,,
2021-11-01,ntn-lm12749/10,nachi - koyo - ntn - nsk - japon,0.0,,0,rojo,,3.0,100.0,,
2021-08-01,ntn-lm29748/10,nachi - koyo - ntn - nsk - japon,0.0,,0,rojo,,5.82,40.0,,
2021-10-01,ntn-lm29749/10,nachi - koyo - ntn - nsk - japon,0.0,,0,rojo,,3.4,50.0,,
2022-07-01,ntn-lm48548/10,nachi - koyo - ntn - nsk - japon,0.0,,0,rojo,,3.8,100.0,,
2021-09-01,ntn4t-l45449/10,nachi - koyo - ntn - nsk - japon,0.0,,0,rojo,,3.4,100.0,,
2021-11-01,ntn4t-l68149/10,nachi - koyo - ntn - nsk - japon,0.0,,0,rojo,,3.9,120.0,,
2023-04-01,ntnt-30303d,nachi - koyo - ntn - nsk - japon,0.0,,0,rojo,,3.6,30.0,,
2024-03-01,o-1003,sakura filter,288.0,,0,rojo,,1.75,500.0,,
2025-03-01,o-15170,sakura filter,15.0,,0,rojo,,2.0,100.0,,
2025-02-01,o-1532,sakura filter,31.0,,0,rojo,,3.77,60.0,,
2024-10-01,o-1811,sakura filter,33.0,,0,rojo,,2.08,25.0,,
2024-03-01,o-2802,sakura filter,229.0,,0,rojo,,3.5,250.0,,
2024-12-01,o-7950,sakura filter,160.0,,0,rojo,,0.85,100.0,,
2021-08-01,oas99032,baldwin filters,0.0,,0,rojo,,27.123,335.0,,
2025-01-01,opm-808,aisin - japon,8.0,,0,rojo,,17.59,8.0,,
2025-02-01,opn-808,aisin - japon,14.0,,0,rojo,,19.46,20.0,,
2024-12-01,opn-815,aisin - japon,18.0,,0,rojo,,26.53,20.0,,
2025-03-01,opt-005,aisin - japon,194.0,,0,rojo,,37.79,100.0,,
2023-07-01,opt-008,aisin - japon,120.0,,0,rojo,,35.99,60.0,,
2021-09-01,opt-013,aisin - japon,0.0,,0,rojo,,37.17,20.0,,
2022-02-01,opt-033,aisin - japon,0.0,,0,rojo,,27.51,10.0,,
2024-11-01,p-12002-2z,mann - brasil,8.0,,0,rojo,,66.36266055107116,20.0,,
2022-02-01,p-919/7,mann - brasil,0.0,,0,rojo,,7.9,96.0,,
2024-08-01,p-945x,mann - brasil,36.0,,0,rojo,,6.89,72.0,,
2023-07-01,p-gorros,sin definicion,0.0,,0,rojo,,47.91034725598659,0.0,,
2023-06-01,p-mameluco,sin definicion,0.0,,0,rojo,,,,,
2022-01-01,p1278/1,mann - brasil,102.0,,0,rojo,,7.89,102.0,,
2023-12-01,p2050sm5500,prextoline - lubricantes,0.0,,0,rojo,,400.0,4.0,,
2022-04-01,p527683,donaldson,0.0,,0,rojo,,18.51,49.0,,
2022-04-01,p550762,donaldson,0.0,,0,rojo,,11.81,96.0,,
2024-01-01,p550851,donaldson,0.0,,0,rojo,,11.47,96.0,,
2024-01-01,p551033,donaldson,0.0,,0,rojo,,38.81,36.0,,
2021-06-01,pa2704,baldwin filters,0.0,,0,rojo,,26.66,10.0,,
2021-06-01,pa2721,baldwin filters,14.0,,0,rojo,,54.662083,24.0,,
2022-04-01,pa3767,baldwin filters,0.0,,0,rojo,,48.05,120.0,,
2023-07-01,pa3833,baldwin filters,0.0,,0,rojo,,8.82625,8.0,,
2022-01-01,pa4341,baldwin filters,0.0,,0,rojo,,3.97,12.0,,
2021-06-01,pa4701,baldwin filters,0.0,,0,rojo,,5.65,24.0,,
2023-02-01,paneton,sin definicion,0.0,,0,rojo,,32.68004988341357,720.0,,
2024-04-01,pe1540ci500,prextoline - lubricantes,0.0,,0,rojo,,28.85,1196.0,,
2024-06-01,pe1540ci5500,prextoline - lubricantes,0.0,,0,rojo,,306.0,52.0,,
2025-03-01,pe20500254t,prextoline - lubricantes,466.0,,0,rojo,,1.55,2400.0,,
2025-03-01,pe2050sl5500,prextoline - lubricantes,29.0,,0,rojo,,300.0,30.0,,
2025-03-01,pe25500254t,prextoline - lubricantes,310.0,,0,rojo,,1.813333,1200.0,,
2024-07-01,pe80900500,prextoline - lubricantes,0.0,,0,rojo,,25.57,100.0,,
2024-06-01,pe85140500,prextoline - lubricantes,0.0,,0,rojo,,26.7,101.0,,
2024-06-01,peaw68a5500,prextoline - lubricantes,0.0,,0,rojo,,205.0,20.0,,
2025-03-01,petracto500,prextoline - lubricantes,0.0,,0,rojo,,30.0,300.0,,
2025-03-01,pk1540ci500,prextoline - lubricantes,470.0,,0,rojo,,36.5,400.0,,
2025-03-01,pl-270x,mann - brasil,49.0,,0,rojo,,11.144481282234192,104.0,,
2024-09-01,po-13010,sakura filter,26.0,,0,rojo,,2.85,25.0,,
2022-03-01,polovalv,sin definicion,0.0,,0,rojo,,,,,
2025-03-01,pp05300055,valvoline,19.0,,0,rojo,,660.0,30.0,,
2024-12-01,pp530,valvoline,0.0,,0,rojo,,21.3,204.0,,
2024-01-01,ps-35,trw - brasil,39.0,,0,rojo,,8.26,220.0,,
2022-08-01,ps-48,trw - brasil,0.0,,0,rojo,,8.17,600.0,,
2023-11-01,ps-831,trw - brasil,28.0,,0,rojo,,10.03,10.0,,
2023-11-01,ps-832,trw - brasil,28.0,,0,rojo,,10.06,40.0,,
2021-10-01,psd-1265-hd,kamura,0.0,,0,rojo,,8.76,60.0,,
2021-10-01,psd-1304-hd,kamura,0.0,,0,rojo,,4.45,40.0,,
2021-10-01,psd-1345-hd,kamura,0.0,,0,rojo,,8.07,200.0,,
2021-10-01,psd-5003 hd,kamura,0.0,,0,rojo,,6.68,60.0,,
2021-10-01,psd-5013-hd,kamura,0.0,,0,rojo,,5.59,80.0,,
2021-10-01,psd-5019-hd,kamura,0.0,,0,rojo,,8.69,60.0,,
2021-10-01,psd-5024-hd,kamura,0.0,,0,rojo,,6.33,60.0,,
2022-04-01,psd-5028-hd,kamura,0.0,,0,rojo,,7.22,60.0,,
2021-10-01,psd-5061-hd,kamura,0.0,,0,rojo,,7.39,40.0,,
2021-10-01,psd-5071-hd,kamura,0.0,,0,rojo,,4.71,40.0,,
2021-10-01,psd-773-hd,kamura,0.0,,0,rojo,,4.3,60.0,,
2021-10-01,psd-816-hd,kamura,0.0,,0,rojo,,7.62,60.0,,
2021-10-01,psd-866-hd,kamura,0.0,,0,rojo,,5.67,60.0,,
2021-10-01,psd-889-hd,kamura,0.0,,0,rojo,,6.04,60.0,,
2021-10-01,psd-906-hd,kamura,0.0,,0,rojo,,6.51,60.0,,
2021-10-01,psd-941-hd,kamura,0.0,,0,rojo,,8.43,60.0,,
2021-10-01,psd-954-hd,kamura,0.0,,0,rojo,,6.25,60.0,,
2025-02-01,pt12.00r20,deruibo,30.0,,0,rojo,,154.0,52.0,,
2025-03-01,ptracto500,prextoline - lubricantes,138.0,,0,rojo,,,,,
2024-12-01,pu-10003/2x,mann - brasil,0.0,,0,rojo,,40.72,8.0,,
2024-12-01,pu-1058/1x,mann - brasil,0.0,,0,rojo,,14.800821633338929,30.0,,
2024-09-01,pu-1058/x,mann - brasil,0.0,,0,rojo,,13.63675515651703,60.0,,
2023-08-01,pu-7005,sin definicion,0.0,,0,rojo,,30.395386408567425,10.0,,
2025-03-01,pu-9009z,mann - brasil,41.0,,0,rojo,,19.231597785949706,50.0,,
2025-03-01,pu-9009zkit,mann - brasil,40.0,,0,rojo,,26.538697872161865,60.0,,
2025-02-01,pu-9015z,mann - brasil,14.0,,0,rojo,,19.23740070462227,60.0,,
2022-05-01,qj16ar-u,denso - bujias - japon,0.0,,0,rojo,,1.42,144.0,,
2021-12-01,r809060500,sin definicion,0.0,,0,rojo,,54.95,10.0,,
2023-05-01,r809065500,sin definicion,0.0,,0,rojo,,594.19,2.0,,
2021-10-01,ra1505324,german cardan - t v a - crucetas,0.0,,0,rojo,,14.0,300.0,,
2021-10-01,ra1505325,german cardan - t v a - crucetas,0.0,,0,rojo,,14.0,300.0,,
2025-03-01,rccd 0113.0,varga,0.0,,0,rojo,,43.98,3.0,,
2023-11-01,rcce 0010.6,varga,0.0,,0,rojo,,12.93,4.0,,
2023-11-01,rcce 0015.7,varga,0.0,,0,rojo,,8.83,4.0,,
2025-03-01,rcce 0024.6,varga,0.0,,0,rojo,,23.07,52.0,,
2025-03-01,rcce 0031.9,varga,0.0,,0,rojo,,29.47,20.0,,
2023-11-01,rcce 0037.8,varga,0.0,,0,rojo,,14.1,8.0,,
2025-03-01,rccm 2790.0,varga,0.0,,0,rojo,,23.88,12.0,,
2025-03-01,rccr 0002.3,varga,8.0,,0,rojo,,6.24,8.0,,
2025-03-01,rccr 00937,varga,0.0,,0,rojo,,16.94,16.0,,
2025-03-01,rccr 2322.8,varga,0.0,,0,rojo,,13.22,8.0,,
2025-03-01,rccr 2324.4,varga,0.0,,0,rojo,,15.73,8.0,,
2025-03-01,rccr 2423.2,varga,0.0,,0,rojo,,17.72,8.0,,
2025-03-01,rccr 2424.0,varga,0.0,,0,rojo,,16.49,8.0,,
2022-04-01,rcdi 0708.0,varga,0.0,,0,rojo,,15.62,6.0,,
2022-04-01,rcdi 0709.0,varga,0.0,,0,rojo,,16.79,6.0,,
2022-04-01,rcdi 0715.0,varga,0.0,,0,rojo,,29.82,10.0,,
2022-04-01,rcdi 0716.0,varga,0.0,,0,rojo,,39.53,6.0,,
2021-09-01,rcms 0045.9,varga,0.0,,0,rojo,,53.42,8.0,,
2023-11-01,rcrs 1813.5,varga,0.0,,0,rojo,,6.07,8.0,,
2022-08-01,rcsf 0019.0,varga,0.0,,0,rojo,,41.65,50.0,,
2022-11-01,rcsf 0068.9,varga,0.0,,0,rojo,,43.15,60.0,,
2025-03-01,re001n,ito koyama - resortes,0.0,,0,rojo,,5.36,164.0,,
2021-05-01,rk2866,fag - alemania,0.0,,0,rojo,,12.82594165802002,600.0,,
2021-09-01,rov1040sn5500,rover - usa,4.0,,0,rojo,,369.0,4.0,,
2021-08-01,rov20504tj025,sin definicion,0.0,,0,rojo,,1.5825,2016.0,,
2022-09-01,rov520025,rover - usa,0.0,,0,rojo,,1.999167,1152.0,,
2025-03-01,rpdi 0019.2,varga,0.0,,0,rojo,,41.52,6.0,,
2022-09-01,rpta 0052.0,varga,0.0,,0,rojo,,18.13,300.0,,
2021-03-01,rrcd 0041.8,varga,0.0,,0,rojo,,2.4,50.0,,
2021-08-01,rrce 0024.2,varga,14.0,,0,rojo,,4.51,11.0,,
2025-02-01,rrcg 0009.8,varga,0.0,,0,rojo,,3.06,20.0,,
2021-04-01,rs3542,baldwin filters,0.0,,0,rojo,,8.84,450.0,,
2021-02-01,rs3545,baldwin filters,0.0,,0,rojo,,7.173,50.0,,
2022-04-01,rs3703,baldwin filters,0.0,,0,rojo,,7.404,20.0,,
2021-06-01,rs3992,baldwin filters,0.0,,0,rojo,,26.265,30.0,,
2021-04-01,rs3993,baldwin filters,0.0,,0,rojo,,25.707,30.0,,
2023-10-01,rs4636,baldwin filters,0.0,,0,rojo,,22.077,50.0,,
2022-04-01,rs4643,baldwin filters,7.0,,0,rojo,,55.674,60.0,,
2024-01-01,rs4862,baldwin filters,0.0,,0,rojo,,27.165,270.0,,
2022-12-01,rs4966,baldwin filters,0.0,,0,rojo,,36.934,200.0,,
2022-09-01,rs5408,baldwin filters,0.0,,0,rojo,,30.36,80.0,,
2025-03-01,rto017,ito koyama - direccion,44.0,,0,rojo,,2.089002,300.0,,
2023-02-01,s-chimpunera,sin definicion,0.0,,0,rojo,,10.131356030596956,0.0,,
2025-03-01,s-overoles,sin definicion,0.0,,0,rojo,,201.37729359526617,50.0,,
2023-02-01,s-paraguas,sin definicion,0.0,,0,rojo,,0.64,200.0,,
2025-03-01,sac-79070,sakura filter,29.0,,0,rojo,,21.76,30.0,,
2021-12-01,sb-008,ito koyama - palieres,0.0,,0,rojo,,8.3,20.0,,
2025-03-01,sb004n,ito koyama - resortes,130.0,,0,rojo,,4.85,160.0,,
2025-03-01,sb005n,ito koyama - resortes,12.0,,0,rojo,,6.3,120.0,,
2021-07-01,sb71240 0.50spa,mahle - brasil,0.0,,0,rojo,,41.73,10.0,,
2023-01-01,sb71340 stdspa,mahle - brasil,15.0,,0,rojo,,36.128,30.0,,
2024-08-01,scdw-417,seco - embragues,16.0,,0,rojo,,11.15,30.0,,
2025-03-01,schd-108,seco - embragues,24.0,,0,rojo,,19.71,30.0,,
2024-07-01,schd-162,seco - embragues,24.0,,0,rojo,,16.71,30.0,,
2024-11-01,schd-309,seco - embragues,40.0,,0,rojo,,18.28,80.0,,
2025-02-01,schd-337,seco - embragues,79.0,,0,rojo,,15.67,100.0,,
2025-02-01,schd-338,seco - embragues,17.0,,0,rojo,,10.39,30.0,,
2024-04-01,schd-379,seco - embragues,0.0,,0,rojo,,19.25,50.0,,
2021-12-01,schd-415,seco - embragues,0.0,,0,rojo,,24.47,30.0,,
2025-04-01,schd-644,seco - embragues,0.0,,0,rojo,,21.3,800.0,,
2024-08-01,schd-649,seco - embragues,0.0,,0,rojo,,24.66,50.0,,
2025-02-01,scki-571,seco - embragues,10.0,,0,rojo,,15.2,60.0,,
2025-02-01,scki-637,seco - embragues,23.0,,0,rojo,,16.0,50.0,,
2025-01-01,scns-086,seco - embragues,0.0,,0,rojo,,15.03,50.0,,
2024-11-01,scns-088,seco - embragues,41.0,,0,rojo,,17.75,50.0,,
2024-08-01,scns-526,seco - embragues,0.0,,0,rojo,,31.19,50.0,,
2025-03-01,sct-001,aisin - japon,71.0,,0,rojo,,53.64,100.0,,
2025-03-01,sct-003,aisin - japon,60.0,,0,rojo,,53.64,100.0,,
2023-06-01,scty-239,seco - embragues,0.0,,0,rojo,,16.27,50.0,,
2024-08-01,scty-313,seco - embragues,32.0,,0,rojo,,25.96,50.0,,
2024-07-01,scty-446,seco - embragues,23.0,,0,rojo,,24.94,50.0,,
2025-01-01,scya-090,seco - embragues,94.0,,0,rojo,,17.15,100.0,,
2024-01-01,sd295/80r22.5,deruibo,0.0,,0,rojo,,108.0,80.0,,
2023-05-01,sd315/80r22.5,deruibo,0.0,,0,rojo,,107.0,30.0,,
2024-10-01,sddw-223,seco - embragues,0.0,,0,rojo,,10.13,100.0,,
2024-10-01,sddw-485,seco - embragues,12.0,,0,rojo,,9.5,30.0,,
2023-03-01,sdhd-085,seco - embragues,0.0,,0,rojo,,15.51,30.0,,
2023-10-01,sdhd-175,seco - embragues,46.0,,0,rojo,,40.7,50.0,,
2024-07-01,sdhd-262,seco - embragues,28.0,,0,rojo,,31.56,30.0,,
2025-03-01,sdhd-291,seco - embragues,12.0,,0,rojo,,13.01,50.0,,
2021-05-01,sdhd-369,seco - embragues,0.0,,0,rojo,,19.84,50.0,,
2025-02-01,sdhd-640,seco - embragues,24.0,,0,rojo,,18.89,50.0,,
2025-04-01,sdhd-649,seco - embragues,130.0,,0,rojo,,23.14,800.0,,
2024-08-01,sdhd-650,seco - embragues,0.0,,0,rojo,,22.15,50.0,,
2024-07-01,sdis-102,seco - embragues,0.0,,0,rojo,,23.07,50.0,,
2023-06-01,sdki-032,seco - embragues,0.0,,0,rojo,,9.69,20.0,,
2024-07-01,sdki-325,seco - embragues,21.0,,0,rojo,,25.17,30.0,,
2025-02-01,sdki-566,seco - embragues,8.0,,0,rojo,,16.81,100.0,,
2024-10-01,sdmb-553,seco - embragues,0.0,,0,rojo,,24.7,50.0,,
2024-07-01,sdns-143,seco - embragues,0.0,,0,rojo,,14.64,50.0,,
2025-03-01,sdns-304,seco - embragues,14.0,,0,rojo,,14.82,50.0,,
2025-02-01,sdty-197,seco - embragues,5.0,,0,rojo,,21.96,50.0,,
2025-02-01,sdty-346,seco - embragues,0.0,,0,rojo,,18.94,50.0,,
2021-03-01,set11,timken - rodajes,0.0,,0,rojo,,3.56,50.0,,
2022-09-01,set13,timken - rodajes,0.0,,0,rojo,,3.35,30.0,,
2021-10-01,set318,timken - rodajes,0.0,,0,rojo,,5.2,20.0,,
2023-11-01,set4,timken - rodajes,0.0,,0,rojo,,2.87,300.0,,
2021-06-01,set403,timken - rodajes,0.0,,0,rojo,,39.04,10.0,,
2021-04-01,set404,timken - rodajes,0.0,,0,rojo,,35.6,3.0,,
2021-11-01,set5,timken - rodajes,0.0,,0,rojo,,3.6,300.0,,
2021-11-01,set6,timken - rodajes,0.0,,0,rojo,,3.23,100.0,,
2021-10-01,set8,timken - rodajes,0.0,,0,rojo,,2.78,50.0,,
2022-04-01,sf-1906-30,sakura filter,0.0,,0,rojo,,2.44,50.0,,
2025-02-01,sf-1913-10,sakura filter,48.0,,0,rojo,,3.55,50.0,,
2024-10-01,sf-1913-2,sakura filter,75.0,,0,rojo,,4.25,50.0,,
2025-03-01,sf-57020-25,sakura filter,91.0,,0,rojo,,3.56,60.0,,
2025-03-01,sf-57080,sakura filter,106.0,,0,rojo,,5.75,75.0,,
2025-01-01,sf-72011,sakura filter,41.0,,0,rojo,,2.73,16.0,,
2025-01-01,sf-73010,sakura filter,239.0,,0,rojo,,9.0,90.0,,
2025-02-01,sf-79080,sakura filter,86.0,,0,rojo,,4.65,108.0,,
2025-02-01,sf-88040,sakura filter,91.0,,0,rojo,,2.25,100.0,,
2021-10-01,sfal040,sin definicion,0.0,,0,rojo,,8.698214,140.0,,
2025-03-01,sfc-28210,sakura filter,93.0,,0,rojo,,7.25,36.0,,
2024-12-01,sfc-38020-02,sakura filter,107.0,,0,rojo,,8.0,24.0,,
2025-01-01,sfc-38110,sakura filter,211.0,,0,rojo,,17.0,24.0,,
2025-02-01,sfc-53050-30,sakura filter,335.0,,0,rojo,,5.95,132.0,,
2021-05-01,sfc-53070-10,sin definicion,0.0,,0,rojo,,6.0,252.0,,
2024-02-01,sfc-5401,sakura filter,44.0,,0,rojo,,6.0,30.0,,
2025-02-01,sfc-5504-30,sakura filter,46.0,,0,rojo,,8.75,100.0,,
2023-03-01,sfc-5505,sakura filter,239.0,,0,rojo,,4.75,252.0,,
2024-11-01,sfc-57040,sakura filter,41.0,,0,rojo,,5.98,96.0,,
2023-05-01,sfc-5707,sakura filter,0.0,,0,rojo,,8.0,18.0,,
2025-04-01,sfc-57190,sakura filter,3.0,,0,rojo,,6.62,120.0,,
2025-03-01,sfc-76170-30,sakura filter,75.0,,0,rojo,,4.4,48.0,,
2024-08-01,sfc-7901-30b,sakura filter,112.0,,0,rojo,,8.85,130.0,,
2024-09-01,sfc-79170,sakura filter,327.0,,0,rojo,,3.2,200.0,,
2021-10-01,sfc-7919,sakura filter,0.0,,0,rojo,,3.47,61.0,,
2025-03-01,sfc-83120-30b,sakura filter,1817.0,,0,rojo,,9.0,108.0,,
2025-03-01,sfc-89020,sakura filter,34.0,,0,rojo,,6.3,36.0,,
2022-01-01,sht265/70r17,deruibo,0.0,,0,rojo,,814.4541346863914,6.0,,
2025-01-01,sk005n,ito koyama - resortes,0.0,,0,rojo,,3.75,408.0,,
2025-03-01,sk010n,ito koyama - resortes,104.0,,0,rojo,,4.94,78.0,,
2025-03-01,sk013n,ito koyama - resortes,192.0,,0,rojo,,6.62,288.0,,
2025-03-01,sk014n,ito koyama - resortes,280.0,,0,rojo,,9.35,420.0,,
2025-01-01,sk017n,ito koyama - resortes,102.0,,0,rojo,,5.46,200.0,,
2025-03-01,sk019n,ito koyama - resortes,96.0,,0,rojo,,5.25,152.0,,
2025-03-01,sk020n,ito koyama - resortes,190.0,,0,rojo,,4.41,200.0,,
2025-03-01,sk022n,ito koyama - resortes,402.0,,0,rojo,,4.5,448.0,,
2025-02-01,sk023n,ito koyama - resortes,0.0,,0,rojo,,4.3,448.0,,
2022-05-01,sk14,sin definicion,0.0,,0,rojo,,1.12,300.0,,
2022-09-01,sk16,sin definicion,0.0,,0,rojo,,0.84,100.0,,
2022-01-01,skf-1209ektn9c3,skf - rodajes,0.0,,0,rojo,,15.63,20.0,,
2023-07-01,skf-1211ektn9c3,skf - rodajes,0.0,,0,rojo,,6.6,10.0,,
2024-04-01,skf-1215k,skf - rodajes,0.0,,0,rojo,,42.45,4.0,,
2022-01-01,skf-22211ek/c3,skf - rodajes,0.0,,0,rojo,,41.73,10.0,,
2021-02-01,skf-22215ek/c3,skf - rodajes,0.0,,0,rojo,,69.71,6.0,,
2023-06-01,skf-3204a,skf - rodajes,0.0,,0,rojo,,9.6,20.0,,
2024-07-01,skf-3205a,skf - rodajes,12.0,,0,rojo,,5.4,20.0,,
2023-06-01,skf-3206a,skf - rodajes,0.0,,0,rojo,,16.0,20.0,,
2024-07-01,skf-3302a,skf - rodajes,10.0,,0,rojo,,9.8,20.0,,
2024-07-01,skf-3303a,skf - rodajes,16.0,,0,rojo,,4.8,20.0,,
2024-07-01,skf-3304a,skf - rodajes,12.0,,0,rojo,,6.0,20.0,,
2024-07-01,skf-3305a,skf - rodajes,4.0,,0,rojo,,16.5,10.0,,
2024-04-01,skf-3310a,skf - rodajes,0.0,,0,rojo,,62.0,10.0,,
2024-04-01,skf-3312a,skf - rodajes,0.0,,0,rojo,,79.0,10.0,,
2023-09-01,skf-6000-2rsh/c3,skf - rodajes,0.0,,0,rojo,,0.81,200.0,,
2024-01-01,skf-6000-2z/c3,skf - rodajes,0.0,,0,rojo,,0.81,100.0,,
2024-01-01,skf-6001-2z/c3,skf - rodajes,0.0,,0,rojo,,0.84,60.0,,
2021-11-01,skf-6002-2rshc3,skf - rodajes,0.0,,0,rojo,,1.64,500.0,,
2022-09-01,skf-6002-2z,skf - rodajes,0.0,,0,rojo,,1.33,300.0,,
2021-12-01,skf-6002-2z/c3,skf - rodajes,0.0,,0,rojo,,1.43,200.0,,
2022-04-01,skf-6003-2rsh,skf - rodajes,0.0,,0,rojo,,1.71,200.0,,
2022-09-01,skf-6003-2z,skf - rodajes,0.0,,0,rojo,,1.37,184.0,,
2023-10-01,skf-6004-2rshc3,skf - rodajes,0.0,,0,rojo,,1.35,120.0,,
2021-04-01,skf-6005-2rs1,skf - rodajes,0.0,,0,rojo,,2.46,280.0,,
2023-07-01,skf-6005-2z/c3,skf - rodajes,0.0,,0,rojo,,1.5,50.0,,
2022-09-01,skf-6006-2z,skf - rodajes,0.0,,0,rojo,,2.6,50.0,,
2021-03-01,skf-6006-2z/c3,skf - rodajes,0.0,,0,rojo,,2.7,200.0,,
2021-06-01,skf-6007-2rs1,skf - rodajes,0.0,,0,rojo,,3.2742924446821213,100.0,,
2022-04-01,skf-6007-2z,skf - rodajes,0.0,,0,rojo,,3.27,50.0,,
2024-01-01,skf-6007-2z/c3,skf - rodajes,0.0,,0,rojo,,2.25,30.0,,
2023-07-01,skf-6008-2rs1c3,skf - rodajes,0.0,,0,rojo,,2.64,50.0,,
2024-04-01,skf-6008-2z/c3,skf - rodajes,0.0,,0,rojo,,2.64,30.0,,
2023-10-01,skf-6009-2rs1c3,skf - rodajes,0.0,,0,rojo,,3.3,30.0,,
2023-09-01,skf-6010-2rs1c3,skf - rodajes,0.0,,0,rojo,,3.3,30.0,,
2024-01-01,skf-6010-2z/c3,skf - rodajes,0.0,,0,rojo,,3.9,30.0,,
2021-11-01,skf-6011-2z/c3,skf - rodajes,0.0,,0,rojo,,8.67,20.0,,
2021-12-01,skf-6012-2z,skf - rodajes,0.0,,0,rojo,,8.905788166046143,20.0,,
2021-03-01,skf-6012-2z/c3,skf - rodajes,0.0,,0,rojo,,8.95,20.0,,
2023-08-01,skf-6016-2rs1/c3,skf - rodajes,0.0,,0,rojo,,10.5,20.0,,
2023-12-01,skf-607-2rsh/c3,skf - rodajes,0.0,,0,rojo,,0.69,200.0,,
2024-08-01,skf-607-2z,skf - rodajes,0.0,,0,rojo,,0.69,20.0,,
2024-04-01,skf-608-2rsh,skf - rodajes,0.0,,0,rojo,,0.75,200.0,,
2024-04-01,skf-609-2rs1,skf - rodajes,114.0,,0,rojo,,1.6236950719356538,200.0,,
2023-06-01,skf-609-2rsh/c3,skf - rodajes,0.0,,0,rojo,,0.84,50.0,,
2024-03-01,skf-609-2z/c3,skf - rodajes,55.0,,0,rojo,,0.81,100.0,,
2023-06-01,skf-6200-2z,skf - rodajes,0.0,,0,rojo,,0.96,10.0,,
2022-04-01,skf-6201-2rsh,skf - rodajes,0.0,,0,rojo,,1.48,200.0,,
2023-02-01,skf-6201-2z,skf - rodajes,0.0,,0,rojo,,1.32,200.0,,
2024-01-01,skf-6202-2z/c3,skf - rodajes,0.0,,0,rojo,,1.05,200.0,,
2022-01-01,skf-6203-2rsh,skf - rodajes,0.0,,0,rojo,,1.82,500.0,,
2021-08-01,skf-6205-2z,skf - rodajes,0.0,,0,rojo,,2.06,200.0,,
2023-12-01,skf-6205-2z/c3,skf - rodajes,0.0,,0,rojo,,1.71,200.0,,
2023-07-01,skf-6206-2rs1,skf - rodajes,0.0,,0,rojo,,2.55,150.0,,
2024-04-01,skf-6207-2rs1,skf - rodajes,0.0,,0,rojo,,3.3,100.0,,
2024-01-01,skf-6208-2rs1c3,skf - rodajes,0.0,,0,rojo,,4.2,100.0,,
2021-02-01,skf-6209-2z,skf - rodajes,0.0,,0,rojo,,6.54,20.0,,
2024-01-01,skf-6209-2z/c3,skf - rodajes,0.0,,0,rojo,,4.8,100.0,,
2021-08-01,skf-6210-2rs1,skf - rodajes,0.0,,0,rojo,,9.7,30.0,,
2023-06-01,skf-6210-2z/c3,skf - rodajes,0.0,,0,rojo,,6.0,30.0,,
2021-02-01,skf-6211-2rs1,skf - rodajes,0.0,,0,rojo,,10.464301095104219,50.0,,
2024-01-01,skf-6211-2rs1c3,skf - rodajes,0.0,,0,rojo,,7.5,30.0,,
2024-01-01,skf-6211-2z/c3,skf - rodajes,0.0,,0,rojo,,7.5,30.0,,
2021-05-01,skf-6212-2rs1,skf - rodajes,0.0,,0,rojo,,16.49848549604416,30.0,,
2023-12-01,skf-6212-2rs1c3,skf - rodajes,0.0,,0,rojo,,8.4,30.0,,
2021-10-01,skf-6213-2rs1,skf - rodajes,0.0,,0,rojo,,23.461848925352097,20.0,,
2021-04-01,skf-6213-2rs1c3,skf - rodajes,0.0,,0,rojo,,20.77,30.0,,
2021-05-01,skf-6213-2z/c3,skf - rodajes,0.0,,0,rojo,,24.74,20.0,,
2024-01-01,skf-62201-2rs1,skf - rodajes,0.0,,0,rojo,,1.2,200.0,,
2023-10-01,skf-625-2rs1,skf - rodajes,0.0,,0,rojo,,0.75,200.0,,
2023-08-01,skf-625-2z,skf - rodajes,0.0,,0,rojo,,0.75,50.0,,
2024-02-01,skf-627-2rsh/c3,skf - rodajes,0.0,,0,rojo,,0.72,30.0,,
2024-07-01,skf-629-2z/c3,skf - rodajes,45.0,,0,rojo,,1.27,200.0,,
2024-01-01,skf-6300-2rsh,skf - rodajes,0.0,,0,rojo,,1.91,100.0,,
2024-06-01,skf-6300-2z,skf - rodajes,27.0,,0,rojo,,1.598014408826828,50.0,,
2024-01-01,skf-6300-2z/c3,skf - rodajes,0.0,,0,rojo,,1.69,100.0,,
2021-12-01,skf-6301-2z,skf - rodajes,0.0,,0,rojo,,1.63,100.0,,
2024-02-01,skf-6301-2z/c3,skf - rodajes,0.0,,0,rojo,,1.26,30.0,,
2024-04-01,skf-6302-2rsh/c3,skf - rodajes,0.0,,0,rojo,,1.35,100.0,,
2021-07-01,skf-6302-2z/c3,skf - rodajes,0.0,,0,rojo,,1.9,100.0,,
2023-09-01,skf-6303-2rsh,skf - rodajes,0.0,,0,rojo,,1.65,100.0,,
2023-11-01,skf-6303-2rsh/c3,skf - rodajes,0.0,,0,rojo,,1.65,300.0,,
2021-04-01,skf-6303-2z,skf - rodajes,0.0,,0,rojo,,2.016476608943939,50.0,,
2021-04-01,skf-6303-2z/c3,skf - rodajes,0.0,,0,rojo,,2.21,100.0,,
2023-05-01,skf-6304-2rsh/c3,skf - rodajes,0.0,,0,rojo,,1.8,150.0,,
2023-10-01,skf-6304-2z/c3,skf - rodajes,0.0,,0,rojo,,2.1,100.0,,
2021-02-01,skf-6305-2rs1,skf - rodajes,0.0,,0,rojo,,3.51,400.0,,
2021-03-01,skf-6305-2z,skf - rodajes,0.0,,0,rojo,,3.22,200.0,,
2023-07-01,skf-6306-2rs1c3,skf - rodajes,0.0,,0,rojo,,3.9,150.0,,
2021-05-01,skf-6306-2z,skf - rodajes,0.0,,0,rojo,,4.45,50.0,,
2021-04-01,skf-6306-2z/c3,skf - rodajes,0.0,,0,rojo,,4.45,500.0,,
2021-02-01,skf-6307-2rs1,skf - rodajes,0.0,,0,rojo,,7.497330265045166,100.0,,
2021-10-01,skf-6307-2rs1c3,skf - rodajes,0.0,,0,rojo,,6.97,300.0,,
2021-02-01,skf-6307-2z,skf - rodajes,0.0,,0,rojo,,6.28,50.0,,
2021-03-01,skf-6308-2rs1,skf - rodajes,0.0,,0,rojo,,9.409432033097744,200.0,,
2024-06-01,skf-6308-2z/c3,skf - rodajes,0.0,,0,rojo,,7.84,300.0,,
2024-03-01,skf-6309-2z,skf - rodajes,0.0,,0,rojo,,8.1,30.0,,
2023-10-01,skf-6309-2zc3,skf - rodajes,0.0,,0,rojo,,8.1,50.0,,
2023-07-01,skf-6310-2rs1c3,skf - rodajes,0.0,,0,rojo,,10.5,30.0,,
2021-03-01,skf-6310-2z,skf - rodajes,0.0,,0,rojo,,13.96,20.0,,
2023-10-01,skf-6310-2z/c3,skf - rodajes,0.0,,0,rojo,,10.5,30.0,,
2023-07-01,skf-6311-2rs1c3,skf - rodajes,0.0,,0,rojo,,12.0,30.0,,
2024-04-01,skf-6311-2z/c3,skf - rodajes,0.0,,0,rojo,,12.0,30.0,,
2023-12-01,skf-6312-2rs1c3,skf - rodajes,0.0,,0,rojo,,15.0,30.0,,
2023-07-01,skf-6312-2z/c3,skf - rodajes,0.0,,0,rojo,,15.0,30.0,,
2023-06-01,skf-6313-2rs1c3,skf - rodajes,0.0,,0,rojo,,17.1,20.0,,
2023-06-01,skf-6313-2z/c3,skf - rodajes,0.0,,0,rojo,,17.1,20.0,,
2023-06-01,skf-6314-2rs1c3,skf - rodajes,0.0,,0,rojo,,21.0,20.0,,
2023-06-01,skf-6314-2z/c3,skf - rodajes,0.0,,0,rojo,,21.0,20.0,,
2024-04-01,skf-lm11949/910,skf - rodajes,0.0,,0,rojo,,3.3,50.0,,
2024-04-01,skf-lm67048/010,skf - rodajes,0.0,,0,rojo,,3.6,20.0,,
2022-10-01,skhd-013,seco - embragues,0.0,,0,rojo,,37.47,30.0,,
2025-03-01,skhd-6449-lb,seco - embragues,0.0,,0,rojo,,45.7181,200.0,,
2024-04-01,skki-138,seco - embragues,0.0,,0,rojo,,33.83,100.0,,
2025-03-01,skr-micro0.9,sakura - radiadores,1221.0,,0,rojo,,1.1,180.0,,
2025-03-01,skr-micro1.1,sakura - radiadores,1346.0,,0,rojo,,1.1,1440.0,,
2025-03-01,skr-mini0.9,sakura - radiadores,1053.0,,0,rojo,,1.1,360.0,,
2025-03-01,skr-mini1.1,sakura - radiadores,923.0,,0,rojo,,1.1,540.0,,
2023-08-01,sm001,ito koyama - torretas,0.0,,0,rojo,,1.76,90.0,,
2023-08-01,sm002,ito koyama - torretas,0.0,,0,rojo,,2.11,90.0,,
2023-07-01,sm004,ito koyama - torretas,0.0,,0,rojo,,5.02,60.0,,
2023-09-01,sm007,ito koyama - torretas,0.0,,0,rojo,,2.82,300.0,,
2023-07-01,sm011,ito koyama - torretas,0.0,,0,rojo,,7.76,60.0,,
2023-08-01,sm012,ito koyama - torretas,0.0,,0,rojo,,4.73,120.0,,
2023-07-01,sm015,ito koyama - torretas,0.0,,0,rojo,,6.09,120.0,,
2023-04-01,sm022,ito koyama - torretas,0.0,,0,rojo,,4.52,200.0,,
2023-05-01,sm023,ito koyama - torretas,0.0,,0,rojo,,4.52,200.0,,
2023-06-01,sm036,ito koyama - torretas,0.0,,0,rojo,,4.22,90.0,,
2023-07-01,sm037,ito koyama - torretas,0.0,,0,rojo,,4.22,60.0,,
2024-04-01,sm049,ito koyama - torretas,0.0,,0,rojo,,0.6,120.0,,
2023-08-01,sm050,ito koyama - torretas,0.0,,0,rojo,,0.8,240.0,,
2023-08-01,sm052,ito koyama - torretas,0.0,,0,rojo,,4.62,120.0,,
2023-07-01,sm11r22.5,deruibo,0.0,,0,rojo,,99.0,130.0,,
2023-10-01,sm315/80r22.5,deruibo,2.0,,0,rojo,,107.0,30.0,,
2024-10-01,sp-2081-2,mann - brasil,0.0,,0,rojo,,61.11450374126434,84.0,,
2021-09-01,srb-02,seco - embragues,0.0,,0,rojo,,5.75,100.0,,
2025-03-01,srb-04,seco - embragues,38.0,,0,rojo,,5.96,50.0,,
2021-12-01,srb-07,seco - embragues,0.0,,0,rojo,,7.23,50.0,,
2024-07-01,srb-116,seco - embragues,192.0,,0,rojo,,9.94,200.0,,
2023-06-01,srch002,ito koyama - cremalleras,0.0,,0,rojo,,69.02,30.0,,
2025-03-01,srhy004,ito koyama - cremalleras,12.0,,0,rojo,,32.0,20.0,,
2025-03-01,srhy005,ito koyama - cremalleras,19.0,,0,rojo,,32.0,30.0,,
2025-01-01,srhy010,ito koyama - cremalleras,34.0,,0,rojo,,38.0,40.0,,
2024-12-01,srki002,ito koyama - cremalleras,0.0,,0,rojo,,42.0,20.0,,
2023-08-01,srni002,ito koyama - cremalleras,0.0,,0,rojo,,56.84,20.0,,
2025-02-01,srni008,ito koyama - cremalleras,21.0,,0,rojo,,72.0,25.0,,
2025-03-01,srsk001,ito koyama - cremalleras,33.0,,0,rojo,,60.0,40.0,,
2025-03-01,srsk003,ito koyama - cremalleras,16.0,,0,rojo,,85.0,20.0,,
2025-01-01,srto005,ito koyama - cremalleras,0.0,,0,rojo,,59.0,30.0,,
2021-04-01,srto006,sin definicion,0.0,,0,rojo,,78.0,100.0,,
2025-02-01,srto010,ito koyama - cremalleras,24.0,,0,rojo,,24.0,30.0,,
2025-02-01,srto012,ito koyama - cremalleras,0.0,,0,rojo,,53.0,20.0,,
2025-01-01,srto013,ito koyama - cremalleras,0.0,,0,rojo,,38.0,40.0,,
2024-12-01,srto016,ito koyama - cremalleras,0.0,,0,rojo,,40.0,20.0,,
2024-12-01,srvw002,ito koyama - cremalleras,25.0,,0,rojo,,58.0,30.0,,
2024-04-01,ssucfl205,nas - chumaceras,10.0,,0,rojo,,9.5,50.0,,
2022-08-01,ssucfl20516,nas - chumaceras,17.0,,0,rojo,,9.5,50.0,,
2024-12-01,ssucp20516,nas - chumaceras,11.0,,0,rojo,,10.5,50.0,,
2021-06-01,ssucp20720,nas - chumaceras,20.0,,0,rojo,,18.6,50.0,,
2024-12-01,ssucp20824,nas - chumaceras,14.0,,0,rojo,,18.9,50.0,,
2021-10-01,st-1538,toyo - japon,0.0,,0,rojo,,3.57,100.0,,
2022-01-01,st-1948,toyo - japon,0.0,,0,rojo,,5.08,50.0,,
2024-04-01,std295/80r22.5,deruibo,0.0,,0,rojo,,91.0,30.0,,
2024-08-01,stm11r22.5,deruibo,0.0,,0,rojo,,88.0,404.0,,
2024-03-01,stm12r22.5,deruibo,0.0,,0,rojo,,100.0,50.0,,
2024-05-01,stp12r22.5,deruibo,0.0,,0,rojo,,115.0,34.0,,
2024-04-01,stpp12r22.5,deruibo,0.0,,0,rojo,,117.0,34.0,,
2025-03-01,szc512,exedy - japon,1.0,,0,rojo,,19.39,20.0,,
2025-02-01,szc522,exedy - japon,0.0,,0,rojo,,32.61,8.0,,
2025-03-01,szc527,exedy - japon,76.0,,0,rojo,,20.47,120.0,,
2025-03-01,szc548u,exedy - japon,39.0,,0,rojo,,36.25,60.0,,
2025-03-01,szd005,exedy - japon,4.0,,0,rojo,,21.05,20.0,,
2025-03-01,szd027u,exedy - japon,52.0,,0,rojo,,21.44,80.0,,
2025-03-01,szd039,exedy - japon,24.0,,0,rojo,,21.01,40.0,,
2025-03-01,t017n,ito koyama - resortes,30.0,,0,rojo,,8.4,152.0,,
2024-11-01,t022n,ito koyama - resortes,2.0,,0,rojo,,5.57,304.0,,
2025-03-01,t025n,ito koyama - resortes,58.0,,0,rojo,,5.09,152.0,,
2025-03-01,t026n,ito koyama - resortes,80.0,,0,rojo,,4.25,184.0,,
2025-03-01,t028n,ito koyama - resortes,90.0,,0,rojo,,3.94,304.0,,
2024-10-01,t032n,ito koyama - resortes,0.0,,0,rojo,,,,,
2021-06-01,t034,sin definicion,0.0,,0,rojo,,4.5,60.0,,
2025-03-01,t038n,ito koyama - resortes,131.0,,0,rojo,,4.5,744.0,,
2025-03-01,t041n,ito koyama - resortes,0.0,,0,rojo,,5.9,184.0,,
2025-03-01,t1003,ito koyama - trapecios,23.0,,0,rojo,,18.857,30.0,,
2025-03-01,t1004,ito koyama - trapecios,23.0,,0,rojo,,18.857,30.0,,
2025-03-01,t1007,ito koyama - trapecios,47.0,,0,rojo,,3.5,100.0,,
2025-03-01,t1008,ito koyama - trapecios,55.0,,0,rojo,,3.5,100.0,,
2024-10-01,t1093,ito koyama - trapecios,2.0,,0,rojo,,8.857,30.0,,
2024-10-01,t1094,ito koyama - trapecios,0.0,,0,rojo,,8.857,30.0,,
2025-03-01,t1110,ito koyama - trapecios,91.0,,0,rojo,,6.9,100.0,,
2025-03-01,t1111,ito koyama - trapecios,88.0,,0,rojo,,6.9,100.0,,
2022-05-01,t1156,sin definicion,0.0,,0,rojo,,14.85,40.0,,
2025-03-01,t1163,ito koyama - trapecios,25.0,,0,rojo,,9.86,40.0,,
2025-03-01,t1164,ito koyama - trapecios,25.0,,0,rojo,,9.86,40.0,,
2025-01-01,t1173,ito koyama - trapecios,32.0,,0,rojo,,15.22,40.0,,
2025-01-01,t1173l,ito koyama - trapecios,32.0,,0,rojo,,15.22,40.0,,
2024-10-01,t1178,ito koyama - trapecios,22.0,,0,rojo,,9.714333,30.0,,
2025-01-01,t1179,ito koyama - trapecios,20.0,,0,rojo,,9.714333,30.0,,
2024-06-01,t1184,ito koyama - trapecios,0.0,,0,rojo,,3.67,40.0,,
2025-03-01,t1198,ito koyama - trapecios,0.0,,0,rojo,,11.14,50.0,,
2025-03-01,t1199,ito koyama - trapecios,0.0,,0,rojo,,11.14,50.0,,
2022-09-01,t1220,sin definicion,0.0,,0,rojo,,,,,
2022-09-01,t1221,sin definicion,0.0,,0,rojo,,,,,
2021-11-01,t1224,sin definicion,0.0,,0,rojo,,,,,
2021-10-01,t1225,sin definicion,0.0,,0,rojo,,,,,
2025-03-01,t1234,ito koyama - trapecios,56.0,,0,rojo,,15.43,80.0,,
2025-03-01,t1235,ito koyama - trapecios,56.0,,0,rojo,,15.43,80.0,,
2025-02-01,t1236,ito koyama - trapecios,2.0,,0,rojo,,14.29,20.0,,
2024-09-01,t1237,ito koyama - trapecios,0.0,,0,rojo,,14.29,20.0,,
2025-03-01,t1238,ito koyama - trapecios,48.0,,0,rojo,,5.43,61.0,,
2025-03-01,t1239,ito koyama - trapecios,49.0,,0,rojo,,5.43,61.0,,
2025-03-01,t1240,ito koyama - trapecios,47.0,,0,rojo,,,,,
2025-03-01,t1241,ito koyama - trapecios,47.0,,0,rojo,,,,,
2023-01-01,t1801-01,zekiturbo,0.0,,0,rojo,,330.0,2.0,,
2022-07-01,tapasoles,sin definicion,0.0,,0,rojo,,8.220417125806332,1000.0,,
2025-04-01,tb-1374/13x,mann - brasil,449.0,,0,rojo,,15.623089501857757,201.0,,
2021-09-01,tb-1396x,sin definicion,0.0,,0,rojo,,50.00115933895111,20.0,,
2023-08-01,tb-15001zkit,mann - brasil,0.0,,0,rojo,,72.95852045536041,30.0,,
2025-03-01,tc-4301,sakura filter,133.0,,0,rojo,,3.0,50.0,,
2024-05-01,tc-7901,sakura filter,157.0,,0,rojo,,1.56,36.0,,
2025-01-01,te-11050,sakura filter,95.0,,0,rojo,,4.15,40.0,,
2025-01-01,te-13020,sakura filter,58.0,,0,rojo,,5.5,126.0,,
2025-03-01,te-18680,sakura filter,239.0,,0,rojo,,0.9,300.0,,
2022-10-01,televisor,sin definicion,0.0,,0,rojo,,5430.252916681091,1.0,,
2025-01-01,tgts-002,aisin - japon,2.0,,0,rojo,,112.28,10.0,,
2025-03-01,tjbyd02,ito koyama - tricetas,16.0,,0,rojo,,2.85,200.0,,
2025-02-01,tjbyd03,ito koyama - tricetas,0.0,,0,rojo,,2.25,200.0,,
2025-03-01,tjch01,ito koyama - tricetas,115.0,,0,rojo,,2.15,200.0,,
2025-03-01,tjch02,ito koyama - tricetas,340.0,,0,rojo,,1.9,800.0,,
2025-03-01,tjch03,ito koyama - tricetas,94.0,,0,rojo,,2.3,250.0,,
2025-01-01,tjch04,ito koyama - tricetas,65.0,,0,rojo,,1.79,200.0,,
2025-03-01,tjdw01,ito koyama - tricetas,1555.0,,0,rojo,,1.45,2000.0,,
2025-03-01,tjfd01,ito koyama - tricetas,91.0,,0,rojo,,4.75,200.0,,
2025-04-01,tjft01,ito koyama - tricetas,119.0,,0,rojo,,2.19,200.0,,
2025-01-01,tjgw01,ito koyama - tricetas,0.0,,0,rojo,,2.0,200.0,,
2025-03-01,tjhn01,ito koyama - tricetas,122.0,,0,rojo,,4.15,200.0,,
2025-03-01,tjhn02,ito koyama - tricetas,215.0,,0,rojo,,4.15,300.0,,
2025-03-01,tjhy02,ito koyama - tricetas,631.0,,0,rojo,,2.1,1000.0,,
2025-03-01,tjhy03,ito koyama - tricetas,20.0,,0,rojo,,4.25,200.0,,
2025-03-01,tjhy05,ito koyama - tricetas,140.0,,0,rojo,,1.85,349.0,,
2025-03-01,tjhy06,ito koyama - tricetas,83.0,,0,rojo,,1.9,200.0,,
2025-03-01,tjhy07,ito koyama - tricetas,31.0,,0,rojo,,1.84,200.0,,
2025-03-01,tjhy09,ito koyama - tricetas,182.0,,0,rojo,,2.35,300.0,,
2025-02-01,tjhy10,ito koyama - tricetas,0.0,,0,rojo,,4.6,200.0,,
2025-03-01,tjki01,ito koyama - tricetas,8.0,,0,rojo,,1.45,300.0,,
2025-04-01,tjki05,ito koyama - tricetas,791.0,,0,rojo,,1.79,1200.0,,
2025-03-01,tjki06,ito koyama - tricetas,70.0,,0,rojo,,4.1,250.0,,
2025-03-01,tjki07,ito koyama - tricetas,67.0,,0,rojo,,2.19,200.0,,
2025-03-01,tjmi01,ito koyama - tricetas,15.0,,0,rojo,,2.88,100.0,,
2025-03-01,tjmi02,ito koyama - tricetas,140.0,,0,rojo,,2.6,200.0,,
2025-03-01,tjni01,ito koyama - tricetas,302.0,,0,rojo,,2.45,400.0,,
2025-03-01,tjni02,ito koyama - tricetas,607.0,,0,rojo,,2.9,750.0,,
2025-03-01,tjni03,ito koyama - tricetas,878.0,,0,rojo,,2.05,1200.0,,
2025-03-01,tjni05,ito koyama - tricetas,31.0,,0,rojo,,2.3,200.0,,
2025-03-01,tjni06,ito koyama - tricetas,283.0,,0,rojo,,2.6,400.0,,
2025-03-01,tjni07,ito koyama - tricetas,422.0,,0,rojo,,2.95,850.0,,
2025-04-01,tjni09,ito koyama - tricetas,463.0,,0,rojo,,1.74,750.0,,
2025-03-01,tjni11,ito koyama - tricetas,49.0,,0,rojo,,1.8,200.0,,
2024-11-01,tjsk02,ito koyama - tricetas,0.0,,0,rojo,,2.1,200.0,,
2025-03-01,tjsk03,ito koyama - tricetas,43.0,,0,rojo,,1.95,200.0,,
2024-10-01,tjsk04,ito koyama - tricetas,0.0,,0,rojo,,4.1,200.0,,
2025-03-01,tjty01,ito koyama - tricetas,268.0,,0,rojo,,2.01,649.0,,
2025-03-01,tjty02,ito koyama - tricetas,113.0,,0,rojo,,2.65,250.0,,
2025-03-01,tjty03,ito koyama - tricetas,516.0,,0,rojo,,2.8,1150.0,,
2025-03-01,tjty05,ito koyama - tricetas,378.0,,0,rojo,,1.84,800.0,,
2025-04-01,tjty07,ito koyama - tricetas,0.0,,0,rojo,,4.5,300.0,,
2025-03-01,tjty09,ito koyama - tricetas,149.0,,0,rojo,,5.1,500.0,,
2025-03-01,tjty13,ito koyama - tricetas,206.0,,0,rojo,,1.75,400.0,,
2025-03-01,tjty14,ito koyama - tricetas,101.0,,0,rojo,,1.7,300.0,,
2025-03-01,tjty15,ito koyama - tricetas,97.0,,0,rojo,,1.98,500.0,,
2025-02-01,tjty16,ito koyama - tricetas,0.0,,0,rojo,,2.45,400.0,,
2025-03-01,tjty17,ito koyama - tricetas,15.0,,0,rojo,,5.4,400.0,,
2025-03-01,tjty18,ito koyama - tricetas,145.0,,0,rojo,,1.92,400.0,,
2025-03-01,tjvw01,ito koyama - tricetas,143.0,,0,rojo,,5.1,200.0,,
2021-12-01,tk-30212,timken - rodajes,0.0,,0,rojo,,10.91,30.0,,
2021-11-01,tk40-4ak,mrk - japon,0.0,,0,rojo,,4.1045834769515155,50.0,,
2022-02-01,tkia-010,toyo - japon,0.0,,0,rojo,,10.25,150.0,,
2022-12-01,tkl-16/24,tkl - taiwan,0.0,,0,rojo,,16.0,10.0,,
2023-12-01,tkl-24/30,tkl - taiwan,0.0,,0,rojo,,16.0,30.0,,
2022-06-01,tkl-h-101,tkl - taiwan,0.0,,0,rojo,,5.8,50.0,,
2025-02-01,tkl-h-308-1,tkl - taiwan,4.0,,0,rojo,,3.95,10.0,,
2022-10-01,tkl065145k,tkl - taiwan,37.0,,0,rojo,,2.9,40.0,,
2023-07-01,tkl065146,tkl - taiwan,0.0,,0,rojo,,12.6,40.0,,
2022-05-01,tkl065225,tkl - taiwan,0.0,,0,rojo,,56.0,20.0,,
2022-12-01,tkl107796,tkl - taiwan,0.0,,0,rojo,,11.0,54.0,,
2021-08-01,tkl107800,tkl - taiwan,0.0,,0,rojo,,5.0,10.0,,
2024-06-01,tkl2005,tkl - taiwan,0.0,,0,rojo,,13.5,200.0,,
2022-10-01,tkl20615,tkl - taiwan,0.0,,0,rojo,,22.5,10.0,,
2024-04-01,tkl20900,tkl - taiwan,0.0,,0,rojo,,1.1,30.0,,
2023-11-01,tkl20901,tkl - taiwan,0.0,,0,rojo,,1.1,30.0,,
2023-01-01,tkl22018a,tkl - taiwan,0.0,,0,rojo,,16.5,40.0,,
2022-09-01,tkl22020a,tkl - taiwan,0.0,,0,rojo,,21.8,60.0,,
2023-08-01,tkl22032,tkl - taiwan,0.0,,0,rojo,,22.5,10.0,,
2025-01-01,tkl22032b,tkl - taiwan,0.0,,0,rojo,,22.5,20.0,,
2022-12-01,tkl229859,tkl - taiwan,0.0,,0,rojo,,1.8,100.0,,
2024-11-01,tkl24009,tkl - taiwan,118.0,,0,rojo,,0.8,200.0,,
2023-04-01,tkl24516,tkl - taiwan,0.0,,0,rojo,,0.35,100.0,,
2023-06-01,tkl26020,tkl - taiwan,4.0,,0,rojo,,8.5,20.0,,
2022-12-01,tkl275491k,tkl - taiwan,42.0,,0,rojo,,2.1,100.0,,
2023-04-01,tkl2769shd,tkl - taiwan,0.0,,0,rojo,,3.3,300.0,,
2023-06-01,tkl286171,tkl - taiwan,6.0,,0,rojo,,9.5,20.0,,
2022-11-01,tkl289335,tkl - taiwan,97.0,,0,rojo,,4.3,100.0,,
2022-02-01,tkl35014,tkl - taiwan,0.0,,0,rojo,,14.0,50.0,,
2023-08-01,tkl3732,tkl - taiwan,0.0,,0,rojo,,7.45,100.0,,
2023-07-01,tkl3839a,tkl - taiwan,0.0,,0,rojo,,7.45,50.0,,
2023-07-01,tkl3839b,tkl - taiwan,0.0,,0,rojo,,7.45,50.0,,
2022-11-01,tkl4020,tkl - taiwan,0.0,,0,rojo,,2.0,100.0,,
2023-02-01,tkl452710-4a,tkl - taiwan,0.0,,0,rojo,,1.4,300.0,,
2022-07-01,tkl48014aa/48014cc,tkl - taiwan,0.0,,0,rojo,,1.4,100.0,,
2023-07-01,tkl48014bb,tkl - taiwan,0.0,,0,rojo,,1.4,400.0,,
2024-01-01,tkl5004050x,tkl - taiwan,5.0,,0,rojo,,90.0,20.0,,
2022-10-01,tkl5004342x,tkl - taiwan,0.0,,0,rojo,,10.0,50.0,,
2022-12-01,tkl5005037,tkl - taiwan,0.0,,0,rojo,,6.0,20.0,,
2023-06-01,tkl5005309,tkl - taiwan,0.0,,0,rojo,,3.4,30.0,,
2021-10-01,tkl53026a,tkl - taiwan,0.0,,0,rojo,,8.0,30.0,,
2022-07-01,tkl53027a,tkl - taiwan,0.0,,0,rojo,,8.3,80.0,,
2023-08-01,tkl53029,tkl - taiwan,18.0,,0,rojo,,6.8,60.0,,
2023-04-01,tkl56011b1,tkl - taiwan,17.0,,0,rojo,,22.8,20.0,,
2023-04-01,tkl6915,tkl - taiwan,24.0,,0,rojo,,8.5,20.0,,
2023-04-01,tkl6918,tkl - taiwan,17.0,,0,rojo,,8.5,20.0,,
2022-07-01,tkl800629,tkl - taiwan,0.0,,0,rojo,,18.0,20.0,,
2022-05-01,tkl802486,tkl - taiwan,32.0,,0,rojo,,21.5,60.0,,
2022-05-01,tkl802487,tkl - taiwan,29.0,,0,rojo,,21.5,60.0,,
2024-02-01,tkl84075,tkl - taiwan,16.0,,0,rojo,,3.4,100.0,,
2023-01-01,tklk022105n,tkl - taiwan,0.0,,0,rojo,,12.8,50.0,,
2022-05-01,tklr0003,tkl - taiwan,24.0,,0,rojo,,0.25,100.0,,
2025-01-01,tks44-25k,mrk - japon,30.0,,0,rojo,,6.013468153774738,50.0,,
2023-05-01,tks44-30k,mrk - japon,102.0,,0,rojo,,8.129207527868003,150.0,,
2024-01-01,tks48-39k,mrk - japon,92.0,,0,rojo,,9.648436468416797,120.0,,
2024-12-01,tks50-33k,mrk - japon,19.0,,0,rojo,,8.573508903384209,400.0,,
2024-07-01,tks50-34k,mrk - japon,113.0,,0,rojo,,9.038970857858658,150.0,,
2021-05-01,tks58-37k,mrk - japon,0.0,,0,rojo,,7.598096653819084,30.0,,
2024-07-01,tks60-35k,mrk - japon,142.0,,0,rojo,,8.11555439978838,200.0,,
2023-12-01,tks62-5k,mrk - japon,32.0,,0,rojo,,7.3740352323157525,80.0,,
2021-04-01,tks68-47k,mrk - japon,0.0,,0,rojo,,16.263544980436563,20.0,,
2024-11-01,tm-171,toyo - japon,229.0,,0,rojo,,15.604989444836974,300.0,,
2021-10-01,tm-181,toyo - japon,0.0,,0,rojo,,3.766067361459136,100.0,,
2024-06-01,tm-188,toyo - japon,0.0,,0,rojo,,4.932884201407433,200.0,,
2021-11-01,tm-193,toyo - japon,0.0,,0,rojo,,6.042783146724105,200.0,,
2024-06-01,tm-197,toyo - japon,0.0,,0,rojo,,14.6468715518713,10.0,,
2022-05-01,tmi003,ito koyama - direccion,0.0,,0,rojo,,1.91,150.0,,
2021-08-01,tmz-110,toyo - japon,0.0,,0,rojo,,3.974766308441758,20.0,,
2024-11-01,tn-128,toyo - japon,0.0,,0,rojo,,3.3391831517219543,50.0,,
2021-10-01,to-023,ito koyama - palieres,0.0,,0,rojo,,6.4,20.0,,
2022-01-01,to-23,zsg - taiwan,0.0,,0,rojo,,3.19,50.0,,
2025-01-01,to-826,ito koyama - palieres,0.0,,0,rojo,,7.08,250.0,,
2025-03-01,to-926,ito koyama - palieres,376.0,,0,rojo,,7.36,500.0,,
2021-10-01,tr1695776,german cardan - t v a - crucetas,0.0,,0,rojo,,9.0,150.0,,
2023-12-01,tr220,german cardan - t v a - crucetas,0.0,,0,rojo,,12.89,250.0,,
2022-10-01,tr6289,german cardan - t v a - crucetas,0.0,,0,rojo,,2.73,20.0,,
2021-09-01,tra500500,sin definicion,3.0,,0,rojo,,35.7,50.0,,
2024-01-01,ts-3866,trw - brasil,165.0,,0,rojo,,8.92,10.0,,
2024-01-01,ts-3867,trw - brasil,328.0,,0,rojo,,8.6,60.0,,
2021-12-01,ts20,marilia,0.0,,0,rojo,,1.36,1200.0,,
2022-05-01,tt-114,toyo - japon,0.0,,0,rojo,,5.141583148390055,60.0,,
2024-03-01,tt-129,toyo - japon,0.0,,0,rojo,,6.96,100.0,,
2023-06-01,tt-129-1a,toyo - japon,0.0,,0,rojo,,5.855811685323715,50.0,,
2021-08-01,tto010,ito koyama - direccion,0.0,,0,rojo,,2.6615,20.0,,
2022-09-01,tto022,ito koyama - direccion,0.0,,0,rojo,,2.38,120.0,,
2025-03-01,tto036,ito koyama - direccion,270.0,,0,rojo,,2.506809,300.0,,
2025-03-01,tto037,ito koyama - direccion,270.0,,0,rojo,,2.506809,300.0,,
2023-10-01,tu-100,toyo - japon,0.0,,0,rojo,,3.903874456882477,300.0,,
2021-07-01,tu-50,toyo - japon,0.0,,0,rojo,,3.358155783265829,100.0,,
2021-10-01,tuh-165,toyo - japon,0.0,,0,rojo,,9.678527880460024,50.0,,
2025-03-01,ty525035u,exedy - japon,63.0,,0,rojo,,46.65,99.0,,
2024-12-01,ty553008u,exedy - japon,0.0,,0,rojo,,32.15,48.0,,
2025-04-01,ty565112u,exedy - japon,44.0,,0,rojo,,55.22,60.0,,
2024-10-01,ty625145u,exedy - japon,0.0,,0,rojo,,114.79,20.0,,
2024-09-01,ty639163u,exedy - japon,38.0,,0,rojo,,152.44,39.0,,
2025-01-01,ty643168,exedy - japon,0.0,,0,rojo,,109.7,10.0,,
2025-03-01,ty655183u,exedy - japon,18.0,,0,rojo,,132.26,80.0,,
2025-03-01,tyc517,exedy - japon,3.0,,0,rojo,,21.93,18.0,,
2025-01-01,tyc522,exedy - japon,0.0,,0,rojo,,35.44,18.0,,
2025-01-01,tyc525,exedy - japon,72.0,,0,rojo,,27.22,99.0,,
2025-01-01,tyc526,exedy - japon,5.0,,0,rojo,,49.38,9.0,,
2025-01-01,tyc538,exedy - japon,0.0,,0,rojo,,19.68,18.0,,
2024-10-01,tyc549,exedy - japon,13.0,,0,rojo,,23.1,18.0,,
2025-03-01,tyc553,exedy - japon,27.0,,0,rojo,,18.91,48.0,,
2024-09-01,tyc565,exedy - japon,99.0,,0,rojo,,33.46,102.0,,
2024-10-01,tyd008u,exedy - japon,0.0,,0,rojo,,13.0,50.0,,
2025-01-01,tyd035u,exedy - japon,0.0,,0,rojo,,15.3,60.0,,
2025-03-01,tyd085u,exedy - japon,0.0,,0,rojo,,12.93,60.0,,
2025-03-01,tyd112u,exedy - japon,0.0,,0,rojo,,21.75,50.0,,
2025-02-01,tyd122u,exedy - japon,5.0,,0,rojo,,38.7,10.0,,
2024-12-01,u-620/2,mann - brasil,0.0,,0,rojo,,9.38941797733307,50.0,,
2022-07-01,u-620/3ykit,mann - brasil,0.0,,0,rojo,,11.825099881887436,10.0,,
2025-03-01,u-630xkit,mann - brasil,18.0,,0,rojo,,12.72292850613594,30.0,,
2023-11-01,ub0112e,affinia urba - brasil,3.0,,0,rojo,,84.88,4.0,,
2023-12-01,ucf20412,nas - chumaceras,0.0,,0,rojo,,1.85,200.0,,
2021-04-01,ucf205,nas - chumaceras,0.0,,0,rojo,,1.97,60.0,,
2023-04-01,ucf205-16,chumaceras - japon,0.0,,0,rojo,,5.48,100.0,,
2021-08-01,ucf20516,nas - chumaceras,0.0,,0,rojo,,2.11,800.0,,
2021-08-01,ucf206,nas - chumaceras,0.0,,0,rojo,,2.52,50.0,,
2024-04-01,ucf207,nas - chumaceras,0.0,,0,rojo,,3.13,100.0,,
2023-04-01,ucf207-20,chumaceras - japon,0.0,,0,rojo,,8.92,70.0,,
2023-11-01,ucf20720,nas - chumaceras,0.0,,0,rojo,,3.19,100.0,,
2022-03-01,ucf209,nas - chumaceras,0.0,,0,rojo,,4.15,30.0,,
2021-06-01,ucf209-28,chumaceras - japon,0.0,,0,rojo,,11.81,27.0,,
2021-03-01,ucf20928,nas - chumaceras,0.0,,0,rojo,,4.25,80.0,,
2021-03-01,ucf210,nas - chumaceras,0.0,,0,rojo,,4.89,20.0,,
2022-08-01,ucf211,nas - chumaceras,0.0,,0,rojo,,6.34,20.0,,
2021-11-01,ucf21132,nas - chumaceras,0.0,,0,rojo,,7.88,120.0,,
2023-07-01,ucp205,nas - chumaceras,0.0,,0,rojo,,1.97,200.0,,
2022-11-01,ucp20514,nas - chumaceras,0.0,,0,rojo,,1.99,100.0,,
2022-04-01,ucp206,nas - chumaceras,0.0,,0,rojo,,2.63,100.0,,
2023-12-01,ucp207-20,chumaceras - japon,0.0,,0,rojo,,8.95,120.0,,
2021-10-01,ucp21132,nas - chumaceras,0.0,,0,rojo,,7.88,150.0,,
2022-11-01,ucp212,nas - chumaceras,0.0,,0,rojo,,8.43,20.0,,
2023-04-01,ucp21340,nas - chumaceras,0.0,,0,rojo,,12.99,50.0,,
2022-09-01,uj090x,german cardan - t v a - crucetas,0.0,,0,rojo,,12.12,30.0,,
2021-05-01,uj1696389,german cardan - t v a - crucetas,0.0,,0,rojo,,19.29,300.0,,
2022-04-01,uj170x,german cardan - t v a - crucetas,0.0,,0,rojo,,24.46,30.0,,
2024-06-01,uj200,german cardan - t v a - crucetas,0.0,,0,rojo,,3.98,50.0,,
2023-01-01,uj263567,german cardan - t v a - crucetas,0.0,,0,rojo,,18.82,300.0,,
2021-09-01,uj3090266,german cardan - t v a - crucetas,0.0,,0,rojo,,24.0,30.0,,
2022-04-01,uj381,german cardan - t v a - crucetas,0.0,,0,rojo,,14.99,400.0,,
2023-11-01,uj384,german cardan - t v a - crucetas,0.0,,0,rojo,,14.5,30.0,,
2022-05-01,uj388,german cardan - t v a - crucetas,0.0,,0,rojo,,17.05,50.0,,
2021-08-01,uj400,german cardan - t v a - crucetas,0.0,,0,rojo,,13.87,40.0,,
2022-10-01,uj4040026,german cardan - t v a - crucetas,69.0,,0,rojo,,8.0,100.0,,
2021-02-01,uj500,german cardan - t v a - crucetas,0.0,,0,rojo,,13.39,50.0,,
2021-11-01,uj527,german cardan - t v a - crucetas,0.0,,0,rojo,,3.05,30.0,,
2022-04-01,uj730,german cardan - t v a - crucetas,0.0,,0,rojo,,6.65,200.0,,
2024-06-01,uj761,german cardan - t v a - crucetas,0.0,,0,rojo,,17.5,30.0,,
2021-08-01,uj948,german cardan - t v a - crucetas,0.0,,0,rojo,,17.58,100.0,,
2021-04-01,uj952,german cardan - t v a - crucetas,0.0,,0,rojo,,6.33,50.0,,
2021-09-01,uj957,german cardan - t v a - crucetas,0.0,,0,rojo,,17.99,10.0,,
2021-12-01,uj975,german cardan - t v a - crucetas,0.0,,0,rojo,,10.69,30.0,,
2022-04-01,ujps-35,german cardan - t v a - crucetas,0.0,,0,rojo,,2.86,520.0,,
2024-01-01,ujps-48,german cardan - t v a - crucetas,23.0,,0,rojo,,2.86,520.0,,
2024-01-01,ujts-2769l,german cardan - t v a - crucetas,23.0,,0,rojo,,55.4681998690688,8.0,,
2022-10-01,ujts-3866,german cardan - t v a - crucetas,0.0,,0,rojo,,2.33,100.0,,
2024-07-01,v-bolsas,sin definicion,0.0,,0,rojo,,16.456000480618492,500.0,,
2025-03-01,v-c1011,sin definicion,0.0,,0,rojo,,,,,
2025-01-01,v-c1109,sin definicion,0.0,,0,rojo,,,,,
2025-02-01,v-camisetas,sin definicion,0.0,,0,rojo,,41.16805143179643,500.0,,
2024-06-01,v-chimpunera,sin definicion,0.0,,0,rojo,,18.783269144648457,3000.0,,
2025-01-01,v-coche,sin definicion,0.0,,0,rojo,,1.42,6000.0,,
2025-03-01,v-gorros,sin definicion,0.0,,0,rojo,,33.17399994068027,50.0,,
2025-03-01,v-herramientas,sin definicion,0.0,,0,rojo,,63.65050288946054,1100.0,,
2022-11-01,v-mameluco,sin definicion,0.0,,0,rojo,,277.1340078214975,8.0,,
2025-04-01,v004n,ito koyama - resortes,88.0,,0,rojo,,5.04,352.0,,
2021-07-01,v4-087,aisin - japon,0.0,,0,rojo,,84.48,10.0,,
2021-10-01,vterm5500,sin definicion,0.0,,0,rojo,,267.3,60.0,,
2023-10-01,vv92755,valvoline - usa,2.0,,0,rojo,,700.0,1.0,,
2022-01-01,vv935,sin definicion,0.0,,0,rojo,,3.166667,252.0,,
2021-03-01,vx0366ad,trw - brasil,84.0,,0,rojo,,2.92,1000.0,,
2025-03-01,vx3003ab,trw - brasil,0.0,,0,rojo,,4.0,16.0,,
2025-03-01,vx3004ab,trw - brasil,0.0,,0,rojo,,3.49,16.0,,
2024-09-01,vx929,valvoline - usa,7.0,,0,rojo,,786.21,2.0,,
2021-12-01,w-1019,mann - brasil,0.0,,0,rojo,,26.789066594839095,60.0,,
2024-10-01,w-11102/34,mann - brasil,0.0,,0,rojo,,8.475575333833694,900.0,,
2022-07-01,w-1160,mann - brasil,0.0,,0,rojo,,6.786954317092896,210.0,,
2025-02-01,w-12106,mann - brasil,7.0,,0,rojo,,13.62,24.0,,
2023-10-01,w-1323,mann - brasil,0.0,,0,rojo,,8.75,60.0,,
2024-02-01,w-6018,mann - brasil,0.0,,0,rojo,,4.815100193023682,20.0,,
2025-03-01,w-7058,mann - brasil,0.0,,0,rojo,,3.845736265182495,30.0,,
2023-08-01,w-712/22,mann - brasil,0.0,,0,rojo,,1.7,60.0,,
2021-05-01,w-712/4,mann - brasil,0.0,,0,rojo,,3.38,60.0,,
2025-02-01,w-712/95,mann - brasil,0.0,,0,rojo,,3.2870628654956815,30.0,,
2024-03-01,w-719/15,mann - brasil,0.0,,0,rojo,,3.330510313510895,100.0,,
2022-07-01,w-719/4,mann - brasil,0.0,,0,rojo,,4.34,96.0,,
2025-01-01,w-75/3,mann - brasil,14.0,,0,rojo,,3.4220534563064575,50.0,,
2022-11-01,w-9019,mann - brasil,0.0,,0,rojo,,21.105611146688464,10.0,,
2024-10-01,w-934,mann - brasil,26.0,,0,rojo,,6.22,36.0,,
2024-11-01,w-940/34,mann - brasil,0.0,,0,rojo,,4.901180267333984,24.0,,
2024-11-01,w-940/62,mann - brasil,9.0,,0,rojo,,5.756543283462524,30.0,,
2024-09-01,w-950/14,mann - brasil,34.0,,0,rojo,,8.120498726963998,60.0,,
2021-05-01,w-950/16,mann - brasil,0.0,,0,rojo,,3.87,60.0,,
2022-04-01,w-950/4,mann - brasil,0.0,,0,rojo,,3.493094091415405,24.0,,
2023-02-01,w-950/7,mann - brasil,0.0,,0,rojo,,5.466592527627944,80.0,,
2024-07-01,w-bolsas,sin definicion,0.0,,0,rojo,,,,,
2025-03-01,w6multi-20,mann - brasil,0.0,,0,rojo,,4.24,36.0,,
2023-08-01,w7multi-18,mann - brasil,0.0,,0,rojo,,3.11,60.0,,
2024-08-01,wa-921/1,mann - brasil,191.0,,0,rojo,,7.33,30.0,,
2024-09-01,wa-923/1,mann - brasil,0.0,,0,rojo,,7.9,24.0,,
2022-08-01,wa-923/2,mann - brasil,26.0,,0,rojo,,8.381409482955933,30.0,,
2024-12-01,wa-940/1,mann - brasil,398.0,,0,rojo,,12.63718003988266,156.0,,
2022-11-01,wa-940/3,mann - brasil,0.0,,0,rojo,,10.61,54.0,,
2022-11-01,wa1512,wix filters,0.0,,0,rojo,,13.82,80.0,,
2021-08-01,wa22.5x8.25,owrun - aros de rueda,0.0,,0,rojo,,37.5,64.0,,
2025-03-01,wc-57010,sakura filter,106.0,,0,rojo,,6.75,60.0,,
2025-03-01,wc-5711,sakura filter,56.0,,0,rojo,,2.99,60.0,,
2021-04-01,wc22.5x8.25,owrun - aros de rueda,0.0,,0,rojo,,39.5,256.0,,
2021-07-01,wd-13145,mann - brasil,0.0,,0,rojo,,18.41286324262619,20.0,,
2021-02-01,wd-950/2,mann - brasil,0.0,,0,rojo,,9.334743285179139,30.0,,
2024-11-01,wdk-11001,mann - brasil,0.0,,0,rojo,,13.54519637465477,120.0,,
2022-05-01,wdk-11102/23,sin definicion,0.0,,0,rojo,,7.23086302280426,1500.0,,
2022-05-01,wf10031,wix filters,0.0,,0,rojo,,13.8,30.0,,
2021-10-01,wf10087,wix filters,1.0,,0,rojo,,7.76,300.0,,
2022-07-01,wf10246,wix filters,0.0,,0,rojo,,17.95,30.0,,
2024-08-01,wh-980/3,mann - brasil,21.0,,0,rojo,,42.01536784172058,20.0,,
2025-03-01,wk-10034,mann - brasil,14.0,,0,rojo,,33.10551390171051,36.0,,
2024-11-01,wk-1070/x,mann - brasil,2.0,,0,rojo,,27.623089706897733,60.0,,
2025-03-01,wk-4002,mann - brasil,20.0,,0,rojo,,3.481954083442688,30.0,,
2024-10-01,wk-42/2,mann - brasil,0.0,,0,rojo,,4.72248438000679,30.0,,
2023-07-01,wk-48/3,mann - brasil,0.0,,0,rojo,,1.49,144.0,,
2023-08-01,wk-513,mann - brasil,0.0,,0,rojo,,2.27,300.0,,
2025-03-01,wk-58/6,mann - brasil,0.0,,0,rojo,,6.59,18.0,,
2025-03-01,wk-6002,mann - brasil,36.0,,0,rojo,,3.363373603820801,50.0,,
2022-11-01,wk-613/4,mann - brasil,0.0,,0,rojo,,2.46,96.0,,
2024-08-01,wk-69,mann - brasil,288.0,,0,rojo,,11.10344491004944,50.0,,
2023-08-01,wk-69/1,mann - brasil,24.0,,0,rojo,,14.425906709432601,60.0,,
2022-09-01,wk-723/6,sin definicion,0.0,,0,rojo,,3.9764464867115024,60.0,,
2022-11-01,wk-730/1,mann - brasil,0.0,,0,rojo,,5.693488576412201,25.0,,
2021-05-01,wk-8102,mann - brasil,0.0,,0,rojo,,12.813621034622193,12.0,,
2022-09-01,wk-8115,mann - brasil,44.0,,0,rojo,,21.78770327925682,50.0,,
2025-03-01,wk-8130,mann - brasil,28.0,,0,rojo,,19.228741656541825,60.0,,
2024-11-01,wk-8135,mann - brasil,42.0,,0,rojo,,17.62546753048897,60.0,,
2025-01-01,wk-8194,mann - brasil,88.0,,0,rojo,,23.95688546657562,60.0,,
2022-09-01,wk-824,mann - brasil,0.0,,0,rojo,,8.28,24.0,,
2023-05-01,wk-842/3,mann - brasil,1.0,,0,rojo,,6.63,24.0,,
2024-08-01,wk-853/22,mann - brasil,39.0,,0,rojo,,16.92,200.0,,
2024-07-01,wk-857/1,mann - brasil,23.0,,0,rojo,,30.356602783203126,30.0,,
2024-08-01,wk-9014z,mann - brasil,66.0,,0,rojo,,41.716461181640625,50.0,,
2022-11-01,wk-923/2x,mann - brasil,21.0,,0,rojo,,29.39875149726868,24.0,,
2024-06-01,wk-940/22,mann - brasil,112.0,,0,rojo,,19.00940834522247,120.0,,
2023-10-01,wk-940/33x,sin definicion,0.0,,0,rojo,,18.368815557956694,60.0,,
2024-08-01,wk-940/6,mann - brasil,70.0,,0,rojo,,10.45639078617096,240.0,,
2024-08-01,wk-940/6x,mann - brasil,97.0,,0,rojo,,22.630896081924437,100.0,,
2023-08-01,wk-950/6,mann - brasil,0.0,,0,rojo,,13.322865341901778,20.0,,
2021-07-01,wk-955/2,mann - brasil,0.0,,0,rojo,,7.51,36.0,,
2025-02-01,wlc802,exedy - japon,1.0,,0,rojo,,16.09,20.0,,
2025-02-01,wld202u,exedy - japon,1.0,,0,rojo,,17.05,20.0,,
2023-08-01,wp-1144,mann - brasil,32.0,,0,rojo,,11.696347308158874,32.0,,
2023-04-01,wp-1169,mann - brasil,64.0,,0,rojo,,19.83735008239746,64.0,,
2022-08-01,wpm-001va,aisin - japon,0.0,,0,rojo,,14.68,10.0,,
2022-01-01,wpm-002va,aisin - japon,0.0,,0,rojo,,29.18,20.0,,
2022-10-01,wpn-020va,aisin - japon,0.0,,0,rojo,,17.64,30.0,,
2023-08-01,wpt-008va,aisin - japon,0.0,,0,rojo,,16.62,5.0,,
2025-03-01,wpt-111va,aisin - japon,26.0,,0,rojo,,14.91,32.0,,
2025-03-01,wpt-165va,aisin - japon,32.0,,0,rojo,,16.72,40.0,,
2025-03-01,wpt-703,aisin - japon,22.0,,0,rojo,,13.71,6.0,,
2025-03-01,wpt-711,aisin - japon,152.0,,0,rojo,,13.71,24.0,,
2024-11-01,wpt-746,aisin - japon,0.0,,0,rojo,,28.16,60.0,,
2022-09-01,za-42kw11ca43-01lb,nachi - koyo - ntn - nsk - japon,0.0,,0,rojo,,21.2,20.0,,
2021-11-01,za-45wd03ca101,nachi - koyo - ntn - nsk - japon,16.0,,0,rojo,,15.5,20.0,,
2021-11-01,za-45wd16ca103,nachi - koyo - ntn - nsk - japon,22.0,,0,rojo,,16.2,30.0,,
2021-06-01,za-54kwh01r-y-2ca-01,nachi - koyo - ntn - nsk - japon,0.0,,0,rojo,,27.2,20.0,,
2021-06-01,zd1037,wagner - pastillas,0.0,,0,rojo,,13.05,10.0,,
2022-04-01,zd1039,wagner - pastillas,0.0,,0,rojo,,13.95,10.0,,
2021-10-01,zd1044,wagner - pastillas,0.0,,0,rojo,,14.25,15.0,,
2021-10-01,zd1080,wagner - pastillas,0.0,,0,rojo,,13.82,10.0,,
2022-06-01,zd1086,wagner - pastillas,0.0,,0,rojo,,14.14,10.0,,
2022-03-01,zd1089,wagner - pastillas,0.0,,0,rojo,,17.16,5.0,,
2025-02-01,zd1092,wagner - pastillas,4.0,,0,rojo,,9.09,6.0,,
2022-09-01,zd1095,wagner - pastillas,0.0,,0,rojo,,14.95,20.0,,
2024-01-01,zd1100,wagner - pastillas,0.0,,0,rojo,,17.76,5.0,,
2024-07-01,zd1113,wagner - pastillas,6.0,,0,rojo,,29.64,10.0,,
2022-02-01,zd1157,wagner - pastillas,0.0,,0,rojo,,13.54,30.0,,
2023-11-01,zd1161,wagner - pastillas,11.0,,0,rojo,,17.592,20.0,,
2023-07-01,zd1169,wagner - pastillas,0.0,,0,rojo,,17.97,20.0,,
2022-11-01,zd1188,wagner - pastillas,0.0,,0,rojo,,17.78,10.0,,
2023-01-01,zd1191,wagner - pastillas,0.0,,0,rojo,,21.67,10.0,,
2023-07-01,zd1210a,wagner - pastillas,0.0,,0,rojo,,28.554,30.0,,
2024-08-01,zd1258,wagner - pastillas,0.0,,0,rojo,,28.02,20.0,,
2023-01-01,zd1281,wagner - pastillas,0.0,,0,rojo,,20.4,20.0,,
2021-10-01,zd1288,wagner - pastillas,0.0,,0,rojo,,10.4,30.0,,
2023-02-01,zd1297,wagner - pastillas,0.0,,0,rojo,,11.14,10.0,,
2023-02-01,zd1327,wagner - pastillas,0.0,,0,rojo,,20.81,10.0,,
2022-04-01,zd1345,wagner - pastillas,0.0,,0,rojo,,11.63,30.0,,
2022-09-01,zd1374,wagner - pastillas,0.0,,0,rojo,,19.38,20.0,,
2023-01-01,zd1378,wagner - pastillas,0.0,,0,rojo,,32.79,10.0,,
2022-06-01,zd1393,wagner - pastillas,0.0,,0,rojo,,21.0,20.0,,
2023-04-01,zd1398,wagner - pastillas,0.0,,0,rojo,,14.29,20.0,,
2022-06-01,zd1454,wagner - pastillas,0.0,,0,rojo,,15.65,20.0,,
2022-03-01,zd1455,wagner - pastillas,0.0,,0,rojo,,27.23,5.0,,
2024-10-01,zd1467,wagner - pastillas,8.0,,0,rojo,,21.99,10.0,,
2024-08-01,zd1468,wagner - pastillas,7.0,,0,rojo,,17.14,20.0,,
2022-03-01,zd1498,wagner - pastillas,0.0,,0,rojo,,22.13,5.0,,
2024-09-01,zd1510,wagner - pastillas,0.0,,0,rojo,,32.244,30.0,,
2022-04-01,zd1539,wagner - pastillas,0.0,,0,rojo,,18.36,30.0,,
2022-12-01,zd1543,wagner - pastillas,0.0,,0,rojo,,20.59,10.0,,
2023-04-01,zd1544,wagner - pastillas,0.0,,0,rojo,,28.482,30.0,,
2022-04-01,zd1593,wagner - pastillas,0.0,,0,rojo,,18.31,30.0,,
2023-04-01,zd1595,wagner - pastillas,0.0,,0,rojo,,18.9,30.0,,
2023-02-01,zd1611,wagner - pastillas,0.0,,0,rojo,,22.6,10.0,,
2023-04-01,zd1633,wagner - pastillas,0.0,,0,rojo,,44.264,20.0,,
2024-10-01,zd1721,wagner - pastillas,0.0,,0,rojo,,37.674,10.0,,
2024-07-01,zd1722,wagner - pastillas,0.0,,0,rojo,,41.652,10.0,,
2023-10-01,zd1728,wagner - pastillas,0.0,,0,rojo,,38.53,5.0,,
2022-09-01,zd1737,wagner - pastillas,0.0,,0,rojo,,19.98,5.0,,
2022-04-01,zd1761,wagner - pastillas,0.0,,0,rojo,,33.888,10.0,,
2022-04-01,zd1808,wagner - pastillas,0.0,,0,rojo,,32.28,3.0,,
2022-02-01,zd1811,wagner - pastillas,0.0,,0,rojo,,27.198,20.0,,
2024-05-01,zd1812,wagner - pastillas,0.0,,0,rojo,,29.868,10.0,,
2024-08-01,zd1846,wagner - pastillas,0.0,,0,rojo,,51.136,10.0,,
2022-10-01,zd1852,wagner - pastillas,0.0,,0,rojo,,29.472,5.0,,
2023-11-01,zd1912,wagner - pastillas,0.0,,0,rojo,,51.624,15.0,,
2024-02-01,zd2037,wagner - pastillas,0.0,,0,rojo,,30.96,10.0,,
2021-09-01,zd227a,wagner - pastillas,0.0,,0,rojo,,10.84,20.0,,
2021-12-01,zd242,wagner - pastillas,0.0,,0,rojo,,7.7,60.0,,
2022-08-01,zd340a,wagner - pastillas,0.0,,0,rojo,,16.67,20.0,,
2021-06-01,zd436,wagner - pastillas,0.0,,0,rojo,,11.5,20.0,,
2023-02-01,zd465a,wagner - pastillas,0.0,,0,rojo,,15.06,10.0,,
2023-02-01,zd497,wagner - pastillas,0.0,,0,rojo,,24.78,5.0,,
2024-07-01,zd511,wagner - pastillas,7.0,,0,rojo,,11.0,20.0,,
2023-02-01,zd556,wagner - pastillas,0.0,,0,rojo,,11.802,10.0,,
2022-07-01,zd560,wagner - pastillas,0.0,,0,rojo,,9.25,20.0,,
2025-02-01,zd601,wagner - pastillas,1.0,,0,rojo,,9.09,6.0,,
2023-09-01,zd680,wagner - pastillas,0.0,,0,rojo,,12.53,20.0,,
2021-10-01,zd691,wagner - pastillas,0.0,,0,rojo,,11.72,20.0,,
2023-04-01,zd741,wagner - pastillas,0.0,,0,rojo,,12.18,20.0,,
2023-02-01,zd770,wagner - pastillas,0.0,,0,rojo,,11.25,30.0,,
2024-07-01,zd772,wagner - pastillas,0.0,,0,rojo,,16.55,30.0,,
2024-06-01,zd799,wagner - pastillas,0.0,,0,rojo,,9.99,20.0,,
2022-03-01,zd815,wagner - pastillas,0.0,,0,rojo,,13.61,20.0,,
2023-04-01,zd862,wagner - pastillas,0.0,,0,rojo,,12.45,40.0,,
2023-02-01,zd864,wagner - pastillas,0.0,,0,rojo,,11.48,40.0,,
2021-10-01,zd866,wagner - pastillas,0.0,,0,rojo,,17.81,60.0,,
2021-12-01,zd868,wagner - pastillas,0.0,,0,rojo,,16.09,10.0,,
2021-09-01,zd914,wagner - pastillas,0.0,,0,rojo,,13.75,20.0,,
2022-06-01,zd924,wagner - pastillas,0.0,,0,rojo,,10.68,10.0,,
2022-04-01,zd929,wagner - pastillas,0.0,,0,rojo,,14.16,15.0,,
2023-02-01,zd945,wagner - pastillas,0.0,,0,rojo,,16.93,20.0,,
2022-01-01,zd969,wagner - pastillas,0.0,,0,rojo,,14.12,20.0,,
2022-04-01,zd981,wagner - pastillas,0.0,,0,rojo,,10.32,5.0,,
2024-07-01,zd996,wagner - pastillas,3.0,,0,rojo,,22.35,10.0,,
2023-03-01,zd997,wagner - pastillas,0.0,,0,rojo,,28.332,10.0,,
2025-02-01,zr-905/z,mann - brasil,13.0,,0,rojo,,11.421186196804046,50.0,,
2025-02-01,zx203,wagner - pastillas,2.0,,0,rojo,,17.98,20.0,,
2023-05-01,zx303,wagner - pastillas,0.0,,0,rojo,,17.93,30.0,,
2024-05-01,zxelru1,valvoline - usa,204.0,,0,rojo,,5.825,108.0,,
2023-01-01,zyb-0016r/134a,cas,0.0,,0,rojo,,52.0,24.0,,
2023-01-01,zyb-0016r/241,cas,0.0,,0,rojo,,58.0,40.0,,
2023-01-01,zyb-0017l/535-1,cas,0.0,,0,rojo,,128.0,12.0,,
2022-08-01,zyb-0017l/535-1up,cas,0.0,,0,rojo,,78.0,12.0,,
2023-01-01,zyb-0021r/134,cas,0.0,,0,rojo,,52.0,24.0,,
2023-01-01,zyb-0024l/535-2,cas,0.0,,0,rojo,,78.0,8.0,,
2023-01-01,zyb-0024r/241-1,cas,0.0,,0,rojo,,58.0,24.0,,
2022-01-01,zyb-0807r/489a,cas,0.0,,0,rojo,,36.0,500.0,,
2023-01-01,zyb-1214l/243,cas,0.0,,0,rojo,,43.0,24.0,,
2023-01-01,zyb-1216l/198,cas,0.0,,0,rojo,,43.0,24.0,,
2023-01-01,zyb-1315r/130,cas,0.0,,0,rojo,,57.0,12.0,,
2023-01-01,zyb-2024l/535-3,cas,0.0,,0,rojo,,78.0,12.0,,
