Fecha,Artículo,Fuente Suministro,Inventario,Compras Recomendadas,Numero Operaciones 6M,Demanda Total 3M USD,Demanda Promedio 6M USD,Meses proteccion,Alerta,Lead Time,Margen,Ultima fecha,Monto USD,Última Compra,Recomendacion USD,Importancia RFM,Backorder,holgura,quebro,va_a_quebrar,consumiendo_proteccion
2025-03-01,100-4d56t,ishikawa - cigueñales-culatas-ejes de levas,0.0,50,2.0,1093.22,182.20333333333335,,rojo,0,0.2879634289868284,2025-01-13,78.0,10.0,3900.0,0,,0.0,1,0,
2025-03-01,100-4d56,ishikawa - cigueñales-culatas-ejes de levas,0.0,50,1.0,1101.69,183.615,,rojo,0,0.21920196203760475,2025-01-13,78.0,10.0,3900.0,0,,0.0,1,0,
2023-03-01,87230600,ks - alemania,0.0,50,0.0,0.0,0.0,0.8948427131798105,rojo,4,0.36911911307869455,2022-06-23,25.839848732948305,30.0,1291.9924366474152,0,,0.0,1,0,1
2025-03-01,cac-65210,sakura filter,136.0,0,3.0,25.42,29.661666666666665,,rojo,0,0.8287649868704677,2024-10-22,4.78,100.0,0.0,0,,0.0,1,0,
2025-02-01,a-1723,sakura filter,70.0,0,7.0,112.96000000000001,23.123333333333335,,rojo,0,0.5258316032233902,2019-01-17,3.5,100.0,0.0,0,,0.0,1,0,
2024-04-01,99830020,monark - alemania,0.0,450,0.0,0.0,0.0,0.8520889364118956,rojo,4,0.3281210007914895,,,,,0,,0.0,1,0,1
2025-04-01,a-6827-s,sakura filter,54.0,0,5.0,363.67,68.26666666666667,,rojo,0,0.8476868078492626,2022-01-13,18.45,30.0,0.0,0,,0.0,1,0,
2025-03-01,a-6832-s,sakura filter,382.0,0,31.0,2381.42,1048.9183333333333,,rojo,0,0.5192983822967788,2025-01-21,34.67,60.0,0.0,0,,0.0,1,0,
2025-03-01,c-301730,mann - brasil,58.0,0,2.0,215.05,35.84166666666667,,rojo,0,0.46059048689571963,2022-02-14,50.41539387226105,100.0,0.0,0,,0.0,1,0,
2025-02-01,eo-31040,sakura filter,110.0,0,2.0,18.24,3.0399999999999996,,rojo,0,0.7126312287866623,2023-01-10,1.13,150.0,0.0,0,,0.0,1,0,
2025-03-01,ca-18470,sakura filter,308.0,0,7.0,129.31,49.303333333333335,,rojo,0,0.9497806412888365,2024-09-17,2.3,100.0,0.0,0,,0.0,1,0,
2025-02-01,bdd109,ishikawa - discos de freno,38.0,0,8.0,317.74,75.89999999999999,,rojo,0,0.8854593700263734,2024-10-30,9.33,50.0,0.0,0,,0.0,1,0,
2025-03-01,bmz002,ito koyama - bocamazas,34.0,0,5.0,159.63,36.87833333333334,,rojo,0,0.6150154172665914,2024-11-13,16.64,40.0,0.0,0,,0.0,1,0,
2025-02-01,bdd048,ishikawa - discos de freno,0.0,50,7.0,228.46,85.56,,rojo,0,0.7115697370576212,2024-01-09,5.67,50.0,283.5,0,,0.0,1,0,
2025-03-01,t1006,ito koyama - trapecios,46.0,0,5.0,74.68,30.90833333333333,,rojo,0,0.6669987368074479,2024-03-19,10.434833,60.0,0.0,0,,0.0,1,0,
2025-03-01,icd1490,ishikawa - pastillas de freno,161.0,0,13.0,159.34,36.53666666666667,,rojo,0,0.7212948297534792,2024-07-26,4.85,200.0,0.0,0,,0.0,1,0,
2025-03-01,t1065,ito koyama - trapecios,39.0,0,1.0,17.95,2.9916666666666667,,rojo,0,0.5719174597597243,2025-02-28,9.570753,40.0,0.0,0,,0.0,1,0,
2025-03-01,t1176,ito koyama - trapecios,32.0,0,4.0,122.65,20.441666666666666,,rojo,0,0.575753898411163,2024-12-10,7.29,40.0,0.0,0,,0.0,1,0,
2025-03-01,t1177,ito koyama - trapecios,32.0,0,4.0,122.65,20.441666666666666,,rojo,0,0.5837244602027427,2024-12-10,7.29,40.0,0.0,0,,0.0,1,0,
2025-01-01,bhy012,ito koyama - bocamazas,26.0,0,2.0,79.26,13.21,,rojo,0,0.5651507931144841,2024-11-13,17.37,5.0,0.0,0,,0.0,1,0,
2025-02-01,dt175/70r13,deestone,109.0,0,5.0,318.64,105.64999999999999,,rojo,0,0.42083927009745453,2024-10-28,19.0,60.0,0.0,0,,0.0,1,0,
2025-02-01,a-1111,sakura filter,138.0,0,4.0,28.59,8.288333333333332,,rojo,0,0.830862470432124,2024-06-13,3.22,20.0,0.0,0,,0.0,1,0,
2025-02-01,icd1175,ishikawa - pastillas de freno,0.0,50,11.0,9.51,43.178333333333335,,rojo,0,0.8184399346872646,2024-01-09,4.96,50.0,248.0,0,,0.0,1,0,
2025-03-01,t1206,ito koyama - trapecios,36.0,0,4.0,126.23,21.038333333333334,,rojo,0,0.536059392312316,2024-12-10,14.2,40.0,0.0,0,,0.0,1,0,
2025-03-01,tki002,ito koyama - direccion,90.0,0,3.0,50.55,8.424999999999999,,rojo,0,0.6034600793916631,2025-02-28,2.715729,100.0,0.0,0,,0.0,1,0,
2025-03-01,opt-030,aisin - japon,12.0,0,3.0,69.49,29.02,,rojo,0,0.30580783682427787,2022-01-17,22.67,60.0,0.0,0,,0.0,1,0,
2025-02-01,a-5014,sakura filter,10.0,0,1.0,4.24,0.7066666666666667,,rojo,0,0.7797052464501218,2017-01-26,2.12,100.0,0.0,0,,0.0,1,0,
2025-02-01,sfc-5521,sakura filter,214.0,0,2.0,59.32,24.373333333333335,,rojo,0,0.632218998457775,2025-01-31,14.94,198.0,0.0,0,0.0,0.0,1,0,
2025-02-01,553038h304,ito koyama - amortiguadores,7.0,0,8.0,58.12,38.78666666666667,,rojo,0,0.6397580867874924,2023-07-25,10.6,80.0,0.0,0,,0.0,1,0,
2024-11-01,zd1212,wagner - pastillas,0.0,50,2.0,0.0,7.585,0.7151134909164689,rojo,3,0.30637433753378907,2022-01-18,16.08,30.0,803.9999999999999,0,,0.0,1,0,1
2025-03-01,mwmwc1811,wagner - pastillas,8.0,0,5.0,141.95,36.865,,rojo,0,0.5481905808735849,2024-07-20,17.3,20.0,0.0,0,,0.0,1,0,
2025-03-01,a-2408-s,sakura filter,80.0,0,3.0,417.87,77.97833333333334,,rojo,0,0.7724027205767576,2025-01-31,22.37,30.0,0.0,0,,0.0,1,0,
2025-03-01,hc-5507,sakura filter,23.0,0,4.0,333.38,81.15666666666667,,rojo,0,0.8450064523162344,2023-09-05,12.35,24.0,0.0,0,,0.0,1,0,
2025-02-01,icd1497,ishikawa - pastillas de freno,0.0,50,6.0,51.68,31.60666666666667,,rojo,0,0.8090080032935489,2023-07-05,6.79,50.0,339.5,0,,0.0,1,0,
2025-03-01,bni007,ito koyama - bocamazas,56.0,0,5.0,92.82,56.23333333333333,,rojo,0,0.5449071206221541,2024-11-13,11.8,50.0,0.0,0,,0.0,1,0,
2025-03-01,sddw-148,seco - embragues,43.0,0,1.0,33.9,5.6499999999999995,,rojo,0,0.3730600067058617,2024-07-18,10.87,50.0,0.0,0,,0.0,1,0,
2025-03-01,a-1646,sakura filter,34.0,0,4.0,4.52,8.843333333333334,,rojo,0,0.9655789838111752,2023-10-23,2.0,20.0,0.0,0,,0.0,1,0,
2025-01-01,a-76670-s,sakura filter,20.0,50,3.0,0.0,34.07666666666666,0.40092707290393337,verde,6,0.9447372867038349,2022-05-27,20.92,60.0,1046.0,0,,11.66869178648915,0,0,0
2025-03-01,crt-052,aisin - japon,58.0,0,2.0,41.36,6.8933333333333335,,rojo,0,0.44115643905960933,2025-01-31,12.13,60.0,0.0,0,,0.0,1,0,
2025-03-01,a-28770-s,sakura filter,43.0,0,10.0,839.94,319.72833333333335,,rojo,0,0.8433915780189977,2022-09-14,31.09,1.0,0.0,0,0.0,0.0,1,0,
2025-03-01,thy007,ito koyama - direccion,188.0,0,4.0,59.34,9.89,,rojo,0,0.5441321904612606,2025-02-28,2.646083,200.0,0.0,0,,0.0,1,0,
2025-03-01,ca-65190,sakura filter,48.0,0,1.0,2.98,0.49666666666666665,,rojo,0,1.4473302864803927,2023-12-04,1.38,20.0,0.0,0,,0.0,1,0,
2025-02-01,ni-046,ito koyama - palieres,0.0,50,12.0,482.92999999999995,147.87166666666667,,rojo,0,0.5873509428800746,2024-10-24,9.1,50.0,455.0,0,,0.0,1,0,
2025-03-01,pp10405500,valvoline,1.0,0,15.0,15855.84,10430.16,,rojo,0,0.4297047683801266,2024-11-12,600.0,12.0,0.0,0,,0.0,1,0,
2025-03-01,cmt-051,aisin - japon,11.0,0,5.0,421.73999999999995,70.28999999999999,,rojo,0,0.4379392713818796,2025-01-31,20.68,24.0,0.0,0,,0.0,1,0,
2025-02-01,55351-2e501,ito koyama - amortiguadores,0.0,50,30.0,374.15,273.665,,rojo,0,0.783310710985258,2024-02-29,12.0,120.0,600.0,0,,0.0,1,0,
2025-02-01,sk19fa-e,plumillas - sakura,0.0,50,5.0,2.78,20.411666666666665,,rojo,0,0.9767412497957486,2023-09-05,1.31,200.0,65.5,0,,0.0,1,0,
2025-03-01,mwmwd436,wagner - pastillas,3.0,0,3.0,38.98,55.93166666666667,,rojo,0,0.581485259882024,2024-07-20,12.7,20.0,0.0,0,,0.0,1,0,
2025-02-01,icd340,ishikawa - pastillas de freno,0.0,50,20.0,270.12,67.28166666666667,,rojo,0,0.8101254447718237,2024-07-26,3.7,100.0,185.0,0,,0.0,1,0,
2024-05-01,tto006,ito koyama - direccion,0.0,50,0.0,0.0,0.0,0.9039126959984897,rojo,6,0.6538407891677804,2023-05-19,2.65,120.0,132.5,0,,0.0,1,0,1
2025-03-01,aty007,ito koyama - direccion,116.0,0,5.0,344.01,57.335,,rojo,0,0.6758615602038774,2025-02-28,2.297905,200.0,0.0,0,,0.0,1,0,
2024-12-01,rov1540025,rover - usa,636.0,0,1.0,0.0,8.373333333333333,1.0169625617064952,verde,4,0.7123904081736023,2023-04-11,2.415833,1008.0,0.0,0,,38.1123595505618,0,0,0
2025-02-01,ahy003,ito koyama - direccion,0.0,50,8.0,56.9,17.505,,rojo,0,0.6279476944764534,2023-05-19,2.0,120.0,100.0,0,,0.0,1,0,
2025-03-01,t1195,ito koyama - trapecios,55.0,0,10.0,333.5,98.97833333333334,,rojo,0,0.5934277671795142,2024-06-11,26.086949,59.0,0.0,0,,0.0,1,0,
2025-03-01,t1194,ito koyama - trapecios,52.0,0,10.0,333.5,98.97833333333334,,rojo,0,0.5892045723279381,2024-06-11,26.086949,59.0,0.0,0,,0.0,1,0,
2025-02-01,3341-1013skr,sakura - radiadores,0.0,50,6.0,209.32,126.86333333333334,,rojo,0,0.7456627525517722,2023-05-31,23.95,31.0,1197.5,0,,0.0,1,0,
2024-09-01,3341-1014skr,sakura - radiadores,0.0,50,0.0,0.0,0.0,0.2864991315678918,rojo,6,0.6127837050163478,2022-03-31,25.15,2.0,1257.5,0,,0.0,1,0,1
2025-03-01,n022,ito koyama - resortes,61.0,0,9.0,126.92999999999999,70.28333333333333,,rojo,0,0.707439554029609,2024-11-04,5.8,80.0,0.0,0,,0.0,1,0,
2025-03-01,n021,ito koyama - resortes,0.0,50,6.0,81.09,46.096666666666664,,rojo,0,0.6879415897322556,2023-07-15,9.14,100.0,457.0,0,,0.0,1,0,
2024-03-01,89084810,ks - alemania,0.0,50,0.0,0.0,0.0,0.7083565182057593,rojo,4,0.34944217765634517,2022-06-23,25.258821880817415,90.0,1262.9410940408707,0,,0.0,1,0,1
2025-03-01,54660-h9200,ito koyama - amortiguadores,158.0,0,57.0,1622.43,529.7283333333334,,rojo,0,0.639715652327693,2024-11-29,11.7,192.0,0.0,0,,0.0,1,0,
2025-03-01,o-13081,sakura filter,201.0,0,10.0,112.85000000000001,31.30666666666667,,rojo,0,0.5557393929581842,2024-09-17,2.42,100.0,0.0,0,100.0,0.0,1,0,
2025-04-01,o-1011,sakura filter,169.0,0,7.0,79.8,22.623333333333335,,rojo,0,0.849976177622224,2024-08-28,3.16,99.0,0.0,0,,0.0,1,0,
2025-03-01,20360fa050,ito koyama - amortiguadores,26.0,0,14.0,398.5,85.58666666666666,,rojo,0,0.6520805169885887,2024-11-29,12.3,48.0,0.0,0,,0.0,1,0,
2025-02-01,tkl3838b,tkl - taiwan,0.0,50,5.0,249.58,111.90833333333335,,rojo,0,0.5307666280404607,2022-10-20,7.5,100.0,375.0,0,,0.0,1,0,
2025-02-01,bdd018,ishikawa - discos de freno,2.0,0,11.0,847.32,204.49333333333334,,rojo,0,0.5804635240417702,2024-07-24,8.93,50.0,0.0,0,,0.0,1,0,
2025-02-01,c-271250/1,mann - brasil,26.0,0,2.0,267.86,44.64333333333334,,rojo,0,0.41037878568384517,2024-04-09,41.238460063934326,30.0,0.0,0,,0.0,1,0,
2025-02-01,icd1284,ishikawa - pastillas de freno,0.0,50,27.0,440.92,147.74833333333333,,rojo,0,0.9140915597120721,2024-03-20,5.13,100.0,256.5,0,,0.0,1,0,
2024-04-01,sf-57020,sin definicion,0.0,50,0.0,0.0,0.0,,rojo,0,0.741353645807892,2022-03-31,3.15,25.0,157.5,0,,0.0,1,0,
2024-09-01,skdw-037,seco - embragues,0.0,50,0.0,0.0,0.0,0.38974836398852564,rojo,4,0.3939399382417616,2022-08-08,26.68,20.0,1334.0,0,,0.0,1,0,1
2025-03-01,48520-bz750,ito koyama - amortiguadores,145.0,0,49.0,3624.88,2235.3333333333335,,rojo,0,0.7942359650551344,2024-11-29,10.2,150.0,0.0,0,,0.0,1,0,
2025-03-01,rni005,ito koyama - direccion,50.0,0,6.0,1519.74,253.29,,rojo,0,0.6817149574242628,2025-02-28,2.646033,100.0,0.0,0,,0.0,1,0,
2025-03-01,icd2302,ishikawa - pastillas de freno,88.0,0,34.0,733.4300000000001,206.91166666666666,,rojo,0,0.8403043586262552,2024-03-20,7.29,100.0,0.0,0,,0.0,1,0,
2025-02-01,48540-20820,ito koyama - amortiguadores,0.0,50,17.0,2517.0,845.44,,rojo,0,0.6913936787898575,2023-07-25,13.0,60.0,650.0,0,,0.0,1,0,
2025-03-01,n017,ito koyama - resortes,188.0,0,30.0,1230.96,547.1366666666667,,rojo,0,0.6687423442186101,2024-11-04,5.85,160.0,0.0,0,,0.0,1,0,
2025-02-01,o-5310,sakura filter,32.0,0,2.0,33.9,5.6499999999999995,,rojo,0,0.599221761851098,2020-02-06,1.73,20.0,0.0,0,,0.0,1,0,
2025-03-01,a-38390,sakura filter,28.0,0,6.0,21.43,25.709999999999997,,rojo,0,0.7856243448697712,2024-02-27,1.96,20.0,0.0,0,0.0,0.0,1,0,
2025-03-01,t1147,ito koyama - trapecios,8.0,0,16.0,374.75,87.21499999999999,,rojo,0,0.688469685908489,2024-03-19,9.855125,80.0,0.0,0,,0.0,1,0,
2024-12-01,mwmwc1852,wagner - pastillas,0.0,50,4.0,0.0,22.599999999999998,0.17159958185992497,rojo,3,0.2726523655931968,2024-07-20,12.7,10.0,635.0,0,,0.0,1,0,1
2025-03-01,icd1623,ishikawa - pastillas de freno,27.0,0,23.0,428.63,102.99000000000001,,rojo,0,1.265882196662903,2024-07-26,4.7,100.0,0.0,0,,0.0,1,0,
2025-03-01,t041,ito koyama - resortes,194.0,0,38.0,680.78,388.795,,rojo,0,0.6415262792484517,2024-12-26,5.9,104.0,0.0,0,,0.0,1,0,
2025-03-01,sk011,ito koyama - resortes,68.0,0,26.0,1053.4,315.06333333333333,,rojo,0,0.7091325886425102,2024-01-22,5.15,176.0,0.0,0,,0.0,1,0,
2025-03-01,a-5568-s,sakura filter,58.0,0,21.0,779.4300000000001,334.8666666666667,,rojo,0,0.8587626863272328,2025-01-31,13.3,60.0,0.0,0,0.0,0.0,1,0,
2025-03-01,icd1522,ishikawa - pastillas de freno,103.0,0,20.0,312.63,97.855,,rojo,0,0.8984106937574051,2024-07-26,5.66,100.0,0.0,0,,0.0,1,0,
2025-02-01,bki002,ito koyama - bocamazas,10.0,0,7.0,557.73,128.33,,rojo,0,0.6649384995853862,2024-11-13,16.64,30.0,0.0,0,,0.0,1,0,
2025-02-01,t1188,ito koyama - trapecios,40.0,0,6.0,707.92,117.98666666666666,,rojo,0,0.6535941374250833,2024-12-10,17.1,60.0,0.0,0,,0.0,1,0,
2024-04-01,50006608,ks - alemania,0.0,250,0.0,0.0,0.0,0.27475396171694205,rojo,4,0.3714645021432406,2022-06-23,4.944010305404663,120.0,1236.0025763511658,0,,0.0,1,0,1
2025-02-01,a-1019,sakura filter,8.0,0,6.0,104.05,44.18000000000001,,rojo,0,0.8010579373609361,2022-12-29,12.04,100.0,0.0,0,0.0,0.0,1,0,
2025-03-01,sfc-29020,sakura filter,148.0,0,13.0,152.97000000000003,61.39833333333333,,rojo,0,0.7059243684723836,2024-11-11,2.99,200.0,0.0,0,0.0,0.0,1,0,
2025-03-01,rni009,ito koyama - direccion,168.0,0,3.0,86.97,14.495,,rojo,0,0.6739255240725915,2025-02-28,1.810486,200.0,0.0,0,,0.0,1,0,
2025-03-01,a-2933,sakura filter,484.0,0,4.0,42.46,10.014999999999999,,rojo,0,0.9294321626003331,2024-11-30,1.96,180.0,0.0,0,,0.0,1,0,
2025-03-01,t1215,ito koyama - trapecios,4.0,0,4.0,118.92,19.82,,rojo,0,0.619810870892446,2024-03-19,11.884,20.0,0.0,0,,0.0,1,0,
2025-03-01,mz-037a,ito koyama - palieres,24.0,0,7.0,164.04,55.281666666666666,,rojo,0,0.549401710794189,2024-10-24,7.2,50.0,0.0,0,,0.0,1,0,
2025-03-01,54660-c7200,ito koyama - amortiguadores,53.0,0,33.0,1360.76,425.2166666666667,,rojo,0,0.6390740658824109,2024-11-29,10.8,78.0,0.0,0,,0.0,1,0,
2025-02-01,bdd092,ishikawa - discos de freno,14.0,0,8.0,151.86,43.19166666666666,,rojo,0,0.6302579628546428,2023-03-31,6.53,100.0,0.0,0,,0.0,1,0,
2025-03-01,pcr5050500,prextoline - usa,1.0,50,24.0,2619.87,1193.69,,rojo,0,0.7630097456335676,2024-06-20,19.99,300.0,999.4999999999999,0,,0.0,1,0,
2025-03-01,icd1848,ishikawa - pastillas de freno,18.0,0,43.0,1600.62,395.07666666666665,,rojo,0,0.9064181945792207,2024-07-26,3.6,100.0,0.0,0,,0.0,1,0,
2025-02-01,rn-811a,ito koyama - palieres,25.0,0,7.0,133.23,38.34166666666667,,rojo,0,0.5276324253197555,2024-06-21,6.92,50.0,0.0,0,,0.0,1,0,
2025-03-01,ho-009,ito koyama - palieres,41.0,0,11.0,126.83000000000001,76.735,,rojo,0,0.5896627710150676,2024-06-21,6.62,50.0,0.0,0,,0.0,1,0,
2024-06-01,c-271170/6,mann - brasil,0.0,50,0.0,0.0,0.0,0.22357301032922064,rojo,4,0.4088500000101975,2020-12-30,42.90983324050904,20.0,2145.4916620254517,0,,0.0,1,0,1
2024-02-01,tto005,ito koyama - direccion,0.0,150,0.0,0.0,0.0,0.4948759777470166,rojo,6,0.6637375916394018,2023-05-19,2.65,120.0,397.5,0,,0.0,1,0,1
2024-02-01,sgcdw-010,seco - embragues,0.0,50,0.0,0.0,0.0,1.6996980686524996,rojo,4,0.44397909187950146,2023-05-23,16.31,100.0,815.4999999999999,0,,0.0,1,0,1
2025-01-01,bmz003,ito koyama - bocamazas,35.0,0,2.0,40.46,6.743333333333333,,rojo,0,0.4869750364978182,2024-11-13,10.9,30.0,0.0,0,,0.0,1,0,
2025-03-01,341198,ito koyama - amortiguadores,16.0,0,20.0,1055.3600000000001,317.08,,rojo,0,0.637129008535284,2024-08-22,7.23,96.0,0.0,0,,0.0,1,0,
2024-07-01,schd-494,seco - embragues,13.0,50,0.0,0.0,0.0,0.2739324862809369,verde,4,0.4142354859564504,2020-04-25,21.49,50.0,1074.5,0,,3.777140613412557,0,0,0
2025-02-01,to-813,ito koyama - palieres,0.0,50,31.0,4696.08,1172.45,,rojo,0,0.6149904282739977,2024-12-17,6.8,200.0,340.0,0,,0.0,1,0,
2025-03-01,eo-2626,sakura filter,361.0,0,73.0,1531.47,535.72,,rojo,0,1.0447286424328552,2024-11-28,2.08,150.0,0.0,0,0.0,0.0,1,0,
2025-03-01,a-1084,sakura filter,11.0,0,14.0,347.23,112.93,,rojo,0,1.000761619954578,2023-10-25,4.8,54.0,0.0,0,,0.0,1,0,
2024-05-01,a-1411,sakura filter,134.0,0,0.0,0.0,0.0,0.7344181064817885,verde,6,0.6672962246421185,2017-02-09,1.8,20.0,0.0,0,,24.186681984648718,0,0,0
2024-10-01,icd924,ishikawa - pastillas de freno,0.0,250,2.0,0.0,5.715,0.5192196360605886,rojo,6,0.7713996363647284,2024-07-26,5.08,140.0,1270.0,0,,0.0,1,0,1
2025-03-01,icd1089,ishikawa - pastillas de freno,28.0,0,24.0,427.62,101.98333333333333,,rojo,0,0.924241741138482,2024-07-26,5.65,100.0,0.0,0,,0.0,1,0,
2025-03-01,icd2299,ishikawa - pastillas de freno,23.0,0,41.0,465.8,145.09833333333333,,rojo,0,0.9880693833624787,2024-03-20,4.89,100.0,0.0,0,,0.0,1,0,
2024-04-01,scns-087,seco - embragues,0.0,50,0.0,0.0,0.0,2.534744665864128,rojo,4,0.423064463157232,2023-05-23,14.88,80.0,744.0,0,,0.0,1,0,1
2025-03-01,726680398r,ito koyama - amortiguadores,56.0,0,62.0,860.63,509.5683333333333,,rojo,0,0.7333870232747941,2024-11-29,11.0,90.0,0.0,0,,0.0,1,0,
2024-04-01,rhy011,ito koyama - direccion,0.0,150,0.0,0.0,0.0,0.9098525228211383,rojo,6,0.7861943708200936,2023-05-19,1.94,240.0,291.0,0,,0.0,1,0,1
2025-03-01,icd2042,ishikawa - pastillas de freno,50.0,0,20.0,165.96,54.185,,rojo,0,1.038099398641222,2024-07-26,3.25,100.0,0.0,0,,0.0,1,0,
2025-03-01,hy-012,ito koyama - palieres,124.0,0,57.0,2815.9,858.7116666666667,,rojo,0,0.6270867608591182,2024-12-17,10.3,200.0,0.0,0,,0.0,1,0,
2025-03-01,hy-824,ito koyama - palieres,30.0,0,32.0,1538.47,428.705,,rojo,0,0.5695549777198464,2024-12-17,10.6,100.0,0.0,0,,0.0,1,0,
2024-12-01,icd1950,ishikawa - pastillas de freno,0.0,550,52.0,0.0,438.37166666666667,0.4023250019390238,rojo,6,1.2986717205268612,2024-07-26,3.36,510.0,1848.0,0,,0.0,1,0,1
2025-03-01,343418,ito koyama - amortiguadores,91.0,0,28.0,2180.9,615.16,,rojo,0,0.6695545840919611,2024-11-29,6.7,150.0,0.0,0,,0.0,1,0,
2025-02-01,t1146,ito koyama - trapecios,0.0,50,16.0,394.06,109.87,,rojo,0,0.6777864888929535,2024-03-19,9.855,40.0,492.75,0,,0.0,1,0,
2025-01-01,fs-28290,sakura filter,67.0,0,2.0,101.69,22.59166666666667,,rojo,0,0.6650438366289788,2023-10-23,8.66,50.0,0.0,0,,0.0,1,0,
2024-10-01,48772,narva,0.0,350,3.0,0.0,97.45333333333333,0.4666171533344058,rojo,4,0.5132132634680632,2024-05-29,5.6584915999174115,200.0,1980.472059971094,0,,0.0,1,0,1
2025-02-01,t1119,ito koyama - trapecios,0.0,50,20.0,2123.76,369.26,,rojo,0,0.7391399733610752,2024-12-10,9.6,60.0,480.0,0,,0.0,1,0,
2024-03-01,87562620,ks - alemania,0.0,50,0.0,0.0,0.0,0.23593982163125762,rojo,4,0.34641679729349645,2023-02-06,27.451952533721926,20.0,1372.5976266860962,0,,0.0,1,0,1
2025-01-01,t1042,ito koyama - trapecios,63.0,0,4.0,62.47,20.678333333333335,,rojo,0,0.6254850744073104,2025-02-28,12.749197,60.0,0.0,0,,0.0,1,0,
2025-04-01,n019,ito koyama - resortes,0.0,50,42.0,2393.73,541.4883333333333,,rojo,0,0.7711437201900064,2024-11-04,4.8,280.0,240.0,0,,0.0,1,0,
2023-06-01,sm010,ito koyama - torretas,0.0,100,0.0,0.0,0.0,0.35719533737378945,rojo,6,0.6322230101055486,2022-08-15,4.83,100.0,483.0,0,,0.0,1,0,1
2024-12-01,a-31060,sakura filter,41.0,50,2.0,0.0,5.903333333333333,0.5586696422374317,verde,6,0.7419597966230873,2021-08-26,3.8,40.0,190.0,0,,11.74167069969405,0,0,0
2025-03-01,41602-64j00,ito koyama - amortiguadores,51.0,0,45.0,1129.26,291.21166666666664,,rojo,0,0.6675231673553049,2024-11-29,11.4,60.0,0.0,0,,0.0,1,0,
2025-03-01,ca-17110-s,sakura filter,37.0,0,6.0,53.65,15.451666666666666,,rojo,0,0.7852325526476773,2024-11-11,1.15,60.0,0.0,0,,0.0,1,0,
2024-11-01,sfc-79410-30s,sakura filter,0.0,350,10.0,0.0,1034.6699999999998,0.3233569542640194,rojo,6,0.7724815684613237,2024-09-17,14.94,36.0,5229.0,0,,0.0,1,0,1
2023-11-01,tto004,ito koyama - direccion,0.0,250,0.0,0.0,0.0,0.2795365987703631,rojo,6,0.6119157923127174,2022-08-15,2.97,120.0,742.5,0,,0.0,1,0,1
2025-03-01,atfd35500,valvoline,6.0,0,4.0,1512.79,508.6366666666666,,rojo,0,0.33414187816692786,2024-06-12,520.62,10.0,0.0,0,,0.0,1,0,
2024-10-01,a-61500,sakura filter,0.0,50,1.0,0.0,5.748333333333334,0.5,rojo,6,0.7370746053544851,2022-09-05,3.18,60.0,159.0,0,,0.0,1,0,1
2024-12-01,h851405500,valvoline,5.0,50,1.0,0.0,149.71833333333333,0.0,verde,2,0.399208142654627,2024-03-30,594.88,4.0,29744.0,0,,2.499955595328366,0,0,0
2024-11-01,cf-700/1,mann - brasil,0.0,50,3.0,0.0,90.24166666666667,1.0181789663194731,rojo,4,0.42473998201878765,2024-09-12,17.68,24.0,884.0,0,,0.0,1,0,1
2025-03-01,54651-3x250,ito koyama - amortiguadores,184.0,0,85.0,2311.68,828.025,,rojo,0,0.7940066746095091,2024-11-29,10.3,179.0,0.0,0,,0.0,1,0,
2024-05-01,rxfc120764b,wagner locked - usa,0.0,1850,0.0,0.0,0.0,0.6039806440943665,rojo,2,0.34068549382176183,2023-04-29,2.2,6000.0,4070.0000000000005,0,,0.0,1,0,1
2025-03-01,a-1158,sakura filter,824.0,0,31.0,2281.63,626.745,,rojo,0,0.5585019058447145,2025-01-22,5.1,40.0,0.0,0,452.0,0.0,1,0,
2024-11-01,a-7926,sakura filter,0.0,50,1.0,0.0,18.361666666666668,1.4113666409458583,rojo,6,1.1093926343171818,2024-02-28,18.42,1.0,921.0000000000001,0,,0.0,1,0,1
2025-03-01,a-1157,sakura filter,51.0,0,14.0,1967.64,407.18666666666667,,rojo,0,0.77857327477884,2024-10-16,4.52,8.0,0.0,0,,0.0,1,0,
2025-04-01,icd1611,ishikawa - pastillas de freno,62.0,0,18.0,334.62,99.06166666666667,,rojo,0,0.7570281466484734,2024-03-20,9.1,50.0,0.0,0,,0.0,1,0,
2025-03-01,54661-f2000,ito koyama - amortiguadores,54.0,0,32.0,4490.099999999999,1064.2083333333333,,rojo,0,0.656598786300908,2024-11-29,11.1,48.0,0.0,0,,0.0,1,0,
2024-10-01,a-1917,sakura filter,0.0,50,1.0,0.0,3.5516666666666663,0.9744121045605642,rojo,6,0.725030342903298,2023-09-26,2.41,10.0,120.5,0,0.0,0.0,1,1,1
2022-09-01,skhd-181,seco - embragues,0.0,150,0.0,0.0,0.0,0.25640008185539803,rojo,4,0.4058139384163364,2021-08-27,37.48,80.0,5621.999999999999,0,,0.0,1,0,1
2025-03-01,a-5537-s,sakura filter,40.0,0,9.0,121.5,46.26,,rojo,0,0.9311129109349404,2024-04-18,7.0,60.0,0.0,0,,0.0,1,0,
2024-01-01,zd1423,wagner - pastillas,0.0,50,0.0,0.0,0.0,0.28871122661862036,rojo,3,0.0857212260300729,2018-02-23,20.826,100.0,1041.3,0,,0.0,1,0,1
2025-03-01,41601m79g80,ito koyama - amortiguadores,297.0,0,34.0,1315.9,429.3516666666667,,rojo,0,0.7381328657439552,2024-11-29,9.9,200.0,0.0,0,,0.0,1,0,
2024-05-01,a-1410,sakura filter,0.0,50,0.0,0.0,0.0,2.790474903500352,rojo,6,2.2682695410216716,2019-11-15,2.75,135.0,137.5,0,,0.0,1,0,1
2025-03-01,bdd088,ishikawa - discos de freno,6.0,0,5.0,153.2,50.873333333333335,,rojo,0,0.7144599298709955,2023-03-31,10.38,100.0,0.0,0,,0.0,1,0,
2024-09-01,o-3002,sakura filter,0.0,50,0.0,0.0,0.0,3.2264101137676566,rojo,6,0.601609585180299,2019-01-17,1.08,50.0,54.0,0,0.0,0.0,1,1,1
2025-01-01,a-61610,sakura filter,0.0,50,16.0,99.74,62.97833333333333,1.367390581998655,rojo,6,0.8492185571408437,2023-11-28,2.48,100.0,124.0,0,,0.0,1,0,1
2025-02-01,a-42610,sakura filter,0.0,50,88.0,1684.36,1642.4733333333334,,rojo,0,1.1675562584861527,2024-10-31,9.49,200.0,474.5,0,,0.0,1,0,
2025-04-01,o-1530,sakura filter,207.0,0,22.0,786.6,262.9016666666667,,rojo,0,0.7528624809214577,2024-10-22,6.73,200.0,0.0,0,,0.0,1,0,
2025-03-01,54651-a7400,ito koyama - amortiguadores,29.0,0,62.0,1425.06,588.7166666666667,,rojo,0,0.7463934297839752,2024-11-29,10.3,90.0,0.0,0,,0.0,1,0,
2024-04-01,49027r,tkl - taiwan,0.0,150,0.0,0.0,0.0,1.1653635703856262,rojo,4,0.6260473665745646,2022-10-20,2.5,600.0,375.0,0,,0.0,1,0,1
2024-08-01,rho001,ito koyama - direccion,0.0,50,0.0,0.0,0.0,2.2249982660556427,rojo,6,0.7102646703245586,2023-05-19,2.48,150.0,124.0,0,,0.0,1,0,1
2025-03-01,to-014f2,ito koyama - palieres,225.0,0,69.0,4364.1,1114.6983333333333,,rojo,0,0.6211435809486678,2024-12-17,6.5,600.0,0.0,0,,0.0,1,0,
2025-03-01,bhy009,ito koyama - bocamazas,20.0,0,13.0,380.65,182.79166666666666,,rojo,0,0.6971471233344944,2024-11-13,15.6,50.0,0.0,0,,0.0,1,0,
2024-12-01,rto005,ito koyama - direccion,0.0,50,1.0,0.0,2.4516666666666667,0.6234590869538519,rojo,6,0.7011378242006272,2023-05-19,4.18,180.0,209.0,0,,0.0,1,0,1
2024-11-01,icd2326,ishikawa - pastillas de freno,0.0,200,14.0,0.0,91.32166666666667,0.3062434549689932,rojo,6,1.0735031514859208,2024-07-26,3.4,100.0,680.0,0,,0.0,1,0,1
2025-01-01,icd1471,ishikawa - pastillas de freno,0.0,100,48.0,326.62,577.5300000000001,1.6800956493200128,rojo,6,1.0988603112151234,2024-07-26,3.47,300.0,347.0,0,,0.0,1,0,1
2024-11-01,icd1354,ishikawa - pastillas de freno,0.0,100,11.0,0.0,61.90833333333333,1.702197652853398,rojo,6,0.9317485439153032,2024-03-20,4.96,150.0,496.0,0,,0.0,1,0,1
2025-01-01,fc-5517,sakura filter,0.0,50,8.0,8.89,48.87,,rojo,0,0.8538465098820575,2023-10-23,4.21,24.0,210.5,0,0.0,0.0,1,0,
2025-01-01,srni004,ito koyama - cremalleras,13.0,0,4.0,155.2,120.14666666666669,,rojo,0,0.41585765225649646,2024-09-13,70.0,10.0,0.0,0,,0.0,1,0,
2025-03-01,a-1081,sakura filter,467.0,0,64.0,1498.74,563.055,,rojo,0,2.108786118033796,2024-11-28,1.25,400.0,0.0,0,160.0,0.0,1,0,
2025-01-01,b20500100,valvoline,0.0,150,26.0,7648.299999999999,1863.07,0.7567084738324399,rojo,2,0.3539467991173872,2024-11-12,12.99,300.0,1948.5,0,,0.0,1,0,1
2024-03-01,tkl48012,tkl - taiwan,0.0,50,0.0,0.0,0.0,2.0890629833453187,rojo,4,0.6203649761798601,2022-10-20,1.55,20.0,77.5,0,,0.0,1,0,1
2024-11-01,a-31090,sakura filter,46.0,0,1.0,0.0,1.9266666666666667,1.365944461120233,verde,6,0.7771681664931309,2023-08-04,3.0,80.0,0.0,0,,22.986136612037914,0,0,0
2022-10-01,ntn-lm11749/10,nachi - koyo - ntn - nsk - japon,0.0,100,0.0,0.0,0.0,0.201393990870153,rojo,4,0.31137622342619037,2021-06-05,3.0,200.0,300.0,0,,0.0,1,0,1
2025-03-01,a-2812,sakura filter,220.0,0,7.0,102.25999999999999,43.07,,rojo,0,1.2676845439844378,2024-08-29,3.2,156.0,0.0,0,,0.0,1,0,
2025-02-01,dt205/75r16c,deestone,102.0,0,4.0,679.3299999999999,215.14333333333332,,rojo,0,0.514817767990579,2024-10-28,39.27,60.0,0.0,0,,0.0,1,0,
2024-11-01,ef-2702,sakura filter,0.0,100,2.0,0.0,29.290000000000003,0.7208812866037198,rojo,6,0.9598960937067528,2024-03-14,3.08,50.0,308.0,0,0.0,0.0,1,1,1
2024-10-01,a-38010,sakura filter,0.0,150,2.0,0.0,7.5633333333333335,0.3737071928792435,rojo,6,0.8561263207918376,2023-11-06,2.44,40.0,366.0,0,,0.0,1,0,1
2025-03-01,41601-m68k01,ito koyama - amortiguadores,62.0,0,20.0,275.41,135.96666666666667,,rojo,0,0.7003361503652862,2024-11-29,9.1,48.0,0.0,0,,0.0,1,0,
2025-03-01,41602-m68k01,ito koyama - amortiguadores,60.0,0,22.0,257.21000000000004,152.565,,rojo,0,0.708066664268478,2024-11-29,9.1,48.0,0.0,0,,0.0,1,0,
2025-02-01,t1142,ito koyama - trapecios,7.0,0,10.0,543.0799999999999,119.91666666666667,,rojo,0,0.6095708706522622,2024-03-19,9.57,40.0,0.0,0,,0.0,1,0,
2025-01-01,bdd067,ishikawa - discos de freno,74.0,0,5.0,285.0,70.85166666666667,,rojo,0,0.6490547380668913,2024-07-24,11.04,100.0,0.0,0,,0.0,1,0,
2025-04-01,4852042080,ito koyama - amortiguadores,14.0,0,32.0,1256.18,238.40833333333333,,rojo,0,0.7390120668289614,2024-11-29,11.5,79.0,0.0,0,,0.0,1,0,
2025-03-01,55351-22100,ito koyama - amortiguadores,118.0,0,32.0,1209.84,409.5233333333333,,rojo,0,0.6920912476293813,2024-11-29,10.5,50.0,0.0,0,,0.0,1,0,
2024-12-01,a-29370,sakura filter,0.0,100,5.0,0.0,10.863333333333335,0.3493066008868974,rojo,6,0.7350027119090469,2023-08-04,2.28,60.0,227.99999999999997,0,,0.0,1,0,1
2024-05-01,wk-1040/1x,mann - brasil,0.0,50,0.0,0.0,0.0,2.535301873433896,rojo,4,0.38164188322020504,2022-09-16,17.579431438446047,50.0,878.9715719223024,0,,0.0,1,0,1
2025-03-01,20360fa040,ito koyama - amortiguadores,25.0,0,15.0,419.94,89.16000000000001,,rojo,0,0.6505247428554384,2024-11-29,12.3,48.0,0.0,0,,0.0,1,0,
2025-03-01,41802-59j10,ito koyama - amortiguadores,0.0,50,31.0,1790.88,527.32,,rojo,0,0.6500004778227259,2024-11-29,10.9,48.0,545.0,0,,0.0,1,0,
2025-03-01,t1152,ito koyama - trapecios,97.0,0,12.0,273.63,95.74666666666667,,rojo,0,0.7882667234031171,2024-03-19,3.1884,100.0,0.0,0,,0.0,1,0,
2025-01-01,t1204,ito koyama - trapecios,3.0,50,6.0,61.28,33.605,0.276297233958762,verde,6,0.5642551553399376,2024-03-19,17.1015,20.0,855.075,0,,0.7767068116816113,0,0,0
2025-03-01,t1083,ito koyama - trapecios,65.0,0,21.0,821.6600000000001,249.26833333333335,,rojo,0,0.6398085382467611,2024-03-19,21.7391,100.0,0.0,0,,0.0,1,0,
2025-02-01,tkl-a-1000s,tkl - taiwan,1.0,0,4.0,371.18,107.06166666666667,,rojo,0,0.4534014963834863,2022-10-20,22.5,50.0,0.0,0,,0.0,1,0,
2025-01-01,bdd059,ishikawa - discos de freno,0.0,50,7.0,45.76,69.11833333333333,2.6441897973485293,rojo,6,0.6654507640126941,2024-07-24,6.81,50.0,340.5,0,,0.0,1,0,1
2025-03-01,bni006,ito koyama - bocamazas,1.0,50,5.0,512.72,197.42166666666665,,rojo,0,0.6852361023366954,2024-11-13,11.8,50.0,590.0,0,,0.0,1,0,
2024-11-01,icd440,ishikawa - pastillas de freno,0.0,150,8.0,0.0,42.32833333333333,0.29231321925002524,rojo,6,0.779483692195295,2024-03-20,4.85,50.0,727.5,0,,0.0,1,0,1
2025-03-01,44310-08c60,ito koyama - amortiguadores,54.0,0,8.0,114.24,43.754999999999995,,rojo,0,0.8139231187531792,2024-11-29,6.4,80.0,0.0,0,,0.0,1,0,
2024-11-01,sk019,ito koyama - resortes,0.0,50,3.0,0.0,22.255,1.2615036243690017,rojo,6,0.8467349441561238,2024-01-22,5.25,152.0,262.5,0,,0.0,1,0,1
2025-02-01,bdd085,ishikawa - discos de freno,108.0,0,8.0,80.84,77.46833333333332,,rojo,0,0.6236951455164612,2024-10-30,9.4,50.0,0.0,0,,0.0,1,0,
2025-03-01,41601-58m00,ito koyama - amortiguadores,45.0,0,46.0,2308.67,475.185,,rojo,0,0.6999362170345063,2024-11-29,10.6,90.0,0.0,0,,0.0,1,0,
2025-03-01,af9900m8,prestone - mexico,2.0,0,5.0,1457.64,706.2199999999999,,rojo,0,0.35454453816738474,2025-02-07,271.15,4.0,0.0,0,,0.0,1,0,
2025-02-01,eo-23020,sakura filter,3.0,0,4.0,11.25,7.931666666666666,,rojo,0,0.5162485525267333,2019-11-22,1.12,250.0,0.0,0,,0.0,1,0,
2024-11-01,c003,ito koyama - resortes,0.0,100,3.0,0.0,39.39333333333333,0.8364388976546197,rojo,6,0.9018779061278092,2024-01-22,6.62,96.0,662.0,0,,0.0,1,0,1
2025-03-01,ety009,ito koyama - direccion,154.0,0,14.0,209.98000000000002,57.71,,rojo,0,0.7388327666160487,2025-02-28,1.39269,198.0,0.0,0,,0.0,1,0,
2025-03-01,h-813/3,mann - brasil,50.0,0,11.0,502.49,128.00833333333333,,rojo,0,0.4577012489015702,2024-09-12,8.93,108.0,0.0,0,,0.0,1,0,
2024-12-01,bdd030,ishikawa - discos de freno,0.0,200,5.0,0.0,180.165,0.3552301292306788,rojo,6,1.164827592564122,2023-12-23,6.48,100.0,1296.0,0,,0.0,1,0,1
2025-02-01,t1226,ito koyama - trapecios,0.0,50,10.0,702.49,117.08166666666666,,rojo,0,0.604260241860305,2024-12-10,9.57,40.0,478.5,0,,0.0,1,0,
2025-01-01,18033,narva,0.0,350,48.0,182.48,1868.4983333333332,1.7219047138352548,rojo,4,0.41257291791175166,2024-05-29,15.939012508153915,600.0,5578.654377853871,0,,0.0,1,0,1
2025-02-01,icd1157,ishikawa - pastillas de freno,0.0,50,30.0,299.11,129.42166666666665,,rojo,0,0.9586768689496089,2024-07-26,3.6,100.0,180.0,0,,0.0,1,0,
2024-10-01,sb004,ito koyama - resortes,0.0,100,3.0,0.0,17.631666666666668,1.2040451089149142,rojo,6,0.8997390203084079,2024-01-22,4.85,160.0,484.99999999999994,0,,0.0,1,0,1
2024-11-01,ani001,ito koyama - direccion,0.0,50,4.0,0.0,9.295,1.9481785123319038,rojo,6,0.6819463353416992,2023-05-19,1.93,300.0,96.5,0,,0.0,1,0,1
2025-02-01,ni-546,ito koyama - palieres,139.0,0,5.0,60.06,28.22666666666667,,rojo,0,0.5833220746954182,2024-12-17,8.9,100.0,0.0,0,,0.0,1,0,
2024-07-01,sdmb-080,seco - embragues,0.0,50,0.0,0.0,0.0,0.32325170590044916,rojo,4,0.3874866204408143,2023-05-23,21.92,20.0,1096.0,0,,0.0,1,0,1
2025-04-01,a-28820,sakura filter,288.0,0,26.0,533.38,142.31333333333333,,rojo,0,1.578385265100963,2024-11-11,1.69,60.0,0.0,0,160.0,0.0,1,0,
2025-03-01,ni-011,ito koyama - palieres,61.0,0,11.0,580.84,105.53500000000001,,rojo,0,0.6209405530628809,2024-12-17,7.1,50.0,0.0,0,,0.0,1,0,
2024-12-01,a-69210,sakura filter,0.0,100,2.0,0.0,12.170000000000002,0.7120156396337608,rojo,6,0.6646425986167149,2023-09-15,2.65,75.0,265.0,0,,0.0,1,0,1
2024-09-01,tt-113,toyo - japon,95.0,0,0.0,0.0,0.0,0.460196849785577,verde,4,0.43668114067122327,2020-11-12,4.088602097705007,300.0,0.0,0,,11.114524807545292,0,0,0
2025-01-01,622380210,ito koyama - amortiguadores,7.0,0,5.0,125.76,42.67666666666667,,rojo,0,0.6688001549123042,2023-07-25,6.0,99.0,0.0,0,,0.0,1,0,
2025-03-01,as-7805-s,sakura filter,250.0,0,71.0,3679.87,1275.9166666666667,,rojo,0,0.898445663005406,2025-01-21,9.87,162.0,0.0,0,0.0,0.0,1,0,
2023-06-01,sdhd-098,seco - embragues,0.0,50,0.0,0.0,0.0,0.20618031213580904,rojo,4,0.40306523317158305,2022-02-05,13.83,60.0,691.5,0,,0.0,1,0,1
2025-03-01,mz002,ito koyama - resortes,18.0,0,35.0,987.32,252.87833333333333,,rojo,0,0.7789329325695794,2024-12-26,4.3,56.0,0.0,0,,0.0,1,0,
2024-07-01,27110,versachem - usa,0.0,50,0.0,0.0,0.0,0.33438485936548534,rojo,1,0.33387773455012526,2022-11-08,6.21,72.0,310.5,0,,0.0,1,0,1
2025-03-01,t1210,ito koyama - trapecios,74.0,0,7.0,798.1500000000001,181.10833333333335,,rojo,0,0.58113576433998,2024-12-10,27.54,60.0,0.0,0,,0.0,1,0,
2025-03-01,a-1068,sakura filter,83.0,0,20.0,716.66,230.17666666666665,,rojo,0,1.0657041572407189,2024-11-04,2.3,100.0,0.0,0,0.0,0.0,1,0,
2025-03-01,hy009,ito koyama - resortes,1038.0,0,210.0,8949.619999999999,3541.8716666666664,,rojo,0,0.8165270969560862,2024-12-26,4.45,1200.0,0.0,0,,0.0,1,0,
2025-03-01,41602m79g80,ito koyama - amortiguadores,280.0,0,32.0,1298.1399999999999,426.39166666666665,,rojo,0,0.7345574173104092,2024-11-29,9.9,200.0,0.0,0,,0.0,1,0,
2025-01-01,cmt-004,aisin - japon,30.0,0,7.0,176.76,78.29166666666667,,rojo,0,0.45244789491325954,2025-02-24,21.73,30.0,0.0,0,,0.0,1,0,
2024-10-01,l002,ito koyama - resortes,6.0,100,5.0,0.0,54.79333333333333,0.98286943070203,amarillo,6,0.7841692722038159,2024-01-22,4.62,48.0,462.0,0,,0.6503579793550341,0,0,1
2025-03-01,sfc-5304-10,sakura filter,320.0,0,55.0,6173.13,2614.25,,rojo,0,0.6979330705355671,2024-11-11,7.8,144.0,0.0,0,276.0,0.0,1,0,
2025-03-01,54660-g6250,ito koyama - amortiguadores,49.0,0,49.0,1002.34,480.105,,rojo,0,0.6870486635964962,2024-11-29,10.9,90.0,0.0,0,,0.0,1,0,
2025-03-01,a-69130-s,sakura filter,107.0,0,27.0,2428.82,744.3000000000001,,rojo,0,1.030060895309652,2025-01-10,13.04,140.0,0.0,0,0.0,0.0,1,0,
2025-02-01,fs-18300,sakura filter,219.0,0,8.0,146.34,41.46666666666667,,rojo,0,0.5870021817296314,2016-04-27,6.2,32.0,0.0,0,,0.0,1,0,
2024-03-01,ahy012,ito koyama - direccion,0.0,200,0.0,0.0,0.0,0.35229080274448066,rojo,6,0.6688766217997457,2023-05-19,2.02,220.0,404.0,0,,0.0,1,0,1
2025-03-01,a-6540,sakura filter,188.0,0,4.0,48.09,19.088333333333335,,rojo,0,1.026671941629719,2024-09-17,2.3,20.0,0.0,0,60.0,0.0,1,0,
2024-12-01,t1162,ito koyama - trapecios,1.0,50,7.0,0.0,41.498333333333335,0.3378088908325514,amarillo,6,0.6649967957813833,2024-06-11,9.2755,20.0,463.775,0,,0.2079507654816569,0,0,1
2025-03-01,t1211,ito koyama - trapecios,75.0,0,7.0,798.23,181.17499999999998,,rojo,0,0.5758159938439215,2024-12-10,27.54,60.0,0.0,0,,0.0,1,0,
2025-01-01,bdd121,ishikawa - discos de freno,0.0,50,6.0,36.02,37.04666666666667,,rojo,0,0.7374961778722259,2023-07-05,10.14,50.0,507.0,0,,0.0,1,0,
2025-03-01,a-28890,sakura filter,104.0,0,19.0,1421.16,252.235,,rojo,0,0.8191516124326433,2025-01-10,2.6,100.0,0.0,0,0.0,0.0,1,0,
2025-03-01,af12050m,prestone - mexico,126.0,0,18.0,2547.46,495.7633333333333,,rojo,0,0.34272816784210874,2025-02-07,8.05,360.0,0.0,0,,0.0,1,0,
2025-02-01,t1171,ito koyama - trapecios,56.0,0,5.0,266.91,44.48500000000001,,rojo,0,0.5633532740930965,2024-12-10,27.78,60.0,0.0,0,,0.0,1,0,
2025-02-01,t1172,ito koyama - trapecios,56.0,0,5.0,266.91,44.48500000000001,,rojo,0,0.5631946949621102,2024-12-10,27.78,60.0,0.0,0,,0.0,1,0,
2025-03-01,bdd037,ishikawa - discos de freno,48.0,0,8.0,151.24,162.0,,rojo,0,1.1065314289897294,2024-10-30,6.85,100.0,0.0,0,,0.0,1,0,
2024-09-01,icd797,ishikawa - pastillas de freno,0.0,100,0.0,0.0,0.0,0.5919137029686833,rojo,6,0.6486850845249281,2023-03-31,5.46,100.0,546.0,0,,0.0,1,0,1
2025-03-01,54661-a7400,ito koyama - amortiguadores,40.0,0,61.0,1542.74,570.555,,rojo,0,0.7394407202919231,2024-11-29,10.3,90.0,0.0,0,,0.0,1,0,
2025-03-01,icd1624,ishikawa - pastillas de freno,25.0,0,24.0,875.64,235.46666666666667,,rojo,0,1.5468539753609616,2024-07-26,2.93,100.0,0.0,0,,0.0,1,0,
2024-10-01,a-90220,sakura filter,35.0,50,1.0,0.0,5.366666666666667,0.6884930321780696,verde,6,0.7847355745430538,2022-03-31,2.9,60.0,145.0,0,,8.185430909289947,0,0,0
2025-04-01,a-38320-s,sakura filter,95.0,0,32.0,2831.74,719.3966666666666,,rojo,0,1.1098358880679988,2025-02-28,16.56,60.0,0.0,0,12.0,0.0,1,0,
2024-12-01,a-1725,sakura filter,240.0,0,5.0,0.0,14.334999999999999,2.719718071697963,verde,6,0.847196992356896,2024-08-29,2.15,120.0,0.0,0,120.0,96.00850743963822,0,0,0
2025-01-01,icd2017,ishikawa - pastillas de freno,0.0,100,21.0,146.14000000000001,103.33666666666666,0.23104349197626128,rojo,6,0.8885403795814477,2024-03-20,4.68,100.0,468.0,0,,0.0,1,0,1
2024-12-01,xu22epr-u,denso - bujias - japon,1560.0,0,21.0,0.0,245.89833333333334,1.7072853091672435,verde,3,0.3726850354605048,2025-03-11,1.71,1600.0,0.0,0,,18.86194951191765,0,0,0
2025-03-01,a-5653-s,sakura filter,77.0,0,13.0,1981.02,602.7433333333333,,rojo,0,0.7158041897897689,2025-01-31,20.93,100.0,0.0,0,,0.0,1,0,
2024-10-01,pu-1059x,mann - brasil,0.0,150,2.0,0.0,61.78,0.4968968579577013,rojo,4,0.4176503567551952,2024-09-24,8.62270089149475,30.0,1293.4051337242124,0,,0.0,1,0,1
2024-10-01,ctx-110,aisin - japon,0.0,150,4.0,0.0,503.2483333333334,0.4644292681605221,rojo,6,0.3862628246838601,2023-10-26,71.71,20.0,10756.499999999998,0,,0.0,1,0,1
2025-03-01,ni-009,ito koyama - palieres,61.0,0,14.0,1472.3600000000001,406.8333333333333,,rojo,0,0.5329715519371061,2024-10-24,7.8,100.0,0.0,0,,0.0,1,0,
2024-05-01,schd-484,seco - embragues,0.0,100,0.0,0.0,0.0,0.30151341705156953,rojo,4,0.4108513265906501,2022-08-08,12.3,80.0,1230.0,0,,0.0,1,0,1
2025-03-01,t1213,ito koyama - trapecios,11.0,0,3.0,85.4,14.233333333333334,,rojo,0,0.6531825924406386,2024-03-19,8.69575,40.0,0.0,0,,0.0,1,0,
2024-10-01,c-331460/1,mann - brasil,0.0,150,2.0,0.0,248.0233333333333,0.33657724519404214,rojo,4,0.4518138312441235,2024-09-12,40.36,30.0,6054.0,0,,0.0,1,0,1
2025-04-01,a-38230-s,sakura filter,107.0,0,41.0,1805.78,786.4333333333334,,rojo,0,1.0344503251045731,2024-03-18,16.0,60.0,0.0,0,,0.0,1,0,
2025-03-01,sf-27010,sakura filter,349.0,0,11.0,267.36,83.59833333333334,,rojo,0,0.8906701426107824,2025-01-28,3.89,200.0,0.0,0,,0.0,1,0,
2024-10-01,bdd032,ishikawa - discos de freno,0.0,50,1.0,0.0,11.243333333333332,5.385144985089876,rojo,6,1.0546362008732837,2023-12-23,5.47,100.0,273.5,0,,0.0,1,0,1
2025-03-01,bdd099,ishikawa - discos de freno,30.0,0,13.0,223.83,87.835,,rojo,0,0.809560942091187,2024-01-09,9.3,80.0,0.0,0,,0.0,1,0,
2025-03-01,c-10027,sakura filter,431.0,0,15.0,440.49,126.42166666666667,,rojo,0,0.9617774782977632,2024-10-31,1.54,400.0,0.0,0,,0.0,1,0,
2024-09-01,546512d000,ito koyama - amortiguadores,0.0,150,0.0,0.0,0.0,0.4678213046964457,rojo,6,0.6268089475327183,2024-08-22,10.5,8.0,1575.0,0,,0.0,1,0,1
2023-04-01,3508,spaco - italia,0.0,50,0.0,0.0,0.0,3.5195915479080546,rojo,4,0.7196571366683362,,,,,0,,0.0,1,0,1
2025-03-01,bdd042,ishikawa - discos de freno,12.0,0,13.0,248.56,77.94,,rojo,0,0.7356521769778326,2024-01-09,6.73,50.0,0.0,0,,0.0,1,0,
2025-03-01,a-1181,sakura filter,0.0,50,10.0,235.22,61.129999999999995,,rojo,0,2.2999765198084607,2024-08-29,0.9,60.0,45.0,0,,0.0,1,0,
2024-04-01,48861,narva,0.0,100,0.0,0.0,0.0,0.8752884050087357,rojo,4,0.5415387414811663,2021-09-10,3.313623548269272,10.0,331.3623548269272,0,,0.0,1,0,1
2025-02-01,bdd110,ishikawa - discos de freno,4.0,0,9.0,172.1,52.39000000000001,,rojo,0,0.9729813717851595,2024-01-09,6.97,50.0,0.0,0,,0.0,1,0,
2025-03-01,ef-31090,sakura filter,465.0,0,48.0,1186.39,648.6999999999999,,rojo,0,1.0468647924857764,2024-11-11,4.68,350.0,0.0,0,,0.0,1,0,
2023-08-01,50006623,ks - alemania,0.0,200,0.0,0.0,0.0,0.47460868680027896,rojo,4,0.3676385124816859,2023-02-06,5.740738501548767,150.0,1148.1477003097534,0,,0.0,1,0,1
2025-04-01,a-90080,sakura filter,81.0,0,6.0,93.83,15.638333333333334,,rojo,0,0.8955060213135919,2024-12-13,2.31,20.0,0.0,0,,0.0,1,0,
2025-03-01,633147,ito koyama - amortiguadores,51.0,0,30.0,895.2,392.1166666666666,,rojo,0,0.6343733419865396,2024-11-29,10.755957,47.0,0.0,0,,0.0,1,0,
2025-03-01,55311-2s400,ito koyama - amortiguadores,76.0,0,19.0,224.98,177.32333333333335,,rojo,0,0.7383474980654949,2024-11-29,7.0,80.0,0.0,0,,0.0,1,0,
2025-03-01,55311-38601,ito koyama - amortiguadores,21.0,0,10.0,1065.42,177.57000000000002,,rojo,0,0.6902869399709199,2024-11-29,8.0,50.0,0.0,0,,0.0,1,0,
2025-03-01,b45a34900,ito koyama - amortiguadores,63.0,0,26.0,615.13,205.56166666666664,,rojo,0,0.6501586563728776,2024-11-29,11.1,48.0,0.0,0,,0.0,1,0,
2025-02-01,icd1498,ishikawa - pastillas de freno,0.0,50,15.0,107.78,45.63666666666666,,rojo,0,0.638195942393474,2021-12-07,4.557333,150.0,227.86665,0,,0.0,1,0,
2024-10-01,cmt-001,aisin - japon,0.0,150,3.0,0.0,279.45,0.3689394678201022,rojo,6,0.48333865113097313,2024-05-20,15.99,70.0,2398.5,0,,0.0,1,0,1
2024-11-01,hu-7008z,mann - brasil,0.0,100,1.0,0.0,9.321666666666667,1.668353224740959,rojo,4,0.8067554984183388,2024-02-09,2.2201145911216735,90.0,222.01145911216736,0,,0.0,1,0,1
2024-09-01,rov1030025,rover - usa,0.0,850,0.0,0.0,0.0,1.162844244665573,rojo,4,0.5090520331091094,2024-06-20,2.0825,1008.0,1770.125,0,,0.0,1,0,1
2024-01-01,rto017a,ito koyama - direccion,0.0,450,0.0,0.0,0.0,0.5472416559532548,rojo,6,0.7428398808032224,2023-05-19,2.1,1020.0,945.0,0,,0.0,1,0,1
2025-03-01,a-14400,sakura filter,12.0,0,6.0,15.59,12.753333333333332,,rojo,0,0.8114630100182965,2022-05-27,1.55,40.0,0.0,0,,0.0,1,0,
2025-01-01,h-5503,sakura filter,92.0,0,4.0,0.0,23.939999999999998,0.6209060982052333,verde,6,0.6516049486332256,2024-11-11,4.22,60.0,0.0,0,,30.655612410541842,0,0,0
2025-03-01,a-29530,sakura filter,297.0,0,22.0,1177.17,276.41,,rojo,0,0.9252609172146478,2023-11-28,2.35,100.0,0.0,0,,0.0,1,0,
2024-11-01,sfc-55280,sakura filter,0.0,50,3.0,0.0,69.635,0.6401298843529838,rojo,6,0.8662292502061527,2022-09-05,15.16,60.0,758.0,0,0.0,0.0,1,1,1
2025-01-01,t1201,ito koyama - trapecios,5.0,0,5.0,108.39000000000001,50.96666666666667,,rojo,0,0.5618875500734477,2024-06-11,16.232,20.0,0.0,0,,0.0,1,0,
2024-11-01,c-2295/2,mann - brasil,0.0,50,2.0,0.0,14.858333333333334,0.7984834796766406,rojo,4,0.40279477136653,2024-02-09,4.892873904705048,60.0,244.64369523525238,0,,0.0,1,0,1
2024-11-01,t1085m,ito koyama - trapecios,2.0,50,4.0,0.0,68.11833333333334,0.9289420677825284,amarillo,6,0.4741289028573075,2022-02-14,24.3,150.0,1215.0,0,,0.7202999278710633,0,0,1
2025-03-01,56110-25g00,ito koyama - amortiguadores,14.0,0,25.0,1472.6399999999999,718.9499999999999,,rojo,0,0.7040169090117625,2024-11-29,5.3,100.0,0.0,0,,0.0,1,0,
2025-01-01,bdd016,ishikawa - discos de freno,12.0,0,5.0,124.93,58.153333333333336,,rojo,0,0.5902367337044618,2024-01-09,11.269,50.0,0.0,0,,0.0,1,0,
2024-12-01,mi-004,ito koyama - palieres,0.0,50,4.0,0.0,62.28666666666667,0.3429855457863888,rojo,6,0.5719811422396187,2023-03-08,8.38,60.0,419.00000000000006,0,,0.0,1,0,1
2025-03-01,emi001,ito koyama - direccion,60.0,0,4.0,367.16,61.193333333333335,,rojo,0,0.6316670094223626,2025-02-28,1.392667,98.0,0.0,0,,0.0,1,0,
2025-03-01,emi002,ito koyama - direccion,62.0,0,4.0,364.8,60.800000000000004,,rojo,0,0.6356411703131127,2025-02-28,1.392712,100.0,0.0,0,,0.0,1,0,
2024-02-01,w-920/31,mann - brasil,0.0,50,0.0,0.0,0.0,0.7995738703269509,rojo,4,0.3944133764612968,2022-03-15,5.29,60.0,264.5,0,,0.0,1,0,1
2023-05-01,a-1000s,sealco - usa,0.0,250,0.0,0.0,0.0,0.3535255280031429,rojo,3,0.23377473125072884,2022-09-19,63.53,300.0,15882.5,0,,0.0,1,0,1
2025-03-01,a-1198,sakura filter,129.0,0,44.0,2050.32,569.8533333333334,,rojo,0,1.0086743343575926,2024-10-22,2.5,100.0,0.0,0,,0.0,1,0,
2025-01-01,t1205,ito koyama - trapecios,3.0,50,7.0,61.28,38.13833333333333,0.31101427457744507,verde,6,0.5620057551619405,2024-03-19,17.1015,20.0,855.075,0,,1.357776746637522,0,0,0
2025-01-01,bto009,ito koyama - bocamazas,0.0,50,7.0,235.08,105.77999999999999,,rojo,0,0.6384224701236132,2024-11-13,4.57,60.0,228.5,0,,0.0,1,0,
2023-01-01,sk19,sin definicion,0.0,50,0.0,0.0,0.0,,rojo,0,0.834113359722614,2020-02-18,0.94,450.0,47.0,0,,0.0,1,0,
2025-01-01,dtlt235/75r15,deestone,1.0,50,5.0,149.15,199.38000000000002,0.6368307774597438,amarillo,6,0.38383649083941346,2024-09-20,44.24,18.0,2212.0,0,,0.15151189736957052,0,0,1
2024-11-01,wk-1060/4,mann - brasil,0.0,50,1.0,0.0,7.739999999999999,1.8551477333381023,rojo,4,0.45050024647103404,2023-01-12,15.6,30.0,780.0,0,,0.0,1,0,1
2024-12-01,fs-26080,sakura filter,840.0,900,1.0,0.0,14.125,0.5997339074644321,verde,6,0.9694005356918165,2025-01-22,3.9,300.0,3510.0,0,,5.660568721606733,0,0,0
2024-10-01,t1168,ito koyama - trapecios,0.0,50,0.0,0.0,0.0,0.5842210954416523,rojo,6,0.6114819774633795,2023-06-14,10.1,40.0,505.0,0,,0.0,1,0,1
2025-03-01,339339,ito koyama - amortiguadores,48.0,0,22.0,351.81,129.26500000000001,,rojo,0,0.686148794557187,2024-11-29,11.7,71.0,0.0,0,,0.0,1,0,
2025-03-01,to-722,ito koyama - palieres,167.0,0,27.0,2800.34,632.645,,rojo,0,0.750973981263305,2024-12-17,13.5,204.0,0.0,0,,0.0,1,0,
2025-03-01,a-65660,sakura filter,101.0,0,13.0,198.07000000000002,51.285,,rojo,0,0.6229165150859414,2024-11-30,2.26,80.0,0.0,0,,0.0,1,0,
2025-03-01,fc-1004,sakura filter,404.0,0,21.0,442.90999999999997,158.39333333333335,,rojo,0,0.8051089225269025,2024-11-11,1.7,200.0,0.0,0,0.0,0.0,1,0,
2025-03-01,t024,ito koyama - resortes,58.0,0,26.0,1020.16,440.65333333333336,,rojo,0,0.8101042151964695,2024-12-26,4.5,104.0,0.0,0,,0.0,1,0,
2025-03-01,ef-1001,sakura filter,62.0,0,4.0,9.88,38.94166666666666,,rojo,0,0.8035866325806266,2024-11-11,3.26,12.0,0.0,0,,0.0,1,0,
2025-02-01,a-14520,sakura filter,3.0,0,9.0,156.94,43.73166666666666,,rojo,0,0.7531577103034907,2024-02-28,2.61,100.0,0.0,0,,0.0,1,0,
2025-03-01,a-5658-s,sakura filter,62.0,0,8.0,2684.94,447.49,,rojo,0,0.7943241065431477,2025-01-21,25.72,88.0,0.0,0,,0.0,1,0,
2024-11-01,mz-024f2,ito koyama - palieres,0.0,100,1.0,0.0,20.158333333333335,0.41439547107753844,rojo,6,0.5586157629549777,2023-12-07,5.7,100.0,570.0,0,,0.0,1,0,1
2025-03-01,a-71380-s,sakura filter,251.0,0,25.0,746.0,550.83,,rojo,0,0.971557412385992,2025-02-28,13.8,24.0,0.0,0,,0.0,1,0,
2025-03-01,a-25410,sakura filter,5.0,0,1.0,94.0,15.666666666666666,,rojo,0,0.5931716712954128,2019-11-22,30.0,50.0,0.0,0,,0.0,1,0,
2024-10-01,srmi001,ito koyama - cremalleras,0.0,50,4.0,0.0,74.06333333333333,0.21348567249413938,rojo,6,0.6580422656472823,2023-05-18,64.96,20.0,3247.9999999999995,0,,0.0,1,0,1
2024-12-01,bdd089,ishikawa - discos de freno,0.0,50,2.0,0.0,8.049999999999999,1.7934567340901788,rojo,6,0.6874758726813914,2023-03-31,6.78,100.0,339.0,0,,0.0,1,0,1
2024-01-01,c-29010,mann - brasil,0.0,50,0.0,0.0,0.0,0.4806888449511289,rojo,4,0.4157136938135057,2023-10-05,29.020530152320863,12.0,1451.026507616043,0,,0.0,1,0,1
2023-11-01,vx298,valvoline - usa,0.0,50,0.0,0.0,0.0,0.5443209602450461,rojo,3,0.49581440314818065,2023-09-07,490.0,6.0,24500.0,0,,0.0,1,0,1
2025-03-01,t028,ito koyama - resortes,78.0,0,19.0,277.29,130.73999999999998,,rojo,0,0.9048911670556057,2024-12-26,3.9,104.0,0.0,0,,0.0,1,0,
2025-03-01,54651-2e500,ito koyama - amortiguadores,56.0,0,19.0,2208.3,423.065,,rojo,0,0.7942546556744546,2024-11-29,10.9,90.0,0.0,0,,0.0,1,0,
2024-10-01,hc-45070,sakura filter,0.0,50,2.0,0.0,17.96666666666667,0.43147961222797293,rojo,6,1.1102882663745255,2023-10-23,8.17,30.0,408.5,0,,0.0,1,0,1
2025-02-01,c-1511,sakura filter,0.0,50,42.0,1598.3,680.885,,rojo,0,0.7788820132007727,2024-11-11,2.1,200.0,105.0,0,0.0,0.0,1,0,
2022-09-01,sk21,sin definicion,0.0,50,0.0,0.0,0.0,,rojo,0,0.4869535259021134,2022-06-16,1.1,100.0,55.00000000000001,0,,0.0,1,0,
2025-03-01,a-1817,sakura filter,41.0,0,4.0,60.25,14.505,,rojo,0,0.6296786693009918,2024-10-22,3.78,54.0,0.0,0,,0.0,1,0,
2024-05-01,w7multi-20,mann - brasil,0.0,100,0.0,0.0,0.0,0.760222021245262,rojo,4,0.36853722398325806,2023-10-12,3.96,108.0,396.0,0,,0.0,1,0,1
2025-02-01,bdd064,ishikawa - discos de freno,4.0,0,4.0,306.04,68.125,,rojo,0,0.642747753649986,2024-01-09,13.5374,50.0,0.0,0,,0.0,1,0,
2025-02-01,bdd061,ishikawa - discos de freno,0.0,50,14.0,331.24,141.22333333333333,,rojo,0,0.7336724317103062,2024-10-30,6.58,50.0,329.0,0,,0.0,1,0,
2025-03-01,icd1555,ishikawa - pastillas de freno,39.0,0,20.0,302.65999999999997,102.76333333333334,,rojo,0,0.87918340176515,2024-07-26,6.72,100.0,0.0,0,,0.0,1,0,
2024-12-01,icd436,ishikawa - pastillas de freno,0.0,150,16.0,0.0,123.85666666666667,0.501731746536862,rojo,6,0.9000176638797759,2024-03-20,6.37,100.0,955.5,0,,0.0,1,0,1
2025-03-01,as-5628,sakura filter,75.0,0,14.0,410.22,115.79,,rojo,0,0.7787306605033762,2024-10-31,6.36,60.0,0.0,0,0.0,0.0,1,0,
2025-03-01,633148,ito koyama - amortiguadores,51.0,0,31.0,1027.84,420.5566666666667,,rojo,0,0.6406565104659224,2024-11-29,10.756042,48.0,0.0,0,,0.0,1,0,
2025-01-01,t1191,ito koyama - trapecios,44.0,0,4.0,84.76,25.76666666666667,,rojo,0,0.5319063775897286,2024-12-10,23.19,40.0,0.0,0,,0.0,1,0,
2023-09-01,t1174,ito koyama - trapecios,0.0,50,0.0,0.0,0.0,0.4082489393580766,rojo,6,0.48054586134543736,2021-05-27,9.9,40.0,495.0,0,,0.0,1,0,1
2025-03-01,a-16990,sakura filter,38.0,0,6.0,146.82000000000002,37.63666666666667,,rojo,0,0.8085955471957612,2024-11-30,2.13,60.0,0.0,0,,0.0,1,0,
2025-02-01,a-1122,sakura filter,141.0,0,4.0,101.61,23.150000000000002,,rojo,0,0.5820956304094593,2023-07-26,1.74,144.0,0.0,0,,0.0,1,0,
2025-01-01,dtt205/45zr16,deestone,95.0,0,3.0,283.39,81.38333333333334,0.41734331230983285,verde,6,0.3692641530469267,2023-08-25,26.16,40.0,0.0,0,,22.087131641862037,0,0,0
2025-03-01,ky01-34-900a,ito koyama - amortiguadores,6.0,0,28.0,374.01,126.95166666666667,,rojo,0,0.7133161352720092,2024-08-22,8.35,64.0,0.0,0,,0.0,1,0,
2024-11-01,822348,valvoline - usa,0.0,400,4.0,0.0,263.865,0.33374996624702796,rojo,3,0.6425469690345039,2023-12-20,5.503333,126.0,2201.3332,0,,0.0,1,0,1
2023-08-01,tkl24020d,tkl - taiwan,0.0,150,0.0,0.0,0.0,0.4625721604376301,rojo,4,0.6547424204033646,2022-10-20,0.95,100.0,142.5,0,,0.0,1,0,1
2025-03-01,s-polos,sin definicion,0.0,50,121.0,0.0,0.0,,rojo,0,-0.9784596488152322,2024-12-13,25.568779750328833,400.0,1278.4389875164416,0,,0.0,1,0,
2022-12-01,ntn-m12649/10,nachi - koyo - ntn - nsk - japon,0.0,150,0.0,0.0,0.0,0.5102565204194127,rojo,4,0.5586147778344848,2018-09-13,3.15,150.0,472.5,0,,0.0,1,0,1
2025-02-01,op-002f3,ito koyama - palieres,0.0,50,6.0,187.59,89.93666666666667,,rojo,0,0.6194962656545181,2023-06-16,7.1,60.0,355.0,0,,0.0,1,0,
2025-03-01,hy-820,ito koyama - palieres,47.0,0,29.0,1938.78,606.105,,rojo,0,0.5864198487267497,2024-12-17,7.2,50.0,0.0,0,,0.0,1,0,
2025-03-01,b45a34700,ito koyama - amortiguadores,63.0,0,24.0,478.83,189.47333333333333,,rojo,0,0.6450713093849041,2024-11-29,11.1,48.0,0.0,0,,0.0,1,0,
2025-03-01,a-1762,sakura filter,306.0,0,23.0,392.55,118.36166666666666,,rojo,0,1.4858033413244864,2024-11-30,1.52,60.0,0.0,0,,0.0,1,0,
2025-03-01,tto032,ito koyama - direccion,187.0,0,6.0,167.88,27.98,,rojo,0,0.6866259824574409,2025-02-28,2.646071,202.0,0.0,0,,0.0,1,0,
2024-11-01,schd-073,seco - embragues,16.0,50,2.0,0.0,10.553333333333333,0.3504053198797659,verde,4,0.37143342150921327,2021-08-27,13.2,50.0,660.0,0,,4.465385842806638,0,0,0
2023-05-01,sdhd-083,seco - embragues,0.0,100,0.0,0.0,0.0,0.26393192583005176,rojo,4,0.36239379499077434,2021-08-27,14.2,50.0,1420.0,0,,0.0,1,0,1
2023-01-01,dd295/80r22.5,deruibo,0.0,100,0.0,0.0,0.0,1.1172713940039503,rojo,4,0.22708344285064605,2022-03-31,113.8,104.0,11380.0,0,,0.0,1,0,1
2025-02-01,icd1423,ishikawa - pastillas de freno,0.0,50,50.0,2236.2799999999997,740.4066666666666,,rojo,0,0.890323835963889,2024-03-20,4.57,300.0,228.5,0,,0.0,1,0,
2024-12-01,fs-18301,sakura filter,97.0,0,2.0,0.0,9.66,2.956407664919899,verde,6,0.4377121130359531,2023-10-05,8.89,128.0,0.0,0,,48.47323802434959,0,0,0
2024-11-01,icd822,ishikawa - pastillas de freno,0.0,100,10.0,0.0,46.43333333333333,0.43273785411565024,rojo,6,1.0488694529865994,2024-01-09,3.79,100.0,379.0,0,,0.0,1,0,1
2025-03-01,55300-3x100,ito koyama - amortiguadores,2.0,50,42.0,6120.04,1557.4233333333332,,rojo,0,0.8732591673109025,2024-11-29,6.6,250.0,330.0,0,,0.0,1,0,
2025-03-01,zd1156,wagner - pastillas,61.0,0,4.0,15.42,22.203333333333333,,rojo,0,0.12989529102632538,2020-04-13,15.37,150.0,0.0,0,,0.0,1,0,
2025-03-01,a-8672-s,sakura filter,460.0,0,45.0,3931.06,1187.8799999999999,,rojo,0,1.0058411792743267,2025-02-28,9.27,180.0,0.0,0,,0.0,1,0,
2025-03-01,bdd093,ishikawa - discos de freno,106.0,0,5.0,275.26,69.60666666666667,,rojo,0,0.6375500590065378,2023-12-23,6.47,100.0,0.0,0,,0.0,1,0,
2025-01-01,bdd094,ishikawa - discos de freno,92.0,0,3.0,39.66,27.909999999999997,,rojo,0,0.511242621047309,2023-07-05,13.38,50.0,0.0,0,,0.0,1,0,
2024-11-01,a-17930,sakura filter,72.0,0,1.0,0.0,3.671666666666667,2.1090736759662745,verde,6,0.7302957798582403,2021-08-26,2.12,140.0,0.0,0,,22.686020190710227,0,0,0
2025-01-01,srto002,ito koyama - cremalleras,26.0,0,4.0,301.49,98.44,,rojo,0,0.700450718651677,2024-09-13,55.0,30.0,0.0,0,,0.0,1,0,
2024-11-01,w16ex-ua,denso - bujias - japon,0.0,300,2.0,0.0,16.655,1.7681187006127055,rojo,3,0.36547425306849635,2025-03-11,0.93,96.0,279.0,0,,0.0,1,0,1
2025-03-01,41601-71l20,ito koyama - amortiguadores,164.0,0,49.0,1145.46,470.7366666666667,,rojo,0,0.7369292825354191,2024-11-29,10.2,90.0,0.0,0,,0.0,1,0,
2025-03-01,c-32338/1,mann - brasil,0.0,50,7.0,258.09,66.74333333333333,,rojo,0,0.8213991780698012,2024-11-13,8.27,32.0,413.5,0,,0.0,1,0,
2024-10-01,a-1742,sakura filter,0.0,50,1.0,0.0,1.6533333333333333,2.368793111328999,rojo,6,0.7237647515463536,2023-10-23,2.02,20.0,101.0,0,,0.0,1,0,1
2025-03-01,54660-2p000,ito koyama - amortiguadores,77.0,0,9.0,277.3,59.71166666666667,,rojo,0,0.669701988315423,2024-11-29,10.9,90.0,0.0,0,,0.0,1,0,
2025-03-01,icd1965,ishikawa - pastillas de freno,76.0,0,29.0,598.84,185.23333333333335,,rojo,0,1.0293732095239574,2024-07-26,3.3,100.0,0.0,0,,0.0,1,0,
2024-04-01,a-53030,sakura filter,0.0,50,0.0,0.0,0.0,0.4045729452725373,rojo,6,0.5331666427984222,2019-12-06,56.1,17.0,2805.0,0,,0.0,1,0,1
2024-11-01,48602,narva,0.0,100,5.0,0.0,79.11333333333333,1.4911067854263553,rojo,4,0.5717300757470505,2023-01-17,4.157253465723992,400.0,415.7253465723992,0,,0.0,1,0,1
2025-04-01,df-001,ito koyama - palieres,86.0,0,33.0,987.29,279.5733333333333,,rojo,0,0.6126288055307388,2024-12-17,8.5,100.0,0.0,0,,0.0,1,0,
2024-09-01,t1166,ito koyama - trapecios,0.0,50,0.0,0.0,0.0,0.5748832359884728,rojo,6,0.6212731419658399,2024-03-19,9.2755,20.0,463.775,0,,0.0,1,0,1
2025-03-01,a-1127,sakura filter,64.0,0,12.0,106.56,74.51333333333334,,rojo,0,0.9040753775961718,2023-11-28,2.95,90.0,0.0,0,0.0,0.0,1,0,
2025-04-01,17177,narva,44350.0,0,266.0,15003.75,5756.41,,rojo,0,0.5583142116997317,2024-09-16,0.116983058989048,69000.0,0.0,0,,0.0,1,0,
2025-04-01,a-71130-s,sakura filter,2.0,0,17.0,1318.03,460.70166666666665,,rojo,0,0.7892437381347708,2023-11-27,44.84,99.0,0.0,0,0.0,0.0,1,0,
2025-03-01,h75905500,valvoline,2.0,0,6.0,2750.4,1077.5600000000002,,rojo,0,0.3835437633225054,2024-11-12,675.0,6.0,0.0,0,,0.0,1,0,
2025-01-01,rto012,ito koyama - direccion,17.0,0,3.0,45.41,17.05,,rojo,0,0.7167854594029615,2023-05-19,4.17,120.0,0.0,0,,0.0,1,0,
2025-03-01,t1080,ito koyama - trapecios,36.0,0,5.0,64.7,34.24333333333333,,rojo,0,0.5891449203212415,2024-03-19,9.86,20.0,0.0,0,,0.0,1,0,
2025-03-01,ho-013,ito koyama - palieres,40.0,0,4.0,48.370000000000005,20.425,,rojo,0,0.5851552297644868,2024-10-24,6.9,50.0,0.0,0,,0.0,1,0,
2025-03-01,sk012,ito koyama - resortes,116.0,0,31.0,1074.18,360.6033333333333,,rojo,0,0.70442635016714,2024-11-04,5.3,80.0,0.0,0,,0.0,1,0,
2025-02-01,4060a066,ito koyama - amortiguadores,45.0,0,5.0,158.37,45.99,,rojo,0,0.5388558786712351,2024-11-29,11.0,48.0,0.0,0,,0.0,1,0,
2025-04-01,a-29430,sakura filter,19.0,0,25.0,949.24,374.32666666666665,,rojo,0,0.7434103649177499,2024-11-30,12.48,1.0,0.0,0,,0.0,1,0,
2025-04-01,icd680,ishikawa - pastillas de freno,76.0,0,22.0,200.03,51.031666666666666,,rojo,0,0.6096569850352845,2024-07-26,4.35,100.0,0.0,0,,0.0,1,0,
2025-04-01,a-3370,sakura filter,3.0,0,17.0,305.22999999999996,150.41833333333332,,rojo,0,0.8868302759678596,2024-10-22,6.08,40.0,0.0,0,,0.0,1,0,
2025-03-01,339338,ito koyama - amortiguadores,51.0,0,18.0,672.26,173.71,,rojo,0,0.7325152580637422,2024-11-29,11.2,72.0,0.0,0,,0.0,1,0,
2025-01-01,t1134,ito koyama - trapecios,31.0,0,5.0,247.39,57.965,,rojo,0,0.629304243875984,2024-12-10,11.3,40.0,0.0,0,,0.0,1,0,
2025-03-01,hc-5508,sakura filter,31.0,0,4.0,243.04,107.65833333333332,,rojo,0,0.8177241512794364,2022-01-18,14.39,84.0,0.0,0,,0.0,1,0,
2024-10-01,a-1946,sakura filter,0.0,50,2.0,0.0,18.233333333333334,2.0726711906996225,rojo,6,0.8986788923202491,2024-02-27,2.61,40.0,130.5,0,0.0,0.0,1,1,1
2024-07-01,a-1613,sakura filter,0.0,50,0.0,0.0,0.0,2.0382805890997915,rojo,6,0.803184204104999,2019-09-06,2.16,200.0,108.0,0,,0.0,1,0,1
2024-11-01,icd606,ishikawa - pastillas de freno,0.0,100,8.0,0.0,39.15833333333334,1.3379172476713708,rojo,6,1.075967563132688,2024-07-26,4.15,100.0,415.00000000000006,0,,0.0,1,0,1
2024-01-01,mpr1,clevite - usa,0.0,150,0.0,0.0,0.0,2.9469639255354387,rojo,3,0.59061806156159,2023-04-17,9.72,1100.0,1458.0,0,,0.0,1,0,1
2024-08-01,tb-1374/3x,mann - brasil,0.0,50,0.0,0.0,0.0,1.9775494115502934,rojo,4,0.47623945730838174,2023-02-15,18.787508606910706,60.0,939.3754303455353,0,,0.0,1,0,1
2025-01-01,a-2932,sakura filter,259.0,0,5.0,8.58,24.588333333333335,,rojo,0,0.8051705488251223,2024-09-17,4.05,160.0,0.0,0,,0.0,1,0,
2025-03-01,scsz-575,seco - embragues,20.0,0,6.0,295.3,63.693333333333335,,rojo,0,0.4026885969741992,2024-07-18,12.47,60.0,0.0,0,,0.0,1,0,
2023-09-01,af6300/2f,prestone - usa,0.0,250,0.0,0.0,0.0,0.5821272189885106,rojo,3,0.33889297103838767,2023-04-20,7.39,324.0,1847.5,0,,0.0,1,0,1
2025-01-01,crt-010,aisin - japon,0.0,50,6.0,0.0,70.925,,rojo,0,0.5299006982444202,2024-01-11,8.28,40.0,413.99999999999994,0,,0.0,1,0,
2025-01-01,eo-2801,sakura filter,74.0,0,4.0,39.27,13.56,,rojo,0,0.9344049239589235,2023-08-04,1.48,100.0,0.0,0,,0.0,1,0,
2024-11-01,a-2924,sakura filter,25.0,50,3.0,0.0,8.076666666666666,0.6322484558531907,verde,6,1.3420653588612457,2023-10-19,1.72,20.0,86.0,0,,6.3794450294792995,0,0,0
2025-03-01,a-14580,sakura filter,33.0,0,11.0,205.75,50.294999999999995,,rojo,0,0.9084965166302242,2022-10-03,2.52,20.0,0.0,0,0.0,0.0,1,0,
2025-03-01,54651-c5000,ito koyama - amortiguadores,29.0,0,17.0,1597.41,321.62,,rojo,0,0.6380610988812538,2024-11-29,12.5,47.0,0.0,0,,0.0,1,0,
2025-01-01,ctx-078,aisin - japon,12.0,0,5.0,712.7099999999999,237.71166666666667,,rojo,0,0.3942323570717685,2024-11-29,58.02,20.0,0.0,0,,0.0,1,0,
2024-10-01,c-23800,mann - brasil,0.0,100,0.0,0.0,0.0,0.2565398997694993,rojo,4,0.4340462225523944,2024-02-05,43.055494146347044,30.0,4305.549414634705,0,,0.0,1,0,1
2025-02-01,553028h304,ito koyama - amortiguadores,2.0,0,8.0,58.129999999999995,35.60333333333333,,rojo,0,0.5471250738696294,2023-07-25,10.6,60.0,0.0,0,,0.0,1,0,
2025-01-01,icd937,ishikawa - pastillas de freno,0.0,50,10.0,0.0,33.138333333333335,,rojo,0,0.8204706731307408,2024-01-09,4.42,50.0,221.0,0,,0.0,1,0,
2025-01-01,cmt-003,aisin - japon,0.0,100,11.0,318.64,204.92499999999998,0.3905362269612315,rojo,6,0.4796174390437086,2024-11-29,11.97,60.0,1197.0,0,,0.0,1,0,1
2025-03-01,re003,ito koyama - resortes,181.0,0,16.0,296.26,127.56666666666666,,rojo,0,0.7439707238504661,2024-12-26,6.3,56.0,0.0,0,,0.0,1,0,
2025-03-01,a-2417,sakura filter,44.0,0,8.0,32.95,11.818333333333333,,rojo,0,0.6903839424601411,2023-11-28,1.44,50.0,0.0,0,,0.0,1,0,
2025-03-01,41601-64j00,ito koyama - amortiguadores,41.0,0,46.0,1232.11,305.865,,rojo,0,0.6857605268353346,2024-11-29,11.4,60.0,0.0,0,,0.0,1,0,
2025-03-01,ca-10130,sakura filter,0.0,50,29.0,301.42,76.57833333333333,,rojo,0,0.9849670128469934,2024-11-11,1.18,100.0,59.0,0,,0.0,1,0,
2024-12-01,a-24210,sakura filter,12.0,50,3.0,0.0,15.523333333333333,0.4377396093715934,verde,6,0.723095367069148,2021-07-10,4.0,100.0,200.0,0,,4.002694990790842,0,0,0
2025-01-01,a-61360,sakura filter,0.0,50,11.0,9.03,24.786666666666665,,rojo,0,0.7329932036478397,2023-10-19,2.67,100.0,133.5,0,,0.0,1,0,
2025-03-01,t1098,ito koyama - trapecios,6.0,0,13.0,311.42,61.906666666666666,,rojo,0,0.5701217609138074,2024-03-19,8.116,60.0,0.0,0,,0.0,1,0,
2025-03-01,t1099,ito koyama - trapecios,15.0,0,13.0,515.69,95.95166666666667,,rojo,0,0.5703150951478325,2024-03-19,8.116,60.0,0.0,0,,0.0,1,0,
2025-02-01,a-90190,sakura filter,17.0,0,5.0,86.77,25.323333333333334,,rojo,0,0.6518746473320614,2019-11-22,3.99,200.0,0.0,0,,0.0,1,0,
2025-01-01,t1200,ito koyama - trapecios,4.0,0,6.0,80.87,54.998333333333335,,rojo,0,0.5723956583845099,2024-06-11,16.232,20.0,0.0,0,,0.0,1,0,
2025-03-01,fc-1022,sakura filter,511.0,0,13.0,190.85,184.98333333333335,,rojo,0,0.9394504632940913,2024-12-13,2.08,200.0,0.0,0,,0.0,1,0,
2025-01-01,a-16830,sakura filter,16.0,0,2.0,0.0,7.638333333333333,,rojo,0,0.8460755310459551,2023-10-23,2.49,20.0,0.0,0,,0.0,1,0,
2025-03-01,3461-1011askr,sakura - radiadores,20.0,0,32.0,4692.8099999999995,1724.9799999999998,,rojo,0,0.7423663824275336,2024-08-29,16.45,100.0,0.0,0,,0.0,1,0,
2025-03-01,48530-52440,ito koyama - amortiguadores,185.0,0,44.0,2048.2400000000002,639.9150000000001,,rojo,0,0.7032402736107137,2024-11-29,6.5,150.0,0.0,0,,0.0,1,0,
2025-03-01,icd2294,ishikawa - pastillas de freno,0.0,50,37.0,545.49,199.93666666666664,,rojo,0,1.088181045121939,2024-07-26,4.75,60.0,237.5,0,,0.0,1,0,
2024-11-01,bdd098,ishikawa - discos de freno,0.0,50,2.0,0.0,16.103333333333335,0.35809008152528976,rojo,6,0.6585803532728964,2023-03-31,6.97,100.0,348.5,0,,0.0,1,0,1
2025-03-01,c-1522,sakura filter,194.0,0,10.0,619.01,160.69833333333335,,rojo,0,0.8419030092888514,2025-01-10,4.5,120.0,0.0,0,198.0,0.0,1,0,
2023-02-01,48541-09210,ito koyama - amortiguadores,0.0,650,0.0,0.0,0.0,0.34115398981605577,rojo,6,1.2331017437664042,2022-02-07,8.6,100.0,5590.0,0,,0.0,1,0,1
2024-11-01,wdk-11102/28,mann - brasil,0.0,650,17.0,0.0,353.3933333333334,0.57227931620698,rojo,4,0.4057950350633307,2024-09-24,8.889382362365723,160.0,5778.09853553772,0,,0.0,1,0,1
2025-02-01,bni002,ito koyama - bocamazas,39.0,0,13.0,362.56,101.15499999999999,,rojo,0,0.5715554759050282,2024-11-13,4.42,100.0,0.0,0,,0.0,1,0,
2025-03-01,t7069,ito koyama - trapecios,8.0,0,20.0,1187.58,197.92999999999998,,rojo,0,0.578002677529794,2024-12-10,3.9,150.0,0.0,0,,0.0,1,0,
2025-03-01,a-31790,sakura filter,79.0,0,11.0,317.17,71.68166666666666,,rojo,0,0.7422605692569603,2024-09-17,3.56,60.0,0.0,0,,0.0,1,0,
2025-02-01,bdd004,ishikawa - discos de freno,0.0,50,10.0,279.15,115.29333333333334,,rojo,0,0.8938748949834228,2024-07-24,10.4,50.0,520.0,0,,0.0,1,0,
2024-11-01,scdw-382,seco - embragues,6.0,50,1.0,0.0,4.661666666666666,1.0032681533043581,verde,4,0.41731212450987615,2023-05-23,10.81,20.0,540.5,0,,3.528925676020608,0,0,0
2025-03-01,a-76410-s,sakura filter,109.0,0,13.0,502.08,127.685,,rojo,0,0.7547090243920639,2025-02-28,5.87,75.0,0.0,0,,0.0,1,0,
2025-01-01,a-6606,sakura filter,351.0,0,2.0,0.0,4.485,0.7629216560092912,verde,6,0.7390352915709065,2020-04-17,3.05,204.0,0.0,0,,350.61352272350194,0,0,0
2025-03-01,c001,ito koyama - resortes,102.0,0,29.0,406.43,139.59,,rojo,0,0.6585789384250621,2024-11-04,4.85,200.0,0.0,0,,0.0,1,0,
2025-04-01,3340047,ito koyama - amortiguadores,322.0,0,57.0,1877.0,564.8233333333334,,rojo,0,0.7340937895869142,2024-11-29,9.9,200.0,0.0,0,,0.0,1,0,
2025-03-01,t1085,ito koyama - trapecios,290.0,0,31.0,5696.12,1532.495,,rojo,0,0.574920505642229,2024-12-10,23.8,308.0,0.0,0,,0.0,1,0,
2025-03-01,a-53430-s,sakura filter,132.0,0,19.0,2317.8,442.55,,rojo,0,0.6715895663664371,2024-11-11,10.72,189.0,0.0,0,,0.0,1,0,
2024-10-01,48026,narva,0.0,200,2.0,0.0,29.215000000000003,1.0337867937287526,rojo,4,0.4891917342497559,2023-09-21,2.560775561094284,200.0,512.1551122188567,0,,0.0,1,0,1
2025-01-01,bdd044,ishikawa - discos de freno,82.0,0,5.0,174.25,57.99666666666667,,rojo,0,0.4520273539384681,2024-07-24,12.74,100.0,0.0,0,,0.0,1,0,
2024-10-01,48220,narva,7977.0,0,1.0,0.0,6.638333333333333,1.3171075224042474,verde,4,0.5891493922570806,2023-09-21,1.6147864196300508,8000.0,0.0,0,,328.2367309728046,0,0,0
2025-03-01,54303-1n310,ito koyama - amortiguadores,103.0,0,30.0,304.38,192.655,,rojo,0,0.6563365355264748,2024-11-29,10.4,90.0,0.0,0,,0.0,1,0,
2025-03-01,bdd022,ishikawa - discos de freno,38.0,0,13.0,331.48,237.0233333333333,,rojo,0,0.77531652407599,2024-07-24,8.39,100.0,0.0,0,,0.0,1,0,
2025-01-01,a-17920,sakura filter,1.0,50,10.0,77.91,43.39666666666667,1.602793992904564,amarillo,6,0.6194939527776685,2023-10-23,3.05,100.0,152.5,0,,0.24989146734324844,0,0,1
2024-02-01,asz002,ito koyama - direccion,0.0,150,0.0,0.0,0.0,0.4240366604454095,rojo,6,0.6462396091773864,2022-08-15,2.28,240.0,341.99999999999994,0,,0.0,1,0,1
2022-11-01,c-18360/1,sin definicion,0.0,50,0.0,0.0,0.0,,rojo,0,0.6417987882857038,2021-02-04,11.24,140.0,562.0,0,,0.0,1,0,
2024-10-01,t026,ito koyama - resortes,0.0,100,3.0,0.0,30.689999999999998,0.4670833027393292,rojo,6,0.7066000951682041,2024-01-22,4.25,104.0,425.0,0,,0.0,1,0,1
2025-02-01,t1022,ito koyama - trapecios,65.0,0,8.0,219.01,61.12166666666667,,rojo,0,0.5373382342301537,2024-12-10,16.67,62.0,0.0,0,,0.0,1,0,
2024-12-01,wk-962/13,mann - brasil,0.0,150,7.0,0.0,687.9266666666667,1.226758993893703,rojo,4,0.4437104630892513,2024-11-13,12.38,120.0,1857.0000000000002,0,,0.0,1,0,1
2024-06-01,sgddw-010,seco - embragues,0.0,150,0.0,0.0,0.0,0.6860041051819792,rojo,4,0.43106574390008523,2023-05-23,9.51,150.0,1426.5,0,,0.0,1,0,1
2025-02-01,mz004,ito koyama - resortes,29.0,0,12.0,156.28,73.08166666666666,,rojo,0,0.6750520576802439,2023-07-15,6.4,100.0,0.0,0,,0.0,1,0,
2025-03-01,cv-27,ito koyama - palieres,23.0,0,14.0,169.95000000000002,79.79833333333333,,rojo,0,0.5521712650514353,2024-10-24,6.4,50.0,0.0,0,,0.0,1,0,
2024-11-01,srb-03,seco - embragues,89.0,0,1.0,0.0,2.3733333333333335,1.3413349746075285,verde,4,0.3960995734136329,2021-08-27,5.19,120.0,0.0,0,,28.812720624410204,0,0,0
2024-03-01,as-6203-2rsc3,nas - pfi - zkl - mba,0.0,900,0.0,0.0,0.0,0.3644806949048652,rojo,4,0.5369755532442383,2018-06-15,0.39,1500.0,351.0,0,,0.0,1,0,1
2025-01-01,a-8903,sakura filter,78.0,0,3.0,34.4,20.055,,rojo,0,1.0469244246656944,2023-11-06,2.59,20.0,0.0,0,,0.0,1,0,
2025-02-01,sfc-2901,sakura filter,2.0,0,7.0,272.87,91.94333333333333,,rojo,0,0.9693623413274106,2023-11-24,6.5,24.0,0.0,0,,0.0,1,0,
2024-11-01,bdd051,ishikawa - discos de freno,0.0,100,6.0,0.0,61.82833333333334,0.365541179051464,rojo,6,0.81345036997271,2024-01-09,9.89,80.0,989.0,0,,0.0,1,0,1
2023-01-01,mg331,moog - usa,0.0,100,0.0,0.0,0.0,7.222324386397482,rojo,3,0.4878793190423053,2022-04-25,6.33,700.0,633.0,0,,0.0,1,0,1
2024-10-01,ch006,ito koyama - resortes,4.0,100,6.0,0.0,56.81166666666667,0.7033393924936171,amarillo,6,0.7617585100109246,2024-01-22,6.72,80.0,672.0,0,,0.33336282920438826,0,0,1
2025-03-01,54651-2s000,ito koyama - amortiguadores,124.0,0,45.0,1670.08,957.93,,rojo,0,0.6427141848579174,2024-11-29,14.9,90.0,0.0,0,,0.0,1,0,
2025-03-01,a-28620,sakura filter,429.0,0,43.0,1506.08,590.7633333333333,,rojo,0,0.8423290190655657,2024-11-30,1.2,420.0,0.0,0,0.0,0.0,1,0,
2024-12-01,c-71060,sakura filter,0.0,300,14.0,0.0,249.10833333333335,0.47367541822998055,rojo,6,0.7096427168717925,2024-08-29,4.85,198.0,1455.0,0,198.0,0.0,1,0,1
2024-04-01,a-6523,sakura filter,0.0,100,0.0,0.0,0.0,0.7975433567888539,rojo,6,0.7332579041358266,2016-12-14,3.75,100.0,375.0,0,,0.0,1,0,1
2024-10-01,884567,valvoline - usa,390.0,0,0.0,0.0,0.0,1.9617427549583564,verde,3,0.48133128862074126,2025-03-10,23.176667,195.0,0.0,0,,9.999143233717627,0,0,0
2024-08-01,tb-1394/1x,mann - brasil,0.0,100,0.0,0.0,0.0,0.4208061105003587,rojo,4,0.35752838284074684,2024-02-05,20.01854096889496,60.0,2001.854096889496,0,,0.0,1,0,1
2025-03-01,485310r010,ito koyama - amortiguadores,130.0,0,49.0,2332.38,622.4916666666667,,rojo,0,0.6702988991894688,2024-11-29,7.3,150.0,0.0,0,,0.0,1,0,
2023-10-01,tsz004,ito koyama - direccion,0.0,100,0.0,0.0,0.0,0.6485176863562643,rojo,6,0.73615507638248,2023-05-19,2.18,100.0,218.00000000000003,0,,0.0,1,0,1
2025-03-01,eo-55010,sakura filter,97.0,0,5.0,214.24,53.053333333333335,,rojo,0,0.8475944624211648,2022-01-13,6.5,200.0,0.0,0,,0.0,1,0,
2025-03-01,b32t34700c,ito koyama - amortiguadores,16.0,0,27.0,640.56,151.145,,rojo,0,0.6718428226231401,2024-11-29,11.2,48.0,0.0,0,,0.0,1,0,
2025-02-01,c-38090,sakura filter,0.0,0,28.0,3294.08,1262.2833333333333,,rojo,0,0.726366787921632,2024-09-30,5.72,144.0,0.0,0,96.0,0.0,1,0,
2024-12-01,861398,valvoline - usa,396.0,100,12.0,0.0,580.5016666666667,0.8458069677801962,verde,3,0.6232326759407948,2025-03-10,6.243333,216.0,624.3333,0,,5.3565956561476,0,0,0
2025-03-01,p2550cf500,prextoline - lubricantes,7.0,0,8.0,1544.06,439.8283333333334,,rojo,0,0.48245808920021926,2024-03-30,39.43,20.0,0.0,0,,0.0,1,0,
2024-06-01,rhy003,ito koyama - direccion,0.0,200,0.0,0.0,0.0,0.3057662382850942,rojo,6,0.6315412865661829,2023-05-19,2.86,120.0,572.0,0,,0.0,1,0,1
2024-12-01,a-7103-s,sakura filter,11.0,50,1.0,0.0,10.338333333333333,2.5188790124451104,verde,6,0.6364814368514481,2023-01-10,31.84,28.0,1592.0,0,,9.26511543470867,0,0,0
2025-02-01,48540-02120,ito koyama - amortiguadores,15.0,0,28.0,406.05,237.60166666666666,,rojo,0,0.6734623889273454,2024-09-19,11.3,59.0,0.0,0,,0.0,1,0,
2025-03-01,a-25890,sakura filter,50.0,0,3.0,41.86,6.976666666666667,,rojo,0,0.7454312329592027,2024-11-30,1.94,20.0,0.0,0,,0.0,1,0,
2024-11-01,k20pr-u,denso - bujias - japon,194.0,50,1.0,0.0,5.491666666666667,1.2434606246715743,verde,3,0.3521893645354493,2025-03-11,0.99,192.0,49.5,0,,5.625646315060636,0,0,0
2025-03-01,t1223,ito koyama - trapecios,0.0,50,12.0,149.07999999999998,60.873333333333335,,rojo,0,0.6368563608113778,2024-03-19,11.0145,40.0,550.725,0,,0.0,1,0,
2025-02-01,a-1145,sakura filter,48.0,0,11.0,103.33,65.69333333333334,,rojo,0,0.8374434120759532,2024-08-29,2.96,100.0,0.0,0,,0.0,1,0,
2024-08-01,a-33940,sakura filter,0.0,100,0.0,0.0,0.0,0.5332471382083067,rojo,6,0.9061277540024036,2023-10-19,3.4,20.0,340.0,0,0.0,0.0,1,1,1
2025-03-01,c-25860/5,mann - brasil,98.0,0,3.0,997.3499999999999,166.225,,rojo,0,0.4229526364346513,2022-06-13,26.644567322731017,30.0,0.0,0,,0.0,1,0,
2024-11-01,a-1628,sakura filter,36.0,50,2.0,0.0,5.3566666666666665,0.8090203266228166,verde,6,0.7226044836486853,2017-02-09,2.54,108.0,127.0,0,,9.0,0,0,0
2025-02-01,a-31270,sakura filter,0.0,50,14.0,60.4,49.03666666666667,,rojo,0,1.0108448329926316,2023-11-28,2.49,140.0,124.50000000000001,0,,0.0,1,0,
2025-03-01,dt185/60r14,deestone,152.0,0,5.0,605.5899999999999,145.905,,rojo,0,0.41921862542476834,2023-08-25,20.61,205.0,0.0,0,,0.0,1,0,
2025-03-01,as-1031,sakura filter,0.0,50,7.0,179.85,44.824999999999996,,rojo,0,0.7747226309493614,2022-06-06,5.42,28.0,271.0,0,,0.0,1,0,
2025-03-01,mwmwd1543,wagner - pastillas,4.0,0,4.0,115.26,38.42,,rojo,0,0.15413347869888364,2024-07-20,24.3,20.0,0.0,0,,0.0,1,0,
2025-02-01,a-31310,sakura filter,36.0,0,4.0,117.71,19.618333333333332,,rojo,0,0.6167470843814554,2025-01-10,3.95,60.0,0.0,0,,0.0,1,0,
2025-03-01,a-1126,sakura filter,224.0,0,34.0,1227.94,440.395,,rojo,0,1.1153974616269953,2024-11-11,3.0,198.0,0.0,0,198.0,0.0,1,0,
2025-04-01,ef-13021,sakura filter,2859.0,0,84.0,4364.12,1301.095,,rojo,0,0.8484835424872468,2024-12-26,2.5,600.0,0.0,0,,0.0,1,0,
2025-03-01,bdd105,ishikawa - discos de freno,34.0,0,8.0,205.34,95.91666666666667,,rojo,0,0.7320259081874189,2024-07-24,14.01,50.0,0.0,0,,0.0,1,0,
2025-03-01,icd1261,ishikawa - pastillas de freno,66.0,0,18.0,198.44,43.14333333333334,,rojo,0,1.0650081194232255,2024-07-26,3.2,100.0,0.0,0,,0.0,1,0,
2024-09-01,d25600500,valvoline,69.0,0,0.0,0.0,0.0,4.645786621588784,verde,2,0.4714884840562162,2022-03-08,55.26,100.0,0.0,0,,69.0,0,0,0
2025-03-01,54660-1e200,ito koyama - amortiguadores,130.0,0,29.0,1997.1,692.35,,rojo,0,0.7225948144828719,2024-11-29,10.3,96.0,0.0,0,,0.0,1,0,
2025-03-01,t1129,ito koyama - trapecios,32.0,0,4.0,213.6,35.6,,rojo,0,0.5970352949608445,2024-12-10,14.78,40.0,0.0,0,,0.0,1,0,
2025-03-01,di1540ci5500,valvoline,4.0,0,9.0,6090.12,2302.193333333333,,rojo,0,0.28006170102110317,2024-11-12,502.66,8.0,0.0,0,,0.0,1,0,
2025-01-01,dn-047,aisin - japon,28.0,0,3.0,0.0,71.05666666666666,,rojo,0,0.3788642688207211,2024-01-11,20.38,50.0,0.0,0,,0.0,1,0,
2025-03-01,icd1963,ishikawa - pastillas de freno,34.0,0,34.0,420.52,117.53666666666668,,rojo,0,0.7770860172105896,2024-07-26,3.97,160.0,0.0,0,,0.0,1,0,
2025-03-01,ky01-34-700a,ito koyama - amortiguadores,9.0,0,25.0,323.14,115.62333333333333,,rojo,0,0.7180097778675357,2024-08-22,8.35,64.0,0.0,0,,0.0,1,0,
2025-03-01,726780343r,ito koyama - amortiguadores,68.0,0,20.0,188.17000000000002,80.42333333333333,,rojo,0,0.6494469062910442,2023-07-25,10.0,179.0,0.0,0,,0.0,1,0,
2025-03-01,t1214,ito koyama - trapecios,2.0,0,5.0,286.51,47.751666666666665,,rojo,0,0.6225940306099569,2024-03-19,11.884,20.0,0.0,0,,0.0,1,0,
2025-03-01,54302-70n00,ito koyama - amortiguadores,36.0,0,26.0,325.25,154.745,,rojo,0,0.6728860401198868,2024-08-22,9.4,60.0,0.0,0,,0.0,1,0,
2025-03-01,icd526,ishikawa - pastillas de freno,0.0,50,12.0,133.65,32.61833333333333,,rojo,0,0.7635941520791016,2023-07-05,4.76,50.0,238.0,0,,0.0,1,0,
2025-03-01,t1001,ito koyama - trapecios,38.0,0,15.0,350.87,94.59166666666665,,rojo,0,0.6221624954932983,2024-12-10,9.3,40.0,0.0,0,,0.0,1,0,
2025-03-01,48626,narva,118.0,0,2.0,221.53,36.92166666666667,,rojo,0,0.5840744174311903,2022-06-21,6.397790853488446,400.0,0.0,0,,0.0,1,0,
2025-03-01,bdd083,ishikawa - discos de freno,14.0,0,5.0,157.31,36.68666666666667,,rojo,0,0.6651741027933855,2023-03-31,8.93,100.0,0.0,0,,0.0,1,0,
2025-01-01,t1154,ito koyama - trapecios,46.0,0,9.0,129.26,83.84166666666665,,rojo,0,0.561090804174433,2024-12-10,13.62,40.0,0.0,0,,0.0,1,0,
2025-03-01,fs-31150,sakura filter,104.0,0,3.0,80.45,17.290000000000003,,rojo,0,0.4268627033674939,2019-12-06,9.32,100.0,0.0,0,,0.0,1,0,
2025-02-01,eo-68020,sakura filter,98.0,0,7.0,41.8,34.955,,rojo,0,0.7952293558433606,2024-11-30,3.33,25.0,0.0,0,0.0,0.0,1,0,
2025-03-01,a-6110,sakura filter,101.0,0,9.0,110.77000000000001,28.426666666666666,,rojo,0,0.7683606893774132,2024-08-29,3.86,60.0,0.0,0,,0.0,1,0,
2024-11-01,84042,narva,5.0,50,1.0,0.0,6.921666666666667,0.6451576720700497,verde,4,0.408053402496185,2022-06-21,26.92845961922407,20.0,1346.4229809612036,0,,2.4986849196052483,0,0,0
2025-03-01,a-1080,sakura filter,53.0,0,6.0,199.14,39.68666666666667,,rojo,0,0.8582823154432064,2023-10-19,2.83,20.0,0.0,0,,0.0,1,0,
2025-03-01,41601a78b01,ito koyama - amortiguadores,228.0,0,12.0,120.13,180.63500000000002,,rojo,0,0.7954001390160745,2024-11-29,8.1,200.0,0.0,0,,0.0,1,0,
2025-03-01,a-6117-s,sakura filter,445.0,0,32.0,1143.94,648.1383333333333,,rojo,0,0.8189486142344744,2025-01-31,14.82,40.0,0.0,0,192.0,0.0,1,0,
2025-03-01,bdd100,ishikawa - discos de freno,8.0,0,7.0,172.44,43.655,,rojo,0,0.7057359290539986,2023-03-31,8.0,100.0,0.0,0,,0.0,1,0,
2025-03-01,ef-1306,sakura filter,55.0,0,15.0,135.21,52.44166666666666,,rojo,0,0.9503466034805458,2024-09-17,2.67,100.0,0.0,0,0.0,0.0,1,0,
2025-03-01,54660-2k000,ito koyama - amortiguadores,5.0,0,21.0,229.0,155.01833333333335,,rojo,0,0.6340197034565868,2024-02-29,10.5,52.0,0.0,0,,0.0,1,0,
2024-11-01,a-24240,sakura filter,0.0,50,1.0,0.0,1.2066666666666668,0.8880713178103353,rojo,6,0.7760190609339666,2022-09-14,3.26,20.0,163.0,0,0.0,0.0,1,1,1
2022-12-01,nsk-58tkz3504a3ra,collarines - nachi - koyo - nsk - japon,0.0,50,0.0,0.0,0.0,2.345883223625469,rojo,4,0.5898493464238241,2021-06-05,9.8,300.0,490.00000000000006,0,,0.0,1,0,1
2024-11-01,ca-18430,sakura filter,0.0,150,8.0,0.0,83.455,1.7112761242036836,rojo,6,1.076973264208624,2024-10-22,1.6,120.0,240.0,0,,0.0,1,0,1
2024-11-01,icd1362,ishikawa - pastillas de freno,0.0,150,12.0,0.0,39.656666666666666,0.48594825408136066,rojo,6,0.7617073326532423,2024-07-26,3.8,100.0,570.0,0,,0.0,1,0,1
2025-03-01,a-1014,sakura filter,34.0,0,5.0,139.95,23.325,,rojo,0,0.6769794150120813,2024-09-17,3.28,48.0,0.0,0,,0.0,1,0,
2024-04-01,c-27830,mann - brasil,0.0,100,0.0,0.0,0.0,0.35551088337942915,rojo,4,0.562985843716523,2023-10-12,16.56,60.0,1655.9999999999998,0,,0.0,1,0,1
2025-03-01,bhy008,ito koyama - bocamazas,24.0,0,5.0,217.7,36.28333333333333,,rojo,0,0.5874607569090877,2024-11-13,14.38,30.0,0.0,0,,0.0,1,0,
2025-03-01,pc-57010,sakura filter,270.0,0,4.0,90.16,16.645,,rojo,0,0.6879098222878433,2024-02-28,1.92,100.0,0.0,0,,0.0,1,0,
2023-06-01,87228610,ks - alemania,0.0,50,0.0,0.0,0.0,0.6153268394156088,rojo,4,0.37538461798073336,2022-06-23,30.424678802490234,30.0,1521.2339401245117,0,,0.0,1,0,1
2024-12-01,3410014,ito koyama - amortiguadores,0.0,100,17.0,31.36,146.56833333333336,1.4009813673210718,rojo,6,0.638203463711759,2023-12-23,7.4,200.0,740.0,0,,0.0,1,0,1
2024-09-01,a-3304,sakura filter,0.0,150,0.0,0.0,0.0,0.2540104918792667,rojo,6,1.2152458116613203,2023-09-28,2.13,40.0,319.5,0,,0.0,1,0,1
2025-02-01,bdd052,ishikawa - discos de freno,0.0,50,8.0,609.33,156.78166666666667,,rojo,0,1.2775785288430754,2023-12-23,5.61,100.0,280.5,0,,0.0,1,0,
2024-12-01,t1161,ito koyama - trapecios,2.0,50,7.0,0.0,48.34,0.3151114452478843,verde,6,0.7607122519243581,2024-06-11,9.2755,20.0,463.775,0,,0.40598564874870324,0,0,0
2024-09-01,tt-127,toyo - japon,38.0,0,0.0,0.0,0.0,2.3110446431851854,verde,4,0.4431046633524278,2020-11-12,5.739221042022109,200.0,0.0,0,,18.98881307670771,0,0,0
2024-12-01,t1107,ito koyama - trapecios,1.0,50,10.0,0.0,138.99833333333333,1.388352122072879,amarillo,6,1.256202261096418,2021-06-30,7.72,700.0,386.0,0,,0.19877597501853653,0,0,1
2025-03-01,rni010,ito koyama - direccion,101.0,0,3.0,1126.08,187.67999999999998,,rojo,0,0.6589515794409552,2025-02-28,2.08899,205.0,0.0,0,,0.0,1,0,
2025-04-01,a-3601,sakura filter,133.0,0,19.0,272.13,63.086666666666666,,rojo,0,1.0271744733152917,2023-11-24,2.85,100.0,0.0,0,,0.0,1,0,
2024-12-01,83857003,monark - alemania,0.0,150,10.0,0.0,1156.38,2.085032718659496,rojo,4,0.49827780590249676,,,,,0,,0.0,1,0,1
2025-03-01,tda003,ito koyama - direccion,58.0,0,6.0,52.02,24.16,,rojo,0,0.4498295105437861,2022-08-15,2.72,240.0,0.0,0,,0.0,1,0,
2025-03-01,tda002,ito koyama - direccion,50.0,0,6.0,52.02,24.16,,rojo,0,0.4499266959330883,2022-08-15,2.72,240.0,0.0,0,,0.0,1,0,
2024-10-01,a-6010-s,sakura filter,107.0,0,0.0,0.0,0.0,0.968256070912345,verde,6,0.5232687737880363,2025-01-21,29.63,32.0,0.0,0,,53.50056549511042,0,0,0
2025-02-01,srto007,ito koyama - cremalleras,0.0,50,21.0,6988.26,2499.43,,rojo,0,0.5328778539946073,2024-09-13,64.0,60.0,3200.0,0,,0.0,1,0,
2025-03-01,opt-116,aisin - japon,142.0,0,27.0,7869.06,2170.846666666667,,rojo,0,0.4708127003201285,2025-01-31,42.37,200.0,0.0,0,,0.0,1,0,
2025-01-01,48031,narva,46.0,0,6.0,97.12,94.64666666666666,,rojo,0,0.4342703447908767,2024-02-28,3.6089362715005873,200.0,0.0,0,,0.0,1,0,
2024-10-01,48751,narva,0.0,2800,11.0,0.0,556.2833333333333,0.5159571512386122,rojo,4,0.4909589115847289,2024-09-16,2.1458352204322817,600.0,6008.338617210389,0,,0.0,1,0,1
2025-03-01,mr-992632,ito koyama - amortiguadores,0.0,50,28.0,1522.87,436.9166666666667,,rojo,0,0.7633934972280357,2024-11-29,7.3,100.0,365.0,0,,0.0,1,0,
2025-01-01,cmt-005,aisin - japon,0.0,50,3.0,0.0,49.830000000000005,0.5321415186572654,rojo,6,0.41295215267470614,2024-11-29,22.45,8.0,1122.5,0,,0.0,1,0,1
2025-03-01,mz-2812a,ito koyama - palieres,130.0,0,7.0,240.99,49.913333333333334,,rojo,0,0.5521004210677404,2024-12-17,8.9,50.0,0.0,0,,0.0,1,0,
2024-04-01,87077061,monark - alemania,0.0,50,0.0,0.0,0.0,1.7946709020913985,rojo,4,0.4124264015828581,,,,,0,,0.0,1,0,1
2023-11-01,mg387,moog - usa,0.0,50,0.0,0.0,0.0,5.282373962196095,rojo,3,0.594374794086283,2018-10-12,6.49,300.0,324.5,0,,0.0,1,0,1
2025-02-01,a-2814,sakura filter,227.0,0,7.0,40.53,12.12,,rojo,0,0.7098157585858926,2023-11-24,1.6,80.0,0.0,0,,0.0,1,0,
2024-10-01,icd1035,ishikawa - pastillas de freno,0.0,100,5.0,0.0,23.133333333333336,0.41221456924861927,rojo,6,0.8853620144881261,2024-03-20,5.18,50.0,518.0,0,,0.0,1,0,1
2025-04-01,c-1735,sakura filter,117.0,0,31.0,972.94,315.535,,rojo,0,0.6984488964338617,2024-11-11,7.8,120.0,0.0,0,0.0,0.0,1,0,
2024-12-01,a-5425-s,sakura filter,0.0,50,4.0,0.0,130.12166666666667,0.6376033288870312,rojo,6,0.735816511891521,2024-03-18,25.53,60.0,1276.5,0,,0.0,1,0,1
2025-03-01,54303-50a00,ito koyama - amortiguadores,21.0,0,13.0,237.06,91.33166666666666,,rojo,0,0.6738009727976569,2023-07-25,9.5,102.0,0.0,0,,0.0,1,0,
2023-10-01,rto011,ito koyama - direccion,0.0,200,0.0,0.0,0.0,0.7645744696385566,rojo,6,0.6492103472616003,2023-05-19,4.44,120.0,888.0000000000001,0,,0.0,1,0,1
2024-07-01,rto006,ito koyama - direccion,0.0,100,0.0,0.0,0.0,0.5840079409575647,rojo,6,0.6856385724956989,2023-05-19,4.42,135.0,442.0,0,,0.0,1,0,1
2023-01-01,srb-23,seco - embragues,0.0,50,0.0,0.0,0.0,0.7570419412059708,rojo,4,0.45788277767891583,2020-04-25,7.07,150.0,353.5,0,,0.0,1,0,1
2024-11-01,t1218,ito koyama - trapecios,1.0,50,3.0,0.0,18.444999999999997,1.740563819063831,amarillo,6,0.5576485727923589,2024-06-11,11.3045,20.0,565.225,0,,0.3334315554008499,0,0,1
2025-03-01,a-1135,sakura filter,276.0,0,5.0,110.31,24.905,,rojo,0,0.8246611693497565,2024-09-26,4.77,16.0,0.0,0,,0.0,1,0,
2025-03-01,tni001,ito koyama - direccion,174.0,0,2.0,239.26,39.876666666666665,,rojo,0,0.6767734391615201,2025-02-28,2.089003,208.0,0.0,0,,0.0,1,0,
2025-04-01,48520-12c20,ito koyama - amortiguadores,174.0,0,108.0,4950.1,2531.653333333333,,rojo,0,0.717469669899929,2024-11-29,10.3,275.0,0.0,0,,0.0,1,0,
2025-03-01,c-1309,sakura filter,83.0,0,12.0,329.42,199.77,,rojo,0,0.9227779896657811,2024-11-11,5.28,60.0,0.0,0,,0.0,1,0,
2024-09-01,ak001,ito koyama - direccion,0.0,150,0.0,0.0,0.0,0.3920843729924474,rojo,6,0.6088155636037739,2023-05-19,2.1,158.0,315.0,0,,0.0,1,0,1
2025-04-01,54650-b4000,ito koyama - amortiguadores,311.0,0,55.0,1000.09,540.2016666666667,,rojo,0,0.8341121338604014,2024-11-29,10.3,180.0,0.0,0,,0.0,1,0,
2025-03-01,4852087401,ito koyama - amortiguadores,3.0,0,27.0,793.26,299.7766666666667,,rojo,0,0.8143313729014414,2023-12-23,9.9,59.0,0.0,0,,0.0,1,0,
2024-10-01,a-1655,sakura filter,22.0,50,1.0,0.0,2.938333333333333,0.41744723964042973,verde,6,0.8950967297192346,2022-06-06,1.93,20.0,96.5,0,,5.623930024088112,0,0,0
2025-02-01,a-49480,sakura filter,269.0,0,8.0,290.86,121.37,,rojo,0,0.5618824628277956,2025-01-22,20.88,40.0,0.0,0,,0.0,1,0,
2024-10-01,a-5001,sakura filter,0.0,50,1.0,0.0,8.741666666666667,0.7821861145576733,rojo,6,0.7250983416556629,2020-03-09,15.03,50.0,751.5,0,,0.0,1,0,1
2024-08-01,mwmwc2038,wagner - pastillas,0.0,50,0.0,0.0,0.0,0.2991758226185836,rojo,3,0.5058404253574712,2023-04-25,12.6,80.0,630.0,0,,0.0,1,0,1
2024-09-01,t1165,ito koyama - trapecios,0.0,50,0.0,0.0,0.0,0.25061861519071593,rojo,6,0.6402096707687945,2024-03-19,9.2755,20.0,463.775,0,,0.0,1,0,1
2024-05-01,rmi003,ito koyama - direccion,0.0,50,0.0,0.0,0.0,1.3351823408119086,rojo,6,0.6749765837135699,2023-05-19,2.18,150.0,109.00000000000001,0,,0.0,1,0,1
2025-02-01,n020,ito koyama - resortes,0.0,50,5.0,1061.29,176.88166666666666,,rojo,0,0.6043338313466925,2024-12-26,9.6,80.0,480.0,0,,0.0,1,0,
2023-12-01,sdsz-499,seco - embragues,0.0,50,0.0,0.0,0.0,2.4082840914059203,rojo,4,0.42217970970501856,2021-03-31,10.28,30.0,514.0,0,,0.0,1,0,1
2025-02-01,sfc-6901-10,sakura filter,0.0,50,7.0,220.12,89.58,,rojo,0,0.8279260745925,2024-02-28,4.21,108.0,210.5,0,,0.0,1,0,
2024-11-01,w-962/24,mann - brasil,0.0,100,3.0,0.0,64.815,0.5261229480162118,rojo,4,0.4531238753136569,2024-02-03,9.2,60.0,919.9999999999999,0,,0.0,1,0,1
2025-03-01,c-15165/3,mann - brasil,41.0,0,1.0,61.78,10.296666666666667,,rojo,0,0.5565311503351991,2023-10-12,14.83,60.0,0.0,0,,0.0,1,0,
2025-03-01,a-7101,sakura filter,41.0,0,10.0,903.42,240.27166666666665,,rojo,0,0.6988799611112411,2023-12-05,25.19,1.0,0.0,0,,0.0,1,0,
2024-07-01,sm042,ito koyama - torretas,0.0,150,0.0,0.0,0.0,0.9362322918819679,rojo,6,0.5835145319727334,2022-08-15,5.09,300.0,763.5,0,,0.0,1,0,1
2025-03-01,a-chimpunera,sin definicion,0.0,50,39.0,0.0,0.0,,rojo,0,-1.0,2023-04-01,19.080509952124423,1050.0,954.0254976062212,0,,0.0,1,0,
2025-03-01,srmi002,ito koyama - cremalleras,6.0,0,8.0,1419.84,424.77,,rojo,0,0.5535084720732467,2024-09-13,110.0,10.0,0.0,0,,0.0,1,0,
2025-01-01,c-30850/2,mann - brasil,20.0,0,3.0,55.59,85.96,,rojo,0,0.4657863002854929,2024-11-13,37.82,30.0,0.0,0,,0.0,1,0,
2023-11-01,tma002,ito koyama - direccion,194.0,0,1.0,26.84,4.473333333333334,0.8673703019501411,verde,6,0.6767057632788486,2025-02-28,2.367551,200.0,0.0,0,,12.160554802120036,0,0,0
2025-04-01,ca-17210,sakura filter,0.0,50,28.0,850.16,185.915,,rojo,0,0.9573159531757169,2024-11-11,2.03,100.0,101.49999999999999,0,0.0,0.0,1,0,
2023-08-01,tkl24024,tkl - taiwan,0.0,300,0.0,0.0,0.0,1.0411194469642184,rojo,4,0.8265439395129675,2022-10-20,1.03,800.0,309.0,0,,0.0,1,0,1
2024-07-01,scki-286,seco - embragues,0.0,50,0.0,0.0,0.0,1.6171151397652068,rojo,4,0.4081707355965314,2022-08-08,14.79,30.0,739.5,0,,0.0,1,0,1
2024-11-01,a-8603,sakura filter,0.0,50,2.0,39.9,20.209999999999997,0.42098482495146844,rojo,6,1.0703964821917806,2018-10-29,18.54,50.0,927.0,0,,0.0,1,0,1
2024-09-01,pgcr5003,prextoline - grasas,0.0,50,0.0,0.0,0.0,0.8516661984713185,rojo,2,0.40315977049032614,2021-12-20,31.0,390.0,1550.0,0,,0.0,1,0,1
2025-02-01,ca-18320,sakura filter,21.0,0,11.0,109.53,59.93833333333333,,rojo,0,4.0065745707717495,2024-09-26,0.7,100.0,0.0,0,0.0,0.0,1,0,
2025-03-01,ca-18361,sakura filter,235.0,0,17.0,92.67999999999999,66.78166666666667,,rojo,0,1.281167304150074,2024-10-22,0.9,200.0,0.0,0,,0.0,1,0,
2024-09-01,w16exr-u11,denso - bujias - japon,192.0,200,0.0,0.0,0.0,0.5775487572957192,verde,3,0.3530863867047292,2025-03-11,0.99,192.0,198.0,0,,3.032789204612147,0,0,0
2022-07-01,skf-6308-2z,skf - rodajes,0.0,50,0.0,0.0,0.0,0.3396991400988245,rojo,4,0.5688054523543267,2019-11-06,7.79,400.0,389.5,0,,0.0,1,0,1
2024-12-01,w-1170,mann - brasil,0.0,50,1.0,0.0,12.541666666666666,1.6013898928455286,rojo,4,0.3809344872575882,2023-10-05,7.764725482463836,32.0,388.23627412319183,0,,0.0,1,0,1
2025-03-01,ca-1801,sakura filter,295.0,0,19.0,573.14,165.69,,rojo,0,0.869102466594195,2024-10-22,2.13,200.0,0.0,0,,0.0,1,0,
2023-05-01,a-8638-s,sakura filter,0.0,50,0.0,0.0,0.0,0.7960168387631795,rojo,6,0.5320066922482363,2021-12-14,26.05,32.0,1302.5,0,,0.0,1,0,1
2024-09-01,bdd005,ishikawa - discos de freno,0.0,100,0.0,0.0,0.0,0.5765463365900144,rojo,6,0.5666235393090244,2021-12-07,8.39,100.0,839.0,0,,0.0,1,0,1
2025-03-01,a-1058,sakura filter,0.0,0,22.0,266.78,104.45333333333333,,rojo,0,0.9642675564680099,2024-09-17,2.37,120.0,0.0,0,120.0,0.0,1,0,
2024-05-01,tto017,ito koyama - direccion,48.0,0,0.0,0.0,0.0,0.568964819316708,verde,6,0.595390218691975,2023-05-19,3.77,60.0,0.0,0,,12.79546217495443,0,0,0
2024-09-01,a-68400,sakura filter,0.0,100,0.0,0.0,0.0,0.3553045839271504,rojo,6,0.7272358577147536,2023-05-31,19.19,8.0,1919.0000000000002,0,,0.0,1,0,1
2025-03-01,icd813,ishikawa - pastillas de freno,11.0,0,28.0,283.92,102.25666666666666,,rojo,0,1.0163466070863072,2024-07-26,3.64,100.0,0.0,0,,0.0,1,0,
2025-01-01,tto020,ito koyama - direccion,40.0,0,1.0,32.8,5.466666666666666,,rojo,0,0.7003941693848451,2023-05-19,3.06,120.0,0.0,0,,0.0,1,0,
2024-12-01,kn47001,tkl - taiwan,0.0,650,13.0,0.0,1681.1450000000002,0.6673707067912544,rojo,4,0.5965188540160611,2022-10-20,4.4,4000.0,2860.0000000000005,0,,0.0,1,0,1
2025-03-01,a-8649-s,sakura filter,19.0,0,19.0,2505.22,721.8733333333333,,rojo,0,0.839708327308921,2025-02-28,30.0,19.0,0.0,0,48.0,0.0,1,0,
2025-03-01,a-2614-s,sakura filter,23.0,0,8.0,216.48000000000002,54.95666666666667,,rojo,0,0.8759372700947619,2019-07-17,4.12,200.0,0.0,0,0.0,0.0,1,0,
2025-01-01,q16r-u,denso - bujias - japon,480.0,0,6.0,0.0,66.47333333333333,inf,verde,3,0.3610257695453592,2025-03-11,0.99,480.0,0.0,0,,inf,0,0,0
2024-12-01,a-68380,sakura filter,25.0,100,6.0,0.0,97.795,0.9141974928287271,verde,6,0.7948632248655931,2024-09-17,19.19,36.0,1919.0000000000002,0,,2.945110852325032,0,0,0
2025-03-01,54302-5ha3a,ito koyama - amortiguadores,151.0,0,40.0,609.61,285.68833333333333,,rojo,0,0.7048921450018967,2024-11-29,10.8,80.0,0.0,0,,0.0,1,0,
2025-04-01,ca-28261,sakura filter,312.0,0,46.0,2076.58,484.46333333333337,,rojo,0,0.9060496318723747,2024-11-30,1.35,220.0,0.0,0,,0.0,1,0,
2025-03-01,a-5509-s,sakura filter,58.0,0,19.0,798.84,390.8416666666667,,rojo,0,0.8194434977281243,2024-04-18,24.31,22.0,0.0,0,,0.0,1,0,
2023-05-01,zd1211,wagner - pastillas,0.0,50,0.0,0.0,0.0,0.44790183185861654,rojo,3,0.3996440435048412,2022-04-25,17.7,30.0,885.0,0,,0.0,1,0,1
2024-10-01,n-lapiceros,sin definicion,0.0,50,26.0,0.0,0.0,,rojo,0,-1.0,2023-11-22,2.2431000026405585,4000.0,112.15500013202792,0,,0.0,1,0,
2025-03-01,54661-c5000,ito koyama - amortiguadores,29.0,0,17.0,1600.02,322.055,,rojo,0,0.6334033408180794,2024-11-29,12.5,48.0,0.0,0,,0.0,1,0,
2025-01-01,mz-023,ito koyama - palieres,0.0,50,10.0,152.05,162.68166666666667,,rojo,0,0.5982171106112623,2024-10-24,5.6,100.0,280.0,0,,0.0,1,0,
2024-11-01,wk-1124,mann - brasil,0.0,100,1.0,0.0,10.875,0.9639067666257085,rojo,4,0.49643903472546985,2024-02-03,8.29,60.0,828.9999999999999,0,,0.0,1,0,1
2025-03-01,a-2846,sakura filter,36.0,0,5.0,154.39999999999998,30.385,,rojo,0,0.7224087893193313,2025-01-22,4.44,20.0,0.0,0,0.0,0.0,1,0,
2024-03-01,87561610,ks - alemania,0.0,50,0.0,0.0,0.0,0.4004011619951988,rojo,4,0.3282318874954635,2023-02-06,33.807770160436625,60.0,1690.3885080218313,0,,0.0,1,0,1
2025-02-01,cac-18450,sakura filter,171.0,0,5.0,211.61,35.26833333333334,,rojo,0,0.9612511064253362,2025-01-10,3.57,120.0,0.0,0,,0.0,1,0,
2025-03-01,icd684,ishikawa - pastillas de freno,14.0,0,67.0,1517.24,426.595,,rojo,0,1.062195585133424,2024-07-26,4.0,300.0,0.0,0,,0.0,1,0,
2024-11-01,t1219,ito koyama - trapecios,2.0,50,4.0,0.0,21.14833333333333,0.964658151328946,amarillo,6,0.5609223201841229,2024-06-11,11.3045,20.0,565.225,0,,0.36977849167213755,0,0,1
2025-01-01,bdd068,ishikawa - discos de freno,80.0,0,6.0,192.35,63.695,,rojo,0,0.6396216253724534,2024-07-24,11.59,100.0,0.0,0,,0.0,1,0,
2025-03-01,wpt-202,aisin - japon,140.0,0,14.0,1361.18,790.1999999999999,,rojo,0,0.46735353143710445,2024-05-20,56.44,100.0,0.0,0,,0.0,1,0,
2025-03-01,icd2007,ishikawa - pastillas de freno,24.0,0,26.0,319.42,78.70333333333333,,rojo,0,0.9851000199207711,2024-07-26,3.51,100.0,0.0,0,,0.0,1,0,
2024-11-01,c-1712,sakura filter,0.0,50,3.0,0.0,13.755,2.2528125307973563,rojo,6,0.5378911151590324,2023-10-23,3.64,48.0,182.0,0,,0.0,1,0,1
2025-03-01,6461-1401skr,sakura - radiadores,54.0,0,6.0,1037.04,213.79999999999998,,rojo,0,0.7357324130800634,2024-12-26,70.0,25.0,0.0,0,,0.0,1,0,
2025-04-01,mr197433,ito koyama - amortiguadores,58.0,0,27.0,877.78,169.18666666666667,,rojo,0,0.6819217402569017,2024-11-29,10.1,48.0,0.0,0,,0.0,1,0,
2025-01-01,bhy002,ito koyama - bocamazas,117.0,0,2.0,56.16,9.36,,rojo,0,0.5500016800241515,2024-11-13,14.38,50.0,0.0,0,,0.0,1,0,
2025-03-01,c-10050,mann - brasil,27.0,0,5.0,90.47,47.17166666666666,,rojo,0,0.8396506727811913,2024-02-09,4.537224479913712,60.0,0.0,0,,0.0,1,0,
2025-04-01,as-5628-s,sakura filter,67.0,0,63.0,4304.22,1646.4233333333334,,rojo,0,1.0689079982878686,2025-02-28,6.99,72.0,0.0,0,0.0,0.0,1,0,
2025-03-01,ad-2307,ito koyama - palieres,55.0,0,11.0,508.18,124.03166666666668,,rojo,0,0.6122114182777169,2024-12-17,9.5,50.0,0.0,0,,0.0,1,0,
2024-09-01,fc-51170,sakura filter,0.0,200,0.0,0.0,0.0,0.36123627077378734,rojo,6,0.93322539281256,2023-11-27,7.11,96.0,1422.0,0,,0.0,1,0,1
2024-01-01,tda001,ito koyama - direccion,0.0,50,0.0,0.0,0.0,2.993407211619129,rojo,6,0.6438255824595961,2023-05-19,2.2,120.0,110.00000000000001,0,,0.0,1,0,1
2024-08-01,ucp20720,nas - chumaceras,0.0,100,0.0,0.0,0.0,0.8930188122334841,rojo,4,0.47129299296167065,2018-08-07,3.62,800.0,362.0,0,,0.0,1,0,1
2023-11-01,tto003,ito koyama - direccion,0.0,200,0.0,0.0,0.0,0.4666342069877413,rojo,6,0.6158139273589216,2022-08-15,2.97,120.0,594.0,0,,0.0,1,0,1
2024-12-01,c-65201,sakura filter,0.0,150,2.0,0.0,92.82166666666667,0.6582110674702214,rojo,6,0.9765809004792517,2024-03-14,5.98,102.0,897.0000000000001,0,,0.0,1,0,1
2024-05-01,tni016,ito koyama - direccion,0.0,100,0.0,0.0,0.0,0.5172102036087003,rojo,6,0.6587812312334363,2022-08-15,3.97,90.0,397.0,0,,0.0,1,0,1
2025-02-01,cf-1640,mann - brasil,11.0,0,4.0,104.18,30.043333333333333,,rojo,0,0.4092058022135789,2024-02-09,16.20899196624756,30.0,0.0,0,,0.0,1,0,
2024-11-01,t025,ito koyama - resortes,0.0,200,11.0,0.0,120.085,0.4158296198148547,rojo,6,0.8138837895141224,2024-01-22,5.09,152.0,1018.0,0,,0.0,1,0,1
2025-02-01,t1216,ito koyama - trapecios,14.0,0,8.0,358.4,128.23333333333332,,rojo,0,0.6169192926707192,2024-03-19,13.913,40.0,0.0,0,,0.0,1,0,
2025-02-01,t1217,ito koyama - trapecios,16.0,0,9.0,358.4,137.66,,rojo,0,0.6207230360380238,2024-03-19,13.913,40.0,0.0,0,,0.0,1,0,
2025-01-01,k002,ito koyama - resortes,6.0,0,10.0,85.64,47.20166666666666,,rojo,0,0.696075585296892,2023-07-15,3.57,120.0,0.0,0,,0.0,1,0,
2025-03-01,a-30220,sakura filter,69.0,0,10.0,218.74,114.69333333333333,,rojo,0,0.5913211970187172,2024-11-11,4.22,18.0,0.0,0,,0.0,1,0,
2025-03-01,o-1301,sakura filter,56.0,0,5.0,35.93,10.036666666666667,,rojo,0,0.8423881189326876,2022-10-13,1.9,50.0,0.0,0,,0.0,1,0,
2025-03-01,c-2807,sakura filter,380.0,0,15.0,422.41,84.77333333333333,,rojo,0,0.8953502802480939,2025-01-22,1.7,200.0,0.0,0,0.0,0.0,1,0,
2024-12-01,ni-545,ito koyama - palieres,2.0,50,9.0,0.0,59.245000000000005,1.120362011857334,amarillo,6,0.5917729459278518,2024-06-21,8.72,50.0,436.00000000000006,0,,0.39010918643626624,0,0,1
2025-01-01,bdd003,ishikawa - discos de freno,0.0,50,11.0,29.95,107.65833333333335,,rojo,0,0.5607467601174002,2022-03-25,7.99,200.0,399.5,0,,0.0,1,0,
2025-03-01,rni004,ito koyama - direccion,74.0,0,4.0,441.48,73.58,,rojo,0,0.6099485531524762,2025-02-28,2.22826,100.0,0.0,0,,0.0,1,0,
2025-02-01,4060a397,ito koyama - amortiguadores,1.0,50,45.0,2497.7,1260.6533333333334,,rojo,0,0.6551671467584382,2024-11-29,9.9,50.0,495.0,0,,0.0,1,0,
2025-03-01,rto020,ito koyama - direccion,166.0,0,5.0,1024.4,170.73333333333335,,rojo,0,0.6113188958630384,2025-02-28,2.715703,206.0,0.0,0,,0.0,1,0,
2025-03-01,a-1501,sakura filter,38.0,0,8.0,198.57999999999998,48.24,,rojo,0,0.9073757248103153,2024-11-30,2.61,40.0,0.0,0,0.0,0.0,1,0,
2025-03-01,a-65430,sakura filter,61.0,0,10.0,390.68,96.70333333333333,,rojo,0,1.3384462044650658,2024-09-17,2.0,100.0,0.0,0,,0.0,1,0,
2025-03-01,as-22470-s,sakura filter,96.0,0,23.0,2026.88,506.7183333333333,,rojo,0,0.8314814610776357,2025-01-31,14.11,84.0,0.0,0,0.0,0.0,1,0,
2025-01-01,c-311093/2,mann - brasil,3.0,0,3.0,317.37,169.26500000000001,,rojo,0,0.33334603775425836,2023-10-12,45.3,29.0,0.0,0,,0.0,1,0,
2025-03-01,k-polos,sin definicion,0.0,50,138.0,0.0,0.0,,rojo,0,-1.0,2025-02-20,29.504001034042396,400.0,1475.2000517021197,0,,0.0,1,0,
2023-08-01,87230610,ks - alemania,0.0,50,0.0,0.0,0.0,0.3954093986032303,rojo,4,0.37903253130031356,2022-06-23,25.839848732948305,30.0,1291.9924366474152,0,,0.0,1,0,1
2025-02-01,a-5113-s,sakura filter,0.0,50,19.0,1400.29,471.32666666666665,,rojo,0,0.9581076582721949,2023-08-04,19.35,60.0,967.5000000000001,0,0.0,0.0,1,0,
2023-10-01,a-1193,sakura filter,6.0,100,0.0,0.0,0.0,0.38554521564185124,verde,6,0.6914056461575214,2021-06-17,1.65,80.0,165.0,0,,0.5685317054229625,0,0,0
2025-03-01,icd1146,ishikawa - pastillas de freno,0.0,50,25.0,448.94,125.11666666666667,,rojo,0,1.0707691716667767,2024-07-26,3.9,100.0,195.0,0,,0.0,1,0,
2025-03-01,icd1097,ishikawa - pastillas de freno,36.0,0,15.0,244.53,70.75333333333333,,rojo,0,0.7324547556405964,2023-07-05,7.23,100.0,0.0,0,,0.0,1,0,
2025-03-01,922380213,ito koyama - amortiguadores,153.0,0,52.0,3943.36,1683.5600000000002,,rojo,0,0.6626146641432158,2024-08-22,5.9,100.0,0.0,0,,0.0,1,0,
2025-01-01,c-65380,sakura filter,192.0,0,5.0,22.73,11.021666666666667,,rojo,0,0.7853849948198197,2024-11-11,1.62,100.0,0.0,0,,0.0,1,0,
2023-11-01,zd905,wagner - pastillas,0.0,50,0.0,0.0,0.0,1.433720877840438,rojo,3,0.42824907629411146,2019-11-18,14.18,80.0,709.0,0,,0.0,1,0,1
2025-03-01,fc-6502,sakura filter,77.0,0,10.0,503.28,126.63333333333333,,rojo,0,0.8277686711588889,2024-08-29,2.77,204.0,0.0,0,,0.0,1,0,
2025-03-01,hy043,ito koyama - resortes,70.0,0,39.0,5426.08,1558.0133333333333,,rojo,0,0.7650415264469613,2024-12-26,5.45,56.0,0.0,0,,0.0,1,0,
2024-11-01,wk-1149,mann - brasil,0.0,100,6.0,0.0,106.01666666666667,0.5518633977144803,rojo,4,0.6022427124497711,2024-09-24,10.478359459638595,32.0,1047.8359459638596,0,,0.0,1,0,1
2024-03-01,scki-287,seco - embragues,0.0,50,0.0,0.0,0.0,0.3226939302143602,rojo,4,0.3892639961113281,2021-03-31,12.03,30.0,601.5,0,,0.0,1,0,1
2025-03-01,4851087401,ito koyama - amortiguadores,5.0,0,26.0,834.54,306.48333333333335,,rojo,0,0.7990654103630198,2023-12-23,9.9,60.0,0.0,0,,0.0,1,0,
2023-06-01,tt-112,toyo - japon,0.0,50,0.0,0.0,0.0,0.9481702219364655,rojo,4,0.4638481167845603,2020-11-12,4.3162736762315035,300.0,215.81368381157517,0,,0.0,1,0,1
2025-03-01,a-68380-s,sakura filter,156.0,0,40.0,2349.38,1377.385,,rojo,0,0.9942323624347473,2025-02-28,19.32,100.0,0.0,0,,0.0,1,0,
2024-10-01,a-28570,sakura filter,0.0,100,1.0,0.0,10.69,0.5852068516181526,rojo,6,0.9765430077183752,2023-11-27,2.77,40.0,277.0,0,,0.0,1,0,1
2025-04-01,54303-5m400,ito koyama - amortiguadores,162.0,0,47.0,1578.8500000000001,497.25333333333333,,rojo,0,0.6950665365119042,2024-11-29,9.9,192.0,0.0,0,,0.0,1,0,
2025-03-01,l001,ito koyama - resortes,34.0,0,19.0,311.62,146.6,,rojo,0,0.7155625696945253,2024-11-04,6.1,80.0,0.0,0,,0.0,1,0,
2025-01-01,bdd046,ishikawa - discos de freno,0.0,50,4.0,60.620000000000005,41.945,,rojo,0,0.8548269579676997,2024-07-24,7.11,50.0,355.5,0,,0.0,1,0,
2023-09-01,tni012,ito koyama - direccion,0.0,150,0.0,0.0,0.0,0.6267050670458733,rojo,6,0.6061862567822611,2022-08-15,3.13,180.0,469.5,0,,0.0,1,0,1
2023-09-01,tni013,ito koyama - direccion,0.0,150,0.0,0.0,0.0,0.7243771270700244,rojo,6,0.6127896788056325,2022-08-15,3.11,180.0,466.5,0,,0.0,1,0,1
2025-03-01,ca-37010,sakura filter,5.0,0,8.0,142.9,37.025,,rojo,0,0.6041791950280707,2025-01-31,2.3,20.0,0.0,0,,0.0,1,0,
2024-10-01,as-5104,sakura filter,71.0,0,1.0,0.0,5.22,0.49157890633625334,verde,6,0.7273405841956204,2019-12-06,2.98,108.0,0.0,0,,20.436578537579518,0,0,0
2024-06-01,cf-2000/1,mann - brasil,0.0,50,0.0,0.0,0.0,0.4127636262314204,rojo,4,0.39962199168525653,2024-02-09,38.776564557552334,30.0,1938.8282278776167,0,,0.0,1,0,1
2025-01-01,hu-13125/3x,mann - brasil,0.0,50,7.0,0.0,89.21333333333332,inf,rojo,4,0.49573549492478397,2024-02-05,8.289853529930115,30.0,414.49267649650574,0,,0.0,1,0,1
2024-12-01,tks62-5/32k,mrk - japon,0.0,50,1.0,0.0,11.765,0.3426307301633276,rojo,4,0.37827105716694553,2021-08-10,8.00482620049478,80.0,400.241310024739,0,,0.0,1,0,1
2024-11-01,wk-842/13,mann - brasil,0.0,100,3.0,0.0,137.85333333333332,0.6790935222628839,rojo,4,0.6421352081915487,2024-09-24,8.100449677705765,30.0,810.0449677705765,0,,0.0,1,0,1
2025-03-01,icd2076,ishikawa - pastillas de freno,50.0,0,22.0,262.08,105.08833333333332,,rojo,0,1.008409535227469,2024-07-26,4.24,50.0,0.0,0,,0.0,1,0,
2023-06-01,schd-174,seco - embragues,0.0,50,0.0,0.0,0.0,0.3453776375518375,rojo,4,0.39795330318588307,2022-02-05,13.17,50.0,658.5,0,,0.0,1,0,1
2024-08-01,a-18281-s,sakura filter,47.0,0,1.0,146.44,24.406666666666666,4.341637999364254,verde,6,0.7513360262797083,2025-01-21,26.84,50.0,0.0,0,0.0,46.95136919064033,0,0,0
2024-10-01,hy028,ito koyama - resortes,10.0,100,5.0,0.0,29.395,0.49927943378117273,verde,6,0.6214482021490877,2024-01-22,5.7,56.0,570.0,0,,0.773738328631348,0,0,0
2024-11-01,c002,ito koyama - resortes,0.0,150,7.0,0.0,31.135,0.6189667216720427,rojo,6,0.6456765095004791,2024-01-22,4.2,200.0,630.0,0,,0.0,1,0,1
2025-03-01,a-1043,sakura filter,111.0,0,3.0,77.78,12.963333333333333,,rojo,0,1.1248717727154411,2025-01-10,1.87,100.0,0.0,0,0.0,0.0,1,0,
2024-01-01,3515,spaco - italia,0.0,50,0.0,0.0,0.0,17.930651592040533,rojo,4,0.5234754898844219,,,,,0,,0.0,1,0,1
2024-01-01,11812,spaco - italia,0.0,1450,0.0,0.0,0.0,0.5117992095232515,rojo,4,0.5422707748410623,2022-05-25,0.5797723531723022,3500.0,840.6699120998383,0,,0.0,1,0,1
2025-04-01,ef-13180,sakura filter,335.0,0,74.0,805.0,333.5233333333333,,rojo,0,0.9422628233938894,2023-11-28,1.88,250.0,0.0,0,0.0,0.0,1,0,
2025-03-01,a-71510,sakura filter,8.0,0,9.0,414.59,300.99,,rojo,0,0.8081142336833284,2023-01-10,21.35,100.0,0.0,0,0.0,0.0,1,0,
2025-03-01,54650-c7200,ito koyama - amortiguadores,48.0,0,27.0,1272.54,364.49,,rojo,0,0.6482203462468107,2024-11-29,10.8,76.0,0.0,0,,0.0,1,0,
2025-03-01,hy042,ito koyama - resortes,558.0,0,46.0,5304.76,1555.36,,rojo,0,0.8967436991146744,2024-12-26,4.3,400.0,0.0,0,,0.0,1,0,
2024-04-01,thy018,ito koyama - direccion,2.0,50,0.0,0.0,0.0,3.2900792321497607,amarillo,6,0.6758179635875227,2023-05-19,3.19,240.0,159.5,0,,0.36422092922639193,0,0,1
2025-03-01,vv919,valvoline - usa,5.0,0,4.0,1915.26,655.0849999999999,,rojo,0,0.555829725516644,2024-05-04,720.0,1.0,0.0,0,,0.0,1,0,
2025-03-01,c-6105,sakura filter,51.0,0,9.0,633.59,157.01,,rojo,0,0.6893755007421097,2023-07-27,6.83,180.0,0.0,0,0.0,0.0,1,0,
2023-01-01,a-1951,sakura filter,0.0,50,0.0,0.0,0.0,inf,rojo,6,0.9214237360759153,2022-09-14,2.65,40.0,132.5,0,,0.0,1,0,1
2025-03-01,41602-59j10,ito koyama - amortiguadores,18.0,0,15.0,922.72,185.5666666666667,,rojo,0,0.6239798442290088,2024-11-29,10.6,48.0,0.0,0,,0.0,1,0,
2025-04-01,48520-52010,ito koyama - amortiguadores,635.0,0,151.0,25212.72,8802.445,,rojo,0,0.7434825694077254,2024-11-29,10.3,689.0,0.0,0,,0.0,1,0,
2025-03-01,4106961j00,ito koyama - amortiguadores,293.0,0,69.0,2109.32,678.2033333333334,,rojo,0,0.8325453779524449,2024-11-29,10.3,240.0,0.0,0,,0.0,1,0,
2025-02-01,bdd013,ishikawa - discos de freno,78.0,0,18.0,559.24,192.77666666666667,,rojo,0,0.8279082900879156,2023-03-31,7.74,350.0,0.0,0,,0.0,1,0,
2025-02-01,sfc-55270,sakura filter,60.0,0,3.0,304.04999999999995,59.15,,rojo,0,0.6931751705436013,2025-01-22,12.87,60.0,0.0,0,,0.0,1,0,
2025-03-01,a-5330-s,sakura filter,293.0,0,71.0,3720.14,1150.4183333333333,,rojo,0,0.823303901822658,2025-02-28,11.5,37.0,0.0,0,0.0,0.0,1,0,
2025-03-01,a-13620-s,sakura filter,303.0,0,5.0,550.87,158.79,,rojo,0,0.42191686636991216,2020-02-06,37.0,200.0,0.0,0,,0.0,1,0,
2025-02-01,a-2621,sakura filter,134.0,0,5.0,116.03,29.37166666666667,,rojo,0,0.8788209051603125,2024-06-13,7.54,80.0,0.0,0,,0.0,1,0,
2025-03-01,t033,ito koyama - resortes,14.0,0,16.0,572.6,151.66333333333333,,rojo,0,0.7127093845786201,2023-08-31,8.85,64.0,0.0,0,,0.0,1,0,
2023-12-01,ucp20824,nas - chumaceras,0.0,150,0.0,0.0,0.0,0.9021090897351582,rojo,4,0.4977343313761067,2018-08-07,4.42,800.0,663.0,0,,0.0,1,0,1
2025-02-01,a-65710,sakura filter,225.0,0,9.0,34.42,50.61166666666667,,rojo,0,0.5696879079778413,2020-09-28,5.0,300.0,0.0,0,,0.0,1,0,
2023-04-01,1000-5ax,sealco - usa,1.0,50,0.0,0.0,0.0,0.8830532194295061,amarillo,3,0.39247321636466076,2022-09-19,28.32,80.0,1416.0,0,,0.08301965486343779,0,0,1
2024-02-01,sdhd-451,seco - embragues,0.0,100,0.0,0.0,0.0,0.6107117280833598,rojo,4,0.38358954875750634,2021-08-27,16.78,100.0,1678.0,0,,0.0,1,0,1
2025-03-01,bp4k28910d,ito koyama - amortiguadores,122.0,0,12.0,386.78999999999996,102.03666666666668,,rojo,0,0.6577321575892208,2024-11-08,7.3,60.0,0.0,0,,0.0,1,0,
2025-04-01,ca-28260,sakura filter,428.0,0,55.0,2223.16,587.3066666666667,,rojo,0,0.9873051946059297,2024-10-22,1.27,740.0,0.0,0,300.0,0.0,1,0,
2025-03-01,br-001,ito koyama - palieres,3.0,0,21.0,552.51,184.89833333333334,,rojo,0,0.5634582861643539,2024-12-17,6.8,50.0,0.0,0,,0.0,1,0,
2025-02-01,c-5105,sakura filter,93.0,0,7.0,81.81,40.39333333333333,,rojo,0,0.8392895017755613,2024-08-29,5.93,120.0,0.0,0,,0.0,1,0,
2025-04-01,eo-1101,sakura filter,144.0,0,27.0,283.79,116.24333333333334,,rojo,0,0.9599964892185887,2023-11-27,1.52,100.0,0.0,0,0.0,0.0,1,0,
2024-11-01,ur008,ito koyama - direccion,156.0,0,2.0,0.0,6.626666666666666,0.31716191981164144,verde,6,0.6200922290082652,2022-01-21,2.42,330.0,0.0,0,,22.376932552557847,0,0,0
2024-11-01,cf-1720,mann - brasil,0.0,50,1.0,0.0,18.983333333333334,0.5419889037469029,rojo,4,0.4586475243064571,2023-06-07,25.054828126430515,48.0,1252.7414063215258,0,,0.0,1,0,1
2025-03-01,mwmwc1611,wagner - pastillas,0.0,50,5.0,225.43,53.673333333333325,,rojo,0,0.15222291950163025,2023-01-18,25.5,60.0,1275.0,0,,0.0,1,0,
2025-03-01,t1212,ito koyama - trapecios,11.0,0,4.0,100.78,16.796666666666667,,rojo,0,0.6474224415134391,2024-03-19,8.69575,40.0,0.0,0,,0.0,1,0,
2025-03-01,k004,ito koyama - resortes,414.0,0,63.0,2307.04,520.9866666666667,,rojo,0,0.7853451121189273,2024-12-26,3.75,400.0,0.0,0,,0.0,1,0,
2025-01-01,icd550,ishikawa - pastillas de freno,0.0,50,11.0,44.95,36.18666666666667,,rojo,0,0.8742487520481939,2024-03-20,4.43,50.0,221.5,0,,0.0,1,0,
2024-10-01,wk-10006z,mann - brasil,0.0,150,2.0,0.0,101.69333333333333,0.32012217662917314,rojo,4,0.28993605427065294,2024-09-24,14.100782772302628,30.0,2115.117415845394,0,,0.0,1,0,1
2025-03-01,a-90310,sakura filter,4.0,0,8.0,121.32,27.49666666666667,,rojo,0,0.8672453536418772,2023-08-04,2.02,100.0,0.0,0,,0.0,1,0,
2023-04-01,skdw-032,seco - embragues,0.0,50,0.0,0.0,0.0,1.0022198878838278,rojo,4,0.386204860826992,2022-08-08,25.4,50.0,1270.0,0,,0.0,1,0,1
2025-03-01,icd1679,ishikawa - pastillas de freno,52.0,0,35.0,1434.16,387.22333333333336,,rojo,0,1.2980705508600077,2024-07-26,3.57,200.0,0.0,0,,0.0,1,0,
2024-04-01,tch002,ito koyama - direccion,0.0,50,0.0,0.0,0.0,1.2283204743191054,rojo,6,0.5837300075114935,2022-01-21,3.11,210.0,155.5,0,,0.0,1,0,1
2025-03-01,t1137,ito koyama - trapecios,19.0,0,9.0,498.54999999999995,83.09166666666665,,rojo,0,0.5902754119502371,2024-12-10,12.75,40.0,0.0,0,,0.0,1,0,
2025-01-01,bdd039,ishikawa - discos de freno,66.0,0,8.0,27.58,59.59166666666667,,rojo,0,0.7271170410521739,2023-07-05,7.1981,100.0,0.0,0,,0.0,1,0,
2023-09-01,eni006,ito koyama - direccion,190.0,0,0.0,0.0,0.0,2.734814611262485,verde,6,0.7331567026903184,2025-02-28,1.531944,196.0,0.0,0,,23.90683472042616,0,0,0
2024-12-01,eo-30170,sakura filter,73.0,0,2.0,0.0,4.003333333333333,2.4624112415262043,verde,6,0.737482651816366,2021-04-09,1.58,250.0,0.0,0,,24.405267601394694,0,0,0
2025-03-01,c-1113,sakura filter,514.0,0,8.0,208.27,199.035,,rojo,0,0.8486237730130388,2024-11-04,1.36,300.0,0.0,0,,0.0,1,0,
2023-11-01,sm031,ito koyama - torretas,0.0,150,0.0,0.0,0.0,0.6432790710566512,rojo,6,0.6125691800598422,2023-05-19,4.65,150.0,697.5,0,,0.0,1,0,1
2024-10-01,a-2520,sakura filter,0.0,50,1.0,0.0,0.8966666666666666,2.0612538401963327,rojo,6,0.8192979311251121,2018-11-23,1.46,200.0,73.0,0,,0.0,1,0,1
2025-03-01,thy006,ito koyama - direccion,188.0,0,4.0,59.34,9.89,,rojo,0,0.5439921070714687,2025-02-28,2.646083,200.0,0.0,0,,0.0,1,0,
2025-03-01,mi-621,ito koyama - palieres,10.0,0,16.0,705.85,186.21333333333334,,rojo,0,0.5524280491039864,2024-12-17,7.5,50.0,0.0,0,,0.0,1,0,
2025-03-01,ddx-041a,aisin - japon,78.0,0,81.0,11415.36,3476.6283333333336,,rojo,0,0.4581342310629276,2024-10-07,23.4,200.0,0.0,0,,0.0,1,0,
2025-03-01,55310-21010,ito koyama - amortiguadores,179.0,0,22.0,254.04,124.07833333333333,,rojo,0,0.6587392925023461,2024-08-22,5.65,100.0,0.0,0,,0.0,1,0,
2025-02-01,bdd074,ishikawa - discos de freno,24.0,0,7.0,106.42,28.56833333333333,,rojo,0,0.6533589691094425,2023-03-31,6.02,100.0,0.0,0,,0.0,1,0,
2025-03-01,a-1801,sakura filter,127.0,0,8.0,89.17,28.310000000000002,,rojo,0,1.0760991841548309,2024-11-28,2.24,100.0,0.0,0,0.0,0.0,1,0,
2025-03-01,sfc-7924,sakura filter,151.0,0,13.0,216.22,66.96666666666667,,rojo,0,0.8947542423410326,2024-08-28,2.99,204.0,0.0,0,204.0,0.0,1,0,
2025-02-01,bdd073,ishikawa - discos de freno,0.0,50,10.0,234.70000000000002,62.278333333333336,,rojo,0,0.6506527278970244,2023-03-31,9.71,100.0,485.50000000000006,0,,0.0,1,0,
2025-03-01,tni002,ito koyama - direccion,190.0,0,1.0,43.9,7.316666666666666,,rojo,0,0.7359819793514526,2025-02-28,2.22826,200.0,0.0,0,,0.0,1,0,
2025-02-01,bdd084,ishikawa - discos de freno,34.0,0,7.0,437.24,96.07666666666667,,rojo,0,0.8144002977824633,2024-10-30,7.93,50.0,0.0,0,,0.0,1,0,
2025-01-01,mwmwc1303,wagner - pastillas,15.0,0,2.0,38.07,12.954999999999998,,rojo,0,0.4816520138701086,2024-07-20,12.2,20.0,0.0,0,,0.0,1,0,
2025-03-01,86456527,monark - alemania,0.0,50,8.0,746.17,156.19166666666666,,rojo,0,0.5156723211951281,,,,,0,,0.0,1,0,
2025-03-01,as-5102-s,sakura filter,191.0,0,37.0,2727.72,1027.3666666666666,,rojo,0,0.8100367122521711,2025-02-28,26.51,2.0,0.0,0,,0.0,1,0,
2025-01-01,bdd077,ishikawa - discos de freno,44.0,0,4.0,115.94,34.07,,rojo,0,0.7015239830249498,2023-03-31,8.08,100.0,0.0,0,,0.0,1,0,
2025-02-01,bdd069,ishikawa - discos de freno,212.0,0,9.0,336.3,97.13666666666666,,rojo,0,0.9009281553071473,2023-12-23,6.99,300.0,0.0,0,,0.0,1,0,
2025-03-01,a-15250,sakura filter,381.0,0,10.0,706.8499999999999,203.72666666666666,,rojo,0,1.1135549949115602,2024-08-29,4.5,100.0,0.0,0,,0.0,1,0,
2025-03-01,341203,ito koyama - amortiguadores,43.0,0,13.0,178.97,88.77,,rojo,0,0.6396769378364442,2024-08-22,6.95,96.0,0.0,0,,0.0,1,0,
2024-06-01,99830010,monark - alemania,0.0,450,0.0,0.0,0.0,0.38187451952469254,rojo,4,0.8538248952195121,,,,,0,,0.0,1,0,1
2024-10-01,hu-945/2x,mann - brasil,0.0,600,1.0,0.0,65.59333333333333,0.36495590262315497,rojo,4,0.5177619393473943,2024-09-12,7.53,60.0,4518.0,0,,0.0,1,0,1
2025-03-01,ni-721,ito koyama - palieres,22.0,0,11.0,480.53000000000003,182.59,,rojo,0,0.5705952607524237,2024-12-17,10.14,50.0,0.0,0,,0.0,1,0,
2025-03-01,aty012,ito koyama - direccion,30.0,0,8.0,73.47,21.791666666666668,,rojo,0,0.7688616281022796,2023-05-19,2.18,300.0,0.0,0,,0.0,1,0,
2025-03-01,553612d000,ito koyama - amortiguadores,46.0,0,30.0,1539.32,493.3566666666666,,rojo,0,0.7214473850910109,2024-11-29,10.9,48.0,0.0,0,,0.0,1,0,
2025-03-01,icd830,ishikawa - pastillas de freno,7.0,0,26.0,254.50000000000003,134.33166666666668,,rojo,0,0.8001094298568113,2024-07-26,5.56,100.0,0.0,0,,0.0,1,0,
2025-03-01,t036,ito koyama - resortes,87.0,0,30.0,2549.3599999999997,899.0533333333333,,rojo,0,0.7888484686830646,2024-12-26,5.2,104.0,0.0,0,,0.0,1,0,
2025-03-01,t1060,ito koyama - trapecios,0.0,50,16.0,797.22,166.52166666666668,,rojo,0,0.5891831839374566,2024-12-10,9.86,40.0,493.0,0,,0.0,1,0,
2024-07-01,p2550cf5500,prextoline - lubricantes,5.0,0,0.0,0.0,0.0,1.575997038773892,verde,2,0.43531039944547134,2024-06-11,394.3,2.0,0.0,0,,10.317322464582306,0,0,0
2024-11-01,d005,ito koyama - resortes,0.0,50,5.0,0.0,24.209999999999997,3.2947832964324872,rojo,6,0.6357132560331622,2024-01-22,4.83,96.0,241.5,0,,0.0,1,0,1
2025-03-01,icd530,ishikawa - pastillas de freno,37.0,0,20.0,302.01,77.62666666666667,,rojo,0,0.8355770641091834,2024-07-26,4.4,100.0,0.0,0,,0.0,1,0,
2025-03-01,bhy005,ito koyama - bocamazas,35.0,0,8.0,229.61,76.45833333333333,,rojo,0,0.5904576783369484,2024-11-13,14.13,50.0,0.0,0,,0.0,1,0,
2025-02-01,sfc-79160,sakura filter,45.0,0,4.0,168.7,37.11833333333333,,rojo,0,0.7830771033533177,2022-09-05,3.94,252.0,0.0,0,,0.0,1,0,
2025-01-01,3461-1096skr,sakura - radiadores,0.0,100,30.0,0.0,1471.3966666666665,1.8114821882390084,rojo,6,0.8254045060943804,2024-08-29,32.0,150.0,3200.0,0,,0.0,1,0,1
2025-03-01,a-5022-s,sakura filter,229.0,0,30.0,591.59,264.34999999999997,,rojo,0,0.8260496457396399,2025-02-28,11.43,100.0,0.0,0,,0.0,1,0,
2024-12-01,as-6002-2rsc3,nas - pfi - zkl - mba,125.0,0,1.0,0.0,0.465,0.9094157213406576,verde,4,0.43883616483911847,2019-11-21,0.27,500.0,0.0,0,,11.716231295075193,0,0,0
2025-04-01,ckn-500-lt,aisin - japon,163.0,0,19.0,2107.99,779.5833333333334,,rojo,0,0.4382255454075166,2023-07-20,69.87,349.0,0.0,0,,0.0,1,0,
2025-01-01,55311-d4200,ito koyama - amortiguadores,6.0,0,13.0,28.86,100.77833333333332,,rojo,0,0.5431338832873692,2022-09-06,7.2,200.0,0.0,0,,0.0,1,0,
2025-03-01,562106313r,ito koyama - amortiguadores,199.0,0,29.0,2353.5,790.465,,rojo,0,0.6930727111464428,2024-11-29,7.0,200.0,0.0,0,,0.0,1,0,
2024-12-01,f-1805,sakura filter,24.0,50,1.0,0.0,3.2216666666666662,0.5906333042419623,verde,6,0.9003883972823055,2023-10-05,2.37,25.0,118.5,0,,7.871399946693572,0,0,0
2025-04-01,cv-15,ito koyama - palieres,253.0,0,44.0,3148.73,738.6766666666667,,rojo,0,0.6030232494408992,2024-12-17,6.5,500.0,0.0,0,,0.0,1,0,
2025-03-01,a-30890,sakura filter,22.0,0,7.0,226.85,46.70166666666666,,rojo,0,0.8682292033921638,2024-11-30,3.56,60.0,0.0,0,,0.0,1,0,
2025-03-01,t1222,ito koyama - trapecios,3.0,0,11.0,149.44,57.91,,rojo,0,0.6335662529277953,2024-03-19,11.0145,40.0,0.0,0,,0.0,1,0,
2025-04-01,a-58410-s,sakura filter,456.0,0,80.0,4369.82,2283.5133333333333,,rojo,0,0.6565861664518216,2025-02-28,32.19,129.0,0.0,0,200.0,0.0,1,0,
2024-11-01,a-1726,sakura filter,180.0,0,1.0,0.0,1.655,0.444906206876402,verde,6,0.9416491803364371,2024-02-27,2.51,120.0,0.0,0,,47.11677432745823,0,0,0
2025-02-01,c-7603,sakura filter,191.0,0,16.0,401.49,124.02,,rojo,0,0.8779330992390162,2024-11-04,2.6,204.0,0.0,0,,0.0,1,0,
2024-11-01,a-58410,sakura filter,182.0,0,1.0,0.0,41.08833333333333,0.9989541195574563,verde,6,0.7452032311441024,2023-01-10,29.91,214.0,0.0,0,,181.80964975945705,0,0,0
2024-11-01,p-1234,mann - brasil,0.0,100,4.0,0.0,64.38,0.6012486275714751,rojo,4,0.4622866489047953,2024-09-12,4.43,60.0,443.0,0,,0.0,1,0,1
2024-08-01,ani004,ito koyama - direccion,0.0,50,0.0,0.0,0.0,0.6947947096582048,rojo,6,0.6934289249712917,2023-05-19,2.28,100.0,113.99999999999999,0,,0.0,1,0,1
2024-07-01,a-25920,sakura filter,27.0,0,0.0,0.0,0.0,1.1660731407098097,verde,6,0.9379431455790509,2021-12-14,3.0,100.0,0.0,0,,13.066752449146396,0,0,0
2025-02-01,o-2614,sakura filter,119.0,0,7.0,96.1,49.22833333333333,,rojo,0,0.6516491473692385,2024-11-11,1.78,100.0,0.0,0,,0.0,1,0,
2025-03-01,bdd012,ishikawa - discos de freno,22.0,0,10.0,666.28,149.18166666666667,,rojo,0,0.6461076837943931,2024-10-30,11.34,50.0,0.0,0,,0.0,1,0,
2024-11-01,t1153,ito koyama - trapecios,0.0,50,6.0,0.0,60.06333333333333,1.1273758942778918,rojo,6,0.5734150667912233,2024-03-19,13.62325,40.0,681.1625,0,,0.0,1,0,1
2025-03-01,a-38030-s,sakura filter,184.0,0,10.0,1112.4,237.53666666666666,,rojo,0,0.7953536545146616,2023-05-16,23.1,13.0,0.0,0,,0.0,1,0,
2025-03-01,c-311345/1,mann - brasil,33.0,0,17.0,2950.85,1484.885,,rojo,0,0.3872845104164446,2025-01-18,101.41,60.0,0.0,0,,0.0,1,0,
2025-03-01,eo-3005,sakura filter,214.0,0,16.0,281.44,48.004999999999995,,rojo,0,1.039175195866048,2025-01-28,1.2,50.0,0.0,0,,0.0,1,0,
2025-03-01,ca-29040,sakura filter,253.0,0,37.0,866.1,447.76500000000004,,rojo,0,1.083629212821843,2024-11-04,1.0,200.0,0.0,0,0.0,0.0,1,0,
2024-12-01,ex54651s1001,ito koyama - amortiguadores,0.0,50,9.0,0.0,37.44166666666667,4.299353275988873,rojo,6,0.6386896823569838,2024-02-29,13.0,54.0,650.0,0,,0.0,1,0,1
2024-12-01,icd1815,ishikawa - pastillas de freno,0.0,50,15.0,0.0,67.80333333333333,1.378635470701095,rojo,6,1.1329024439372273,2024-07-26,5.15,50.0,257.5,0,,0.0,1,0,1
2025-04-01,331011,ito koyama - amortiguadores,35.0,0,10.0,389.79,69.04833333333333,,rojo,0,0.6174201856269241,2024-11-29,12.7,51.0,0.0,0,,0.0,1,0,
2025-03-01,bdd006,ishikawa - discos de freno,52.0,0,31.0,962.54,469.92333333333335,,rojo,0,0.7810740758860489,2024-10-30,7.31,200.0,0.0,0,,0.0,1,0,
2025-04-01,54661-2h000,ito koyama - amortiguadores,305.0,0,49.0,1013.22,378.385,,rojo,0,0.8341694497343978,2024-11-29,11.1,200.0,0.0,0,,0.0,1,0,
2025-03-01,sk017,ito koyama - resortes,14.0,0,20.0,447.31,120.27999999999999,,rojo,0,0.7646915992497385,2024-12-26,5.45,56.0,0.0,0,,0.0,1,0,
2024-10-01,ac-8301,sakura filter,0.0,50,0.0,0.0,0.0,1.5462881366344765,rojo,6,0.7232763576460194,2023-10-23,10.4,60.0,520.0,0,,0.0,1,0,1
2025-03-01,54661-2e500,ito koyama - amortiguadores,59.0,0,28.0,1381.78,396.61999999999995,,rojo,0,0.7786004536602371,2024-11-08,10.9,60.0,0.0,0,,0.0,1,0,
2025-04-01,a-15252,sakura filter,656.0,0,20.0,354.87,135.01500000000001,,rojo,0,0.8964783039280346,2025-01-31,4.2,40.0,0.0,0,,0.0,1,0,
2025-03-01,e6110-eb71a,ito koyama - amortiguadores,95.0,0,17.0,364.05,154.52166666666668,,rojo,0,0.8006705856676677,2024-11-29,6.7,100.0,0.0,0,,0.0,1,0,
2025-04-01,c-5717,sakura filter,22.0,0,23.0,667.3199999999999,151.955,,rojo,0,0.7358282831193973,2023-09-15,3.98,42.0,0.0,0,0.0,0.0,1,0,
2025-03-01,icd1215,ishikawa - pastillas de freno,47.0,0,18.0,182.62,59.175000000000004,,rojo,0,1.0040737352984421,2024-07-26,3.9,100.0,0.0,0,,0.0,1,0,
2024-10-01,48052,narva,0.0,250,1.0,0.0,36.51166666666666,1.0485895826954914,rojo,4,0.44279378422200716,2023-01-17,1.6351329345464707,600.0,408.7832336366177,0,,0.0,1,0,1
2025-03-01,opt-024,aisin - japon,32.0,0,8.0,182.83,123.08999999999999,,rojo,0,0.3437590915273443,2024-01-11,45.66,25.0,0.0,0,,0.0,1,0,
2024-12-01,a-6808-s,sakura filter,0.0,50,3.0,0.0,16.861666666666668,1.544814648262236,rojo,6,0.9852687202771419,2022-01-13,4.73,50.0,236.50000000000003,0,,0.0,1,0,1
2025-02-01,a-1223,sakura filter,5.0,0,6.0,109.63,23.268333333333334,,rojo,0,1.7787304039793186,2023-09-28,1.52,40.0,0.0,0,,0.0,1,0,
2025-01-01,fs-1157,sakura filter,163.0,0,1.0,16.92,2.8200000000000003,,rojo,0,0.4962513398191904,2019-11-22,3.38,250.0,0.0,0,,0.0,1,0,
2025-03-01,3461-8575skr,sakura - radiadores,0.0,50,5.0,75.45,86.99666666666667,,rojo,0,0.5402901929350981,2023-07-27,21.85,30.0,1092.5,0,,0.0,1,0,
2025-03-01,48531-35190ref,ito koyama - amortiguadores,287.0,0,34.0,1618.1,560.49,,rojo,0,0.8219684228403007,2024-11-29,7.4,300.0,0.0,0,,0.0,1,0,
2025-03-01,a-2416,sakura filter,33.0,0,10.0,962.01,167.545,,rojo,0,0.8126049577030059,2025-01-31,3.77,23.0,0.0,0,,0.0,1,0,
2024-10-01,icd1592,ishikawa - pastillas de freno,0.0,350,14.0,0.0,261.15000000000003,0.5239555576418973,rojo,6,0.8853960779392029,2024-07-26,4.58,200.0,1603.0,0,,0.0,1,0,1
2025-03-01,a-71130,sakura filter,3.0,0,2.0,68.86,29.838333333333335,,rojo,0,0.632661869684888,2024-04-18,29.42,5.0,0.0,0,0.0,0.0,1,0,
2025-01-01,opt-075,aisin - japon,40.0,0,2.0,122.8,50.5,,rojo,0,0.38183832248998956,2024-07-15,44.2,30.0,0.0,0,,0.0,1,0,
2025-02-01,icd1397,ishikawa - pastillas de freno,0.0,50,30.0,334.54,128.905,,rojo,0,0.7702619167553277,2024-07-26,4.93,100.0,246.5,0,,0.0,1,0,
2025-03-01,54650-g6250,ito koyama - amortiguadores,47.0,0,49.0,1032.73,496.795,,rojo,0,0.7080682504012067,2024-11-29,10.9,90.0,0.0,0,,0.0,1,0,
2025-01-01,ct-055,aisin - japon,0.0,50,3.0,593.22,172.74,,rojo,0,0.4520512451881129,2024-01-11,39.63,30.0,1981.5000000000002,0,,0.0,1,0,
2025-02-01,fs-8001,sakura filter,0.0,50,16.0,493.01,127.56166666666667,,rojo,0,0.7993041758287718,2024-11-28,2.4,100.0,120.0,0,0.0,0.0,1,0,
2025-04-01,a-5444-s,sakura filter,247.0,0,55.0,5894.66,1740.71,,rojo,0,0.8912106218840716,2025-02-28,16.37,100.0,0.0,0,173.0,0.0,1,0,
2025-03-01,ki-001,ito koyama - palieres,34.0,0,31.0,1818.77,394.575,,rojo,0,0.6373624353746237,2024-12-17,7.5,100.0,0.0,0,,0.0,1,0,
2024-11-01,17039,narva,0.0,100,10.0,0.0,135.11333333333334,inf,rojo,4,0.4894910888040666,2024-05-29,0.34932175862789155,1000.0,34.93217586278916,0,,0.0,1,0,1
2025-03-01,icd1295,ishikawa - pastillas de freno,69.0,0,26.0,654.77,137.65,,rojo,0,0.8940252963615788,2024-07-26,4.43,100.0,0.0,0,,0.0,1,0,
2025-01-01,rov530100,rover - usa,0.0,100,12.0,0.0,734.7716666666666,1.9639246281688596,rojo,4,0.5691694616515552,2024-06-20,11.4975,432.0,1149.75,0,,0.0,1,0,1
2022-04-01,fm-79121,sakura filter,0.0,100,0.0,0.0,0.0,1.0143280346561634,rojo,6,2.1900441148357026,2021-02-24,12.0,24.0,1200.0,0,,0.0,1,0,1
2022-09-01,tm-199,toyo - japon,0.0,100,0.0,0.0,0.0,0.7259026615066307,rojo,4,0.5184086788941448,2020-11-12,6.479153672233224,300.0,647.9153672233224,0,,0.0,1,0,1
2025-01-01,cac-29080,sakura filter,66.0,0,2.0,9.83,5.734999999999999,,rojo,0,0.6234836905613209,2023-12-04,1.45,100.0,0.0,0,,0.0,1,0,
2024-10-01,dt-078,aisin - japon,1.0,50,0.0,0.0,0.0,0.901164728366051,amarillo,6,0.36923713418899345,2022-11-08,36.06,30.0,1803.0,0,,0.4998762516559038,0,0,1
2025-03-01,icd660,ishikawa - pastillas de freno,110.0,0,27.0,278.69,78.28666666666666,,rojo,0,0.9872128993711161,2024-07-26,3.05,160.0,0.0,0,,0.0,1,0,
2025-03-01,726780166r,ito koyama - amortiguadores,27.0,0,10.0,446.53,74.42166666666667,,rojo,0,0.6223244125370719,2024-11-29,11.3,48.0,0.0,0,,0.0,1,0,
2025-04-01,c-1328,sakura filter,84.0,0,110.0,4166.1,1180.0083333333334,,rojo,0,0.7497773788214062,2024-12-26,3.91,300.0,0.0,0,0.0,0.0,1,0,
2025-01-01,eo-10050,sakura filter,0.0,50,3.0,112.9,62.876666666666665,,rojo,0,0.7785585475190063,2021-08-27,7.25,80.0,362.5,0,,0.0,1,0,
2025-03-01,c-1546,sakura filter,231.0,0,9.0,150.7,64.92999999999999,,rojo,0,0.8279780878415738,2023-11-28,3.07,100.0,0.0,0,,0.0,1,0,
2023-04-01,pgcn5003,prextoline - grasas,0.0,50,0.0,0.0,0.0,0.40414609198857115,rojo,2,0.4217542943462733,2021-12-20,31.0,50.0,1550.0,0,,0.0,1,0,1
2025-03-01,81769014,monark - alemania,0.0,50,6.0,1426.94,451.58666666666664,,rojo,0,0.3669025021963997,,,,,0,,0.0,1,0,
2023-11-01,af6200/2f,sin definicion,0.0,50,0.0,0.0,0.0,,rojo,0,0.3326714431374256,2023-04-20,7.39,1188.0,369.5,0,,0.0,1,0,
2025-03-01,icd1264,ishikawa - pastillas de freno,100.0,0,16.0,317.15,77.7,,rojo,0,0.9332841747116717,2024-07-26,5.53,100.0,0.0,0,,0.0,1,0,
2025-03-01,t1048,ito koyama - trapecios,74.0,0,23.0,843.63,146.58166666666668,,rojo,0,0.6407304405867307,2024-12-10,9.7,120.0,0.0,0,,0.0,1,0,
2024-09-01,8971,spaco - italia,0.0,150,0.0,0.0,0.0,1.4925161959496398,rojo,4,0.6939985778851457,,,,,0,,0.0,1,0,1
2024-11-01,icd1269,ishikawa - pastillas de freno,0.0,100,13.0,0.0,54.565,0.6886135274212359,rojo,6,0.8709145189488045,2024-03-20,3.88,50.0,388.0,0,,0.0,1,0,1
2025-02-01,54651-a0100,ito koyama - amortiguadores,15.0,0,21.0,178.82,135.32500000000002,,rojo,0,0.6199250620192606,2024-02-29,12.1,102.0,0.0,0,,0.0,1,0,
2024-07-01,sdns-064,seco - embragues,0.0,50,0.0,0.0,0.0,1.3043729868748772,rojo,4,0.41712520589608953,2023-05-23,11.71,80.0,585.5,0,,0.0,1,0,1
2024-10-01,tkl-t24sc,tkl - taiwan,0.0,50,3.0,0.0,21.61,0.2819587409241023,rojo,4,0.42649106030187856,2022-04-04,6.7,252.0,335.0,0,,0.0,1,0,1
2025-02-01,bdd055,ishikawa - discos de freno,0.0,50,11.0,475.08,144.73499999999999,,rojo,0,0.8297836216454991,2023-03-31,11.01,150.0,550.5,0,,0.0,1,0,
2025-04-01,c-1011,sakura filter,19376.0,0,434.0,115842.08,38105.26666666667,,rojo,0,0.7527766815458881,2024-11-30,0.88,20000.0,0.0,0,8000.0,0.0,1,0,
2024-12-01,sfc-79400,sakura filter,0.0,200,7.0,0.0,105.84166666666668,0.35947534014715943,rojo,6,0.6213246998254086,2023-11-28,9.1,144.0,1820.0,0,,0.0,1,0,1
2024-07-01,tni003,ito koyama - direccion,0.0,100,0.0,0.0,0.0,0.48351866622341033,rojo,6,0.7491116342872107,2023-05-19,2.54,100.0,254.0,0,,0.0,1,0,1
2024-08-01,ehy002,ito koyama - direccion,0.0,50,0.0,0.0,0.0,0.7340122576017994,rojo,6,0.6391945697833814,2022-08-15,2.09,150.0,104.5,0,,0.0,1,0,1
2024-12-01,fc-5615,sakura filter,0.0,50,3.0,0.0,24.618333333333336,1.6882737663014453,rojo,6,0.7850266165521458,2023-10-23,2.4,24.0,120.0,0,,0.0,1,0,1
2024-03-01,w7multi-3/4-d,mann - brasil,0.0,50,0.0,0.0,0.0,0.7330942581244366,rojo,4,0.40784677169909045,2023-10-12,4.21,36.0,210.5,0,,0.0,1,0,1
2025-01-01,drm12.00r20,deruibo,0.0,50,6.0,1891.53,1418.6449999999998,,rojo,0,0.2607980370631639,2024-08-31,149.0,40.0,7450.0,0,,0.0,1,0,
2024-10-01,tto011,ito koyama - direccion,0.0,100,1.0,0.0,9.275,0.5530668216379919,rojo,6,0.6761056263582328,2023-05-19,2.16,120.0,216.0,0,,0.0,1,0,1
2025-04-01,90904863,ito koyama - amortiguadores,67.0,0,38.0,485.94,297.11,,rojo,0,0.717477175648507,2024-11-29,11.7,48.0,0.0,0,,0.0,1,0,
2023-10-01,rto018,ito koyama - direccion,0.0,100,0.0,0.0,0.0,1.6940881748423928,rojo,6,0.5393158880952699,2022-01-21,7.72,240.0,772.0,0,,0.0,1,0,1
2025-03-01,fs-19130,sakura filter,218.0,0,25.0,1801.96,521.46,,rojo,0,0.888762755361661,2024-11-30,5.44,150.0,0.0,0,0.0,0.0,1,0,
2025-03-01,t1116,ito koyama - trapecios,64.0,0,17.0,647.67,107.945,,rojo,0,0.6454230642234094,2024-12-10,9.92,100.0,0.0,0,,0.0,1,0,
2025-03-01,54650-b2100,ito koyama - amortiguadores,121.0,0,11.0,169.39,55.21666666666667,,rojo,0,0.6189603588369026,2023-03-06,11.3,3.0,0.0,0,,0.0,1,0,
2025-04-01,90904862,ito koyama - amortiguadores,117.0,0,38.0,484.77,293.1016666666667,,rojo,0,0.7554750038996718,2024-11-29,11.7,48.0,0.0,0,,0.0,1,0,
2025-03-01,ctx-088,aisin - japon,0.0,50,103.0,48075.08,12218.713333333333,,rojo,0,0.37750238714291773,2025-02-24,28.18,286.0,1409.0,0,,0.0,1,0,
2023-09-01,sm041,ito koyama - torretas,0.0,150,0.0,0.0,0.0,1.127057856680333,rojo,6,0.6341011221350803,2023-05-19,1.96,180.0,294.0,0,,0.0,1,0,1
2025-03-01,rxfc113651bep,wagner locked - usa,167.0,0,5.0,745.3199999999999,124.21999999999998,,rojo,0,0.48255084392593395,2025-01-10,11.1,208.0,0.0,0,,0.0,1,0,
2025-03-01,54651-f2000,ito koyama - amortiguadores,57.0,0,31.0,3450.84,835.2466666666666,,rojo,0,0.652178257555221,2024-11-29,11.1,48.0,0.0,0,,0.0,1,0,
2025-03-01,a-8635-s,sakura filter,79.0,0,12.0,778.45,187.04,,rojo,0,0.5889431987380949,2025-02-28,18.94,44.0,0.0,0,8.0,0.0,1,0,
2024-06-01,srb-97,seco - embragues,0.0,100,0.0,0.0,0.0,0.2612643992137675,rojo,4,0.35268848936688857,2022-08-08,8.05,30.0,805.0000000000001,0,,0.0,1,0,1
2025-03-01,333839,ito koyama - amortiguadores,28.0,0,23.0,1950.99,385.785,,rojo,0,0.7754783488720989,2024-11-29,9.4,71.0,0.0,0,,0.0,1,0,
2025-03-01,c-20500,mann - brasil,14.0,0,32.0,5448.389999999999,2076.685,,rojo,0,0.4667198092225544,2025-01-18,14.35,80.0,0.0,0,,0.0,1,0,
2025-03-01,a-5675-s,sakura filter,335.0,0,30.0,1956.73,623.49,,rojo,0,0.8595798694049323,2025-02-28,9.35,84.0,0.0,0,0.0,0.0,1,0,
2022-12-01,cmt-044,aisin - japon,0.0,50,0.0,0.0,0.0,0.44865591028000384,rojo,6,0.4734001038946411,2019-10-11,22.74,24.0,1137.0,0,,0.0,1,0,1
2025-01-01,a-1757,sakura filter,4.0,0,6.0,25.66,20.62333333333333,,rojo,0,0.8630019731504366,2023-09-05,3.42,20.0,0.0,0,,0.0,1,0,
2023-08-01,tto013,ito koyama - direccion,0.0,50,0.0,0.0,0.0,2.7905267353965577,rojo,6,0.6847930628497966,2022-08-15,2.8,120.0,140.0,0,,0.0,1,0,1
2025-03-01,op-806,ito koyama - palieres,29.0,0,8.0,296.98,57.35666666666666,,rojo,0,0.5504015957297824,2024-06-21,6.62,50.0,0.0,0,,0.0,1,0,
2025-03-01,a-21080,sakura filter,11.0,0,5.0,66.47,15.745,,rojo,0,0.7889011613808182,2022-11-22,2.09,40.0,0.0,0,,0.0,1,0,
2023-04-01,mg358,moog - usa,0.0,100,0.0,0.0,0.0,0.36426282825832046,rojo,3,0.49535823156432796,2022-04-25,16.28,80.0,1628.0,0,,0.0,1,0,1
2024-10-01,48066,narva,190.0,50,1.0,0.0,5.338333333333334,0.8892185220641935,verde,4,0.5079742802812801,2024-09-16,2.595360643315315,200.0,129.76803216576576,0,,7.192728431806867,0,0,0
2023-12-01,tto012,ito koyama - direccion,0.0,50,0.0,0.0,0.0,2.203304511984217,rojo,6,0.5701509636667739,2021-12-27,2.72,300.0,136.0,0,,0.0,1,0,1
2024-04-01,tk-2780,toyo - japon,0.0,50,0.0,0.0,0.0,1.9176300711514076,rojo,4,0.5121966878748772,2023-03-31,4.406873665750027,50.0,220.34368328750134,0,,0.0,1,0,1
2024-10-01,opt-053,aisin - japon,10.0,50,2.0,0.0,31.28833333333333,0.8532996354062025,verde,6,0.3787145002863096,2025-02-24,29.44,10.0,1472.0,0,,2.0649214789308483,0,0,0
2025-03-01,41810-58m00,ito koyama - amortiguadores,367.0,0,53.0,2451.42,607.8266666666667,,rojo,0,0.7648903965342129,2024-11-29,6.8,200.0,0.0,0,,0.0,1,0,
2025-03-01,55311-2h000,ito koyama - amortiguadores,376.0,0,33.0,3861.12,1338.3866666666665,,rojo,0,0.778129925028395,2024-11-29,7.2,249.0,0.0,0,,0.0,1,0,
2024-05-01,sdki-246,seco - embragues,1.0,50,0.0,0.0,0.0,0.5200538488179546,amarillo,4,0.42206379470569066,2022-08-08,16.73,20.0,836.5,0,,0.31846664209362335,0,0,1
2025-01-01,hc-8811,sakura filter,0.0,50,5.0,71.19,67.39333333333333,,rojo,0,0.8707918883868419,2022-06-16,4.41,60.0,220.5,0,,0.0,1,0,
2025-02-01,w-950/26,mann - brasil,30.0,0,6.0,45.05,55.79,,rojo,0,0.5275476888735827,2024-09-12,6.69,60.0,0.0,0,,0.0,1,0,
2024-11-01,60677000,monark - alemania,0.0,350,1.0,0.0,37.98833333333334,0.35388565958330237,rojo,4,0.4830695500579427,,,,,0,,0.0,1,0,1
2025-03-01,a-1515,sakura filter,181.0,0,17.0,460.44,144.63,,rojo,0,1.0396995770020536,2024-11-11,2.5,36.0,0.0,0,,0.0,1,0,
2025-03-01,fc-5725,sakura filter,847.0,0,27.0,807.49,407.97333333333336,,rojo,0,0.6239343871043352,2025-01-22,5.38,204.0,0.0,0,,0.0,1,0,
2024-12-01,mwmwd1157,wagner - pastillas,3.0,0,4.0,0.0,19.07,inf,verde,3,1.9377323946127762,2023-04-25,6.2,50.0,0.0,0,,inf,0,0,0
2024-08-01,p2560cf5500,prextoline - lubricantes,6.0,0,1.0,705.08,117.51333333333334,0.7634789258726525,verde,2,0.44476712826536774,2024-09-21,394.3,6.0,0.0,0,,5.997771375968587,0,0,0
2025-03-01,a-25940,sakura filter,157.0,0,8.0,117.87,21.820000000000004,,rojo,0,0.8424248411153267,2024-08-09,3.91,20.0,0.0,0,,0.0,1,0,
2025-03-01,a-45100-s,sakura filter,0.0,50,4.0,2642.2,440.3666666666666,,rojo,0,0.9230314631965367,2025-02-28,7.27,44.0,363.5,0,0.0,0.0,1,0,
2024-10-01,thy016,ito koyama - direccion,0.0,50,0.0,0.0,0.0,1.455951244098275,rojo,6,0.5676913702898638,2023-05-19,3.05,95.0,152.5,0,,0.0,1,0,1
2025-03-01,mr-992321,ito koyama - amortiguadores,19.0,0,40.0,5330.16,1364.235,,rojo,0,0.7621210695821338,2024-11-29,8.0,100.0,0.0,0,,0.0,1,0,
2025-03-01,41602-71l20,ito koyama - amortiguadores,168.0,0,48.0,1124.53,454.45,,rojo,0,0.7384605094924672,2024-11-29,10.2,90.0,0.0,0,,0.0,1,0,
2024-10-01,t1145,ito koyama - trapecios,1.0,50,1.0,0.0,19.226666666666667,1.2658987918432423,amarillo,6,0.831389935316237,2024-03-19,11.3045,20.0,565.225,0,,0.28073379414186594,0,0,1
2025-04-01,a-5441-s,sakura filter,1421.0,0,123.0,15293.33,4310.67,,rojo,0,0.6502995975986506,2025-01-31,21.82,377.0,0.0,0,445.0,0.0,1,0,
2025-04-01,48520-19075,ito koyama - amortiguadores,132.0,0,60.0,2474.03,625.6716666666667,,rojo,0,0.7434085738861115,2024-11-29,10.1,108.0,0.0,0,,0.0,1,0,
2024-09-01,a-8902,sakura filter,0.0,50,0.0,0.0,0.0,0.8503844498762044,rojo,6,0.9548050780333739,2023-01-09,2.59,60.0,129.5,0,,0.0,1,0,1
2025-04-01,c-371774,mann - brasil,4.0,0,9.0,1406.1,246.07333333333335,,rojo,0,0.3786140075653321,2023-05-17,49.46,30.0,0.0,0,,0.0,1,0,
2025-03-01,724680016r,ito koyama - amortiguadores,183.0,0,75.0,4436.07,2120.12,,rojo,0,0.7506995368744765,2024-11-29,9.8,180.0,0.0,0,,0.0,1,0,
2025-03-01,t1063,ito koyama - trapecios,36.0,0,11.0,403.65,82.01333333333334,,rojo,0,0.5607392721152459,2024-12-10,10.72,38.0,0.0,0,,0.0,1,0,
2025-02-01,t1187,ito koyama - trapecios,20.0,0,6.0,683.47,113.91166666666668,,rojo,0,0.6373534785713026,2024-12-10,17.1,40.0,0.0,0,,0.0,1,0,
2024-04-01,c-271320/3,mann - brasil,0.0,50,0.0,0.0,0.0,0.40347582089427364,rojo,4,0.3839268237134333,2022-06-14,32.69,150.0,1634.5,0,,0.0,1,0,1
2025-03-01,h80905500,valvoline,6.0,0,6.0,4025.4,943.4966666666666,,rojo,0,0.2984429197898821,2024-11-12,553.24,6.0,0.0,0,,0.0,1,0,
2025-03-01,mwmwc1595,wagner - pastillas,17.0,0,4.0,166.11,112.43,,rojo,0,0.38737213688525285,2024-07-20,16.0,20.0,0.0,0,,0.0,1,0,
2025-01-01,bdd024,ishikawa - discos de freno,0.0,50,10.0,58.98,90.23833333333333,,rojo,0,0.6155130579422873,2024-07-24,6.9,50.0,345.0,0,,0.0,1,0,
2025-03-01,tto007,ito koyama - direccion,130.0,0,4.0,1135.8799999999999,189.3133333333333,,rojo,0,0.6145751516480175,2025-02-28,2.089018,200.0,0.0,0,,0.0,1,0,
2025-02-01,c-1805,sakura filter,0.0,50,25.0,1179.5,489.455,,rojo,0,0.918740254194558,2024-11-30,1.3,500.0,65.0,0,,0.0,1,0,
2024-09-01,a-17990,sakura filter,0.0,50,0.0,0.0,0.0,1.3033583635947223,rojo,6,1.007408572286782,2023-11-27,2.37,60.0,118.5,0,0.0,0.0,1,1,1
2024-01-01,sdki-297,seco - embragues,0.0,100,0.0,0.0,0.0,24.578299755759023,rojo,4,0.35445101905820137,2022-08-08,10.32,1500.0,1032.0,0,,0.0,1,0,1
2025-03-01,icd2289,ishikawa - pastillas de freno,37.0,0,59.0,1064.98,313.97499999999997,,rojo,0,0.8974811499294764,2024-07-26,4.1,200.0,0.0,0,,0.0,1,0,
2025-03-01,a-33950,sakura filter,44.0,0,23.0,694.73,261.2866666666667,,rojo,0,0.9902337148063275,2024-12-13,4.06,100.0,0.0,0,,0.0,1,0,
2025-03-01,mwmwc1471,wagner - pastillas,13.0,0,7.0,316.09999999999997,64.12333333333333,,rojo,0,0.5317743336642285,2023-06-08,13.9,30.0,0.0,0,,0.0,1,0,
2025-03-01,dtt265/65r17,deestone,196.0,0,18.0,6966.51,1823.2266666666667,,rojo,0,0.31479347891431103,2024-11-28,55.84,200.0,0.0,0,,0.0,1,0,
2025-04-01,a-5801-s,sakura filter,614.0,0,117.0,5418.45,2518.025,,rojo,0,0.8545334495888591,2025-01-31,11.96,100.0,0.0,0,288.0,0.0,1,0,
2024-11-01,c-5504,sakura filter,187.0,0,1.0,0.0,23.834999999999997,2.8213795239912636,verde,6,0.9097748062647234,2024-09-17,2.25,200.0,0.0,0,,26.718816487483263,0,0,0
2024-05-01,sm030,ito koyama - torretas,0.0,50,0.0,0.0,0.0,2.4102004564542066,rojo,6,0.6424387791272577,2023-05-19,4.73,150.0,236.50000000000003,0,,0.0,1,0,1
2025-01-01,eo-3006,sakura filter,0.0,100,1.0,0.0,1.5733333333333333,0.4686959310980287,rojo,6,0.8024144249249422,2019-12-31,1.78,250.0,178.0,0,0.0,0.0,1,1,1
2025-03-01,333838,ito koyama - amortiguadores,34.0,0,20.0,1774.56,355.74,,rojo,0,0.6974610219555879,2024-11-29,9.3,72.0,0.0,0,,0.0,1,0,
2024-09-01,d25600100,valvoline,71.0,50,0.0,0.0,0.0,0.6976279645970136,verde,2,0.4266094725146064,2024-11-12,10.31,60.0,515.5,0,,3.293173391401385,0,0,0
2025-04-01,mr197434,ito koyama - amortiguadores,85.0,0,26.0,798.01,156.34,,rojo,0,0.6619186901293085,2024-11-29,10.1,48.0,0.0,0,,0.0,1,0,
2024-12-01,skf-6200-2z/c3,skf - rodajes,28.0,50,1.0,0.0,2.195,0.5217491947499509,verde,4,0.458440825277679,2023-04-21,0.96,150.0,48.0,0,,2.8,0,0,0
2024-06-01,99830015,monark - alemania,0.0,750,0.0,0.0,0.0,0.746428957224729,rojo,4,0.44255121720487894,,,,,0,,0.0,1,0,1
2025-03-01,a-5828,sakura filter,15.0,0,9.0,168.84,35.135,,rojo,0,0.8371150887875907,2024-12-13,2.55,40.0,0.0,0,0.0,0.0,1,0,
2023-07-01,a-1844,sakura filter,0.0,100,0.0,0.0,0.0,1.171919405460566,rojo,6,0.681176903096685,2022-02-03,3.87,120.0,387.0,0,,0.0,1,0,1
2024-11-01,mwmwc1114,wagner - pastillas,0.0,50,3.0,0.0,7.723333333333333,31.056897223110596,rojo,3,2.034906658703913,2024-07-20,5.9,20.0,295.0,0,,0.0,1,0,1
2022-05-01,krb-962,sankei - japon,0.0,50,0.0,0.0,0.0,0.7594552731543277,rojo,4,0.6850321965141414,2019-03-27,6.512654274702072,300.0,325.6327137351036,0,,0.0,1,0,1
2023-06-01,s-lapiceros,sin definicion,0.0,100,0.0,0.0,0.0,,rojo,0,-0.9978390688259109,2022-10-26,2.9887498895511073,5000.0,298.8749889551107,0,,0.0,1,0,
2025-03-01,t1082,ito koyama - trapecios,85.0,0,37.0,947.04,409.66499999999996,,rojo,0,0.7710210674333814,2024-06-11,9.5652,50.0,0.0,0,,0.0,1,0,
2025-04-01,a-5107-s,sakura filter,130.0,0,32.0,3306.38,771.11,,rojo,0,1.1590151968251652,2025-02-28,7.82,100.0,0.0,0,100.0,0.0,1,0,
2023-11-01,rhy009,ito koyama - direccion,0.0,100,0.0,0.0,0.0,1.220068246393562,rojo,6,0.7173685202053922,2023-05-19,3.94,120.0,394.0,0,,0.0,1,0,1
2025-03-01,54661-d3000,ito koyama - amortiguadores,37.0,0,25.0,1419.93,508.03,,rojo,0,0.630590675938993,2024-11-29,12.2,48.0,0.0,0,,0.0,1,0,
2024-09-01,s-gorros,sin definicion,0.0,50,0.0,0.0,0.0,,rojo,0,-1.0,2023-10-05,38.64406061798069,100.0,1932.2030308990345,0,,0.0,1,0,
2025-03-01,54651-d3000,ito koyama - amortiguadores,72.0,0,28.0,1274.97,528.595,,rojo,0,0.6227920015863372,2024-11-29,12.2,48.0,0.0,0,,0.0,1,0,
2024-08-01,sdhd-097,seco - embragues,0.0,50,0.0,0.0,0.0,0.3717783762264401,rojo,4,0.36612198584963457,2021-08-27,14.21,50.0,710.5,0,,0.0,1,0,1
2025-03-01,ef-8301,sakura filter,44.0,0,9.0,1276.07,221.6833333333333,,rojo,0,0.9317478478080078,2024-12-26,4.1,150.0,0.0,0,0.0,0.0,1,0,
2024-12-01,a-1508,sakura filter,15.0,50,5.0,0.0,57.48666666666666,0.9728885129760247,verde,6,0.8693950690137213,2023-10-23,5.21,36.0,260.5,0,,2.040697774407398,0,0,0
2025-03-01,a-2707-s,sakura filter,162.0,0,13.0,1301.56,465.13000000000005,,rojo,0,0.9533311870604204,2024-10-16,11.51,100.0,0.0,0,,0.0,1,0,
2025-03-01,54661-22000,ito koyama - amortiguadores,0.0,50,18.0,798.55,154.28833333333333,,rojo,0,0.6838837256147284,2024-11-29,10.6,42.0,530.0,0,,0.0,1,0,
2025-04-01,mi004,ito koyama - resortes,172.0,0,29.0,1514.58,371.72499999999997,,rojo,0,0.94307643813174,2024-12-26,9.5,200.0,0.0,0,,0.0,1,0,
2025-01-01,48951,narva,0.0,250,11.0,105.0,127.16166666666668,0.7677594980710747,rojo,4,0.4983175113878643,2024-09-16,2.7283110582232477,200.0,682.0777645558119,0,,0.0,1,0,1
2024-12-01,sk022,ito koyama - resortes,0.0,150,19.0,0.0,102.07333333333334,0.42809894857741154,rojo,6,0.6153406302493907,2024-01-22,4.5,448.0,675.0,0,,0.0,1,0,1
2025-03-01,a-83100-s,sakura filter,117.0,0,42.0,3070.75,1242.6516666666666,,rojo,0,0.8160568145050794,2024-11-04,31.32,4.0,0.0,0,179.0,0.0,1,0,
2025-03-01,a-6118-s,sakura filter,567.0,0,38.0,4704.24,1220.455,,rojo,0,0.8788302112172627,2025-01-31,13.75,200.0,0.0,0,,0.0,1,0,
2024-08-01,fs-1901,sakura filter,0.0,50,0.0,0.0,0.0,0.574732331566211,rojo,6,0.7661328103069033,2023-07-27,1.06,50.0,53.0,0,,0.0,1,0,1
2024-10-01,17175,narva,60.0,100,1.0,0.0,1.0166666666666666,4.937461602928441,amarillo,4,0.4826450086834454,2024-02-28,0.2127751957654953,200.0,21.27751957654953,0,,4.0481138413213085,0,0,1
2024-09-01,a-1609,sakura filter,0.0,50,0.0,0.0,0.0,0.7453559924999299,rojo,6,0.5810589481614316,2023-10-23,4.76,28.0,238.0,0,,0.0,1,0,1
2025-03-01,eo-28070,sakura filter,112.0,0,14.0,154.59,48.416666666666664,,rojo,0,0.8699141084919144,2024-11-11,1.48,100.0,0.0,0,,0.0,1,0,
2024-12-01,a-33750,sakura filter,25.0,50,3.0,0.0,9.646666666666667,1.1566626477610586,verde,6,0.7133501509134361,2024-08-28,1.24,60.0,62.0,0,,3.5714285714285716,0,0,0
2024-12-01,a-14540,sakura filter,12.0,0,3.0,0.0,5.543333333333334,10.133181634112315,verde,6,0.8186050659749191,2022-09-05,1.58,40.0,0.0,0,,17.435533903784766,0,0,0
2025-03-01,7246302l,ito koyama - amortiguadores,124.0,0,34.0,743.02,380.86999999999995,,rojo,0,0.6513728133849357,2024-11-29,10.9,72.0,0.0,0,,0.0,1,0,
2024-10-01,t1144,ito koyama - trapecios,6.0,50,0.0,0.0,0.0,3.4239490101821684,verde,6,0.829861984601213,2024-03-19,11.3045,20.0,565.225,0,,5.109381097201549,0,0,0
2025-03-01,a-1641,sakura filter,117.0,0,7.0,128.72,31.966666666666665,,rojo,0,0.9452405637379911,2023-11-28,2.63,60.0,0.0,0,,0.0,1,0,
2025-03-01,t1207,ito koyama - trapecios,36.0,0,4.0,126.23,21.038333333333334,,rojo,0,0.5360543871544697,2024-12-10,14.2,40.0,0.0,0,,0.0,1,0,
2025-03-01,3330084,ito koyama - amortiguadores,55.0,0,114.0,4157.33,1681.3383333333334,,rojo,0,0.7215672909504609,2024-11-29,10.9,150.0,0.0,0,,0.0,1,0,
2023-12-01,agenda,sin definicion,0.0,50,0.0,0.0,0.0,,rojo,0,-1.0,2022-09-12,46.071770364720095,500.0,2303.588518236005,0,,0.0,1,0,
2024-10-01,thy015,ito koyama - direccion,6.0,50,0.0,0.0,0.0,4.1607664290673565,amarillo,6,0.5689512124536314,2023-05-19,3.05,95.0,152.5,0,,3.7761725820316965,0,0,1
2024-12-01,scdw-504,seco - embragues,359.0,0,4.0,0.0,483.2033333333333,2.741467007808447,verde,4,0.3454039596831809,2024-07-18,11.67,600.0,0.0,0,,19.53710383926706,0,0,0
2025-03-01,eo-29060,sakura filter,1044.0,0,37.0,1253.82,450.8966666666667,,rojo,0,0.944458699932024,2024-11-30,1.61,650.0,0.0,0,300.0,0.0,1,0,
2024-12-01,bsu001,ito koyama - bocamazas,14.0,50,2.0,0.0,25.901666666666667,0.6724179763089916,verde,6,0.5595490683778556,2024-11-13,14.38,20.0,719.0,0,,1.9712741313294342,0,0,0
2024-08-01,thy012,ito koyama - direccion,0.0,50,0.0,0.0,0.0,2.072210309071312,rojo,6,0.6706301836998081,2023-05-19,3.68,180.0,184.0,0,,0.0,1,0,1
2025-03-01,54660-2w100,ito koyama - amortiguadores,105.0,0,46.0,1287.97,405.62166666666667,,rojo,0,0.8059212543331624,2024-11-29,11.8,89.0,0.0,0,,0.0,1,0,
2024-08-01,ehy001,ito koyama - direccion,0.0,100,0.0,0.0,0.0,0.8432153950845536,rojo,6,0.566723753607566,2022-08-15,2.09,150.0,209.0,0,,0.0,1,0,1
2024-10-01,dt215/70r16,deestone,4.0,50,1.0,0.0,40.678333333333335,0.8498365855987975,verde,6,0.4511356996076595,2023-08-25,35.38,40.0,1769.0000000000002,0,,1.0,0,0,0
2025-04-01,4852009m80,ito koyama - amortiguadores,15.0,0,72.0,2450.11,744.71,,rojo,0,0.7102706531991643,2024-11-29,12.3,80.0,0.0,0,,0.0,1,0,
2024-09-01,ca-28110,sakura filter,0.0,100,0.0,0.0,0.0,0.5632514414447092,rojo,6,0.7059669713547825,2023-10-23,1.73,20.0,173.0,0,,0.0,1,0,1
2025-03-01,icd1879,ishikawa - pastillas de freno,62.0,0,17.0,171.88,56.68166666666667,,rojo,0,1.0770306205791995,2024-07-26,3.06,100.0,0.0,0,,0.0,1,0,
2025-02-01,c-7921,sakura filter,130.0,0,5.0,115.2,25.17833333333333,,rojo,0,0.7721179122626216,2024-11-30,2.19,12.0,0.0,0,,0.0,1,0,
2025-03-01,srto008,ito koyama - cremalleras,20.0,0,8.0,595.25,200.78666666666666,,rojo,0,0.6770579157537046,2024-09-13,64.0,30.0,0.0,0,,0.0,1,0,
2025-03-01,4853002700,ito koyama - amortiguadores,270.0,0,53.0,2679.7,660.9566666666666,,rojo,0,0.8571336865745288,2024-11-29,6.9,200.0,0.0,0,,0.0,1,0,
2025-01-01,dtx-151,aisin - japon,97.0,0,3.0,830.51,290.67833333333334,,rojo,0,0.33044389144950653,2022-11-08,58.56,150.0,0.0,0,,0.0,1,0,
2025-03-01,a-28950,sakura filter,73.0,0,25.0,1020.0,274.81333333333333,,rojo,0,1.0663154037989864,2024-11-28,1.75,80.0,0.0,0,,0.0,1,0,
2024-10-01,17057,narva,150.0,50,1.0,0.0,1.4116666666666668,1.8911312203288047,verde,4,0.45803443907521035,2023-09-21,0.2817726665735245,200.0,14.088633328676226,0,,7.499987840672179,0,0,0
2025-04-01,eo-25040,sakura filter,43.0,0,26.0,518.33,171.53,,rojo,0,0.8310323859582118,2024-09-17,2.99,50.0,0.0,0,,0.0,1,0,
2024-11-01,wk-58,mann - brasil,45.0,100,2.0,33.46,9.023333333333333,4.295249925573784,amarillo,4,0.38931199834066027,2023-10-12,3.68,108.0,368.0,0,,3.7909791960163552,0,0,1
2024-10-01,t1182,ito koyama - trapecios,1.0,50,2.0,0.0,6.038333333333333,0.9216837264524005,amarillo,6,0.6298208990107463,2024-03-19,6.9565,20.0,347.825,0,,0.3504559972599932,0,0,1
2025-03-01,icd567,ishikawa - pastillas de freno,7.0,0,14.0,156.41,34.968333333333334,,rojo,0,0.8170612050377285,2024-03-20,3.43,50.0,0.0,0,,0.0,1,0,
2025-03-01,a-5331-s,sakura filter,414.0,0,58.0,7086.599999999999,3631.24,,rojo,0,0.6859354754450129,2025-01-10,24.0,179.0,0.0,0,169.0,0.0,1,0,
2024-11-01,mwmwd833,wagner - pastillas,0.0,50,3.0,0.0,38.135,0.2833032680404929,rojo,3,0.675240199856351,2024-03-19,9.9,20.0,495.0,0,,0.0,1,0,1
2025-03-01,icd580,ishikawa - pastillas de freno,11.0,0,26.0,182.34,73.70333333333333,,rojo,0,0.8438561796645598,2024-07-26,3.78,100.0,0.0,0,,0.0,1,0,
2025-03-01,k008,ito koyama - resortes,80.0,0,15.0,302.21,94.995,,rojo,0,0.7163329349528474,2024-11-04,6.3,120.0,0.0,0,,0.0,1,0,
2025-03-01,scki-117,seco - embragues,10.0,0,3.0,498.31,110.14166666666665,,rojo,0,0.42900718827350554,2024-07-18,17.35,50.0,0.0,0,,0.0,1,0,
2025-03-01,54302-jg000,ito koyama - amortiguadores,289.0,0,56.0,966.65,431.39166666666665,,rojo,0,0.6651409859696515,2024-11-29,11.8,139.0,0.0,0,,0.0,1,0,
2025-02-01,ni-049,ito koyama - palieres,0.0,50,36.0,1070.15,390.28000000000003,,rojo,0,0.5943216998134624,2024-12-17,6.1,100.0,305.0,0,,0.0,1,0,
2025-04-01,t029,ito koyama - resortes,252.0,0,37.0,706.07,194.865,,rojo,0,0.6013880943142338,2024-12-26,3.8,200.0,0.0,0,,0.0,1,0,
2025-03-01,a-61480,sakura filter,499.0,0,40.0,1697.58,472.9533333333333,,rojo,0,1.188037823934732,2024-11-11,1.8,20.0,0.0,0,,0.0,1,0,
2024-12-01,as-32212,nas - pfi - zkl - mba,44.0,100,1.0,0.0,14.125,0.6997146591547361,verde,4,0.4420240949427913,2018-08-07,4.79,500.0,479.0,0,,1.99472262316866,0,0,0
2025-03-01,3461-1001skr,sakura - radiadores,95.0,0,29.0,1715.28,660.9116666666667,,rojo,0,0.6521409343080151,2024-08-29,21.0,50.0,0.0,0,,0.0,1,0,
2025-03-01,a-5803m-s,sakura filter,24.0,0,9.0,578.93,255.38833333333332,,rojo,0,0.6413147938123557,2023-12-04,22.49,92.0,0.0,0,0.0,0.0,1,0,
2025-01-01,c-31014,mann - brasil,17.0,0,3.0,215.24,148.3033333333333,,rojo,0,0.328771150339009,2024-09-24,66.32590415120124,30.0,0.0,0,,0.0,1,0,
2024-08-01,3461-8576skr,sakura - radiadores,0.0,100,0.0,0.0,0.0,1.029806394170652,rojo,6,0.6159968288597117,2023-12-05,18.5,100.0,1850.0,0,,0.0,1,0,1
2025-03-01,724680016l,ito koyama - amortiguadores,257.0,0,74.0,3823.38,2029.115,,rojo,0,0.7471068952934004,2024-11-29,9.8,150.0,0.0,0,,0.0,1,0,
2024-06-01,28157009,monark - alemania,0.0,50,0.0,0.0,0.0,1.4817009439642022,rojo,4,0.6595067244520239,,,,,0,,0.0,1,0,1
2025-03-01,3330083,ito koyama - amortiguadores,15.0,0,109.0,4111.13,1626.2749999999999,,rojo,0,0.7244692867521453,2024-11-29,10.9,180.0,0.0,0,,0.0,1,0,
2025-04-01,a-1812,sakura filter,7.0,0,7.0,64.09,15.921666666666667,,rojo,0,0.9408699250461352,2023-11-06,1.98,25.0,0.0,0,,0.0,1,0,
2024-10-01,t1183,ito koyama - trapecios,0.0,50,1.0,0.0,1.9416666666666667,0.5575571844632286,rojo,6,0.6344330743184051,2024-03-19,6.9565,20.0,347.825,0,,0.0,1,0,1
2024-11-01,scmz-213,seco - embragues,0.0,100,5.0,0.0,57.755,0.516620778256782,rojo,4,0.40337204407043153,2024-07-18,12.42,50.0,1242.0,0,,0.0,1,0,1
2025-04-01,a-6038-s,sakura filter,1169.0,0,264.0,20006.51,7091.259999999999,,rojo,0,0.6089476367721988,2025-01-21,17.16,46.0,0.0,0,1052.0,0.0,1,0,
2025-04-01,azul,novaquimica - peru,0.0,50,33.0,676.26,197.31499999999997,,rojo,0,0.3806986817039154,2025-01-14,14.53,30.0,726.5,0,,0.0,1,0,
2025-01-01,hu-1390/x,mann - brasil,32.0,0,4.0,63.42,39.935,,rojo,0,0.4446068521034582,2023-02-15,11.111469376087188,64.0,0.0,0,,0.0,1,0,
2025-03-01,54303-jg000,ito koyama - amortiguadores,294.0,0,53.0,1030.72,412.65333333333336,,rojo,0,0.6587055263131816,2024-11-29,11.8,140.0,0.0,0,,0.0,1,0,
2024-03-01,87269610,ks - alemania,0.0,50,0.0,0.0,0.0,2.793842435706702,rojo,4,0.3771805985626591,2023-02-06,33.0632006931305,40.0,1653.1600346565249,0,,0.0,1,0,1
2025-03-01,f-1110,sakura filter,407.0,0,12.0,603.5600000000001,183.54666666666665,,rojo,0,0.822619444595615,2023-11-28,3.27,150.0,0.0,0,,0.0,1,0,
2025-03-01,c-7988,sakura filter,0.0,50,11.0,141.82,55.27333333333333,,rojo,0,0.9426025519159443,2024-11-11,2.86,60.0,143.0,0,,0.0,1,0,
2025-02-01,t1143,ito koyama - trapecios,2.0,0,8.0,469.9,96.40666666666668,,rojo,0,0.6203620980152875,2024-03-19,9.57,40.0,0.0,0,,0.0,1,0,
2024-09-01,861800,valvoline - usa,432.0,0,0.0,0.0,0.0,7.075128273567389,verde,3,0.3751635312728585,2025-03-10,4.886667,216.0,0.0,0,,22.182421414304528,0,0,0
2024-04-01,rto013,ito koyama - direccion,0.0,100,0.0,0.0,0.0,0.7674900603461619,rojo,6,0.7934099488125733,2023-05-19,3.72,120.0,372.0,0,,0.0,1,0,1
2024-12-01,w22m-u,denso - bujias - japon,26.0,150,2.0,0.0,21.47,0.6058225219163894,verde,3,0.3788123535015859,2024-08-26,0.89,100.0,133.5,0,,0.7027854534412804,0,0,0
2024-11-01,p2050sl500,prextoline - lubricantes,0.0,50,2.0,0.0,138.96666666666667,1.5351521931195327,rojo,2,0.4491259771794139,2025-02-27,38.5,20.0,1925.0,0,,0.0,1,0,1
2025-01-01,c-85180,sakura filter,125.0,0,1.0,81.94,13.656666666666666,,rojo,0,0.7392949333515408,2024-03-18,9.75,96.0,0.0,0,,0.0,1,0,
2024-01-01,8768,spaco - italia,0.0,50,0.0,0.0,0.0,9.612275138245542,rojo,4,0.7020884464801909,,,,,0,,0.0,1,0,1
2024-01-01,zd929a,wagner - pastillas,0.0,50,0.0,0.0,0.0,0.7943606196121833,rojo,3,0.27631069819993714,2019-08-15,23.064,40.0,1153.2,0,,0.0,1,0,1
2025-03-01,377513029,ito koyama - amortiguadores,21.0,0,40.0,2738.62,872.9016666666666,,rojo,0,0.699055031868982,2024-11-29,7.9,150.0,0.0,0,,0.0,1,0,
2025-04-01,sk016,ito koyama - resortes,16.0,0,45.0,1019.29,387.00333333333333,,rojo,0,0.8870280055585267,2024-11-04,4.15,200.0,0.0,0,,0.0,1,0,
2024-10-01,a-38440,sakura filter,87.0,0,1.0,0.0,3.955,2.054726068350571,verde,6,0.6643296417468527,2019-12-06,1.73,200.0,0.0,0,,28.998890707276097,0,0,0
2024-01-01,1551,spaco - italia,0.0,450,0.0,0.0,0.0,0.8255191955097526,rojo,4,0.5239234364169182,,,,,0,,0.0,1,0,1
2025-03-01,a-1342-s,sakura filter,6.0,0,16.0,491.35,387.71166666666664,,rojo,0,0.8167545690284591,2023-12-05,27.84,7.0,0.0,0,0.0,0.0,1,0,
2024-09-01,a-9228,sakura filter,1.0,50,0.0,0.0,0.0,1.2093589583116982,amarillo,6,0.5617097177301363,2020-02-24,16.0,60.0,800.0,0,,0.7565063237311143,0,0,1
2024-12-01,a-1832,sakura filter,0.0,100,4.0,0.0,16.178333333333335,0.727888362754764,rojo,6,0.8437124562883006,2024-08-29,1.67,40.0,167.0,0,,0.0,1,0,1
2025-03-01,sk018,ito koyama - resortes,0.0,50,31.0,2272.46,663.4966666666667,,rojo,0,0.6844684148149689,2024-11-04,4.3,200.0,215.0,0,,0.0,1,0,
2025-03-01,54650-1e200,ito koyama - amortiguadores,234.0,0,26.0,1258.92,402.64000000000004,,rojo,0,0.7705138003561999,2024-11-29,10.1,90.0,0.0,0,,0.0,1,0,
2025-03-01,t1127,ito koyama - trapecios,15.0,0,10.0,128.5,61.19,,rojo,0,0.6226383085003738,2024-03-19,13.333333,60.0,0.0,0,,0.0,1,0,
2025-03-01,a-1053,sakura filter,107.0,0,5.0,60.99,17.67833333333333,,rojo,0,0.8744400021032976,2024-04-18,2.62,60.0,0.0,0,,0.0,1,0,
2024-11-01,v004,ito koyama - resortes,0.0,150,8.0,0.0,34.483333333333334,0.7708746121015048,rojo,6,0.7256354554807983,2024-01-22,5.04,352.0,756.0,0,,0.0,1,0,1
2025-03-01,cac-65220,sakura filter,0.0,50,8.0,187.37,41.47,,rojo,0,0.766617389991552,2024-09-17,2.3,60.0,114.99999999999999,0,,0.0,1,0,
2025-02-01,bki001,ito koyama - bocamazas,37.0,0,8.0,108.54,60.99666666666667,,rojo,0,0.6182948218715191,2024-11-13,4.7,50.0,0.0,0,,0.0,1,0,
2025-03-01,dtx-197,aisin - japon,76.0,0,62.0,39789.65,13778.6,,rojo,0,0.3889977531805109,2024-10-07,31.83,200.0,0.0,0,,0.0,1,0,
2025-03-01,rni001,ito koyama - direccion,158.0,0,3.0,1299.72,216.62,,rojo,0,0.6990894188638758,2025-02-28,4.317299,210.0,0.0,0,,0.0,1,0,
2025-04-01,a-57270-s,sakura filter,288.0,0,58.0,4735.09,2064.6783333333333,,rojo,0,0.6532865905259894,2025-01-21,31.93,193.0,0.0,0,294.0,0.0,1,0,
2024-09-01,ety008,ito koyama - direccion,30.0,50,0.0,0.0,0.0,6.2737987049279935,verde,6,0.6299159124375936,2022-08-15,2.51,180.0,125.49999999999999,0,,7.5554702688017725,0,0,0
2025-03-01,t1124,ito koyama - trapecios,0.0,50,7.0,254.91,61.635,,rojo,0,0.5893181440859905,2024-03-19,11.304359,39.0,565.21795,0,,0.0,1,0,
2024-11-01,ca-28270,sakura filter,291.0,0,2.0,0.0,6.6866666666666665,1.0193945208048987,verde,6,0.8434216508228374,2019-07-17,2.6,60.0,0.0,0,,61.52105938014737,0,0,0
2025-03-01,mb-025381,ito koyama - amortiguadores,228.0,0,25.0,1467.72,713.29,,rojo,0,0.7765648912755659,2024-11-29,6.2,150.0,0.0,0,,0.0,1,0,
2025-04-01,hy050,ito koyama - resortes,98.0,0,20.0,681.1800000000001,148.23,,rojo,0,0.7790948774783704,2024-11-04,6.3,160.0,0.0,0,,0.0,1,0,
2025-03-01,hu-931/5x,mann - brasil,174.0,0,42.0,1409.74,893.3933333333333,,rojo,0,0.9358644592344193,2025-01-18,3.06,300.0,0.0,0,,0.0,1,0,
2025-03-01,48510-12750,ito koyama - amortiguadores,223.0,0,31.0,1260.85,456.7966666666667,,rojo,0,0.6262308238364924,2024-11-29,11.2,90.0,0.0,0,,0.0,1,0,
2025-03-01,t019,ito koyama - resortes,218.0,0,45.0,594.76,314.4116666666667,,rojo,0,0.8734945399413527,2024-12-26,6.65,56.0,0.0,0,,0.0,1,0,
2025-04-01,a-13580-s,sakura filter,738.0,0,73.0,3689.9900000000002,1922.125,,rojo,0,1.0075353060643,2025-02-28,18.55,16.0,0.0,0,,0.0,1,0,
2025-02-01,cac-18321-s,sakura filter,14.0,0,3.0,40.46,14.496666666666668,,rojo,0,0.9453570839148654,2022-09-14,3.21,40.0,0.0,0,,0.0,1,0,
2024-11-01,c-10590,sakura filter,0.0,150,7.0,0.0,62.580000000000005,1.3020376435850038,rojo,6,0.773488454656699,2023-01-10,3.44,60.0,516.0,0,0.0,0.0,1,1,1
2024-03-01,t1202,ito koyama - trapecios,0.0,50,0.0,0.0,0.0,0.702449791447736,rojo,6,0.6609698529356333,2024-03-19,12.7535,20.0,637.6750000000001,0,,0.0,1,0,1
2024-06-01,skf-6205-2rshc3,skf - rodajes,0.0,450,0.0,0.0,0.0,0.5257726078058036,rojo,4,0.45719177563222535,2023-04-21,1.74,1500.0,783.0,0,,0.0,1,0,1
2025-03-01,a-5668-s,sakura filter,195.0,0,39.0,1211.1399999999999,835.2966666666666,,rojo,0,1.0896902851803256,2024-09-30,19.28,100.0,0.0,0,,0.0,1,0,
2025-03-01,54661-2s000,ito koyama - amortiguadores,132.0,0,45.0,1476.7,940.3866666666667,,rojo,0,0.6441094403100748,2024-11-29,14.9,90.0,0.0,0,,0.0,1,0,
2024-10-01,a-1426,sakura filter,0.0,50,0.0,0.0,0.0,1.2372291021640884,rojo,6,0.7528440033763873,2023-10-25,2.28,20.0,113.99999999999999,0,,0.0,1,0,1
2025-01-01,mz-009,ito koyama - palieres,7.0,0,6.0,60.0,59.821666666666665,,rojo,0,0.5448184190991077,2023-03-08,7.67,60.0,0.0,0,,0.0,1,0,
2025-03-01,a-14470,sakura filter,22.0,0,12.0,238.66,57.23333333333333,,rojo,0,0.9003558437091382,2022-12-06,1.6,180.0,0.0,0,0.0,0.0,1,0,
2025-03-01,a-7101-s,sakura filter,374.0,0,56.0,5146.08,1792.3333333333333,,rojo,0,0.5920152983475189,2025-01-10,31.71,50.0,0.0,0,133.0,0.0,1,0,
2025-03-01,a-71260-s,sakura filter,101.0,0,30.0,6948.46,2281.5866666666666,,rojo,0,0.7030681879573121,2025-02-28,33.55,98.0,0.0,0,100.0,0.0,1,0,
2025-03-01,a-1045,sakura filter,38.0,0,4.0,43.14,20.845,,rojo,0,1.1121996423054539,2024-09-17,2.26,60.0,0.0,0,,0.0,1,0,
2025-03-01,hy033,ito koyama - resortes,40.0,0,38.0,1448.34,314.955,,rojo,0,0.7466070360571633,2024-11-04,5.76,200.0,0.0,0,,0.0,1,0,
2023-11-01,rhy014,ito koyama - direccion,2.0,50,0.0,0.0,0.0,8.237311075403081,amarillo,6,0.6475318484788642,2023-05-19,3.49,120.0,174.5,0,,0.9997378083254914,0,0,1
2024-10-01,bdd070,ishikawa - discos de freno,0.0,50,1.0,0.0,7.626666666666666,1.5687623762845702,rojo,6,0.541606584499648,2021-12-07,11.5877,100.0,579.385,0,,0.0,1,0,1
2025-03-01,sb003,ito koyama - resortes,54.0,0,12.0,128.81,56.375,,rojo,0,0.6416159624808285,2024-01-22,6.28,160.0,0.0,0,,0.0,1,0,
2025-03-01,a-57400-s,sakura filter,36.0,0,8.0,750.1800000000001,153.185,,rojo,0,0.9066513588218884,2023-12-04,25.96,8.0,0.0,0,,0.0,1,0,
2025-03-01,333831,ito koyama - amortiguadores,44.0,0,13.0,229.21999999999997,143.32833333333332,,rojo,0,0.6405012170451719,2024-08-22,9.8,80.0,0.0,0,,0.0,1,0,
2025-04-01,a-1219,sakura filter,35.0,0,2.0,16.53,2.7550000000000003,,rojo,0,0.9136591103393005,2023-07-26,1.41,20.0,0.0,0,,0.0,1,0,
2024-11-01,thy011,ito koyama - direccion,4.0,50,1.0,0.0,2.31,6.956053585992334,amarillo,6,0.6705605573651771,2023-05-19,3.68,180.0,184.0,0,,2.0721364777286997,0,0,1
2025-03-01,icd1572,ishikawa - pastillas de freno,137.0,0,26.0,638.78,159.10999999999999,,rojo,0,0.9146054908127661,2024-07-26,3.83,100.0,0.0,0,,0.0,1,0,
2025-03-01,a-28530,sakura filter,980.0,0,72.0,1719.94,608.8183333333334,,rojo,0,0.7561991996753229,2024-10-22,3.22,200.0,0.0,0,,0.0,1,0,
2024-05-01,ahy009,ito koyama - direccion,300.0,0,0.0,0.0,0.0,0.7899876419450729,verde,6,0.6031644910168735,2025-02-28,2.297922,300.0,0.0,0,,17.217447914890144,0,0,0
2024-11-01,c-301622,mann - brasil,0.0,50,1.0,0.0,10.466666666666667,0.6529464916706884,rojo,4,0.4016762769634124,2022-04-19,38.35,20.0,1917.5,0,,0.0,1,0,1
2024-12-01,d008,ito koyama - resortes,2.0,50,5.0,0.0,31.0,0.9698077532401583,amarillo,6,0.7113252248150487,2024-01-22,6.5,152.0,325.0,0,,0.26229153764055285,0,0,1
2025-02-01,t1157,ito koyama - trapecios,18.0,0,10.0,161.42000000000002,66.43833333333333,,rojo,0,0.7086847958269008,2024-03-19,10.43,60.0,0.0,0,,0.0,1,0,
2025-03-01,sb005,ito koyama - resortes,92.0,0,13.0,65.33,76.685,,rojo,0,0.6811239580617943,2024-11-04,6.3,120.0,0.0,0,,0.0,1,0,
2025-03-01,c-1111,sakura filter,206.0,0,23.0,384.52,163.09333333333333,,rojo,0,0.649341693050573,2024-11-30,2.84,240.0,0.0,0,,0.0,1,0,
2025-03-01,331701,ito koyama - amortiguadores,72.0,0,14.0,116.48,96.44666666666667,,rojo,0,0.7633896065660575,2024-08-22,15.85,96.0,0.0,0,,0.0,1,0,
2025-03-01,a-1116,sakura filter,69.0,0,18.0,1214.64,320.09499999999997,,rojo,0,0.9207609474393691,2024-08-29,3.65,90.0,0.0,0,,0.0,1,0,
2025-03-01,54661-3x250,ito koyama - amortiguadores,232.0,0,91.0,2523.1800000000003,909.2116666666667,,rojo,0,0.8197545997926305,2024-11-29,11.45,180.0,0.0,0,,0.0,1,0,
2025-03-01,icd691,ishikawa - pastillas de freno,69.0,0,16.0,355.43,83.71666666666667,,rojo,0,1.2846253759612827,2024-07-26,4.54,100.0,0.0,0,,0.0,1,0,
2025-03-01,t020,ito koyama - resortes,230.0,0,68.0,2866.96,791.0933333333334,,rojo,0,0.820070946213365,2024-12-26,6.05,200.0,0.0,0,,0.0,1,0,
2025-03-01,as-1024-s,sakura filter,90.0,0,22.0,803.19,331.0116666666667,,rojo,0,0.990335282672406,2023-12-05,16.77,1.0,0.0,0,,0.0,1,0,
2025-03-01,scdw-310,seco - embragues,42.0,0,2.0,33.9,10.918333333333331,,rojo,0,0.43585528516741145,2024-07-18,11.0,50.0,0.0,0,,0.0,1,0,
2024-05-01,sdhd-486,seco - embragues,0.0,50,0.0,0.0,0.0,1.4321610385739543,rojo,4,0.41649100677968215,2022-08-08,11.35,100.0,567.5,0,,0.0,1,0,1
2025-03-01,mi-940r,ito koyama - palieres,47.0,0,14.0,414.93,166.95833333333334,,rojo,0,0.6157115293091662,2024-06-21,26.7,50.0,0.0,0,,0.0,1,0,
2024-11-01,cav-17180,sakura filter,288.0,0,1.0,0.0,1.865,1.801904826138232,verde,6,0.47048361391929144,2021-10-15,3.0,120.0,0.0,0,,95.86263376909262,0,0,0
2025-03-01,bni003,ito koyama - bocamazas,0.0,50,14.0,548.11,136.15,,rojo,0,0.625936767238318,2024-11-13,5.95,60.0,297.5,0,,0.0,1,0,
2025-03-01,55303-51y00,ito koyama - amortiguadores,157.0,0,48.0,7819.9400000000005,1647.99,,rojo,0,0.6653565513837363,2024-11-29,9.9,180.0,0.0,0,,0.0,1,0,
2025-02-01,re-014,ito koyama - palieres,0.0,50,14.0,232.5,96.11666666666667,,rojo,0,0.58380610161446,2024-10-24,6.6,50.0,330.0,0,,0.0,1,0,
2025-01-01,54650-2p000,ito koyama - amortiguadores,0.0,50,3.0,0.0,13.540000000000001,5.254766725271519,rojo,6,0.6697029305461891,2023-07-25,10.9,84.0,545.0,0,,0.0,1,0,1
2022-11-01,89399810,ks - alemania,0.0,50,0.0,0.0,0.0,0.3305059556100498,rojo,4,0.38891707667533815,2022-06-23,28.269597387313844,30.0,1413.4798693656921,0,,0.0,1,0,1
2024-11-01,ur002,ito koyama - direccion,64.0,0,2.0,0.0,2.9600000000000004,2.8402734058118697,verde,6,0.79411551308424,2023-05-19,2.38,250.0,0.0,0,,17.149265733746095,0,0,0
2024-09-01,65309,versachem - usa,156.0,0,0.0,0.0,0.0,0.41878280004327495,verde,1,0.30241727567483556,2022-11-08,2.64,288.0,0.0,0,,6.667727125540135,0,0,0
2023-11-01,sm009,ito koyama - torretas,0.0,50,0.0,0.0,0.0,1.2916755541113176,rojo,6,0.6514068793509591,2023-05-19,4.73,60.0,236.50000000000003,0,,0.0,1,0,1
2025-02-01,li-012,ito koyama - palieres,0.0,50,14.0,103.68,92.045,,rojo,0,0.4680487259026501,2021-06-10,7.1,100.0,355.0,0,,0.0,1,0,
2023-09-01,a-1325,sin definicion,0.0,50,0.0,0.0,0.0,,rojo,0,0.8154536016708276,2021-04-24,9.0,38.0,450.0,0,,0.0,1,0,
2024-12-01,c-1819,sakura filter,35.0,0,1.0,0.0,1.5816666666666668,3.3817567357024916,verde,6,0.5848317168027236,2022-09-05,2.42,50.0,0.0,0,,14.44519248398209,0,0,0
2022-11-01,c-1855,sakura filter,0.0,900,0.0,0.0,0.0,0.7183328518739575,rojo,6,0.6935544025158622,2022-08-15,1.15,300.0,1035.0,0,,0.0,1,0,1
2025-03-01,dt-036,aisin - japon,0.0,50,35.0,3937.4300000000003,1329.02,,rojo,0,0.42656520118048913,2023-05-05,22.7,200.0,1135.0,0,,0.0,1,0,
2024-07-01,hc-6217,sakura filter,0.0,50,0.0,0.0,0.0,0.6696942495243101,rojo,6,0.7931687814020121,2022-08-15,3.03,60.0,151.5,0,,0.0,1,0,1
2025-03-01,icd1935,ishikawa - pastillas de freno,0.0,50,45.0,691.97,251.88833333333332,,rojo,0,0.914782076879201,2024-07-26,4.46,100.0,223.0,0,,0.0,1,0,
2025-04-01,c-2103,sakura filter,308.0,0,33.0,1301.8700000000001,289.12666666666667,,rojo,0,0.8520914129217395,2024-11-30,1.66,50.0,0.0,0,,0.0,1,0,
2025-03-01,cmt-025,aisin - japon,21.0,0,7.0,580.47,122.15500000000002,,rojo,0,0.5555871454149959,2024-05-20,21.86,30.0,0.0,0,,0.0,1,0,
2025-03-01,ani005,ito koyama - direccion,100.0,0,11.0,126.93,27.916666666666668,,rojo,0,0.6579013403588592,2025-02-28,2.297955,100.0,0.0,0,,0.0,1,0,
2025-03-01,20313aa110,ito koyama - amortiguadores,12.0,0,28.0,743.28,311.77,,rojo,0,0.6450226978763491,2024-08-22,11.8,56.0,0.0,0,,0.0,1,0,
2025-03-01,t1102,ito koyama - trapecios,0.0,50,21.0,1274.13,244.29833333333332,,rojo,0,0.6620581299857571,2024-12-10,9.3,60.0,465.00000000000006,0,,0.0,1,0,
2025-03-01,a-90170,sakura filter,17.0,0,2.0,29.35,4.891666666666667,,rojo,0,0.6115905868606977,2020-04-17,2.73,100.0,0.0,0,,0.0,1,0,
2024-01-01,12793,spaco - italia,0.0,350,0.0,0.0,0.0,2.398527754777538,rojo,4,0.5634824679109468,2023-01-10,3.1984887194633482,1500.0,1119.471051812172,0,,0.0,1,0,1
2025-03-01,a-28960,sakura filter,142.0,0,26.0,933.2,240.25666666666666,,rojo,0,0.49433560064629234,2024-11-28,2.24,140.0,0.0,0,0.0,0.0,1,0,
2024-08-01,rov8090025,rover - usa,0.0,150,0.0,0.0,0.0,4.625669925348656,rojo,4,0.5011774262003348,2023-02-21,2.915833,1008.0,437.37495,0,,0.0,1,0,1
2025-03-01,tni014,ito koyama - direccion,124.0,0,4.0,1092.36,182.05999999999997,,rojo,0,0.7929411996002491,2025-02-28,1.949727,200.0,0.0,0,,0.0,1,0,
2025-03-01,a-71490,sakura filter,134.0,0,9.0,581.5,285.23,,rojo,0,0.753723396110593,2023-02-17,22.58,21.0,0.0,0,0.0,0.0,1,0,
2025-03-01,t022,ito koyama - resortes,130.0,0,39.0,6325.92,2270.69,,rojo,0,0.8911019440733131,2024-12-26,5.55,56.0,0.0,0,,0.0,1,0,
2024-10-01,c-30400/1,mann - brasil,0.0,200,3.0,0.0,2071.186666666667,0.9054250032844572,rojo,4,0.4327720454020571,2024-09-24,31.54619565844536,60.0,6309.239131689072,0,,0.0,1,0,1
2025-03-01,t1233,ito koyama - trapecios,43.0,0,11.0,182.34,77.40166666666666,,rojo,0,0.6708472787437878,2024-12-10,10.43,40.0,0.0,0,,0.0,1,0,
2025-03-01,t1232,ito koyama - trapecios,43.0,0,11.0,182.34,82.885,,rojo,0,0.6708537309156113,2024-12-10,10.43,40.0,0.0,0,,0.0,1,0,
2025-03-01,t1208,ito koyama - trapecios,34.0,0,10.0,567.04,108.35000000000001,,rojo,0,0.5713797679479156,2024-12-10,11.3,60.0,0.0,0,,0.0,1,0,
2025-03-01,sfc-6901-30,sakura filter,129.0,0,7.0,681.21,129.47833333333332,,rojo,0,0.7980803930553395,2024-08-09,5.52,204.0,0.0,0,,0.0,1,0,
2024-08-01,dttmlt245/75r16,deestone,0.0,100,0.0,0.0,0.0,8.530141525559435,rojo,6,0.20442417333210738,2022-04-20,67.6,230.0,6759.999999999999,0,,0.0,1,0,1
2025-04-01,a-28650,sakura filter,40.0,0,117.0,4846.88,1632.7633333333333,,rojo,0,0.7986890021863634,2024-10-16,9.44,148.0,0.0,0,40.0,0.0,1,0,
2025-03-01,ca-65310,sakura filter,78.0,0,12.0,113.04,31.526666666666667,,rojo,0,0.8725240420274882,2024-09-17,1.1,100.0,0.0,0,0.0,0.0,1,0,
2025-03-01,a-6201-s,sakura filter,0.0,50,2.0,163.15,61.089999999999996,,rojo,0,1.1822260713344266,2023-05-16,14.13,48.0,706.5,0,0.0,0.0,1,0,
2025-03-01,54650-1r001,ito koyama - amortiguadores,23.0,0,105.0,10212.9,3406.81,,rojo,0,0.8547924927189571,2024-11-29,10.3,180.0,0.0,0,,0.0,1,0,
2025-03-01,cmms-005,aisin - japon,11.0,0,5.0,536.52,96.425,,rojo,0,0.41917538499915796,2025-02-24,28.22,17.0,0.0,0,,0.0,1,0,
2024-07-01,rto008,ito koyama - direccion,0.0,100,0.0,0.0,0.0,0.7421940342625577,rojo,6,0.7622443124793374,2023-05-19,3.91,210.0,391.0,0,,0.0,1,0,1
2025-04-01,54651-2h000,ito koyama - amortiguadores,305.0,0,47.0,988.24,376.24499999999995,,rojo,0,0.8400232012248813,2024-11-29,11.1,200.0,0.0,0,,0.0,1,0,
2025-03-01,icd2199,ishikawa - pastillas de freno,31.0,0,19.0,119.22999999999999,55.365,,rojo,0,0.8789206632377208,2024-03-20,5.05,50.0,0.0,0,,0.0,1,0,
2025-04-01,ef-1802,sakura filter,2412.0,0,284.0,72323.25,20248.725,,rojo,0,1.0023016869516699,2025-01-31,2.39,1000.0,0.0,0,2750.0,0.0,1,0,
2025-03-01,eo-13070,sakura filter,0.0,50,72.0,975.03,482.8516666666667,,rojo,0,0.9679741183512952,2023-11-28,2.96,144.0,148.0,0,0.0,0.0,1,0,
2025-03-01,t1136,ito koyama - trapecios,19.0,0,9.0,420.46000000000004,70.07666666666667,,rojo,0,0.6277978745790822,2024-12-10,10.43,40.0,0.0,0,,0.0,1,0,
2025-03-01,54650-4n000,ito koyama - amortiguadores,31.0,0,12.0,856.0,161.775,,rojo,0,0.8940046245737285,2024-11-29,9.7,78.0,0.0,0,,0.0,1,0,
2025-04-01,ctx-170z,aisin - japon,669.0,0,254.0,575592.9,170849.585,,rojo,0,0.5549933265040135,2024-10-07,62.12,100.0,0.0,0,,0.0,1,0,
2025-01-01,r2050sn5500,valvoline,16.0,0,4.0,7372.88,3817.2383333333332,,rojo,0,0.4167286073673676,2024-11-12,500.54,12.0,0.0,0,,0.0,1,0,
2024-12-01,icd1544,ishikawa - pastillas de freno,0.0,100,12.0,0.0,46.95333333333334,1.9774475975473205,rojo,6,0.9585633737593598,2024-07-26,3.6,100.0,360.0,0,,0.0,1,0,1
2025-03-01,48520-02150,ito koyama - amortiguadores,168.0,0,36.0,1427.71,471.87833333333333,,rojo,0,0.7309054543336534,2024-11-29,10.7,96.0,0.0,0,,0.0,1,0,
2025-03-01,ch012,ito koyama - resortes,48.0,0,16.0,294.26,118.14833333333333,,rojo,0,0.8577925207920857,2024-11-04,6.3,80.0,0.0,0,,0.0,1,0,
2025-04-01,sf-1307,sakura filter,1593.0,0,258.0,52019.32,15502.44,,rojo,0,0.8679767989188469,2025-01-31,2.3,1300.0,0.0,0,1550.0,0.0,1,0,
2025-04-01,ato-002,ito koyama - palieres,113.0,0,25.0,11975.880000000001,2825.581666666667,,rojo,0,1.3852306676670878,2024-12-17,29.7,100.0,0.0,0,,0.0,1,0,
2025-03-01,54650-4h600,ito koyama - amortiguadores,360.0,0,55.0,1875.6499999999999,502.03999999999996,,rojo,0,0.7560357500735866,2024-11-29,11.8,200.0,0.0,0,,0.0,1,0,
2025-03-01,a-1939,sakura filter,41.0,0,17.0,137.14,36.61833333333333,,rojo,0,0.7851555327184919,2024-06-13,3.23,108.0,0.0,0,0.0,0.0,1,0,
2025-03-01,54651-22000,ito koyama - amortiguadores,15.0,0,18.0,819.54,143.62666666666667,,rojo,0,0.6754491561881082,2024-11-29,10.6,54.0,0.0,0,,0.0,1,0,
2025-03-01,cf-700,mann - brasil,2.0,0,1.0,43.58,7.263333333333333,,rojo,0,0.4413611046824528,2023-05-17,9.74,30.0,0.0,0,,0.0,1,0,
2025-03-01,rhy005,ito koyama - direccion,282.0,0,6.0,143.29,23.881666666666664,,rojo,0,0.5942334660087962,2025-02-28,2.924621,308.0,0.0,0,,0.0,1,0,
2024-01-01,rhy007,ito koyama - direccion,0.0,100,0.0,0.0,0.0,0.8137703743822469,rojo,6,0.6113850377953307,2023-05-19,3.7,150.0,370.0,0,,0.0,1,0,1
2025-01-01,c-29168,mann - brasil,175.0,0,4.0,75.46000000000001,34.805,,rojo,0,0.3268347512706809,2024-02-05,8.365313835144043,30.0,0.0,0,,0.0,1,0,
2025-03-01,icd1188,ishikawa - pastillas de freno,28.0,0,51.0,560.84,238.56833333333336,,rojo,0,0.7928908134548731,2024-07-26,5.16,200.0,0.0,0,,0.0,1,0,
2025-01-01,bdd101,ishikawa - discos de freno,42.0,0,2.0,39.66,21.3,,rojo,0,0.6262872246345034,2023-03-31,12.21,100.0,0.0,0,,0.0,1,0,
2025-03-01,a-1647,sakura filter,67.0,0,7.0,32.03,24.813333333333333,,rojo,0,0.7156596060003695,2024-03-18,2.24,60.0,0.0,0,,0.0,1,0,
2025-02-01,t1196,ito koyama - trapecios,1.0,0,13.0,83.03,64.76333333333334,,rojo,0,0.6289740736567316,2024-03-19,11.884,40.0,0.0,0,,0.0,1,0,
2025-02-01,fc-6205,sakura filter,246.0,0,8.0,114.31,32.428333333333335,,rojo,0,1.1167443577845508,2024-11-11,1.56,200.0,0.0,0,,0.0,1,0,
2024-04-01,nsk-58tkz3505hra6,collarines - nachi - koyo - nsk - japon,0.0,50,0.0,0.0,0.0,3.509909670967643,rojo,4,0.7194205732856345,2021-06-05,10.4,300.0,520.0,0,,0.0,1,0,1
2024-04-01,dtx-164a,aisin - japon,24.0,50,0.0,0.0,0.0,0.6956167690734415,verde,6,0.40770402775943976,2022-11-21,65.25,50.0,3262.5,0,,6.69281045751634,0,0,0
2025-03-01,p809005500,prextoline - lubricantes,3.0,0,2.0,805.08,272.315,,rojo,0,0.38077243705135666,2025-02-27,420.0,2.0,0.0,0,,0.0,1,0,
2025-03-01,t1013,ito koyama - trapecios,48.0,0,7.0,102.48,31.48166666666667,,rojo,0,0.5717288680342025,2024-03-19,10.43475,80.0,0.0,0,,0.0,1,0,
2025-03-01,t1014,ito koyama - trapecios,49.0,0,8.0,121.50999999999999,34.641666666666666,,rojo,0,0.5766906984361435,2024-03-19,10.43475,80.0,0.0,0,,0.0,1,0,
2025-02-01,t1021,ito koyama - trapecios,30.0,0,9.0,209.45,80.20166666666667,,rojo,0,0.5630129253944692,2024-03-19,16.666667,60.0,0.0,0,,0.0,1,0,
2025-03-01,54303-01a00,ito koyama - amortiguadores,31.0,0,32.0,482.79,200.41166666666666,,rojo,0,0.6862775590647407,2024-11-29,11.2,50.0,0.0,0,,0.0,1,0,
2024-09-01,64000,versachem - usa,0.0,50,0.0,0.0,0.0,0.2357161977775103,rojo,1,0.3088457389685844,2023-04-18,2.96,144.0,148.0,0,,0.0,1,0,1
2025-04-01,novar#1,novaquimica - peru,19.0,0,39.0,1428.82,566.105,,rojo,0,0.3871151337113211,2025-01-14,48.29,40.0,0.0,0,,0.0,1,0,
2025-02-01,a-1717,sakura filter,0.0,50,2.0,2.45,2.8066666666666666,,rojo,0,0.6267660267364465,2019-11-22,1.53,100.0,76.5,0,,0.0,1,0,
2025-02-01,cf-1600,mann - brasil,11.0,0,4.0,322.03000000000003,83.00166666666668,,rojo,0,0.4430758317182385,2024-09-12,17.77,30.0,0.0,0,,0.0,1,0,
2025-02-01,bdd112,ishikawa - discos de freno,42.0,0,4.0,94.86,21.44,,rojo,0,0.8342179081248283,2024-01-09,8.0,50.0,0.0,0,,0.0,1,0,
2025-03-01,rch001,ito koyama - direccion,293.0,0,1.0,37.34,6.223333333333334,,rojo,0,0.6427811668081745,2025-02-28,2.367525,301.0,0.0,0,,0.0,1,0,
2024-08-01,a-1611,sakura filter,0.0,50,0.0,0.0,0.0,0.7282119328804748,rojo,6,0.8181949827543947,2020-02-17,3.93,180.0,196.5,0,0.0,0.0,1,1,1
2025-03-01,a-71430,sakura filter,13.0,0,2.0,90.55,15.091666666666667,,rojo,0,0.5210183561836942,2019-12-06,31.52,50.0,0.0,0,,0.0,1,0,
2025-02-01,bdd148,ishikawa - discos de freno,0.0,50,8.0,197.33,81.18666666666667,,rojo,0,0.7468971600535002,2023-07-05,14.52,50.0,726.0,0,,0.0,1,0,
2025-02-01,dt185/65r14,deestone,346.0,0,13.0,1724.48,690.8649999999999,,rojo,0,0.4432911183135319,2025-02-25,20.0,180.0,0.0,0,,0.0,1,0,
2024-10-01,28157008,monark - alemania,0.0,50,1.0,0.0,8.92,2.0609590599878977,rojo,4,0.5821995787263791,,,,,0,,0.0,1,0,1
2025-02-01,bdd149,ishikawa - discos de freno,0.0,50,5.0,95.91,41.495,,rojo,0,0.7550750844611299,2023-07-05,13.36,50.0,668.0,0,,0.0,1,0,
2025-03-01,eo-89990,sakura filter,96.0,0,17.0,161.64000000000001,50.85833333333333,,rojo,0,0.8889201131141896,2025-01-31,1.4,100.0,0.0,0,,0.0,1,0,
2025-02-01,mwmwc815a,wagner - pastillas,2.0,0,5.0,37.29,21.213333333333335,,rojo,0,0.4134554149295777,2024-07-20,12.4,20.0,0.0,0,,0.0,1,0,
2025-03-01,c-7952,sakura filter,29.0,0,7.0,140.18,33.25666666666667,,rojo,0,0.9919168889568266,2024-11-30,2.79,60.0,0.0,0,,0.0,1,0,
2025-02-01,t1155,ito koyama - trapecios,60.0,0,2.0,64.26,20.781666666666666,,rojo,0,0.5914966794570898,2024-12-10,17.1,60.0,0.0,0,,0.0,1,0,
2025-03-01,t1192,ito koyama - trapecios,8.0,0,3.0,106.12,50.61000000000001,,rojo,0,0.535287566270212,2024-03-19,15.65225,40.0,0.0,0,,0.0,1,0,
2025-02-01,f-22130,sakura filter,46.0,0,7.0,65.17,45.88833333333333,,rojo,0,0.7944269285909873,2023-10-25,4.52,100.0,0.0,0,,0.0,1,0,
2025-02-01,c-7937,sakura filter,118.0,0,8.0,221.23,53.041666666666664,,rojo,0,0.7216228891084985,2019-02-28,4.41,30.0,0.0,0,,0.0,1,0,
2025-03-01,c005,ito koyama - resortes,44.0,0,18.0,324.63,125.21499999999999,,rojo,0,0.5830999711085751,2024-11-04,6.6,80.0,0.0,0,,0.0,1,0,
2025-02-01,fs-1802,sakura filter,127.0,0,3.0,22.9,3.8166666666666664,,rojo,0,0.5398201771640733,2020-09-28,0.77,100.0,0.0,0,,0.0,1,0,
2024-03-01,90081961,ks - alemania,0.0,100,0.0,0.0,0.0,0.6310260575325277,rojo,4,0.378290080826145,2023-02-06,107.23958501577377,60.0,10723.958501577377,0,,0.0,1,0,1
2025-03-01,mwmwc1847,wagner - pastillas,9.0,0,3.0,38.14,31.78,,rojo,0,0.19059733649937338,2024-07-20,29.9,20.0,0.0,0,,0.0,1,0,
2025-03-01,h-28040,sakura filter,50.0,0,3.0,51.93,20.558333333333334,,rojo,0,0.6395555283966842,2023-11-28,11.26,8.0,0.0,0,,0.0,1,0,
2025-01-01,bmz006,ito koyama - bocamazas,30.0,0,3.0,70.76,24.175,,rojo,0,0.5585385974532998,2024-11-13,15.13,20.0,0.0,0,,0.0,1,0,
2025-03-01,cf-1810,mann - brasil,48.0,0,2.0,65.47,18.398333333333333,,rojo,0,0.36838969979960323,2022-09-16,15.931359741091727,20.0,0.0,0,,0.0,1,0,
2024-09-01,17136,narva,0.0,200,0.0,0.0,0.0,2.0887277874553214,rojo,4,0.4286183162977901,2021-09-10,0.21097446146011353,1600.0,42.19489229202271,0,,0.0,1,0,1
2025-04-01,n006,ito koyama - resortes,388.0,0,106.0,2333.76,1096.4916666666666,,rojo,0,0.7634274805666095,2024-12-26,4.3,400.0,0.0,0,,0.0,1,0,
2025-03-01,724580413r,ito koyama - amortiguadores,19.0,0,12.0,112.66,71.27666666666667,,rojo,0,0.6470800258287727,2023-07-25,9.1,179.0,0.0,0,,0.0,1,0,
2025-02-01,bdd091,ishikawa - discos de freno,0.0,50,7.0,208.31,63.998333333333335,,rojo,0,0.67642820961229,2023-03-31,8.61,100.0,430.5,0,,0.0,1,0,
2025-03-01,ca-65170,sakura filter,57.0,0,2.0,6.73,2.39,,rojo,0,0.7684633373559486,2019-11-15,2.04,60.0,0.0,0,,0.0,1,0,
2025-03-01,bdd097,ishikawa - discos de freno,60.0,0,4.0,70.85,24.238333333333333,,rojo,0,0.5003990416165371,2023-03-31,11.26,150.0,0.0,0,,0.0,1,0,
2025-02-01,a-2913,sakura filter,157.0,0,3.0,25.65,15.361666666666666,,rojo,0,0.7068377144169391,2024-11-04,4.25,20.0,0.0,0,,0.0,1,0,
2025-02-01,a-2908,sakura filter,21.0,0,2.0,12.53,3.1300000000000003,,rojo,0,0.8408507083163269,2022-10-13,3.02,40.0,0.0,0,0.0,0.0,1,0,
2025-02-01,a-68490,sakura filter,47.0,0,2.0,100.07,27.796666666666663,,rojo,0,0.5911005297126642,2023-08-04,21.63,60.0,0.0,0,,0.0,1,0,
2025-03-01,sm016,ito koyama - torretas,3.0,0,5.0,65.11,23.833333333333332,,rojo,0,0.614753869850078,2023-05-19,4.92,120.0,0.0,0,,0.0,1,0,
2025-02-01,eo-3103,sakura filter,7.0,0,4.0,15.81,7.8183333333333325,,rojo,0,0.8189998432252934,2022-01-18,1.1,50.0,0.0,0,,0.0,1,0,
2025-03-01,mwmwc1295a,wagner - pastillas,2.0,0,4.0,42.37,29.941666666666663,,rojo,0,0.4372592945551122,2023-04-25,15.1,100.0,0.0,0,,0.0,1,0,
2025-02-01,tkl3838a,tkl - taiwan,19.0,0,5.0,249.58,111.65333333333335,,rojo,0,0.5222725989105045,2022-10-20,7.5,100.0,0.0,0,,0.0,1,0,
2025-03-01,cg003,ito koyama - resortes,20.0,0,6.0,25.27,24.878333333333334,,rojo,0,0.6435103896763429,2024-01-22,4.7,56.0,0.0,0,,0.0,1,0,
2025-03-01,a-25350-s,sakura filter,122.0,0,10.0,308.62,186.3066666666667,,rojo,0,0.8258729566646563,2022-08-10,24.4,7.0,0.0,0,0.0,0.0,1,0,
2025-03-01,a-88140,sakura filter,104.0,0,3.0,39.25,10.001666666666667,,rojo,0,0.6709241560278707,2016-11-21,1.9,200.0,0.0,0,,0.0,1,0,
2025-03-01,fi-807,ito koyama - palieres,52.0,0,8.0,164.69,45.97666666666667,,rojo,0,0.506493366583461,2024-06-21,5.82,50.0,0.0,0,,0.0,1,0,
2025-03-01,hu-721wkit,mann - brasil,15.0,0,4.0,202.63,53.544999999999995,,rojo,0,0.3694190968640844,2023-03-15,9.10778086066246,60.0,0.0,0,,0.0,1,0,
2025-03-01,ca-21040,sakura filter,231.0,0,6.0,80.69,25.546666666666667,,rojo,0,0.7479831003672628,2024-11-11,2.6,20.0,0.0,0,,0.0,1,0,
2025-03-01,bdd142,ishikawa - discos de freno,10.0,0,9.0,103.98,51.06,,rojo,0,0.6802636375783563,2024-07-24,7.11,50.0,0.0,0,,0.0,1,0,
2025-02-01,sfc-53060-30b,sakura filter,53.0,0,3.0,20.19,11.69,,rojo,0,0.44971966294689053,2018-11-23,8.0,96.0,0.0,0,,0.0,1,0,
2025-03-01,srb-010,seco - embragues,148.0,0,4.0,147.37,42.711666666666666,,rojo,0,0.4289900093572574,2024-07-18,7.71,200.0,0.0,0,,0.0,1,0,
2025-03-01,p851405500,prextoline - lubricantes,1.0,0,2.0,828.81,281.92,,rojo,0,0.43906089467774,2024-09-21,480.0,2.0,0.0,0,,0.0,1,0,
2025-03-01,mwmwc1737,wagner - pastillas,0.0,50,3.0,86.44,24.011666666666667,,rojo,0,0.12198706281307552,2024-07-20,23.5,10.0,1175.0,0,,0.0,1,0,
2025-03-01,t1114,ito koyama - trapecios,24.0,0,6.0,98.17,32.86333333333334,,rojo,0,0.5430815777046569,2020-03-13,21.75,20.0,0.0,0,,0.0,1,0,
2022-11-01,srto004,ito koyama - cremalleras,30.0,0,0.0,0.0,0.0,1.9728003751445609,verde,6,0.44235786119233106,2024-09-13,61.0,30.0,0.0,0,,14.992505482079006,0,0,0
2025-03-01,mwmwc1498,wagner - pastillas,3.0,0,6.0,70.53,34.355,,rojo,0,0.435044773758139,2024-07-20,11.2,20.0,0.0,0,,0.0,1,0,
2025-02-01,a-61640,sakura filter,53.0,0,6.0,263.15,56.974999999999994,,rojo,0,0.9612662802279163,2025-01-31,18.0,53.0,0.0,0,0.0,0.0,1,0,
2025-03-01,cac-66030,sakura filter,21.0,0,4.0,31.51,18.676666666666666,,rojo,0,1.1340987747507894,2023-12-04,2.64,100.0,0.0,0,,0.0,1,0,
2025-03-01,a-33880,sakura filter,198.0,0,2.0,16.02,2.67,,rojo,0,0.5903256663733105,2019-11-22,2.04,80.0,0.0,0,,0.0,1,0,
2025-03-01,sfc-7926-30,sakura filter,82.0,0,8.0,699.85,145.105,,rojo,0,0.8842962011516338,2023-02-17,7.94,300.0,0.0,0,0.0,0.0,1,0,
2025-02-01,sfc-7920-10,sakura filter,165.0,0,2.0,33.79,7.953333333333333,,rojo,0,0.6696504482844486,2015-06-23,5.94,12.0,0.0,0,,0.0,1,0,
2025-03-01,ani006,ito koyama - direccion,190.0,0,1.0,45.3,7.55,,rojo,0,0.5969635811012097,2025-02-28,2.297905,200.0,0.0,0,,0.0,1,0,
2025-02-01,sdki-453,seco - embragues,0.0,50,11.0,228.81,184.96833333333333,,rojo,0,0.2835785556391913,2023-05-23,20.26,200.0,1013.0000000000001,0,,0.0,1,0,
2025-04-01,ni-048,ito koyama - palieres,50.0,0,13.0,434.28,104.98833333333333,,rojo,0,0.561058756328562,2024-12-17,7.6,50.0,0.0,0,,0.0,1,0,
2025-03-01,a-1109,sakura filter,32.0,0,5.0,33.61,11.344999999999999,,rojo,0,0.7984495899406032,2023-09-28,2.88,20.0,0.0,0,,0.0,1,0,
2025-03-01,a-65800,sakura filter,310.0,0,15.0,172.12,48.035,,rojo,0,0.9039152988928665,2024-11-04,2.33,20.0,0.0,0,200.0,0.0,1,0,
2025-04-01,4162a130,ito koyama - amortiguadores,97.0,0,20.0,333.21999999999997,213.30166666666665,,rojo,0,0.6200724350355704,2024-11-29,7.1,100.0,0.0,0,,0.0,1,0,
2025-02-01,fc-28040,sakura filter,0.0,50,1.0,10.75,1.7916666666666667,,rojo,0,0.8982417743606632,2023-10-23,4.72,24.0,236.0,0,0.0,0.0,1,0,
2025-02-01,bdd007,ishikawa - discos de freno,0.0,50,7.0,243.49,88.32333333333334,,rojo,0,0.7073866364968305,2024-07-24,10.51,50.0,525.5,0,,0.0,1,0,
2025-03-01,t1160,ito koyama - trapecios,17.0,0,7.0,145.3,40.49666666666667,,rojo,0,0.6719007884509797,2024-03-19,13.0435,40.0,0.0,0,,0.0,1,0,
2025-03-01,t1159,ito koyama - trapecios,22.0,0,6.0,97.36,28.611666666666668,,rojo,0,0.6661359477413294,2024-03-19,13.04,40.0,0.0,0,,0.0,1,0,
2025-01-01,a-1643,sakura filter,55.0,0,1.0,0.0,1.79,,rojo,0,0.6863893507974198,2024-08-29,2.02,60.0,0.0,0,60.0,0.0,1,0,
2025-02-01,341311,ito koyama - amortiguadores,125.0,0,7.0,75.61,41.095,,rojo,0,0.599903026779583,2024-08-22,6.95,96.0,0.0,0,,0.0,1,0,
2025-02-01,ni-7327,ito koyama - palieres,44.0,0,12.0,166.53,107.24333333333334,,rojo,0,0.582719826956364,2023-12-07,8.4,100.0,0.0,0,,0.0,1,0,
2025-02-01,eo-1302,sakura filter,83.0,0,4.0,18.64,17.913333333333334,,rojo,0,0.7795926002417867,2023-08-04,4.88,150.0,0.0,0,,0.0,1,0,
2025-03-01,ni-041a,ito koyama - palieres,0.0,50,7.0,392.33,95.61333333333334,,rojo,0,0.5303596690781842,2023-12-07,8.9,49.0,445.0,0,,0.0,1,0,
2025-03-01,a-33980,sakura filter,76.0,0,3.0,45.09,12.751666666666667,,rojo,0,0.6529555820714504,2024-08-29,2.1,100.0,0.0,0,,0.0,1,0,
2023-11-01,sm026,ito koyama - torretas,0.0,150,0.0,0.0,0.0,0.5848316999022308,rojo,6,0.5901560590866098,2023-05-19,5.72,90.0,858.0,0,,0.0,1,0,1
2024-10-01,icd1627,ishikawa - pastillas de freno,0.0,100,0.0,0.0,0.0,0.39451186137016786,rojo,6,0.879077440198786,2024-03-20,5.88,50.0,588.0,0,,0.0,1,0,1
2025-03-01,a-5507-s,sakura filter,83.0,0,29.0,1854.86,684.2383333333333,,rojo,0,0.9629463019071333,2025-01-31,16.21,60.0,0.0,0,0.0,0.0,1,0,
2024-11-01,j001,ito koyama - resortes,0.0,100,6.0,0.0,26.22666666666667,0.4943180650534176,rojo,6,0.9111006759834545,2024-01-22,5.78,160.0,578.0,0,,0.0,1,0,1
2025-02-01,ka-103,ito koyama - palieres,0.0,50,7.0,442.36,102.40333333333332,,rojo,0,0.5561643017343211,2024-10-24,6.9,50.0,345.0,0,,0.0,1,0,
2025-03-01,t1047,ito koyama - trapecios,69.0,0,25.0,1151.04,206.70000000000002,,rojo,0,0.634711745599355,2024-12-10,9.7,120.0,0.0,0,,0.0,1,0,
2025-03-01,48530-20820,ito koyama - amortiguadores,44.0,0,16.0,1028.57,250.205,,rojo,0,0.6440214546127929,2023-07-25,13.0,60.0,0.0,0,,0.0,1,0,
2024-09-01,bdd090,ishikawa - discos de freno,0.0,50,0.0,0.0,0.0,0.4262631491007197,rojo,6,0.5928177544835572,2023-03-31,11.1,100.0,555.0,0,,0.0,1,0,1
2025-03-01,hy029,ito koyama - resortes,30.0,0,30.0,2299.8,601.9866666666667,,rojo,0,0.7291558388059473,2024-12-26,4.5,56.0,0.0,0,,0.0,1,0,
2024-07-01,as-7637-s,sakura filter,55.0,0,0.0,0.0,0.0,1.4326441064697362,verde,6,0.672767157207101,2025-01-10,3.34,45.0,0.0,0,,18.333333333333332,0,0,0
2024-09-01,tni005,ito koyama - direccion,56.0,50,0.0,0.0,0.0,0.5512722476791795,verde,6,0.7438516767448881,2023-05-19,3.32,180.0,166.0,0,,10.354530647325864,0,0,0
2024-07-01,a-8656,sakura filter,0.0,50,0.0,0.0,0.0,0.8489919045847473,rojo,6,0.4926175547489899,2019-12-06,22.04,40.0,1102.0,0,0.0,0.0,1,1,1
2025-03-01,a-tazas,sin definicion,0.0,50,17.0,0.0,0.0,,rojo,0,-1.0,2023-05-04,1.8983,500.0,94.915,0,,0.0,1,0,
2025-03-01,56210-wf126,ito koyama - amortiguadores,264.0,0,16.0,852.06,230.99,,rojo,0,0.8790735277637938,2024-11-29,6.6,100.0,0.0,0,,0.0,1,0,
2024-10-01,icd1911,ishikawa - pastillas de freno,0.0,100,0.0,0.0,0.0,2.779210486049399,rojo,6,1.201565428784196,2024-07-26,4.77,160.0,476.99999999999994,0,,0.0,1,0,1
2025-02-01,bdd072,ishikawa - discos de freno,26.0,0,8.0,138.99,49.915,,rojo,0,0.6154140595194624,2023-03-31,6.072,120.0,0.0,0,,0.0,1,0,
2024-03-01,ctx-014,aisin - japon,0.0,2000,0.0,0.0,0.0,0.49399925279166895,rojo,6,0.32944933404187593,2022-05-31,17.75,1314.0,35500.0,0,,0.0,1,0,1
2023-06-01,as-32209,nas - pfi - zkl - mba,0.0,350,0.0,0.0,0.0,1.4801538540691892,rojo,4,0.5452075838035458,2018-08-07,2.97,1000.0,1039.5,0,,0.0,1,0,1
2024-08-01,c-1006,sakura filter,0.0,150,0.0,0.0,0.0,0.312723698492546,rojo,6,0.692903956870617,2023-09-15,2.21,50.0,331.5,0,,0.0,1,0,1
2024-11-01,srb-06,seco - embragues,0.0,50,4.0,0.0,5.053333333333334,0.8768802566366423,rojo,4,0.3778552454369955,2023-05-23,3.69,100.0,184.5,0,,0.0,1,0,1
2024-06-01,1277,spaco - italia,0.0,1000,0.0,0.0,0.0,0.35893960502852323,rojo,4,0.5026684866626393,,,,,0,,0.0,1,0,1
2025-02-01,a-33960,sakura filter,141.0,0,8.0,116.97,33.06,,rojo,0,0.8054098284026978,2024-11-11,2.37,40.0,0.0,0,,0.0,1,0,
2025-01-01,dtx-117,aisin - japon,0.0,50,6.0,372.88,256.335,1.6535283569378987,rojo,6,0.46790845509042694,2024-04-16,28.65,60.0,1432.5,0,,0.0,1,0,1
2025-02-01,sk18fa-e,plumillas - sakura,2.0,50,16.0,25.36,42.07,,rojo,0,0.871813353027808,2024-02-28,1.29,500.0,64.5,0,,0.0,1,0,
2024-07-01,sdki-048,seco - embragues,0.0,50,0.0,0.0,0.0,0.8032596797788012,rojo,4,0.38225681948767193,2022-08-08,13.47,30.0,673.5,0,,0.0,1,0,1
2025-02-01,hc-76080,sakura filter,2.0,0,5.0,128.13,40.916666666666664,,rojo,0,0.5229659347456331,2023-09-05,10.81,60.0,0.0,0,0.0,0.0,1,0,
2025-03-01,hc-7920,sakura filter,290.0,0,33.0,766.6500000000001,618.485,,rojo,0,0.8885974701341244,2024-12-13,5.8,192.0,0.0,0,0.0,0.0,1,0,
2025-02-01,c-30011,mann - brasil,9.0,0,7.0,185.06,102.90833333333335,,rojo,0,0.5285689908538552,2024-02-05,7.815531611442566,110.0,0.0,0,,0.0,1,0,
2025-01-01,ca-17100-s,sakura filter,0.0,50,9.0,125.89,44.94,,rojo,0,0.7472554543323372,2021-10-15,1.0,180.0,50.0,0,,0.0,1,0,
2025-03-01,o-2803,sakura filter,123.0,0,6.0,218.54999999999998,43.14833333333333,,rojo,0,0.8374025721220429,2024-11-04,3.65,80.0,0.0,0,,0.0,1,0,
2024-12-01,a-1046,sakura filter,0.0,50,6.0,0.0,17.663333333333334,1.2447879025524742,rojo,6,1.1479677900254708,2023-10-19,2.4,20.0,120.0,0,,0.0,1,0,1
2025-03-01,ni-003,ito koyama - palieres,0.0,50,17.0,574.17,121.855,,rojo,0,0.493973330284446,2024-12-17,6.9,50.0,345.0,0,,0.0,1,0,
2025-03-01,55302-51y00,ito koyama - amortiguadores,197.0,0,49.0,6492.4,1434.79,,rojo,0,0.6595112693379012,2024-11-29,9.9,179.0,0.0,0,,0.0,1,0,
2025-03-01,bch002,ito koyama - bocamazas,20.0,0,12.0,251.4,74.335,,rojo,0,0.6568263689556374,2024-11-13,7.26,50.0,0.0,0,,0.0,1,0,
2024-04-01,tch001,ito koyama - direccion,0.0,50,0.0,0.0,0.0,1.8665318031638847,rojo,6,0.575575469319934,2022-01-21,3.11,210.0,155.5,0,,0.0,1,0,1
2024-12-01,rto010,ito koyama - direccion,17.0,50,4.0,0.0,17.706666666666667,0.6218312579931864,verde,6,0.6162593366030158,2023-05-19,3.88,120.0,194.0,0,,2.3703703703703702,0,0,0
2025-03-01,to-7391,ito koyama - palieres,0.0,50,17.0,439.62,238.86166666666668,,rojo,0,0.5621847467254123,2024-10-24,8.3,100.0,415.00000000000006,0,,0.0,1,0,
2024-03-01,sdki-247,seco - embragues,0.0,50,0.0,0.0,0.0,0.1727986586643266,rojo,4,0.4212129729866924,2022-08-08,15.44,20.0,772.0,0,,0.0,1,0,1
2024-11-01,cu-2184,mann - brasil,0.0,100,5.0,0.0,98.02333333333333,0.900515286595832,rojo,4,0.38650792669502787,2024-09-24,6.6225898599624635,60.0,662.2589859962463,0,,0.0,1,0,1
2025-03-01,icd2286,ishikawa - pastillas de freno,193.0,0,70.0,2016.83,585.765,,rojo,0,0.9264925822346896,2024-07-26,4.32,200.0,0.0,0,,0.0,1,0,
2024-04-01,t1175,ito koyama - trapecios,0.0,50,0.0,0.0,0.0,0.8762090703803477,rojo,6,0.4648519462167602,2021-05-27,9.9,40.0,495.0,0,,0.0,1,0,1
2025-03-01,a-5501-s,sakura filter,220.0,0,13.0,914.38,252.155,,rojo,0,0.9256474719575245,2024-11-30,25.53,2.0,0.0,0,,0.0,1,0,
2025-03-01,hy-610,ito koyama - palieres,212.0,0,42.0,3954.36,1436.1599999999999,,rojo,0,0.6437994169302386,2024-12-17,5.9,200.0,0.0,0,,0.0,1,0,
2024-10-01,tto018,ito koyama - direccion,0.0,50,1.0,0.0,15.113333333333335,6.8921225156656085,rojo,6,0.9617698714211573,2022-08-15,2.89,90.0,144.5,0,,0.0,1,0,1
2024-10-01,mwmwd1212,wagner - pastillas,0.0,50,0.0,0.0,0.0,0.7453559924999299,rojo,3,0.5119963570195525,2024-07-20,9.6,20.0,480.0,0,,0.0,1,0,1
2024-04-01,skki-016,seco - embragues,0.0,50,0.0,0.0,0.0,0.6928685323888829,rojo,4,0.39446962439042715,2021-08-27,24.96,100.0,1248.0,0,,0.0,1,0,1
2025-02-01,a-1032,sakura filter,33.0,0,2.0,80.42,13.403333333333334,,rojo,0,0.9641207476026867,2023-10-05,4.96,32.0,0.0,0,,0.0,1,0,
2025-01-01,sac-57010,sakura filter,44.0,0,3.0,49.31,14.025,,rojo,0,0.8943769978889012,2024-11-11,3.9,60.0,0.0,0,0.0,0.0,1,0,
2025-04-01,a-33740,sakura filter,14073.0,0,212.0,45702.19,14621.875,,rojo,0,1.3409480113986996,2025-01-31,3.45,760.0,0.0,0,8000.0,0.0,1,0,
2024-12-01,sddw-508,seco - embragues,369.0,0,4.0,0.0,469.86999999999995,3.9084613909720676,verde,4,0.3516861337715252,2024-07-18,10.71,600.0,0.0,0,,28.386999798904547,0,0,0
2025-03-01,t027,ito koyama - resortes,450.0,0,27.0,703.46,160.10833333333332,,rojo,0,0.8278685423468899,2024-12-26,3.65,304.0,0.0,0,,0.0,1,0,
2025-03-01,icd562,ishikawa - pastillas de freno,24.0,0,17.0,251.14000000000001,76.50666666666667,,rojo,0,0.8452588126192353,2024-03-20,5.75,100.0,0.0,0,,0.0,1,0,
2025-03-01,c-1809,sakura filter,427.0,0,93.0,8565.4,2805.433333333333,,rojo,0,0.8034546002707301,2024-11-04,1.07,600.0,0.0,0,1000.0,0.0,1,0,
2024-09-01,mg369,moog - usa,0.0,100,0.0,0.0,0.0,1.6935141117990418,rojo,3,0.49805040114108134,2022-08-26,5.15,250.0,515.0,0,,0.0,1,0,1
2025-03-01,o-3003,sakura filter,47.0,0,3.0,12.88,3.9983333333333335,,rojo,0,0.70975421070594,2018-11-23,1.24,250.0,0.0,0,,0.0,1,0,
2024-09-01,wc-5712,sakura filter,0.0,50,0.0,0.0,0.0,1.8512970676043423,rojo,6,0.9218723084178573,2023-08-04,4.05,60.0,202.5,0,0.0,0.0,1,1,1
2024-03-01,cf-200/1,mann - brasil,0.0,50,0.0,0.0,0.0,1.768685221859775,rojo,4,0.512749665042099,2023-05-17,7.03,60.0,351.5,0,,0.0,1,0,1
2024-09-01,c-301500,mann - brasil,0.0,50,0.0,0.0,0.0,0.8014399236167381,rojo,4,0.38308565889771495,2024-02-09,40.92123836159706,3.0,2046.061918079853,0,,0.0,1,0,1
2024-06-01,28100-0l200,enertech - encendido,0.0,50,0.0,0.0,0.0,1.58607219255619,rojo,6,0.40483742929757177,2023-08-03,61.59,60.0,3079.5,0,,0.0,1,0,1
2025-02-01,bdd065,ishikawa - discos de freno,68.0,0,8.0,451.45,114.295,,rojo,0,0.577512259977514,2024-07-24,14.11,100.0,0.0,0,,0.0,1,0,
2025-02-01,bdd066,ishikawa - discos de freno,6.0,0,6.0,184.41000000000003,55.95333333333334,,rojo,0,0.38772618966758554,2021-12-07,12.0399,100.0,0.0,0,,0.0,1,0,
2025-03-01,t1113,ito koyama - trapecios,3.0,0,14.0,124.67,61.79666666666666,,rojo,0,0.6098619408681837,2024-03-19,9.275333,30.0,0.0,0,,0.0,1,0,
2025-01-01,dtx-209a,aisin - japon,0.0,50,23.0,101780.36,36396.745,,rojo,0,0.4201733777417448,2024-12-17,57.36,100.0,2868.0,0,,0.0,1,0,
2025-03-01,t1081,ito koyama - trapecios,24.0,0,40.0,1349.32,504.38166666666666,,rojo,0,0.7575168540001671,2024-06-11,9.5652,50.0,0.0,0,,0.0,1,0,
2025-03-01,96408735,ito koyama - amortiguadores,167.0,0,42.0,4062.27,1566.2,,rojo,0,0.7918981792233016,2024-11-29,6.6,250.0,0.0,0,,0.0,1,0,
2025-03-01,t1002,ito koyama - trapecios,36.0,0,17.0,386.85,106.10166666666667,,rojo,0,0.623507511855181,2024-12-10,9.3,40.0,0.0,0,,0.0,1,0,
2023-10-01,skki-253,seco - embragues,0.0,50,0.0,0.0,0.0,9.735085061244947,rojo,4,0.37975879137201546,2022-02-05,39.27,100.0,1963.5000000000002,0,,0.0,1,0,1
2025-02-01,ni-044,ito koyama - palieres,0.0,50,17.0,935.38,234.70666666666668,,rojo,0,0.5940680519525522,2024-10-24,10.0,50.0,500.0,0,,0.0,1,0,
2024-12-01,a-68500,sakura filter,0.0,50,1.0,0.0,4.665,0.4324291156388412,rojo,6,0.5796144454391111,2016-12-14,6.0,54.0,300.0,0,,0.0,1,0,1
2025-04-01,c-18650,sakura filter,17.0,0,12.0,834.5200000000001,176.81333333333336,,rojo,0,0.8791845578490892,2024-08-08,2.92,40.0,0.0,0,,0.0,1,0,
2025-01-01,a-28540,sakura filter,97.0,0,2.0,29.08,7.8183333333333325,,rojo,0,0.8747869213667343,2024-08-29,2.2,100.0,0.0,0,,0.0,1,0,
2023-10-01,sm013,ito koyama - torretas,0.0,100,0.0,0.0,0.0,0.461834556430443,rojo,6,0.6556257636914771,2022-08-15,8.12,100.0,811.9999999999999,0,,0.0,1,0,1
2025-03-01,icd1595,ishikawa - pastillas de freno,1.0,50,37.0,914.51,335.42833333333334,,rojo,0,0.9391537496052507,2024-03-20,5.41,200.0,270.5,0,,0.0,1,0,
2024-01-01,set3,timken - rodajes,0.0,50,0.0,0.0,0.0,4.478216827633777,rojo,4,0.4599364469686933,2017-09-22,3.15,400.0,157.5,0,,0.0,1,0,1
2023-06-01,11411/exp,marilia,0.0,100,0.0,0.0,0.0,5.60181232051786,rojo,4,0.4765399010372238,2019-08-23,2.83,2000.0,283.0,0,,0.0,1,0,1
2025-03-01,bdd057,ishikawa - discos de freno,0.0,50,15.0,1150.19,255.455,,rojo,0,0.9166014299420726,2024-10-30,8.72,50.0,436.00000000000006,0,,0.0,1,0,
2025-03-01,n018,ito koyama - resortes,144.0,0,44.0,1752.99,983.9699999999999,,rojo,0,0.7077373485662033,2024-11-04,4.5,200.0,0.0,0,,0.0,1,0,
2025-03-01,t002,ito koyama - resortes,72.0,0,29.0,592.3000000000001,365.3666666666666,,rojo,0,0.7529766005752422,2024-12-26,4.3,56.0,0.0,0,,0.0,1,0,
2025-03-01,a-28930,sakura filter,161.0,0,19.0,172.27,114.71166666666666,,rojo,0,0.8966397598343341,2024-12-13,3.17,100.0,0.0,0,0.0,0.0,1,0,
2025-03-01,op-010,ito koyama - palieres,518.0,0,29.0,3325.24,659.53,,rojo,0,0.5652876010690742,2024-12-17,5.7,800.0,0.0,0,,0.0,1,0,
2025-03-01,sb-010,ito koyama - palieres,0.0,50,19.0,403.04,134.13333333333333,,rojo,0,0.5350500257299216,2024-10-24,7.2,50.0,360.0,0,,0.0,1,0,
2024-11-01,icd1912,ishikawa - pastillas de freno,0.0,100,7.0,0.0,35.93,0.6103938815012985,rojo,6,0.9352561677505359,2024-03-20,6.55,100.0,655.0,0,,0.0,1,0,1
2025-02-01,icd1435,ishikawa - pastillas de freno,0.0,50,28.0,367.34999999999997,105.08166666666666,,rojo,0,0.9490409306723233,2024-07-26,3.55,100.0,177.5,0,,0.0,1,0,
2024-02-01,87077079,monark - alemania,0.0,50,0.0,0.0,0.0,0.6155953414877082,rojo,4,0.48995955052169377,,,,,0,,0.0,1,0,1
2025-03-01,t1104,ito koyama - trapecios,56.0,0,14.0,1623.4399999999998,270.5733333333333,,rojo,0,0.7165219448881573,2024-12-10,16.7,100.0,0.0,0,,0.0,1,0,
2025-03-01,54660-4h600,ito koyama - amortiguadores,282.0,0,55.0,1667.8,512.2433333333333,,rojo,0,0.7720811446044745,2024-11-29,11.7,200.0,0.0,0,,0.0,1,0,
2024-06-01,12086,spaco - italia,0.0,100,0.0,0.0,0.0,9.03660060468588,rojo,4,0.4899969024362229,2023-01-10,0.9874528932571411,1000.0,98.74528932571411,0,,0.0,1,0,1
2025-04-01,48510-12d20,ito koyama - amortiguadores,148.0,0,110.0,5122.92,2652.6066666666666,,rojo,0,0.6943759574803339,2024-11-29,10.3,276.0,0.0,0,,0.0,1,0,
2025-03-01,eo-1802,sakura filter,44.0,0,15.0,234.63,106.54833333333335,,rojo,0,1.2867833092931886,2024-02-28,1.49,100.0,0.0,0,0.0,0.0,1,0,
2025-03-01,a-76531-s,sakura filter,99.0,0,17.0,1153.2,278.085,,rojo,0,0.8575380378480263,2025-02-28,10.67,92.0,0.0,0,,0.0,1,0,
2025-04-01,o-2629,sakura filter,148.0,0,22.0,202.67000000000002,73.53166666666667,,rojo,0,0.6549943063005733,2024-11-11,2.37,75.0,0.0,0,,0.0,1,0,
2025-03-01,24526127r,ito koyama - amortiguadores,0.0,50,70.0,1419.19,777.755,,rojo,0,0.7495820284790696,2024-11-29,10.1,72.0,505.0,0,,0.0,1,0,
2025-03-01,bto002,ito koyama - bocamazas,1.0,50,10.0,360.75,159.21333333333334,,rojo,0,0.5736684048512698,2024-11-13,12.86,40.0,643.0,0,,0.0,1,0,
2025-03-01,a-5654-s,sakura filter,294.0,0,32.0,3204.69,1850.115,,rojo,0,0.9126713331001808,2025-01-21,14.03,5.0,0.0,0,,0.0,1,0,
2025-03-01,bhy004,ito koyama - bocamazas,41.0,0,7.0,241.6,44.38166666666667,,rojo,0,0.6466309475827939,2024-11-13,14.53,50.0,0.0,0,,0.0,1,0,
2025-03-01,a-8579-s,sakura filter,82.0,0,27.0,2423.21,896.5766666666667,,rojo,0,1.1090813535144675,2024-08-29,28.78,6.0,0.0,0,106.0,0.0,1,0,
2025-03-01,o-1805,sakura filter,168.0,0,19.0,223.14000000000001,72.745,,rojo,0,0.910553312841156,2024-11-11,2.84,120.0,0.0,0,0.0,0.0,1,0,
2025-03-01,96244009,ito koyama - amortiguadores,10.0,0,5.0,62.16,39.49166666666667,,rojo,0,0.53612643155676,2022-09-23,11.46,2.0,0.0,0,,0.0,1,0,
2025-01-01,mi-5016f2,ito koyama - palieres,90.0,0,2.0,95.74,15.956666666666665,,rojo,0,0.5900061270404022,2024-12-17,6.86,100.0,0.0,0,,0.0,1,0,
2025-04-01,a-6121m-s,sakura filter,92.0,0,37.0,2326.34,778.4066666666666,,rojo,0,0.5911075312818218,2025-01-31,17.78,78.0,0.0,0,,0.0,1,0,
2024-09-01,dt165/65r13,deestone,0.0,250,0.0,0.0,0.0,0.39853327012589446,rojo,6,0.4568995197354057,2024-01-31,17.0,200.0,4250.0,0,,0.0,1,0,1
2024-03-01,90924960,ks - alemania,0.0,100,0.0,0.0,0.0,0.4051360544851161,rojo,4,0.32729950351265286,2022-06-23,96.78850944042206,60.0,9678.850944042206,0,,0.0,1,0,1
2025-03-01,54650-h9200,ito koyama - amortiguadores,152.0,0,59.0,1654.45,536.8283333333333,,rojo,0,0.6776569563138507,2024-11-29,11.7,192.0,0.0,0,,0.0,1,0,
2023-12-01,dttmlt245/75r17,deestone,0.0,50,0.0,0.0,0.0,0.4912179823144273,rojo,6,0.2747630376813649,2022-02-11,69.73,80.0,3486.5,0,,0.0,1,0,1
2025-03-01,hy053,ito koyama - resortes,946.0,0,77.0,2250.94,815.555,,rojo,0,1.0520812847800736,2024-12-26,4.5,216.0,0.0,0,,0.0,1,0,
2025-03-01,t031,ito koyama - resortes,78.0,0,25.0,654.02,199.89333333333332,,rojo,0,0.8141845881486427,2024-12-26,4.4,104.0,0.0,0,,0.0,1,0,
2025-02-01,bni004,ito koyama - bocamazas,43.0,0,5.0,282.53999999999996,69.04833333333333,,rojo,0,0.561620941059797,2024-11-13,4.86,80.0,0.0,0,,0.0,1,0,
2025-02-01,3341-1054skr,sakura - radiadores,7.0,0,9.0,637.28,275.7083333333333,,rojo,0,0.6750310617687169,2024-01-18,18.2,49.0,0.0,0,,0.0,1,0,
2025-03-01,a-71490-s,sakura filter,55.0,0,14.0,418.19,272.60999999999996,,rojo,0,0.7800352493863034,2023-02-17,29.92,27.0,0.0,0,0.0,0.0,1,0,
2024-12-01,17038,narva,0.0,100,3.0,0.0,12.895000000000001,3.0807966127945536,rojo,4,0.4729125741809322,2024-02-28,0.34898602445125576,400.0,34.898602445125576,0,,0.0,1,0,1
2025-03-01,54650-2k000,ito koyama - amortiguadores,3.0,0,27.0,251.59,156.95166666666668,,rojo,0,0.6305312240129757,2024-02-29,10.5,52.0,0.0,0,,0.0,1,0,
2025-03-01,a-1164,sakura filter,152.0,0,10.0,298.8,70.03333333333333,,rojo,0,0.8230546439760069,2024-08-29,2.37,200.0,0.0,0,,0.0,1,0,
2024-09-01,tkl48014cc,tkl - taiwan,0.0,50,0.0,0.0,0.0,2.3654824391177685,rojo,4,0.6107557644431064,2022-10-20,1.4,100.0,70.0,0,,0.0,1,0,1
2025-01-01,sdns-196,seco - embragues,0.0,50,5.0,137.29,83.75166666666667,,rojo,0,0.41385059832574816,2024-07-18,11.86,50.0,593.0,0,,0.0,1,0,
2023-05-01,ety012,ito koyama - direccion,0.0,300,0.0,0.0,0.0,0.5509229187142687,rojo,6,0.683023759263885,2022-08-15,2.17,390.0,651.0,0,,0.0,1,0,1
2025-03-01,to-029,ito koyama - palieres,71.0,0,31.0,2771.93,461.9883333333333,,rojo,0,0.5845320479485969,2024-12-17,6.2,300.0,0.0,0,,0.0,1,0,
2024-11-01,a-14480,sakura filter,0.0,150,5.0,0.0,31.098333333333333,0.6887825631126574,rojo,6,0.9166355747093935,2022-12-06,1.37,200.0,205.50000000000003,0,0.0,0.0,1,1,1
2025-03-01,aty005,ito koyama - direccion,234.0,0,5.0,1218.8799999999999,213.54,,rojo,0,0.709392620044574,2025-02-28,2.297914,304.0,0.0,0,,0.0,1,0,
2025-03-01,a-1130,sakura filter,23.0,0,2.0,27.839999999999996,4.64,,rojo,0,0.9396887471406473,2022-12-29,1.95,96.0,0.0,0,,0.0,1,0,
2025-04-01,5465007100,ito koyama - amortiguadores,217.0,0,31.0,1295.92,554.02,,rojo,0,0.6545209896440647,2024-11-29,11.0,180.0,0.0,0,,0.0,1,0,
2025-03-01,d007,ito koyama - resortes,374.0,0,21.0,291.28999999999996,124.205,,rojo,0,0.7565944053350199,2024-11-04,3.95,400.0,0.0,0,,0.0,1,0,
2025-03-01,icd1852,ishikawa - pastillas de freno,210.0,0,29.0,576.3000000000001,154.395,,rojo,0,0.9460247726470413,2024-07-26,3.7,200.0,0.0,0,,0.0,1,0,
2024-08-01,ca-29030,sakura filter,158.0,0,0.0,0.0,0.0,3.6445699059214047,verde,6,1.3689245330190372,2020-09-28,1.43,100.0,0.0,0,,36.30666978042428,0,0,0
2025-03-01,ca-14040,sakura filter,39.0,0,10.0,60.879999999999995,18.798333333333336,,rojo,0,0.9484194460927197,2024-11-11,1.24,60.0,0.0,0,,0.0,1,0,
2025-04-01,a-13570,sakura filter,859.0,0,222.0,9030.92,2809.3816666666667,,rojo,0,0.8708608102068285,2024-11-04,6.5,448.0,0.0,0,900.0,0.0,1,0,
2025-03-01,rmi002,ito koyama - direccion,156.0,0,5.0,997.8,166.29999999999998,,rojo,0,0.6558936923013745,2025-02-28,2.367551,200.0,0.0,0,,0.0,1,0,
2024-10-01,sfc-7903-30b,sakura filter,0.0,100,3.0,0.0,39.791666666666664,0.40806069506755455,rojo,6,0.5811588108884056,2021-02-10,12.5,204.0,1250.0,0,0.0,0.0,1,1,1
2025-03-01,n016,ito koyama - resortes,168.0,0,37.0,384.65999999999997,320.2083333333333,,rojo,0,0.8139847301584517,2024-01-22,6.51,400.0,0.0,0,,0.0,1,0,
2023-08-01,thy010,ito koyama - direccion,0.0,150,0.0,0.0,0.0,0.5044543382788923,rojo,6,0.63734112697688,2023-05-19,2.05,100.0,307.5,0,,0.0,1,0,1
2025-03-01,eo-30140,sakura filter,79.0,0,28.0,1408.59,303.415,,rojo,0,1.0210361539628519,2024-08-29,1.66,100.0,0.0,0,200.0,0.0,1,0,
2025-03-01,t1209,ito koyama - trapecios,37.0,0,10.0,566.87,108.18166666666666,,rojo,0,0.6021286859239092,2024-12-10,11.3,60.0,0.0,0,,0.0,1,0,
2025-03-01,to-844,ito koyama - palieres,114.0,0,70.0,3296.29,949.2483333333333,,rojo,0,0.6201435570725607,2024-12-17,6.5,400.0,0.0,0,,0.0,1,0,
2025-03-01,hy-803,ito koyama - palieres,74.0,0,11.0,455.94,108.88333333333333,,rojo,0,0.5455916990523132,2024-12-17,8.4,100.0,0.0,0,,0.0,1,0,
2025-01-01,eo-19030,sakura filter,0.0,50,6.0,3.13,13.658333333333333,,rojo,0,0.6330189103340641,2023-09-05,1.62,50.0,81.0,0,0.0,0.0,1,0,
2025-03-01,t1115,ito koyama - trapecios,30.0,0,6.0,96.41,32.27333333333333,,rojo,0,0.5505776862338909,2020-03-13,21.75,20.0,0.0,0,,0.0,1,0,
2022-12-01,3974,spaco - italia,0.0,150,0.0,0.0,0.0,0.7523590237350828,rojo,4,0.5839177824242608,,,,,0,,0.0,1,0,1
2025-03-01,a-7124,sakura filter,184.0,0,14.0,624.47,267.63,,rojo,0,0.6512632629063809,2024-09-30,23.44,37.0,0.0,0,163.0,0.0,1,0,
2023-12-01,sm033,ito koyama - torretas,0.0,100,0.0,0.0,0.0,7.101168440355448,rojo,6,0.7192761894486519,2023-05-19,3.86,600.0,386.0,0,,0.0,1,0,1
2023-08-01,sdhd-142,seco - embragues,0.0,50,0.0,0.0,0.0,0.6458446779047095,rojo,4,0.37278991222539776,2022-08-08,15.05,50.0,752.5,0,,0.0,1,0,1
2025-04-01,a-25490,sakura filter,371.0,0,28.0,470.95,236.0583333333333,,rojo,0,0.9310059791860582,2024-10-16,2.35,200.0,0.0,0,,0.0,1,0,
2024-11-01,icd1520,ishikawa - pastillas de freno,0.0,200,11.0,0.0,85.79166666666667,0.4145440910752432,rojo,6,0.9589831718132966,2024-07-26,4.88,50.0,976.0,0,,0.0,1,0,1
2024-12-01,t1106,ito koyama - trapecios,2.0,150,10.0,0.0,167.56666666666666,0.33397284835473084,amarillo,6,1.243751843870877,2021-06-30,7.72,699.0,1158.0,0,,0.08106391801715089,0,0,1
2024-12-01,cf-2100/1,mann - brasil,38.0,0,2.0,0.0,48.870000000000005,0.7879325502571822,verde,4,0.3791573004264781,2022-09-16,40.68240014135837,20.0,0.0,0,,8.199800199800201,0,0,0
2024-09-01,bdd008,ishikawa - discos de freno,0.0,100,0.0,0.0,0.0,2.5206651301369574,rojo,6,0.6393368226198601,2024-07-24,7.76,100.0,776.0,0,,0.0,1,0,1
2025-03-01,sfc-7104-02,sakura filter,38.0,0,3.0,98.03999999999999,19.033333333333335,,rojo,0,0.6385337654048937,2015-10-06,4.5,48.0,0.0,0,,0.0,1,0,
2025-03-01,to-723,ito koyama - palieres,73.0,0,17.0,359.27,183.465,,rojo,0,0.5964246730924698,2024-12-17,7.9,100.0,0.0,0,,0.0,1,0,
2025-03-01,t1109,ito koyama - trapecios,12.0,0,5.0,974.72,162.45333333333335,,rojo,0,0.7646018447300234,2024-12-10,18.55,40.0,0.0,0,,0.0,1,0,
2025-02-01,a-2821,sakura filter,50.0,0,7.0,40.91,29.176666666666666,,rojo,0,1.1283389725307191,2024-11-11,2.96,20.0,0.0,0,80.0,0.0,1,0,
2024-03-01,rto004,ito koyama - direccion,0.0,100,0.0,0.0,0.0,1.5712081990627884,rojo,6,0.5958153878909472,2022-08-15,2.42,300.0,242.0,0,,0.0,1,0,1
2025-03-01,a-33970,sakura filter,34.0,0,2.0,30.99,19.514999999999997,,rojo,0,0.9795923494636185,2020-09-28,6.3,192.0,0.0,0,0.0,0.0,1,0,
2025-03-01,n024,ito koyama - resortes,148.0,0,10.0,65.94999999999999,31.416666666666668,,rojo,0,0.5898911505474772,2024-11-04,4.5,120.0,0.0,0,,0.0,1,0,
2025-04-01,a-5301-s,sakura filter,113.0,0,15.0,3023.98,503.99666666666667,,rojo,0,0.677208731222364,2025-01-21,15.1,90.0,0.0,0,0.0,0.0,1,0,
2023-10-01,sm005,ito koyama - torretas,0.0,150,0.0,0.0,0.0,0.4464450393133671,rojo,6,0.6127964324204805,2023-05-19,5.02,90.0,752.9999999999999,0,,0.0,1,0,1
2025-02-01,3341-8530skr,sakura - radiadores,74.0,0,6.0,393.38,86.35333333333334,,rojo,0,1.2906698201856688,2024-08-29,17.5,49.0,0.0,0,,0.0,1,0,
2025-02-01,srch001,ito koyama - cremalleras,0.0,50,1.0,39.78,6.63,,rojo,0,0.561676678036126,2023-05-18,12.68,240.0,634.0,0,,0.0,1,0,
2025-03-01,to-841,ito koyama - palieres,256.0,0,40.0,6734.32,1665.8633333333335,,rojo,0,0.7468053973009815,2024-12-17,11.1,300.0,0.0,0,,0.0,1,0,
2025-03-01,a-7972,sakura filter,210.0,0,11.0,444.21000000000004,161.12,,rojo,0,0.5586011968274047,2024-11-11,19.45,15.0,0.0,0,,0.0,1,0,
2025-04-01,331010,ito koyama - amortiguadores,34.0,0,11.0,412.6,79.68833333333333,,rojo,0,0.6143282929578981,2024-11-29,12.7,52.0,0.0,0,,0.0,1,0,
2025-03-01,b1004,ito koyama - trapecios,134.0,0,22.0,1383.56,230.59333333333333,,rojo,0,0.9173763032285752,2024-12-10,2.48,401.0,0.0,0,,0.0,1,0,
2024-10-01,a-14440,sakura filter,84.0,0,1.0,0.0,0.8533333333333334,1.9137201764357352,verde,6,0.6732350019794807,2023-11-27,1.4,40.0,0.0,0,,16.05574912891986,0,0,0
2024-12-01,a-5902,sakura filter,83.0,0,1.0,0.0,1.7116666666666667,inf,verde,6,0.7061396122296903,2019-12-31,2.24,200.0,0.0,0,,inf,0,0,0
2025-04-01,ef-13100,sakura filter,11.0,0,26.0,1333.55,394.5216666666667,,rojo,0,1.0463846315175336,2023-12-04,3.56,100.0,0.0,0,,0.0,1,0,
2024-10-01,hu-7010z,mann - brasil,0.0,200,1.0,0.0,183.61666666666667,1.332668626145807,rojo,4,0.6584697267957526,2024-09-24,3.0668369150161743,200.0,613.3673830032349,0,,0.0,1,0,1
2024-11-01,drp12.00r24,deruibo,0.0,150,2.0,0.0,777.9666666666666,0.522195195894713,rojo,4,0.2847350610695868,2024-08-31,161.0,40.0,24150.0,0,,0.0,1,0,1
2025-03-01,fc-31040,sakura filter,90.0,0,14.0,954.5,275.71,,rojo,0,0.8046088113933666,2024-11-11,4.94,24.0,0.0,0,,0.0,1,0,
2025-04-01,f-11140,sakura filter,22470.0,0,221.0,73822.44,30693.156666666666,,rojo,0,1.2539475473945965,2025-01-22,2.3,2000.0,0.0,0,2250.0,0.0,1,0,
2025-02-01,a-90210,sakura filter,0.0,50,6.0,131.85,37.05166666666667,,rojo,0,2.8942591840609775,2022-10-13,2.41,20.0,120.5,0,,0.0,1,0,
2024-12-01,srb-156,seco - embragues,0.0,200,3.0,0.0,47.26166666666666,0.8890893559362274,rojo,4,0.3696226726943187,2024-07-18,7.94,200.0,1588.0,0,,0.0,1,0,1
2025-01-01,bdd076,ishikawa - discos de freno,0.0,50,6.0,84.75,61.63833333333333,,rojo,0,0.6479261832777092,2023-03-31,11.63,100.0,581.5,0,,0.0,1,0,
2025-03-01,48067,narva,0.0,50,16.0,529.5799999999999,274.685,,rojo,0,0.5036565494756858,2023-09-21,4.014807744860649,400.0,200.74038724303244,0,,0.0,1,0,
2025-03-01,a-71310-s,sakura filter,58.0,0,18.0,1258.5,504.5216666666667,,rojo,0,0.7102378383887782,2024-03-18,34.03,56.0,0.0,0,0.0,0.0,1,0,
2024-01-01,ko-cbu442822,collarines - nachi - koyo - nsk - japon,0.0,50,0.0,0.0,0.0,2.438913423495952,rojo,4,0.629374486053968,2021-06-05,4.8,150.0,240.0,0,,0.0,1,0,1
2025-03-01,mz003,ito koyama - resortes,46.0,0,18.0,434.5,102.29333333333334,,rojo,0,0.7216693489918363,2024-11-04,3.85,120.0,0.0,0,,0.0,1,0,
2024-09-01,t1203,ito koyama - trapecios,20.0,50,0.0,0.0,0.0,0.4908495484882872,verde,6,0.6741203115945262,2024-03-19,12.7535,20.0,637.6750000000001,0,,7.818918907679927,0,0,0
2025-01-01,fc-5613,sakura filter,0.0,50,2.0,0.0,17.798333333333332,,rojo,0,0.5253609720101744,2022-05-27,3.38,180.0,169.0,0,,0.0,1,0,
2025-02-01,mi-015,ito koyama - palieres,60.0,0,9.0,198.43,58.373333333333335,,rojo,0,0.5506712263102114,2024-12-17,8.02,50.0,0.0,0,,0.0,1,0,
2024-11-01,h-5504,sakura filter,0.0,50,2.0,0.0,11.751666666666667,1.0753806689478758,rojo,6,0.933464350605141,2023-01-09,3.17,60.0,158.5,0,,0.0,1,0,1
2025-04-01,hy003,ito koyama - resortes,236.0,0,51.0,2198.64,581.8766666666667,,rojo,0,0.7587586987000712,2024-12-26,5.2,200.0,0.0,0,,0.0,1,0,
2025-02-01,cf-1350,mann - brasil,19.0,0,2.0,104.48,17.413333333333334,,rojo,0,0.4145714909629393,2023-03-15,15.32982196688652,96.0,0.0,0,,0.0,1,0,
2025-03-01,96586885,ito koyama - amortiguadores,200.0,0,42.0,2748.69,777.6016666666666,,rojo,0,0.6594135938588606,2024-11-29,10.9,180.0,0.0,0,,0.0,1,0,
2025-03-01,55300-4h600,ito koyama - amortiguadores,94.0,0,41.0,1636.92,400.4433333333333,,rojo,0,0.8793330830173329,2024-11-29,6.8,100.0,0.0,0,,0.0,1,0,
2025-03-01,mwmwd1094,wagner - pastillas,10.0,0,3.0,38.64,35.42333333333334,,rojo,0,0.4571361987767292,2024-07-20,12.7,10.0,0.0,0,,0.0,1,0,
2025-04-01,ca-21110-s,sakura filter,286.0,0,16.0,171.97,43.225,,rojo,0,0.9473375708797438,2024-11-11,1.7,20.0,0.0,0,,0.0,1,0,
2023-09-01,a-1722,sakura filter,0.0,50,0.0,0.0,0.0,0.7820817376925262,rojo,6,0.5808338310118885,2020-02-17,2.23,80.0,111.5,0,,0.0,1,0,1
2023-07-01,zd1184,wagner - pastillas,0.0,50,0.0,0.0,0.0,0.6536006264282235,rojo,3,0.23176014146833931,2020-09-22,16.08,50.0,803.9999999999999,0,,0.0,1,0,1
2024-02-01,zd1114,wagner - pastillas,0.0,50,0.0,0.0,0.0,2.76953999369457,rojo,3,0.32894783699375396,2019-11-18,20.46,20.0,1023.0,0,,0.0,1,0,1
2025-03-01,eo-1801,sakura filter,0.0,50,55.0,2164.2,764.5666666666666,,rojo,0,1.5033612125592837,2024-11-28,1.4,200.0,70.0,0,0.0,0.0,1,0,
2025-03-01,553512d000,ito koyama - amortiguadores,58.0,0,26.0,406.76,356.67333333333335,,rojo,0,0.7046522234969643,2024-11-29,10.9,48.0,0.0,0,,0.0,1,0,
2024-12-01,sk-026,ito koyama - palieres,102.0,50,3.0,0.0,22.805000000000003,0.5266614665806221,verde,6,0.6030964055276394,2024-10-24,5.2,50.0,260.0,0,,11.65338913219948,0,0,0
2024-12-01,rov2050100,rover - usa,0.0,1000,17.0,0.0,1678.7033333333336,0.780057588359004,rojo,4,0.3818411922040713,2023-12-27,7.9975,1296.0,7997.5,0,,0.0,1,0,1
2025-03-01,a-1927,sakura filter,20.0,0,21.0,272.52,111.23666666666666,,rojo,0,1.03535080566467,2024-11-11,2.02,20.0,0.0,0,80.0,0.0,1,0,
2025-03-01,bni009,ito koyama - bocamazas,61.0,0,7.0,73.06,27.853333333333335,,rojo,0,0.7860210153404923,2024-11-13,4.57,80.0,0.0,0,,0.0,1,0,
2025-02-01,o-1311,sakura filter,30.0,0,3.0,31.19,10.188333333333334,,rojo,0,0.6265830837842099,2023-09-15,4.88,64.0,0.0,0,,0.0,1,0,
2023-09-01,thy008,ito koyama - direccion,0.0,150,0.0,0.0,0.0,0.44530753433622017,rojo,6,0.5843492809332145,2022-08-15,2.29,180.0,343.5,0,,0.0,1,0,1
2025-03-01,t1084,ito koyama - trapecios,78.0,0,21.0,855.47,253.88166666666666,,rojo,0,0.645471754081858,2024-03-19,21.7392,100.0,0.0,0,,0.0,1,0,
2025-03-01,dt185/65r15,deestone,59.0,0,20.0,2699.7599999999998,1114.0833333333333,,rojo,0,0.4408263159453365,2024-10-28,22.95,100.0,0.0,0,,0.0,1,0,
2025-03-01,a-7980,sakura filter,12.0,0,51.0,1066.47,355.1383333333333,,rojo,0,0.8767994237663114,2024-08-29,4.32,36.0,0.0,0,204.0,0.0,1,0,
2025-03-01,fc-55240,sakura filter,231.0,0,47.0,6704.86,2138.6366666666668,,rojo,0,0.843862711337025,2024-10-31,9.1,120.0,0.0,0,,0.0,1,0,
2025-03-01,a-5573-s,sakura filter,83.0,0,27.0,1364.5,706.065,,rojo,0,0.9834828451697376,2025-02-28,18.98,60.0,0.0,0,0.0,0.0,1,0,
2025-03-01,to-027,ito koyama - palieres,58.0,0,20.0,629.36,320.4633333333333,,rojo,0,0.633627244733058,2024-12-17,6.3,50.0,0.0,0,,0.0,1,0,
2024-10-01,mwmwd1188,wagner - pastillas,0.0,50,1.0,0.0,12.146666666666667,0.39315817098095235,rojo,3,0.549233180672448,2024-07-20,11.2,20.0,560.0,0,,0.0,1,0,1
2025-03-01,scmb-081,seco - embragues,18.0,0,3.0,388.17,64.69500000000001,,rojo,0,0.3794254737633364,2024-07-18,28.69,50.0,0.0,0,,0.0,1,0,
2025-03-01,41602-58m00,ito koyama - amortiguadores,46.0,0,47.0,2351.5299999999997,474.635,,rojo,0,0.6966363107999687,2024-11-29,10.6,90.0,0.0,0,,0.0,1,0,
2025-04-01,sfc-7912-10,sakura filter,116.0,0,14.0,508.42,111.95666666666666,,rojo,0,1.0746459231900802,2024-09-17,4.5,120.0,0.0,0,,0.0,1,0,
2024-02-01,k-bolsas,sin definicion,0.0,50,0.0,0.0,0.0,,rojo,0,-1.0,2023-04-05,19.16695094952705,500.0,958.3475474763525,0,,0.0,1,0,
2025-01-01,a-5652-s,sakura filter,19.0,0,6.0,16.27,58.52166666666667,,rojo,0,0.7182171225356608,2023-09-05,10.5,60.0,0.0,0,,0.0,1,0,
2025-03-01,sfc-24020,sakura filter,106.0,0,15.0,577.8299999999999,203.56499999999997,,rojo,0,0.9281409503854884,2024-08-29,7.8,204.0,0.0,0,,0.0,1,0,
2025-03-01,4106861j00,ito koyama - amortiguadores,391.0,0,68.0,2108.52,672.2566666666667,,rojo,0,0.8428222775425448,2024-11-29,10.3,240.0,0.0,0,,0.0,1,0,
2024-10-01,a-1816,sakura filter,51.0,50,2.0,0.0,5.9316666666666675,0.32918254546257,verde,6,0.687526883300822,2022-10-13,2.66,24.0,133.0,0,,7.841808880817806,0,0,0
2025-03-01,mwmwd1089,wagner - pastillas,19.0,0,8.0,118.63999999999999,48.16166666666666,,rojo,0,0.43203062245339,2024-07-20,13.0,40.0,0.0,0,,0.0,1,0,
2023-11-01,rho002,ito koyama - direccion,0.0,100,0.0,0.0,0.0,0.3407014699761211,rojo,6,0.6793358374673228,2023-05-19,2.18,90.0,218.00000000000003,0,,0.0,1,0,1
2024-08-01,98129960,ks - brasil,0.0,50,0.0,0.0,0.0,2.487840723838337,rojo,4,0.33556618112601266,2023-09-14,104.08,180.0,5204.0,0,,0.0,1,0,1
2025-01-01,dt195r14c,deestone,39.0,0,8.0,59.58,501.5333333333333,inf,verde,6,0.3693013073947439,2025-02-25,35.74,40.0,0.0,0,,inf,0,0,0
2025-04-01,5466007100,ito koyama - amortiguadores,215.0,0,31.0,1355.4,563.6366666666667,,rojo,0,0.661831694903699,2024-11-29,11.1,180.0,0.0,0,,0.0,1,0,
2024-10-01,w-719/5,mann - brasil,0.0,50,1.0,0.0,2.005,inf,rojo,4,0.27796506478394023,2022-09-16,3.3960265278816224,60.0,169.80132639408112,0,,0.0,1,0,1
2025-03-01,thy001,ito koyama - direccion,52.0,0,6.0,1541.52,256.92,,rojo,0,0.6067754095291753,2025-02-28,2.715729,100.0,0.0,0,,0.0,1,0,
2024-07-01,pd11cc,crc - limpia carburador,0.0,100,0.0,0.0,0.0,2.5290303758924715,rojo,4,0.3537644035936597,2017-01-09,3.65,1200.0,365.0,0,,0.0,1,0,1
2025-03-01,icd540,ishikawa - pastillas de freno,89.0,0,14.0,138.96,36.275,,rojo,0,0.7656962256321412,2024-07-26,3.14,100.0,0.0,0,,0.0,1,0,
2025-01-01,mwmwc1508,wagner - pastillas,0.0,50,5.0,17.8,17.798333333333336,,rojo,0,0.40666344702331947,2023-08-28,11.9,10.0,595.0,0,,0.0,1,0,
2025-01-01,dm-601u,aisin - japon,1.0,0,1.0,183.1,30.516666666666666,,rojo,0,0.43927545210132773,2023-08-10,28.63,20.0,0.0,0,,0.0,1,0,
2024-05-01,sm032,ito koyama - torretas,0.0,150,0.0,0.0,0.0,0.7010265685179224,rojo,6,0.6172582015240615,2023-05-19,4.49,150.0,673.5,0,,0.0,1,0,1
2025-03-01,a-5628-s,sakura filter,231.0,0,18.0,934.94,207.6783333333333,,rojo,0,0.7589484212971517,2025-01-31,6.17,40.0,0.0,0,,0.0,1,0,
2025-03-01,c-7950,sakura filter,81.0,0,4.0,162.81,27.135,,rojo,0,0.7360570652400314,2024-10-22,2.79,108.0,0.0,0,,0.0,1,0,
2025-02-01,icd1673,ishikawa - pastillas de freno,0.0,50,24.0,141.69,75.44,,rojo,0,1.0404115630318793,2024-07-26,2.7,100.0,135.0,0,,0.0,1,0,
2024-02-01,sm014,ito koyama - torretas,0.0,100,0.0,0.0,0.0,0.47422385864588895,rojo,6,0.6180808907661663,2023-05-19,7.6,60.0,760.0,0,,0.0,1,0,1
2023-06-01,3991,spaco - italia,0.0,50,0.0,0.0,0.0,7.365459931328118,rojo,4,0.5552941597754321,,,,,0,,0.0,1,0,1
2025-04-01,icd1964,ishikawa - pastillas de freno,194.0,0,23.0,422.4,137.21,,rojo,0,0.9419875152788453,2024-07-26,6.05,200.0,0.0,0,,0.0,1,0,
2024-11-01,c-4906,sakura filter,0.0,200,5.0,0.0,26.93166666666667,0.8658619766780611,rojo,6,1.0082561360516757,2023-10-25,2.27,144.0,454.0,0,,0.0,1,0,1
2025-03-01,a-1768,sakura filter,218.0,0,15.0,165.81,54.88166666666667,,rojo,0,1.0077301857227121,2024-11-11,2.31,100.0,0.0,0,,0.0,1,0,
2025-01-01,bdd054,ishikawa - discos de freno,0.0,50,8.0,126.28,98.81,,rojo,0,0.7845598013601871,2024-01-09,13.21,80.0,660.5,0,,0.0,1,0,
2024-11-01,fc-28090,sakura filter,83.0,0,1.0,0.0,16.781666666666666,8.171705372450488,verde,6,0.717882477498703,2021-08-26,7.13,40.0,0.0,0,,41.508320520247814,0,0,0
2024-01-01,skf-6201-2rshc3,skf - rodajes,0.0,300,0.0,0.0,0.0,4.029158469341392,rojo,4,0.6202106398120644,2023-04-21,0.96,1500.0,288.0,0,,0.0,1,0,1
2023-10-01,paw68a500usr,prextoline - usa,0.0,200,0.0,0.0,0.0,4.252328956103035,rojo,4,0.3534852275203488,2022-04-26,27.99,780.0,5598.0,0,,0.0,1,0,1
2025-03-01,k-11320,sakura filter,319.0,0,8.0,3269.4500000000003,544.9083333333334,,rojo,0,0.6893510158836453,2025-02-28,13.01,150.0,0.0,0,0.0,0.0,1,0,
2024-06-01,sddw-009,seco - embragues,0.0,50,0.0,0.0,0.0,27.43164440976603,rojo,4,0.3682109010169947,2023-05-23,10.04,400.0,501.99999999999994,0,,0.0,1,0,1
2024-05-01,as335sp-m1,prestone - mexico,0.0,200,0.0,0.0,0.0,1.630634303067206,rojo,3,0.531293173500868,2023-07-27,1.91,600.0,382.0,0,,0.0,1,0,1
2025-03-01,dtt215/45zr17,deestone,32.0,0,8.0,595.9300000000001,236.0,,rojo,0,0.45143851718784034,2024-09-20,29.24,60.0,0.0,0,,0.0,1,0,
2025-03-01,a-5025-s,sakura filter,372.0,0,59.0,3642.84,1302.19,,rojo,0,0.5896332302847153,2025-01-21,21.82,116.0,0.0,0,182.0,0.0,1,0,
2025-02-01,ahy011,ito koyama - direccion,46.0,0,7.0,63.230000000000004,19.036666666666665,,rojo,0,0.6882750254897543,2023-05-19,1.9,159.0,0.0,0,,0.0,1,0,
2025-02-01,c-57430,sakura filter,682.0,0,5.0,477.48,140.41,,rojo,0,0.8440789840749637,2025-01-22,12.54,402.0,0.0,0,,0.0,1,0,
2024-10-01,a-49490,sakura filter,98.0,0,1.0,0.0,3.626666666666667,0.615036365374865,verde,6,0.6175506296497608,2019-12-31,1.63,20.0,0.0,0,,15.448554238849608,0,0,0
2025-03-01,eo-31110,sakura filter,893.0,0,88.0,5259.32,1930.9733333333334,,rojo,0,0.9114239706288624,2024-11-30,1.2,650.0,0.0,0,500.0,0.0,1,0,
2025-03-01,a-1615,sakura filter,96.0,0,5.0,213.67,38.43,,rojo,0,0.8934427103232977,2024-11-30,2.69,60.0,0.0,0,,0.0,1,0,
2024-08-01,c-33017,mann - brasil,0.0,150,0.0,0.0,0.0,1.8575724054366318,rojo,4,0.4065976639346654,2018-10-25,8.344257130622864,1000.0,1251.6385695934296,0,,0.0,1,0,1
2025-03-01,icd1712,ishikawa - pastillas de freno,21.0,0,26.0,861.9,234.5,,rojo,0,1.1155702874859215,2024-07-26,4.45,100.0,0.0,0,,0.0,1,0,
2025-03-01,a-2003,sakura filter,139.0,0,7.0,124.46000000000001,27.97,,rojo,0,0.8373508492259526,2024-11-11,2.56,60.0,0.0,0,,0.0,1,0,
2025-03-01,hy051,ito koyama - resortes,466.0,0,21.0,2090.25,562.86,,rojo,0,0.8515522882882798,2024-12-26,3.9,200.0,0.0,0,,0.0,1,0,
2025-03-01,hy-011,ito koyama - palieres,231.0,0,34.0,1125.04,321.98,,rojo,0,0.6239819447652895,2024-12-17,6.1,300.0,0.0,0,,0.0,1,0,
2025-03-01,48530-52b00,ito koyama - amortiguadores,682.0,0,116.0,7573.71,2282.273333333333,,rojo,0,0.738828906421877,2024-11-29,7.2,800.0,0.0,0,,0.0,1,0,
2025-03-01,t038,ito koyama - resortes,66.0,0,46.0,1527.72,876.5766666666667,,rojo,0,0.8887458672789103,2024-11-04,4.45,200.0,0.0,0,,0.0,1,0,
2025-04-01,fc-1001,sakura filter,402.0,0,190.0,13522.86,4413.505,,rojo,0,0.7508678529513294,2025-01-31,2.18,1000.0,0.0,0,875.0,0.0,1,0,
2024-12-01,a-8811,sakura filter,528.0,0,4.0,74.58,44.51,3.110463245361711,verde,6,0.5989120514933914,2024-09-17,1.84,300.0,0.0,0,,22.078519106786725,0,0,0
2025-03-01,a-13530-s,sakura filter,474.0,0,68.0,1495.19,968.7916666666666,,rojo,0,0.8787936893097278,2025-01-31,9.2,100.0,0.0,0,,0.0,1,0,
2025-03-01,55360-25050,ito koyama - amortiguadores,16.0,0,17.0,614.4200000000001,126.36000000000001,,rojo,0,0.6298583480463266,2024-11-29,10.1,48.0,0.0,0,,0.0,1,0,
2025-03-01,t018,ito koyama - resortes,485.0,0,49.0,5937.42,2570.47,,rojo,0,0.6674426791280009,2024-12-26,4.3,400.0,0.0,0,,0.0,1,0,
2024-11-01,fs-8006,sakura filter,164.0,0,1.0,0.0,5.826666666666667,0.39631018735318885,verde,6,0.8110790729174587,2022-03-31,2.76,150.0,0.0,0,,26.974735294935986,0,0,0
2024-12-01,mi-620,ito koyama - palieres,0.0,150,14.0,0.0,86.75666666666666,1.029878690321764,rojo,6,0.6001934159709728,2023-06-16,7.8,180.0,1170.0,0,,0.0,1,0,1
2025-03-01,a-2819,sakura filter,62.0,0,8.0,67.39000000000001,27.411666666666665,,rojo,0,0.9652523172622752,2024-09-17,1.96,100.0,0.0,0,,0.0,1,0,
2024-12-01,a-1618,sakura filter,20.0,50,1.0,0.0,0.37000000000000005,0.9063559163060141,verde,6,0.9181097502743556,2020-09-28,2.06,100.0,103.0,0,,7.676305370756539,0,0,0
2025-03-01,rda001,ito koyama - direccion,70.0,0,4.0,145.94,27.66,,rojo,0,0.5888855907170794,2023-05-19,3.06,160.0,0.0,0,,0.0,1,0,
2025-03-01,726780166l,ito koyama - amortiguadores,29.0,0,9.0,406.15999999999997,67.69333333333333,,rojo,0,0.6191055339484128,2024-11-29,11.3,48.0,0.0,0,,0.0,1,0,
2024-07-01,17046,narva,80.0,50,0.0,0.0,0.0,1.3437096247164249,verde,4,0.4758376866455015,2023-04-18,0.3017589953660965,200.0,15.087949768304826,0,,8.0,0,0,0
2025-04-01,to-721a,ito koyama - palieres,25.0,0,27.0,1294.73,466.82666666666665,,rojo,0,0.5597232355958291,2024-12-17,8.1,100.0,0.0,0,,0.0,1,0,
2025-02-01,cf-800,mann - brasil,29.0,0,4.0,112.85,50.58833333333334,,rojo,0,0.7783006092230449,2024-02-09,14.225976991653441,30.0,0.0,0,,0.0,1,0,
2025-02-01,cf-1652,mann - brasil,3.0,0,15.0,639.47,289.4533333333333,,rojo,0,0.39800420572595946,2023-04-12,28.18,120.0,0.0,0,,0.0,1,0,
2024-11-01,sc16hr11,denso - bujias - japon,460.0,0,9.0,0.0,253.92499999999998,0.7340995066110272,verde,3,0.3638206127945189,2025-03-11,8.08,476.0,0.0,0,,6.625253155741464,0,0,0
2025-03-01,mi-501,ito koyama - palieres,6.0,0,9.0,1302.28,240.89000000000001,,rojo,0,0.5507792706233775,2024-12-17,8.3,50.0,0.0,0,,0.0,1,0,
2025-02-01,a-8652-s,sakura filter,91.0,0,17.0,802.62,767.2366666666667,,rojo,0,0.9218995052100817,2025-01-21,24.55,100.0,0.0,0,83.0,0.0,1,0,
2025-03-01,icd1846,ishikawa - pastillas de freno,49.0,0,22.0,299.5,88.51166666666667,,rojo,0,1.559112899693423,2024-07-26,3.1,100.0,0.0,0,,0.0,1,0,
2024-09-01,c-5204,sakura filter,78.0,200,0.0,0.0,0.0,0.32074006506528796,verde,6,0.9150580050249677,2024-03-18,1.69,50.0,338.0,0,0.0,2.372203987779414,0,0,0
2025-03-01,c-38180,sakura filter,157.0,0,11.0,307.6,89.82833333333333,,rojo,0,0.9091653101418951,2024-04-18,6.4,6.0,0.0,0,,0.0,1,0,
2025-04-01,54660-1y200,ito koyama - amortiguadores,138.0,0,50.0,2681.18,1295.3799999999999,,rojo,0,0.6863742373337317,2024-11-29,10.9,150.0,0.0,0,,0.0,1,0,
2025-01-01,ur003,ito koyama - direccion,212.0,0,5.0,17.33,11.745,,rojo,0,0.8029066652199316,2023-05-19,2.38,482.0,0.0,0,,0.0,1,0,
2025-03-01,18010,narva,132.0,0,5.0,105.09,24.718333333333334,,rojo,0,0.3202474675964593,2019-02-22,3.7789243998527526,20.0,0.0,0,,0.0,1,0,
2025-02-01,ixeh20tt,denso - bujias - japon,73.0,0,8.0,441.36,132.15833333333333,,rojo,0,0.3505888288422328,2024-04-05,6.81,288.0,0.0,0,,0.0,1,0,
2024-10-01,18106,narva,99.0,0,1.0,0.0,5.288333333333333,0.5441695258847711,verde,4,0.46242376454447254,2023-04-18,4.95575236415863,100.0,0.0,0,,23.02966120708997,0,0,0
2025-04-01,opt-032,aisin - japon,82.0,0,9.0,474.58000000000004,145.54999999999998,,rojo,0,0.5581497514256755,2024-11-29,21.19,100.0,0.0,0,,0.0,1,0,
2023-10-01,tni006,ito koyama - direccion,0.0,50,0.0,0.0,0.0,4.174653618492066,rojo,6,0.7326512326793603,2023-05-19,2.14,100.0,107.0,0,,0.0,1,0,1
2025-03-01,bdd053,ishikawa - discos de freno,126.0,0,28.0,892.01,353.5466666666666,,rojo,0,0.7977329920320075,2024-07-24,7.95,50.0,0.0,0,,0.0,1,0,
2025-01-01,t1041,ito koyama - trapecios,62.0,0,2.0,41.67,13.955,,rojo,0,0.6226754101451516,2025-02-28,12.752863,60.0,0.0,0,,0.0,1,0,
2025-03-01,543020322r,ito koyama - amortiguadores,155.0,0,60.0,6253.04,1716.7033333333331,,rojo,0,0.7060158866771377,2024-11-29,10.2,89.0,0.0,0,,0.0,1,0,
2025-02-01,t1197,ito koyama - trapecios,2.0,0,13.0,103.92,65.03333333333333,,rojo,0,0.6284059658651221,2024-03-19,11.884,40.0,0.0,0,,0.0,1,0,
2025-04-01,54302-5m400,ito koyama - amortiguadores,307.0,0,48.0,1772.25,526.9033333333333,,rojo,0,0.702461405142616,2024-11-29,9.9,192.0,0.0,0,,0.0,1,0,
2025-03-01,a-5019,sakura filter,20.0,0,11.0,319.3,77.92333333333333,,rojo,0,0.8411582638585323,2024-12-26,3.85,60.0,0.0,0,,0.0,1,0,
2025-03-01,t1180,ito koyama - trapecios,47.0,0,4.0,477.34000000000003,79.55666666666667,,rojo,0,0.6581509993500494,2024-12-10,9.86,60.0,0.0,0,,0.0,1,0,
2025-04-01,55311-d3000,ito koyama - amortiguadores,37.0,0,30.0,667.85,209.72166666666666,,rojo,0,0.6662824427892146,2024-11-29,6.9,50.0,0.0,0,,0.0,1,0,
2025-03-01,cg002,ito koyama - resortes,48.0,0,10.0,123.92999999999999,50.42333333333334,,rojo,0,0.6562200922376004,2024-11-04,4.7,80.0,0.0,0,,0.0,1,0,
2025-03-01,ch008,ito koyama - resortes,220.0,0,90.0,16902.1,5471.95,,rojo,0,0.7044821142145722,2024-12-26,5.9,200.0,0.0,0,,0.0,1,0,
2023-03-01,tkl24016,tkl - taiwan,1.0,100,0.0,0.0,0.0,1.3583178270974958,amarillo,4,0.8422799721124358,2022-04-04,0.95,300.0,95.0,0,,0.050117462803445575,0,0,1
2024-08-01,fc-5508,sakura filter,0.0,50,0.0,0.0,0.0,0.7258781684226482,rojo,6,0.7888967231941255,2023-01-09,3.79,60.0,189.5,0,,0.0,1,0,1
2025-01-01,scns-221,seco - embragues,0.0,50,4.0,327.81,122.875,,rojo,0,0.42353619884608873,2024-07-18,26.13,50.0,1306.5,0,,0.0,1,0,
2025-03-01,bhy007,ito koyama - bocamazas,25.0,0,8.0,203.39000000000001,45.30333333333334,,rojo,0,0.5937660898580801,2024-11-13,5.0,48.0,0.0,0,,0.0,1,0,
2025-03-01,icd831,ishikawa - pastillas de freno,39.0,0,54.0,966.4,314.36833333333334,,rojo,0,0.9940862507505691,2024-07-26,3.16,100.0,0.0,0,,0.0,1,0,
2025-03-01,a-2813,sakura filter,18.0,0,38.0,909.22,293.2366666666667,,rojo,0,0.7251358477038498,2024-12-13,4.8,120.0,0.0,0,120.0,0.0,1,0,
2025-03-01,fc-2802,sakura filter,35.0,0,7.0,89.09,37.115,,rojo,0,1.0787757271784075,2023-10-05,5.52,30.0,0.0,0,,0.0,1,0,
2025-03-01,54660-d4000,ito koyama - amortiguadores,58.0,0,12.0,146.01,98.45,,rojo,0,0.6229938857583124,2023-07-25,11.8,72.0,0.0,0,,0.0,1,0,
2024-12-01,17314,narva,140.0,150,3.0,0.0,2.033333333333333,2.3205113416311396,verde,4,0.5013194637191143,2024-09-16,0.15601437345743177,200.0,23.402156018614765,0,,4.257624362693257,0,0,0
2025-03-01,a-88230-s,sakura filter,85.0,0,21.0,1542.91,424.5516666666667,,rojo,0,0.8379218940458658,2025-02-28,5.5,99.0,0.0,0,0.0,0.0,1,0,
2025-02-01,a-2935,sakura filter,0.0,50,35.0,1169.78,533.8033333333334,,rojo,0,0.8644328740114616,2024-11-11,3.6,189.0,180.0,0,,0.0,1,0,
2025-03-01,a-31940,sakura filter,43.0,0,4.0,123.35999999999999,20.56,,rojo,0,1.4222915801176057,2024-11-28,2.89,60.0,0.0,0,,0.0,1,0,
2025-03-01,48531-09840ref,ito koyama - amortiguadores,259.0,0,68.0,3458.52,1166.1216666666667,,rojo,0,0.9647731404980544,2024-11-29,7.0,296.0,0.0,0,,0.0,1,0,
2025-02-01,18008,narva,302.0,0,5.0,169.48,45.58166666666667,,rojo,0,0.3023813986233392,2019-08-08,8.694580221176148,600.0,0.0,0,,0.0,1,0,
2025-03-01,dtx-202,aisin - japon,19.0,0,38.0,4165.78,1524.0883333333334,,rojo,0,0.38681434220163663,2024-12-17,48.22,50.0,0.0,0,,0.0,1,0,
2025-04-01,48510-29277,ito koyama - amortiguadores,70.0,0,21.0,1117.94,409.4216666666666,,rojo,0,0.6368306624403439,2024-11-29,11.9,90.0,0.0,0,,0.0,1,0,
2025-03-01,hy037,ito koyama - resortes,384.0,0,34.0,3110.96,956.56,,rojo,0,0.7055177087276446,2024-12-26,5.3,200.0,0.0,0,,0.0,1,0,
2024-10-01,hu-1077/2x,mann - brasil,0.0,150,10.0,0.0,1563.54,2.6162928620726174,rojo,4,0.5408506226241031,2024-09-24,6.3114614772796624,150.0,946.7192215919493,0,,0.0,1,0,1
2025-03-01,eo-1103,sakura filter,346.0,0,32.0,382.31,179.37333333333333,,rojo,0,1.1890634316560025,2024-09-17,0.8,600.0,0.0,0,,0.0,1,0,
2024-08-01,rhy002,ito koyama - direccion,0.0,50,0.0,0.0,0.0,3.693702234805629,rojo,6,0.6482835881380049,2023-05-19,2.61,120.0,130.5,0,,0.0,1,0,1
2025-04-01,t021,ito koyama - resortes,237.0,0,53.0,10752.26,2559.4866666666667,,rojo,0,0.8077722502520173,2024-12-26,9.9,400.0,0.0,0,,0.0,1,0,
2025-04-01,a-29400,sakura filter,75.0,0,12.0,160.37,47.75333333333333,,rojo,0,0.9751099045894882,2024-02-28,3.84,120.0,0.0,0,,0.0,1,0,
2025-01-01,bto001,ito koyama - bocamazas,0.0,50,11.0,55.69,75.90833333333333,,rojo,0,0.6890095027030085,2024-11-13,4.7,40.0,235.0,0,,0.0,1,0,
2025-03-01,aty008,ito koyama - direccion,116.0,0,7.0,2615.27,435.87833333333333,,rojo,0,0.6979915799641105,2025-02-28,2.297905,200.0,0.0,0,,0.0,1,0,
2024-09-01,rni002,ito koyama - direccion,0.0,50,0.0,0.0,0.0,3.4644913790747958,rojo,6,0.6269741335826605,2023-05-19,4.06,60.0,202.99999999999997,0,,0.0,1,0,1
2025-03-01,3461-8534skr,sakura - radiadores,0.0,50,4.0,48.52,146.10999999999999,,rojo,0,0.6606034488725382,2023-05-31,25.85,50.0,1292.5,0,,0.0,1,0,
2025-04-01,wc-7101,sakura filter,411.0,0,29.0,1164.16,319.54333333333335,,rojo,0,0.8418367883311978,2025-01-22,3.8,48.0,0.0,0,0.0,0.0,1,0,
2025-03-01,c-7607,sakura filter,0.0,50,26.0,1262.58,346.6616666666667,,rojo,0,0.8750876578310468,2024-11-30,3.84,84.0,192.0,0,,0.0,1,0,
2024-01-01,schd-350,seco - embragues,0.0,100,0.0,0.0,0.0,1.267843080536858,rojo,4,0.3942947392147187,2023-05-23,12.16,236.0,1216.0,0,,0.0,1,0,1
2025-04-01,a-33440,sakura filter,467.0,0,17.0,288.46,83.58333333333333,,rojo,0,1.1027181962694161,2024-11-28,2.0,20.0,0.0,0,340.0,0.0,1,0,
2024-11-01,a-45200-s,sakura filter,32.0,0,1.0,0.0,8.643333333333333,2.2753251094348426,verde,6,0.9604751728998776,2025-01-21,11.51,32.0,0.0,0,0.0,12.826722338204593,0,0,0
2025-01-01,a-4923,sakura filter,55.0,0,2.0,8.81,3.3049999999999997,,rojo,0,0.7130429118987605,2023-08-04,1.38,100.0,0.0,0,,0.0,1,0,
2025-03-01,t012,ito koyama - resortes,1008.0,0,139.0,3656.13,1611.4533333333331,,rojo,0,0.8116619349735102,2024-12-26,3.65,1200.0,0.0,0,,0.0,1,0,
2025-03-01,55300-a7200,ito koyama - amortiguadores,308.0,0,33.0,1087.21,351.71333333333337,,rojo,0,0.9009855339777063,2024-11-29,6.0,150.0,0.0,0,,0.0,1,0,
2025-04-01,eo-10060,sakura filter,100.0,0,72.0,1880.86,715.5283333333333,,rojo,0,1.3014978788639995,2024-12-13,2.5,400.0,0.0,0,,0.0,1,0,
2024-12-01,k16pr-u,denso - bujias - japon,192.0,100,6.0,0.0,26.118333333333336,0.31746352022410584,verde,3,0.3947181955900309,2025-03-11,0.99,192.0,99.0,0,,4.199495735503834,0,0,0
2025-03-01,sfc-19140,sakura filter,328.0,0,50.0,2193.86,707.6750000000001,,rojo,0,0.7960170612061318,2024-11-28,8.5,120.0,0.0,0,108.0,0.0,1,0,
2025-01-01,ctx-160a,aisin - japon,0.0,50,75.0,77153.01,12858.835,,rojo,0,0.38982177831576875,2024-12-17,46.48,201.0,2324.0,0,,0.0,1,0,
2025-04-01,sfc-7103-30,sakura filter,116.0,0,19.0,2912.76,634.38,,rojo,0,1.0244266911477091,2024-10-31,5.4,240.0,0.0,0,,0.0,1,0,
2025-04-01,icd1114,ishikawa - pastillas de freno,8.0,0,28.0,234.42,75.595,,rojo,0,0.7868700614698622,2024-07-26,3.5,100.0,0.0,0,,0.0,1,0,
2024-10-01,t1121,ito koyama - trapecios,0.0,50,0.0,0.0,0.0,0.5161704887974046,rojo,6,0.7053799775379826,2023-06-14,8.5,40.0,425.0,0,,0.0,1,0,1
2025-03-01,ho-003,ito koyama - palieres,10.0,0,9.0,92.00999999999999,44.31333333333333,,rojo,0,0.48231501725328646,2024-06-21,6.62,50.0,0.0,0,,0.0,1,0,
2025-03-01,fc-5715,sakura filter,59.0,0,14.0,1073.64,233.21333333333334,,rojo,0,1.0100328600000335,2024-11-11,2.5,150.0,0.0,0,0.0,0.0,1,0,
2025-04-01,c-1552,sakura filter,375.0,0,56.0,1830.16,627.65,,rojo,0,0.7195085246680523,2025-01-22,1.15,300.0,0.0,0,,0.0,1,0,
2025-03-01,55361-22100,ito koyama - amortiguadores,57.0,0,33.0,1253.74,423.3533333333333,,rojo,0,0.712898522297111,2024-11-29,10.5,50.0,0.0,0,,0.0,1,0,
2025-03-01,24526127l,ito koyama - amortiguadores,2.0,0,71.0,1519.76,783.2383333333333,,rojo,0,0.7478518224504372,2024-11-29,10.1,72.0,0.0,0,,0.0,1,0,
2025-02-01,a-1857,sakura filter,59.0,0,6.0,71.72,25.05,,rojo,0,0.9647636339129071,2024-08-29,3.03,90.0,0.0,0,,0.0,1,0,
2025-02-01,bdd045,ishikawa - discos de freno,36.0,0,5.0,198.3,49.29333333333333,,rojo,0,0.7488231807817536,2024-07-24,11.72,50.0,0.0,0,,0.0,1,0,
2025-04-01,a-28790,sakura filter,143.0,0,33.0,447.92999999999995,139.71833333333333,,rojo,0,0.8606839778072866,2024-11-11,1.5,120.0,0.0,0,160.0,0.0,1,0,
2025-04-01,ctx-115a,aisin - japon,1166.0,0,114.0,83049.9,18357.983333333334,,rojo,0,0.4907607826278699,2025-01-31,46.67,1002.0,0.0,0,,0.0,1,0,
2025-04-01,48510-19355,ito koyama - amortiguadores,130.0,0,60.0,2501.61,641.3133333333334,,rojo,0,0.7324529484958182,2024-11-29,10.1,108.0,0.0,0,,0.0,1,0,
2024-10-01,o-1012-s,sakura filter,0.0,150,0.0,0.0,0.0,1.1890250540763951,rojo,6,1.0744148353700587,2023-12-05,5.22,208.0,783.0,0,,0.0,1,0,1
2022-11-01,lapiceros,sin definicion,0.0,50,0.0,0.0,0.0,,rojo,0,-1.0,2019-12-04,1.9650399105161134,1000.0,98.25199552580567,0,,0.0,1,0,
2025-03-01,rto002,ito koyama - direccion,204.0,0,8.0,4980.16,830.0266666666666,,rojo,0,0.7201515596368567,2025-02-28,2.22826,400.0,0.0,0,,0.0,1,0,
2024-11-01,48641,narva,0.0,100,2.0,0.0,29.633333333333336,0.978512077385795,rojo,4,0.46851071784122644,2023-08-31,4.606319291472435,200.0,460.63192914724345,0,,0.0,1,0,1
2025-01-01,c-24650,mann - brasil,1.0,0,3.0,46.44,41.39333333333334,,rojo,0,0.2459011451910448,2021-10-11,28.54,20.0,0.0,0,,0.0,1,0,
2024-12-01,sdki-299,seco - embragues,0.0,150,19.0,0.0,477.24499999999995,1.243132584243992,rojo,4,0.38721507309784003,2024-07-18,14.15,300.0,2122.5,0,,0.0,1,0,1
2025-02-01,a-1013,sakura filter,1.0,0,3.0,30.48,20.290000000000003,,rojo,0,0.8491035269721209,2023-10-19,13.37,24.0,0.0,0,0.0,0.0,1,0,
2025-03-01,96586886,ito koyama - amortiguadores,206.0,0,41.0,2629.32,759.5833333333334,,rojo,0,0.6633821893804756,2024-11-29,10.9,180.0,0.0,0,,0.0,1,0,
2024-06-01,ami001,ito koyama - direccion,0.0,50,0.0,0.0,0.0,inf,rojo,6,0.6123483029110841,2022-08-15,2.11,300.0,105.5,0,,0.0,1,0,1
2025-01-01,dt-073,aisin - japon,25.0,0,1.0,0.0,51.115,,rojo,0,0.3461989196117222,2024-11-29,44.77,30.0,0.0,0,,0.0,1,0,
2023-09-01,32100603,monark - alemania,0.0,100,0.0,0.0,0.0,0.9713522358269393,rojo,4,0.7736768699277968,,,,,0,,0.0,1,0,1
2025-04-01,a-8604-s,sakura filter,473.0,0,40.0,4889.59,1468.8,,rojo,0,0.7115257452424462,2025-01-21,14.89,200.0,0.0,0,,0.0,1,0,
2025-03-01,t1070,ito koyama - trapecios,157.0,0,22.0,3006.22,598.14,,rojo,0,0.7336414954521302,2024-12-10,3.0,400.0,0.0,0,,0.0,1,0,
2025-04-01,a-71590-s,sakura filter,457.0,0,63.0,6954.22,3326.0483333333336,,rojo,0,0.8969344250202697,2025-02-28,25.22,2.0,0.0,0,,0.0,1,0,
2025-03-01,d04a34900c,ito koyama - amortiguadores,90.0,0,18.0,208.6,131.48499999999999,,rojo,0,0.6118914813436354,2024-08-22,11.0,56.0,0.0,0,,0.0,1,0,
2024-08-01,182-s,marilia,0.0,100,0.0,0.0,0.0,5.510622061570537,rojo,4,0.4415906724473664,2019-08-23,2.57,700.0,257.0,0,,0.0,1,0,1
2024-02-01,88476810,ks - alemania,0.0,100,0.0,0.0,0.0,1.0443201833170945,rojo,4,0.29414544381414,2023-02-06,25.768578085899353,72.0,2576.8578085899353,0,,0.0,1,0,1
2025-04-01,c-341500/1,mann - brasil,22.0,0,4.0,438.57,115.53833333333334,,rojo,0,0.3673648915244614,2024-09-24,54.05855649113655,30.0,0.0,0,,0.0,1,0,
2025-03-01,c-34540/1,mann - brasil,28.0,0,1.0,647.46,107.91000000000001,,rojo,0,0.3967648901604946,2022-09-16,63.116151852011676,20.0,0.0,0,,0.0,1,0,
2025-03-01,icd2096,ishikawa - pastillas de freno,0.0,50,39.0,1226.82,430.02666666666664,,rojo,0,1.0394344499199908,2024-07-26,4.13,100.0,206.5,0,,0.0,1,0,
2025-03-01,icd1039,ishikawa - pastillas de freno,52.0,0,20.0,206.76,73.87833333333333,,rojo,0,0.8155701262424537,2024-07-26,5.4,100.0,0.0,0,,0.0,1,0,
2025-01-01,sdhd-078,seco - embragues,0.0,50,1.0,20.34,3.39,,rojo,0,0.42514605836583635,2022-08-08,14.97,100.0,748.5,0,,0.0,1,0,
2025-02-01,t1130,ito koyama - trapecios,107.0,0,6.0,154.06,32.20333333333333,,rojo,0,0.6192432319964204,2024-03-19,7.536214,140.0,0.0,0,,0.0,1,0,
2025-02-01,hy038,ito koyama - resortes,0.0,50,47.0,3621.12,1292.05,,rojo,0,0.6819658211120337,2024-11-04,5.2,200.0,260.0,0,,0.0,1,0,
2024-05-01,sfc-57160,sakura filter,0.0,50,0.0,0.0,0.0,2.0241596335818532,rojo,6,0.8791276177746928,2023-01-10,12.0,66.0,600.0,0,,0.0,1,0,1
2024-12-01,a-1194,sakura filter,45.0,100,4.0,0.0,12.133333333333333,0.6792858265639404,verde,6,1.18180382560529,2024-11-04,1.78,60.0,178.0,0,,4.993560803344087,0,0,0
2024-03-01,8.0004E+11,,,50,0.0,0.0,0.0,6.356123206920962,rojo,4,,,,,,0,,0.0,1,0,1
2025-01-01,fc-13190,sakura filter,214.0,0,9.0,183.05,82.95166666666667,,rojo,0,0.9569567082583293,2024-10-31,3.83,120.0,0.0,0,0.0,0.0,1,0,
2025-02-01,mi008,ito koyama - resortes,19.0,0,11.0,153.85999999999999,83.55333333333333,,rojo,0,0.5223839393221362,2023-02-01,6.6,200.0,0.0,0,,0.0,1,0,
2025-03-01,55310-1g010,ito koyama - amortiguadores,98.0,0,24.0,917.1,347.3566666666666,,rojo,0,0.769958385750288,2024-11-29,6.5,150.0,0.0,0,,0.0,1,0,
2025-04-01,a-7620-s,sakura filter,762.0,0,65.0,2344.7799999999997,809.2516666666667,,rojo,0,1.1181085123344205,2025-02-28,2.18,400.0,0.0,0,250.0,0.0,1,0,
2025-03-01,a-14560,sakura filter,159.0,0,15.0,560.61,161.655,,rojo,0,0.9795852292747601,2024-11-11,2.03,120.0,0.0,0,,0.0,1,0,
2024-12-01,w20exr-u11,denso - bujias - japon,384.0,50,2.0,0.0,26.893333333333334,0.6417661382036183,verde,3,0.34839016745334933,2025-03-11,0.99,384.0,49.5,0,,5.498320664663249,0,0,0
2025-03-01,ca-28300,sakura filter,310.0,0,30.0,620.62,212.75333333333333,,rojo,0,1.011460907738472,2024-11-30,1.0,100.0,0.0,0,,0.0,1,0,
2025-04-01,as-6905-s,sakura filter,236.0,0,53.0,4940.4,1867.9799999999998,,rojo,0,0.9196279547710994,2025-01-21,7.49,198.0,0.0,0,,0.0,1,0,
2023-08-01,tsz003,ito koyama - direccion,0.0,50,0.0,0.0,0.0,2.499441033437404,rojo,6,0.6005183317989795,2023-05-19,2.08,50.0,104.0,0,,0.0,1,0,1
2025-03-01,ctx-076,aisin - japon,38.0,0,13.0,1220.81,394.57,,rojo,0,0.4958298621969637,2024-05-22,33.1,100.0,0.0,0,,0.0,1,0,
2025-03-01,t1148,ito koyama - trapecios,24.0,0,12.0,292.38,74.93333333333334,,rojo,0,0.6831285341581685,2024-03-19,10.434833,60.0,0.0,0,,0.0,1,0,
2024-02-01,sm003,ito koyama - torretas,0.0,150,0.0,0.0,0.0,0.4372362023483273,rojo,6,0.6667775005845246,2023-05-19,3.41,150.0,511.5,0,,0.0,1,0,1
2022-07-01,tkl41012a,tkl - taiwan,0.0,250,0.0,0.0,0.0,0.27681429595732854,rojo,4,0.814807853776385,2022-04-04,2.0,100.0,500.0,0,,0.0,1,0,1
2025-03-01,ef-1801,sakura filter,570.0,0,20.0,1554.92,585.2800000000001,,rojo,0,0.9643681341838567,2024-11-04,2.7,400.0,0.0,0,100.0,0.0,1,0,
2025-03-01,a-1833,sakura filter,491.0,0,38.0,556.84,223.60833333333335,,rojo,0,0.6795701209991409,2024-11-30,1.7,20.0,0.0,0,,0.0,1,0,
2025-03-01,dtlt265/70r17,deestone,103.0,0,9.0,2881.52,757.9366666666666,,rojo,0,0.587604020450919,2023-08-25,56.5,192.0,0.0,0,,0.0,1,0,
2025-03-01,icd1094,ishikawa - pastillas de freno,155.0,0,27.0,394.77,151.18,,rojo,0,0.955477222704549,2024-07-26,5.6,200.0,0.0,0,,0.0,1,0,
2025-03-01,fc-45012,sakura filter,249.0,0,8.0,404.70000000000005,67.45,,rojo,0,0.8939691985628121,2024-11-30,3.77,200.0,0.0,0,0.0,0.0,1,0,
2025-03-01,343265,ito koyama - amortiguadores,19.0,0,18.0,280.69,185.83666666666667,,rojo,0,0.657946836389807,2024-08-22,6.35,100.0,0.0,0,,0.0,1,0,
2024-11-01,t035,ito koyama - resortes,0.0,300,13.0,0.0,180.88,0.43021573897602683,rojo,6,0.9028553910482127,2023-08-31,5.67,184.0,1701.0,0,,0.0,1,0,1
2025-03-01,54660-1r001,ito koyama - amortiguadores,0.0,50,101.0,4825.78,1715.4266666666665,,rojo,0,0.8100970691469794,2024-11-29,10.6,228.0,530.0,0,,0.0,1,0,
2024-11-01,27309,versachem - usa,0.0,50,1.0,0.0,6.003333333333334,0.4044505494044732,rojo,1,0.3205171492521075,2022-11-08,2.64,144.0,132.0,0,,0.0,1,0,1
2025-03-01,54650-2w100,ito koyama - amortiguadores,77.0,0,43.0,1195.35,364.3866666666667,,rojo,0,0.864655404702164,2024-11-29,11.8,96.0,0.0,0,,0.0,1,0,
2025-03-01,hy052,ito koyama - resortes,94.0,0,25.0,3781.8,1074.6916666666666,,rojo,0,0.8061568654028833,2024-12-26,7.0,56.0,0.0,0,,0.0,1,0,
2024-09-01,a-5539,sakura filter,0.0,50,0.0,0.0,0.0,2.397447190765789,rojo,6,0.7880385750034782,2023-08-04,9.08,3.0,454.0,0,0.0,0.0,1,1,1
2025-03-01,t1103,ito koyama - trapecios,2.0,0,22.0,1251.52,269.49666666666667,,rojo,0,0.6661639574555615,2024-12-10,9.3,60.0,0.0,0,,0.0,1,0,
2025-03-01,2901310u8010,ito koyama - amortiguadores,37.0,0,7.0,116.73,30.915000000000003,,rojo,0,0.7752522344632738,2024-11-29,9.4,48.0,0.0,0,,0.0,1,0,
2025-03-01,pp103000100,valvoline,0.0,50,64.0,5980.55,1991.6716666666669,,rojo,0,0.4566164658249587,2024-11-12,16.31,120.0,815.4999999999999,0,,0.0,1,0,
2025-03-01,icd1674,ishikawa - pastillas de freno,82.0,0,38.0,951.9,209.20166666666668,,rojo,0,0.9946722782451964,2024-07-26,4.22,200.0,0.0,0,,0.0,1,0,
2024-11-01,d25600025,valvoline,48.0,50,1.0,0.0,10.22,0.9428090415820632,verde,2,0.4513103482154989,2023-07-11,3.24,96.0,162.0,0,,4.0,0,0,0
2025-03-01,56210-9m900,ito koyama - amortiguadores,0.0,50,9.0,93.32,49.74166666666667,,rojo,0,0.7473385835248666,2024-02-29,6.4,60.0,320.0,0,,0.0,1,0,
2025-02-01,331702,ito koyama - amortiguadores,6.0,0,13.0,94.2,100.86666666666667,,rojo,0,0.7038242084476456,2024-02-29,16.0,53.0,0.0,0,,0.0,1,0,
2025-04-01,ca-17140,sakura filter,131.0,0,62.0,1372.6,547.5783333333334,,rojo,0,0.9905333073622381,2024-11-04,1.8,400.0,0.0,0,300.0,0.0,1,0,
2025-03-01,a-1423,sakura filter,6.0,0,17.0,246.1,63.00833333333333,,rojo,0,1.098746042862097,2024-08-29,2.13,100.0,0.0,0,100.0,0.0,1,0,
2025-03-01,a-1425,sakura filter,21.0,0,10.0,200.17,35.776666666666664,,rojo,0,1.0357640694636387,2024-12-26,2.28,60.0,0.0,0,,0.0,1,0,
2025-03-01,t1149,ito koyama - trapecios,34.0,0,14.0,320.78,91.05333333333333,,rojo,0,0.6979650433324107,2024-03-19,10.434833,60.0,0.0,0,,0.0,1,0,
2025-01-01,sfc-24030,sakura filter,0.0,50,6.0,174.66,49.583333333333336,,rojo,0,0.823586617106684,2023-09-05,5.8,24.0,290.0,0,,0.0,1,0,
2025-02-01,mwmwc1522,wagner - pastillas,3.0,0,4.0,19.92,16.456666666666667,,rojo,0,0.45521877228499963,2024-07-20,13.1,10.0,0.0,0,,0.0,1,0,
2023-11-01,8.00036E+11,,,200,0.0,0.0,0.0,0.20345118339038298,rojo,4,,,,,,0,,0.0,1,0,1
2025-03-01,48531-36100,ito koyama - amortiguadores,213.0,0,23.0,3291.48,1015.23,,rojo,0,0.6977642309512551,2024-11-29,6.0,100.0,0.0,0,,0.0,1,0,
2025-03-01,dtx-116,aisin - japon,0.0,50,68.0,34729.68,11099.921666666667,,rojo,0,0.39746160376506645,2025-01-31,49.3,500.0,2465.0,0,,0.0,1,0,
2025-03-01,t1059,ito koyama - trapecios,7.0,0,15.0,1337.92,294.35999999999996,,rojo,0,0.5869108864609808,2024-12-10,9.86,40.0,0.0,0,,0.0,1,0,
2025-04-01,a-28590,sakura filter,481.0,0,56.0,817.5,332.17833333333334,,rojo,0,0.9604578166114616,2024-11-30,1.6,160.0,0.0,0,80.0,0.0,1,0,
2025-01-01,cac-1114,sakura filter,688.0,0,3.0,32.75,7.294999999999999,,rojo,0,1.3153949123152358,2025-01-31,1.66,400.0,0.0,0,,0.0,1,0,
2025-03-01,t023,ito koyama - resortes,204.0,0,49.0,3459.26,930.64,,rojo,0,0.8978371302593858,2024-12-26,6.15,104.0,0.0,0,,0.0,1,0,
2025-03-01,rmi001,ito koyama - direccion,187.0,0,10.0,1476.8,404.9916666666666,,rojo,0,0.6908208291220612,2025-02-28,3.760209,202.0,0.0,0,,0.0,1,0,
2025-04-01,41700-65j00,ito koyama - amortiguadores,292.0,0,50.0,1426.83,451.1233333333333,,rojo,0,0.7046393727677094,2024-11-29,6.2,149.0,0.0,0,,0.0,1,0,
2024-09-01,icd462,ishikawa - pastillas de freno,0.0,100,0.0,0.0,0.0,1.072666540655335,rojo,6,0.8195917664954132,2024-01-09,4.44,50.0,444.00000000000006,0,,0.0,1,0,1
2025-02-01,schd-125,seco - embragues,2.0,0,9.0,76.27,163.24166666666665,,rojo,0,0.48502934189888985,2024-07-18,26.84,50.0,0.0,0,,0.0,1,0,
2024-12-01,eo-3011,sakura filter,0.0,50,1.0,0.0,0.6283333333333333,0.9481035983810031,rojo,6,0.7927902313844437,2022-06-16,1.72,50.0,86.0,0,,0.0,1,0,1
2025-04-01,48510-52790,ito koyama - amortiguadores,624.0,0,157.0,26348.46,8989.199999999999,,rojo,0,0.7645830397573841,2024-11-29,10.3,689.0,0.0,0,,0.0,1,0,
2025-04-01,k006,ito koyama - resortes,136.0,0,47.0,1129.45,334.09499999999997,,rojo,0,0.7896116665999637,2024-12-26,5.75,104.0,0.0,0,,0.0,1,0,
2024-06-01,7369,spaco - italia,0.0,100,0.0,0.0,0.0,13.253270340044079,rojo,4,0.5023862664552801,,,,,0,,0.0,1,0,1
2024-09-01,k20r-u11,denso - bujias - japon,192.0,250,0.0,0.0,0.0,0.8466877244286671,verde,3,0.4000206079724532,2025-03-11,0.99,192.0,247.5,0,,3.1993055374113455,0,0,0
2025-02-01,t1086m,ito koyama - trapecios,35.0,0,4.0,201.35,88.15499999999999,,rojo,0,0.49150025897169863,2022-02-14,24.3,150.0,0.0,0,,0.0,1,0,
2025-03-01,ch011,ito koyama - resortes,216.0,0,44.0,2366.64,846.5949999999999,,rojo,0,0.6867027761754836,2024-12-26,4.7,200.0,0.0,0,,0.0,1,0,
2025-03-01,wk-1156/1,mann - brasil,455.0,0,30.0,4070.77,777.785,,rojo,0,0.48103638665460813,2024-11-13,10.9,240.0,0.0,0,,0.0,1,0,
2024-11-01,hy035,ito koyama - resortes,0.0,150,10.0,0.0,107.28666666666668,0.393359810165298,rojo,6,0.7894834260173519,2024-01-22,8.4,80.0,1260.0,0,,0.0,1,0,1
2024-09-01,bdd001,ishikawa - discos de freno,0.0,200,0.0,0.0,0.0,1.362403313149481,rojo,6,0.6264372175587747,2024-07-24,6.91,50.0,1382.0,0,,0.0,1,0,1
2023-08-01,sm006,ito koyama - torretas,0.0,50,0.0,0.0,0.0,2.4408845443789433,rojo,6,0.6065009825858856,2023-05-19,5.02,60.0,250.99999999999997,0,,0.0,1,0,1
2024-04-01,ety007,ito koyama - direccion,2.0,50,0.0,0.0,0.0,1.066050910462366,verde,6,0.5988329606144437,2021-12-27,1.82,90.0,91.0,0,,1.9978701726201753,0,0,0
2025-02-01,as-1034,sakura filter,20.0,0,8.0,194.21,55.93833333333333,,rojo,0,0.9509296260131056,2024-03-14,4.38,108.0,0.0,0,0.0,0.0,1,0,
2025-04-01,54302-ed002,ito koyama - amortiguadores,105.0,0,55.0,1754.06,565.38,,rojo,0,0.703984395676746,2024-11-29,11.0,90.0,0.0,0,,0.0,1,0,
2024-02-01,a-5015,sakura filter,0.0,100,0.0,0.0,0.0,0.732218444870996,rojo,6,1.154418730751106,2023-10-25,1.72,20.0,172.0,0,,0.0,1,0,1
2025-03-01,bdd002,ishikawa - discos de freno,8.0,0,9.0,131.53,49.605,,rojo,0,0.7466990305708708,2024-01-09,8.01,50.0,0.0,0,,0.0,1,0,
2024-11-01,cg004,ito koyama - resortes,0.0,100,4.0,0.0,79.80666666666666,0.36421542364858417,rojo,6,0.6995445983222706,2024-01-22,5.25,104.0,525.0,0,,0.0,1,0,1
2025-02-01,mi-5005,ito koyama - palieres,0.0,50,16.0,1405.9499999999998,345.78999999999996,,rojo,0,0.582816707445763,2024-10-24,7.4,100.0,370.0,0,,0.0,1,0,
2025-03-01,a-61440,sakura filter,1352.0,0,34.0,1141.1000000000001,318.5733333333333,,rojo,0,1.0039847003651687,2024-06-13,1.24,420.0,0.0,0,0.0,0.0,1,0,
2024-06-01,a-28630,sakura filter,159.0,0,0.0,0.0,0.0,1.9961769015350872,verde,6,0.8866734361508131,2023-07-26,1.19,60.0,0.0,0,,15.9,0,0,0
2025-03-01,a-70020-s,sakura filter,9.0,0,25.0,2051.97,564.195,,rojo,0,1.1141465038688532,2025-01-28,3.49,75.0,0.0,0,,0.0,1,0,
2025-03-01,op-701,ito koyama - palieres,2.0,0,13.0,660.39,138.8033333333333,,rojo,0,0.5948084319666109,2024-12-17,8.2,50.0,0.0,0,,0.0,1,0,
2024-10-01,c-5702,sakura filter,41.0,50,1.0,0.0,4.1466666666666665,0.5772635926438705,verde,6,0.5910983898863083,2023-10-25,6.5,30.0,325.0,0,,6.832307457429337,0,0,0
2025-03-01,a-1671,sakura filter,59.0,0,10.0,113.28,38.888333333333335,,rojo,0,1.0098051831993613,2024-11-04,2.0,60.0,0.0,0,,0.0,1,0,
2025-04-01,a-22510,sakura filter,356.0,0,16.0,680.2,267.4866666666667,,rojo,0,0.8708849050489417,2025-02-28,2.79,80.0,0.0,0,,0.0,1,0,
2025-04-01,eo-1102,sakura filter,178.0,0,50.0,1971.73,546.2766666666666,,rojo,0,2.3360214481499835,2024-11-30,1.0,200.0,0.0,0,0.0,0.0,1,0,
2025-03-01,c-5703,sakura filter,0.0,50,8.0,316.9,61.029999999999994,,rojo,0,1.3028589559880066,2024-11-11,2.19,60.0,109.5,0,,0.0,1,0,
2025-03-01,100-3l,ishikawa - cigueñales-culatas-ejes de levas,0.0,50,4.0,2724.58,454.09666666666664,,rojo,0,0.2954339746669125,2025-01-13,105.0,20.0,5250.0,0,,0.0,1,0,
2025-03-01,icd0001,ishikawa - pastillas de freno,41.0,0,18.0,252.64,85.44333333333333,,rojo,0,0.8879290896108788,2024-03-20,4.68,100.0,0.0,0,,0.0,1,0,
2025-01-01,bhy006,ito koyama - bocamazas,16.0,100,7.0,149.92,61.79666666666666,1.258329427250165,verde,6,0.6814107695310804,2024-11-13,13.03,30.0,1303.0,0,,1.454678298008708,0,0,0
2025-03-01,hy041,ito koyama - resortes,564.0,0,37.0,2117.73,450.16,,rojo,0,0.9005747539586539,2024-12-26,4.8,200.0,0.0,0,,0.0,1,0,
2024-04-01,pgca5003,prextoline - grasas,0.0,50,0.0,0.0,0.0,2.335833250813601,rojo,2,0.32802846603372093,2021-12-20,31.0,280.0,1550.0,0,,0.0,1,0,1
2024-09-01,ahy010,ito koyama - direccion,0.0,100,0.0,0.0,0.0,0.6419332268175036,rojo,6,0.6809438104103644,2023-05-19,1.9,160.0,190.0,0,,0.0,1,0,1
2024-11-01,ca-28210-s,sakura filter,0.0,100,3.0,0.0,5.326666666666667,0.5012127107594467,rojo,6,1.0269347623879537,2020-05-22,1.02,60.0,102.0,0,0.0,0.0,1,1,1
2025-03-01,a-1414,sakura filter,57.0,0,9.0,83.27,25.831666666666667,,rojo,0,1.1393802829893294,2024-12-13,1.58,80.0,0.0,0,,0.0,1,0,
2025-03-01,a-7002,sakura filter,16.0,0,16.0,196.95000000000002,45.66833333333333,,rojo,0,0.8563762882709259,2023-11-24,2.73,50.0,0.0,0,,0.0,1,0,
2025-03-01,a-5558-s,sakura filter,354.0,0,52.0,4357.89,1722.0733333333335,,rojo,0,0.9746753108411766,2025-01-31,21.97,200.0,0.0,0,200.0,0.0,1,0,
2023-04-01,11006,marilia,0.0,550,0.0,0.0,0.0,0.8944925089168176,rojo,4,0.480689033407566,2019-08-23,2.35,2000.0,1292.5,0,,0.0,1,0,1
2024-12-01,k20tr11,denso - bujias - japon,98.0,300,2.0,0.0,33.151666666666664,0.5985243003162833,verde,3,0.6714747471530746,2024-08-26,1.49,192.0,447.0,0,,1.212787899621863,0,0,0
2025-03-01,a-28510,sakura filter,66.0,0,8.0,61.96,22.45,,rojo,0,0.914100634142904,2022-12-02,1.77,200.0,0.0,0,,0.0,1,0,
2025-03-01,a-2847,sakura filter,57.0,0,11.0,179.5,78.37666666666667,,rojo,0,1.0411547443799083,2024-11-11,1.4,60.0,0.0,0,,0.0,1,0,
2025-04-01,a-5903,sakura filter,690.0,0,94.0,5175.0199999999995,1215.6633333333332,,rojo,0,0.7845228210116946,2025-01-31,4.88,504.0,0.0,0,248.0,0.0,1,0,
2023-11-01,na-6302-2nsec3,nachi - koyo - ntn - nsk - japon,0.0,100,0.0,0.0,0.0,0.7731749818184247,rojo,4,0.43878956705211813,2021-06-05,1.45,200.0,145.0,0,,0.0,1,0,1
2025-04-01,ca-18360,sakura filter,282.0,0,36.0,638.47,174.5583333333333,,rojo,0,1.1297155116789366,2024-10-22,1.1,400.0,0.0,0,160.0,0.0,1,0,
2024-04-01,wpt-168va,aisin - japon,0.0,50,0.0,0.0,0.0,1.1239221749785957,rojo,6,0.3436933477364395,2023-02-09,28.53,30.0,1426.5,0,,0.0,1,0,1
2025-03-01,t1062,ito koyama - trapecios,22.0,0,7.0,158.63,36.401666666666664,,rojo,0,0.5068092159818658,2024-03-19,11.3045,20.0,0.0,0,,0.0,1,0,
2025-03-01,jp002,ito koyama - resortes,15.0,0,14.0,117.74,128.13666666666668,,rojo,0,0.6754177204620824,2023-07-15,9.3,64.0,0.0,0,,0.0,1,0,
2023-08-01,mpg1,clevite - usa,0.0,50,0.0,0.0,0.0,inf,rojo,3,0.5908399514461065,2023-04-17,9.72,700.0,486.00000000000006,0,,0.0,1,0,1
2025-04-01,c-1109,sakura filter,8321.0,0,352.0,99916.5,37883.10833333333,,rojo,0,0.751266754899119,2024-11-30,0.88,10000.0,0.0,0,1000.0,0.0,1,0,
2025-03-01,hy032,ito koyama - resortes,512.0,0,87.0,2485.44,1019.2683333333333,,rojo,0,0.7332958834709288,2024-12-26,5.8,200.0,0.0,0,,0.0,1,0,
2024-12-01,546612d000,ito koyama - amortiguadores,1.0,50,2.0,0.0,5.98,2.0203711546293937,amarillo,6,0.6234855946611533,2024-08-22,10.5,8.0,525.0,0,,0.20004043124713483,0,0,1
2025-03-01,41700-63010,ito koyama - amortiguadores,72.0,0,15.0,1677.45,507.865,,rojo,0,0.6629208326601391,2024-08-22,4.75,150.0,0.0,0,,0.0,1,0,
2025-03-01,a-8608-s,sakura filter,78.0,0,13.0,774.69,199.125,,rojo,0,0.8745981543506764,2025-02-28,7.09,96.0,0.0,0,,0.0,1,0,
2025-03-01,sk-823a,ito koyama - palieres,119.0,0,36.0,1199.61,338.46166666666664,,rojo,0,0.6429596839745532,2024-12-17,6.4,200.0,0.0,0,,0.0,1,0,
2025-03-01,a-1728,sakura filter,744.0,0,28.0,384.2,134.975,,rojo,0,0.932555936115339,2024-11-30,2.41,480.0,0.0,0,160.0,0.0,1,0,
2025-02-01,aty002,ito koyama - direccion,78.0,0,3.0,7.51,5.218333333333334,,rojo,0,0.6035389799038552,2022-08-15,2.27,120.0,0.0,0,,0.0,1,0,
2025-01-01,bsk001,ito koyama - bocamazas,12.0,0,10.0,0.0,125.80666666666666,,rojo,0,0.5708808210458085,2024-11-13,5.45,20.0,0.0,0,,0.0,1,0,
2025-03-01,343493,ito koyama - amortiguadores,315.0,0,32.0,1033.62,337.52500000000003,,rojo,0,0.7043621810303641,2024-11-29,7.0,150.0,0.0,0,,0.0,1,0,
2024-02-01,as237sp-m1,prestone - mexico,0.0,550,0.0,0.0,0.0,1.4772769592934167,rojo,3,0.4977589393358209,2022-06-08,1.75,3756.0,962.5,0,,0.0,1,0,1
2025-04-01,n005,ito koyama - resortes,397.0,0,125.0,1881.96,1395.0816666666667,,rojo,0,0.7916847536566445,2024-12-26,4.1,600.0,0.0,0,,0.0,1,0,
2025-04-01,332153,ito koyama - amortiguadores,81.0,0,49.0,1214.06,434.175,,rojo,0,0.6485695033558437,2024-11-08,10.0,80.0,0.0,0,,0.0,1,0,
2025-04-01,cmts-003,aisin - japon,23.0,0,10.0,2731.55,455.2583333333334,,rojo,0,0.4399265626879652,2025-02-24,20.91,100.0,0.0,0,,0.0,1,0,
2024-10-01,mwmwc2042,wagner - pastillas,0.0,50,0.0,0.0,0.0,0.5634564734169989,rojo,3,0.5516749074917873,2023-04-25,13.7,50.0,685.0,0,,0.0,1,0,1
2023-06-01,7793,spaco - italia,0.0,150,0.0,0.0,0.0,0.31826132275144636,rojo,4,0.6043710248860077,,,,,0,,0.0,1,0,1
2025-04-01,332152,ito koyama - amortiguadores,8.0,0,46.0,1157.1100000000001,391.1816666666667,,rojo,0,0.6387849215280476,2024-08-22,10.2,80.0,0.0,0,,0.0,1,0,
2024-11-01,ixuh22,denso - bujias - japon,192.0,0,1.0,0.0,10.52,0.6292425077467851,verde,3,0.3777912795265177,2025-03-11,6.06,192.0,0.0,0,,7.836734693877551,0,0,0
2025-03-01,726780343l,ito koyama - amortiguadores,71.0,0,20.0,188.17,80.38166666666667,,rojo,0,0.6461493325991264,2023-07-25,10.0,179.0,0.0,0,,0.0,1,0,
2023-06-01,6886,spaco - italia,0.0,100,0.0,0.0,0.0,0.5768303010063897,rojo,4,0.6688521899674134,,,,,0,,0.0,1,0,1
2025-01-01,bdd080,ishikawa - discos de freno,56.0,0,3.0,130.0,28.588333333333335,,rojo,0,0.6727574757625085,2023-03-31,13.0,100.0,0.0,0,,0.0,1,0,
2025-02-01,55361-2e501,ito koyama - amortiguadores,0.0,50,27.0,340.78,218.33333333333334,,rojo,0,0.8032128324555602,2024-02-29,11.4,100.0,570.0,0,,0.0,1,0,
2024-02-01,p-707x,mann - brasil,0.0,150,0.0,0.0,0.0,1.1066346620900858,rojo,4,0.371918260075716,2021-06-25,2.76,432.0,413.99999999999994,0,,0.0,1,0,1
2025-03-01,d04a34700c,ito koyama - amortiguadores,76.0,0,19.0,186.6,137.07666666666668,,rojo,0,0.6102795883784926,2024-08-22,11.0,56.0,0.0,0,,0.0,1,0,
2024-08-01,schd-458,seco - embragues,0.0,50,0.0,0.0,0.0,3.051095151995556,rojo,4,0.35870137025903537,2023-05-23,20.16,200.0,1008.0,0,,0.0,1,0,1
2025-03-01,485300d330,ito koyama - amortiguadores,1042.0,0,81.0,3039.35,954.5066666666667,,rojo,0,0.8206793678976895,2024-11-29,6.0,700.0,0.0,0,,0.0,1,0,
2025-03-01,a-71510-s,sakura filter,50.0,0,22.0,1236.06,495.73333333333335,,rojo,0,0.8058667844110537,2025-01-31,27.82,37.0,0.0,0,,0.0,1,0,
2024-10-01,a-14590,sakura filter,162.0,0,3.0,0.0,10.616666666666667,0.9847392969131673,verde,6,0.834388366936788,2024-11-11,1.64,80.0,0.0,0,,12.394206187697085,0,0,0
2025-04-01,adex3h,novaquimica - peru,27.0,0,54.0,2224.59,911.725,,rojo,0,0.3891225565884189,2025-01-14,36.63,60.0,0.0,0,,0.0,1,0,
2024-12-01,hu-721xkit,mann - brasil,0.0,400,19.0,0.0,284.9733333333333,0.37703212557332966,rojo,4,0.4006236989428397,2024-09-24,5.711428167819976,200.0,2284.5712671279907,0,,0.0,1,0,1
2024-08-01,scdw-155,seco - embragues,0.0,100,0.0,0.0,0.0,4.090830551123668,rojo,4,0.3672029689871081,2024-07-18,9.11,100.0,911.0,0,,0.0,1,0,1
2025-03-01,hy044,ito koyama - resortes,218.0,0,50.0,8104.900000000001,2028.0833333333333,,rojo,0,0.7084737289815899,2024-12-26,5.55,56.0,0.0,0,,0.0,1,0,
2025-04-01,ca-11390,sakura filter,139.0,0,20.0,740.22,157.875,,rojo,0,1.1283015881888505,2024-08-29,1.41,300.0,0.0,0,300.0,0.0,1,0,
2025-03-01,ctx-064,aisin - japon,901.0,0,76.0,11827.77,3330.3866666666668,,rojo,0,0.40635353283035025,2024-12-17,31.28,1000.0,0.0,0,,0.0,1,0,
2025-03-01,t032,ito koyama - resortes,236.0,0,25.0,4690.04,1276.7933333333333,,rojo,0,0.7722332838402929,2024-12-26,7.6,200.0,0.0,0,,0.0,1,0,
2023-08-01,sm038,ito koyama - torretas,0.0,250,0.0,0.0,0.0,2.083012252756146,rojo,6,0.6231862454284962,2023-05-19,3.31,360.0,827.5,0,,0.0,1,0,1
2025-03-01,a-71300,sakura filter,127.0,0,6.0,545.17,115.86166666666666,,rojo,0,0.47627094270355136,2024-04-18,31.6,40.0,0.0,0,0.0,0.0,1,0,
2023-04-01,ahy006,ito koyama - direccion,194.0,0,0.0,0.0,0.0,2.160246899469287,verde,6,0.6421787119576834,2025-02-28,2.297905,200.0,0.0,0,,97.0,0,0,0
2025-03-01,t1061,ito koyama - trapecios,13.0,0,8.0,158.55,41.830000000000005,,rojo,0,0.495946141926871,2024-03-19,11.3045,20.0,0.0,0,,0.0,1,0,
2024-11-01,x24ep-u9,denso - bujias - japon,34.0,100,1.0,0.0,4.236666666666667,0.827329177770041,verde,3,0.3881115103629546,2024-04-05,0.86,100.0,86.0,0,,1.2839160839160837,0,0,0
2025-04-01,sfc-55220,sakura filter,133.0,0,54.0,2940.0,936.7083333333334,,rojo,0,0.6180306139315496,2024-12-13,10.0,204.0,0.0,0,,0.0,1,0,
2025-03-01,a-38150-s,sakura filter,0.0,50,17.0,869.24,268.55,,rojo,0,0.8813342527160247,2022-09-05,22.5,12.0,1125.0,0,0.0,0.0,1,0,
2024-05-01,rhy006,ito koyama - direccion,0.0,50,0.0,0.0,0.0,1.3492031926797943,rojo,6,0.7464522801787666,2023-05-19,2.93,160.0,146.5,0,,0.0,1,0,1
2024-08-01,48045,narva,0.0,100,0.0,0.0,0.0,1.689119593160887,rojo,4,0.4791265616969387,2023-09-21,1.5809097814559936,100.0,158.09097814559937,0,,0.0,1,0,1
2025-03-01,a-17200,sakura filter,108.0,0,38.0,773.08,227.295,,rojo,0,1.1066561497052554,2024-11-28,1.92,200.0,0.0,0,160.0,0.0,1,0,
2025-04-01,c-2906,sakura filter,3105.0,0,292.0,19022.58,5898.099999999999,,rojo,0,0.7638986945311026,2024-12-13,1.8,360.0,0.0,0,3504.0,0.0,1,0,
2025-03-01,a-5639,sakura filter,167.0,0,6.0,104.29,56.333333333333336,,rojo,0,1.0215696738573887,2024-08-29,14.71,100.0,0.0,0,,0.0,1,0,
2025-04-01,cmt-142,aisin - japon,288.0,0,43.0,4508.93,1367.3133333333335,,rojo,0,0.4802076330834038,2025-01-31,17.87,400.0,0.0,0,,0.0,1,0,
2024-10-01,scki-349,seco - embragues,0.0,100,11.0,0.0,1184.3066666666666,1.6874352888517603,rojo,4,0.40128528328192276,2024-07-18,12.27,200.0,1227.0,0,,0.0,1,0,1
2025-03-01,54302-01a00,ito koyama - amortiguadores,31.0,0,32.0,482.79,200.41166666666666,,rojo,0,0.6921873231464035,2024-11-29,11.2,50.0,0.0,0,,0.0,1,0,
2025-03-01,icd1886,ishikawa - pastillas de freno,17.0,0,10.0,158.6,47.97666666666667,,rojo,0,0.9067828737250317,2024-01-09,6.44,50.0,0.0,0,,0.0,1,0,
2023-06-01,rho003,ito koyama - direccion,0.0,100,0.0,0.0,0.0,0.6664785255880002,rojo,6,0.6746243958631176,2022-08-15,2.17,240.0,217.0,0,,0.0,1,0,1
2025-01-01,dm12.00r24,deruibo,0.0,50,6.0,5145.77,1934.4650000000001,,rojo,0,0.31436196082824946,2024-08-31,147.0,40.0,7350.0,0,,0.0,1,0,
2024-10-01,17048,narva,0.0,850,1.0,0.0,1.9483333333333333,0.6709701208493685,rojo,4,0.41790574781684214,2024-05-29,0.3087357574701309,600.0,262.4253938496112,0,,0.0,1,0,1
2024-08-01,42007,narva,2150.0,0,0.0,0.0,0.0,0.6413632137255074,verde,4,0.6402871714227096,2023-09-21,0.6997975980043412,1800.0,0.0,0,,35.76147466029231,0,0,0
2025-03-01,ctx-107,aisin - japon,245.0,0,10.0,1219.1200000000001,294.07666666666665,,rojo,0,0.44672032070080697,2024-04-16,38.54,200.0,0.0,0,,0.0,1,0,
2023-05-01,sdhd-416,seco - embragues,0.0,100,0.0,0.0,0.0,0.9115553416859405,rojo,4,0.4278934040001792,2022-08-08,15.02,100.0,1502.0,0,,0.0,1,0,1
2025-03-01,mi-014,ito koyama - palieres,373.0,0,12.0,433.05,91.79833333333333,,rojo,0,0.5889529499677494,2024-12-17,9.1,400.0,0.0,0,,0.0,1,0,
2025-03-01,a-6706-s,sakura filter,1114.0,0,29.0,5224.63,870.7716666666666,,rojo,0,0.6604279892929297,2025-02-28,5.98,477.0,0.0,0,0.0,0.0,1,0,
2023-07-01,thy013,ito koyama - direccion,0.0,100,0.0,0.0,0.0,0.8774192359549546,rojo,6,0.6609834314798941,2023-05-19,2.9,36.0,290.0,0,,0.0,1,0,1
2024-06-01,tho004,ito koyama - direccion,0.0,50,0.0,0.0,0.0,0.46945891128912465,rojo,6,0.577015334688322,2023-05-19,3.68,20.0,184.0,0,,0.0,1,0,1
2024-02-01,tho003,ito koyama - direccion,0.0,50,0.0,0.0,0.0,0.9560661587986472,rojo,6,0.6008402991469135,2023-05-19,3.68,20.0,184.0,0,,0.0,1,0,1
2025-03-01,a-2922,sakura filter,68.0,0,9.0,113.34,23.296666666666667,,rojo,0,0.9472467902768856,2024-08-29,2.37,100.0,0.0,0,,0.0,1,0,
2023-01-01,11421,marilia,0.0,100,0.0,0.0,0.0,3.357082066318904,rojo,4,0.5184778346657922,2019-08-23,2.48,1500.0,248.0,0,,0.0,1,0,1
2025-03-01,3461-1011skr,sakura - radiadores,0.0,50,12.0,378.15999999999997,174.835,,rojo,0,0.703189606226112,2024-01-18,18.5,100.0,925.0,0,,0.0,1,0,
2025-04-01,fc-2904,sakura filter,11646.0,0,458.0,227127.42,66420.46,,rojo,0,0.8044069894872677,2025-01-31,2.3,1400.0,0.0,0,6050.0,0.0,1,0,
2025-03-01,vx959,valvoline - usa,62.0,0,18.0,32790.24,10390.68,,rojo,0,0.4897963842412947,2024-08-07,700.0,12.0,0.0,0,,0.0,1,0,
2025-03-01,a-2802,sakura filter,156.0,0,5.0,46.849999999999994,17.145,,rojo,0,0.8782670138769061,2023-11-28,2.05,100.0,0.0,0,,0.0,1,0,
2025-03-01,a-1125,sakura filter,1.0,0,11.0,88.97999999999999,27.541666666666668,,rojo,0,1.108821590075336,2024-08-29,2.19,40.0,0.0,0,,0.0,1,0,
2024-08-01,fc-2905,sakura filter,0.0,450,0.0,0.0,0.0,0.475641811022797,rojo,6,0.6311299899312333,2023-10-23,3.77,20.0,1696.5,0,0.0,0.0,1,1,1
2025-03-01,icd1942,ishikawa - pastillas de freno,41.0,0,39.0,723.91,243.605,,rojo,0,0.9270502436701564,2024-07-26,4.17,100.0,0.0,0,,0.0,1,0,
2025-03-01,t1077,ito koyama - trapecios,51.0,0,15.0,206.15,59.43833333333333,,rojo,0,0.5471275822239408,2024-12-10,8.84,60.0,0.0,0,,0.0,1,0,
2025-03-01,t1078,ito koyama - trapecios,64.0,0,15.0,202.75,67.73333333333333,,rojo,0,0.6068574135506016,2024-12-10,8.84,60.0,0.0,0,,0.0,1,0,
2025-01-01,as-6202-2rsc3,nas - pfi - zkl - mba,238.0,0,2.0,0.0,3.728333333333333,,rojo,0,0.5471670785492273,2019-11-21,0.32,1000.0,0.0,0,,0.0,1,0,
2024-06-01,7223,spaco - italia,0.0,500,0.0,0.0,0.0,0.4716710454198873,rojo,4,0.3616230091606981,,,,,0,,0.0,1,0,1
2025-04-01,a-5597-s,sakura filter,301.0,0,10.0,539.3000000000001,89.88333333333334,,rojo,0,1.060346354713775,2025-01-31,3.3,16.0,0.0,0,,0.0,1,0,
2025-03-01,c007,ito koyama - resortes,54.0,0,24.0,569.92,201.01166666666666,,rojo,0,0.8183420840009976,2024-01-22,5.67,96.0,0.0,0,,0.0,1,0,
2025-01-01,96424025,ito koyama - amortiguadores,80.0,0,9.0,84.32,49.16166666666666,,rojo,0,0.6523744752385353,2024-08-22,9.85,60.0,0.0,0,,0.0,1,0,
2025-03-01,icd1191,ishikawa - pastillas de freno,56.0,0,23.0,920.34,368.6266666666667,,rojo,0,1.022305228896528,2024-07-26,4.93,100.0,0.0,0,,0.0,1,0,
2024-12-01,fs-8903,sakura filter,267.0,50,3.0,0.0,18.08,0.06781260348846967,verde,6,0.7587901045443448,2024-02-28,2.72,50.0,136.0,0,,10.652615713563263,0,0,0
2025-01-01,mwmwc1455,wagner - pastillas,0.0,50,2.0,25.92,8.345,,rojo,0,0.4510385069735701,2024-07-20,15.8,20.0,790.0,0,,0.0,1,0,
2025-04-01,334471,ito koyama - amortiguadores,44.0,0,24.0,567.34,140.68333333333334,,rojo,0,0.668961510219275,2024-11-29,11.5,47.0,0.0,0,,0.0,1,0,
2025-04-01,334470,ito koyama - amortiguadores,16.0,0,21.0,658.35,147.785,,rojo,0,0.6874797881205851,2024-11-29,11.6,47.0,0.0,0,,0.0,1,0,
2025-03-01,4853109450,ito koyama - amortiguadores,73.0,0,17.0,3092.4,848.3466666666667,,rojo,0,0.7972156978425096,2024-11-29,7.7,100.0,0.0,0,,0.0,1,0,
2025-03-01,543038h600,ito koyama - amortiguadores,33.0,0,11.0,237.70999999999998,52.56166666666667,,rojo,0,0.608754425724414,2024-11-29,10.6,48.0,0.0,0,,0.0,1,0,
2025-03-01,tto026,ito koyama - direccion,214.0,0,5.0,398.36,66.39333333333333,,rojo,0,0.6389363288465529,2025-02-28,2.506809,300.0,0.0,0,,0.0,1,0,
2024-12-01,a-6707,sakura filter,114.0,100,1.0,0.0,15.255,0.2174770186938135,verde,6,1.0319448094189745,2023-10-23,9.03,19.0,902.9999999999999,0,,6.706360900602091,0,0,0
2025-02-01,624380212,ito koyama - amortiguadores,1.0,0,10.0,585.87,102.08666666666666,,rojo,0,0.6827526637360406,2024-11-29,6.9,50.0,0.0,0,,0.0,1,0,
2025-03-01,n080,ito koyama - resortes,78.0,0,10.0,308.3,94.97333333333334,,rojo,0,0.5492435712363889,2024-12-26,10.3,48.0,0.0,0,,0.0,1,0,
2025-03-01,srb-128,seco - embragues,24.0,0,33.0,280.77,385.67,,rojo,0,0.42824099201432575,2024-07-18,7.48,500.0,0.0,0,,0.0,1,0,
2025-01-01,p2560cf500,prextoline - lubricantes,0.0,50,4.0,257.63,193.22,,rojo,0,0.44207170728796535,2024-03-30,39.43,30.0,1971.5,0,,0.0,1,0,
2025-03-01,bdd023,ishikawa - discos de freno,6.0,0,11.0,305.57,106.69166666666666,,rojo,0,0.6503173522193048,2024-10-30,6.28,50.0,0.0,0,,0.0,1,0,
2024-01-01,tto023,ito koyama - direccion,0.0,200,0.0,0.0,0.0,1.2033442718951124,rojo,6,0.6457336534496941,2023-05-19,2.11,120.0,422.0,0,,0.0,1,0,1
2024-05-01,srni003,ito koyama - cremalleras,0.0,50,0.0,0.0,0.0,0.6617417150239272,rojo,6,0.302990986032329,2021-08-31,40.1,60.0,2005.0,0,,0.0,1,0,1
2025-03-01,k010,ito koyama - resortes,26.0,0,29.0,736.84,244.89166666666665,,rojo,0,0.7141295891474362,2024-12-26,6.8,56.0,0.0,0,,0.0,1,0,
2025-03-01,hy008,ito koyama - resortes,1699.0,0,171.0,6319.0,2341.7183333333332,,rojo,0,0.820145314476231,2024-12-26,4.2,1200.0,0.0,0,,0.0,1,0,
2024-08-01,wk-1050/2,mann - brasil,0.0,50,0.0,0.0,0.0,2.8611314862263524,rojo,4,0.31768939251242173,2022-04-19,13.41,54.0,670.5,0,,0.0,1,0,1
2024-10-01,rov2050025,rover - usa,0.0,450,2.0,0.0,268.0783333333333,2.55316919927043,rojo,4,0.5217793136501587,2024-06-20,2.165833,1008.0,974.62485,0,,0.0,1,0,1
2025-04-01,t003,ito koyama - resortes,448.0,0,96.0,2742.52,1174.17,,rojo,0,0.7982833686306907,2024-12-26,4.7,400.0,0.0,0,,0.0,1,0,
2025-03-01,dtx-188,aisin - japon,146.0,0,39.0,10705.72,3437.9366666666665,,rojo,0,0.49741239048890656,2024-12-17,35.48,60.0,0.0,0,,0.0,1,0,
2025-04-01,a-33411,sakura filter,213.0,0,129.0,5443.9800000000005,1523.5816666666667,,rojo,0,0.8317430229646767,2024-11-11,2.4,160.0,0.0,0,1200.0,0.0,1,0,
2024-08-01,as-29685/20,nas - pfi - zkl - mba,305.0,0,0.0,0.0,0.0,7.249620891994424,verde,4,0.3136714425685361,2019-11-21,4.02,1500.0,0.0,0,,55.6643223947655,0,0,0
2024-11-01,17182,narva,440.0,200,3.0,0.0,12.783333333333333,0.8713590784375629,verde,4,0.5287650210987701,2023-09-21,0.3223607141971588,600.0,64.47214283943175,0,,5.774931454240537,0,0,0
2025-02-01,a-1437,sakura filter,0.0,50,9.0,172.74,55.51666666666667,,rojo,0,0.8845979371804372,2022-12-06,1.89,40.0,94.5,0,0.0,0.0,1,0,
2025-03-01,dtx-199,aisin - japon,136.0,0,27.0,42767.85,8844.300000000001,,rojo,0,0.5602776798037293,2024-12-17,34.17,100.0,0.0,0,,0.0,1,0,
2024-05-01,rhy013,ito koyama - direccion,2.0,100,0.0,0.0,0.0,0.6328403232946133,amarillo,6,0.7457666933999285,2023-05-19,4.18,100.0,418.0,0,,0.17495845726116652,0,0,1
2025-03-01,t1097,ito koyama - trapecios,7.0,0,12.0,119.65,61.49666666666667,,rojo,0,0.6556767877644668,2024-03-19,10.145,60.0,0.0,0,,0.0,1,0,
2025-03-01,ahy008,ito koyama - direccion,186.0,0,4.0,52.08,8.68,,rojo,0,0.5962652301558466,2025-02-28,2.019373,200.0,0.0,0,,0.0,1,0,
2024-11-01,3221-8512skr,sakura - radiadores,0.0,200,9.0,0.0,251.55499999999998,0.6383001481683571,rojo,6,0.8573286924865827,2024-08-29,16.3,50.0,3260.0,0,,0.0,1,0,1
2025-03-01,tch004,ito koyama - direccion,181.0,0,3.0,274.26,45.71,,rojo,0,0.6956697308534914,2025-02-28,2.506792,200.0,0.0,0,,0.0,1,0,
2025-04-01,cdx-019a,aisin - japon,199.0,0,102.0,32032.66,9509.373333333333,,rojo,0,0.4899909278730154,2024-12-17,24.75,400.0,0.0,0,,0.0,1,0,
2025-03-01,ds-006,aisin - japon,20.0,0,3.0,149.49,32.39,,rojo,0,0.4172373235837023,2025-01-31,18.17,20.0,0.0,0,,0.0,1,0,
2025-03-01,thy002,ito koyama - direccion,55.0,0,5.0,1179.55,196.59166666666667,,rojo,0,0.5987245019236711,2025-02-28,2.715729,100.0,0.0,0,,0.0,1,0,
2024-10-01,a-28900,sakura filter,23.0,100,2.0,0.0,9.738333333333333,0.2600258413227695,verde,6,0.7655438376434249,2023-08-04,2.62,60.0,262.0,0,,1.6429956254450857,0,0,0
2024-05-01,w-962/14,mann - brasil,0.0,100,0.0,0.0,0.0,0.28237481519080937,rojo,4,0.5523549003780267,2023-06-07,5.370420033931731,60.0,537.0420033931731,0,,0.0,1,0,1
2025-03-01,e6210-9km0a,ito koyama - amortiguadores,462.0,0,16.0,626.3299999999999,158.27833333333334,,rojo,0,0.7522710184417324,2022-09-23,6.8,1.0,0.0,0,,0.0,1,0,
2025-04-01,ho-046,ito koyama - palieres,15.0,0,16.0,677.2,165.03333333333333,,rojo,0,0.579088641380092,2024-12-17,6.9,50.0,0.0,0,,0.0,1,0,
2025-03-01,mi003,ito koyama - resortes,224.0,0,13.0,391.49,164.07166666666666,,rojo,0,0.8182395453613416,2024-12-26,8.9,200.0,0.0,0,,0.0,1,0,
2024-12-01,896749,valvoline - usa,561.0,0,14.0,0.0,533.9,0.5876780356216706,verde,3,0.5519223953271779,2025-03-10,24.78,291.0,0.0,0,,11.35634625597451,0,0,0
2025-04-01,ni-022f3,ito koyama - palieres,95.0,0,30.0,582.55,327.35166666666663,,rojo,0,0.6045999102169093,2024-12-17,7.1,50.0,0.0,0,,0.0,1,0,
2025-03-01,mi-002,ito koyama - palieres,182.0,0,47.0,7883.9,2159.3416666666667,,rojo,0,0.6295540756069289,2024-12-17,6.3,300.0,0.0,0,,0.0,1,0,
2025-03-01,fs-1410,sakura filter,102.0,0,1.0,5.08,0.8466666666666667,,rojo,0,0.5544840559679562,2022-12-02,3.12,50.0,0.0,0,,0.0,1,0,
2025-04-01,a-8602-s,sakura filter,558.0,0,180.0,24080.43,7550.44,,rojo,0,0.9545210806619336,2025-01-28,4.53,600.0,0.0,0,0.0,0.0,1,0,
2025-03-01,a-1959,sakura filter,45.0,0,31.0,1705.08,534.96,,rojo,0,1.0129263151783159,2025-01-31,3.2,20.0,0.0,0,,0.0,1,0,
2025-04-01,eo-26330,sakura filter,44.0,0,23.0,916.19,210.07500000000002,,rojo,0,0.9190291474276534,2024-02-28,3.86,208.0,0.0,0,0.0,0.0,1,0,
2025-03-01,wc-5706,sakura filter,8.0,0,5.0,90.59,39.89,,rojo,0,0.7730652858080321,2023-10-25,5.15,24.0,0.0,0,,0.0,1,0,
2025-02-01,paw68a5500,prextoline - lubricantes,26.0,0,6.0,1423.73,707.625,,rojo,0,0.4923645003747227,2025-02-27,205.0,8.0,0.0,0,,0.0,1,0,
2024-04-01,27569,versachem - usa,0.0,50,0.0,0.0,0.0,1.07854777646725,rojo,1,0.3149858245636369,2022-11-08,3.11,840.0,155.5,0,,0.0,1,0,1
2025-02-01,sfc-5709-10,sakura filter,36.0,0,4.0,121.94,50.23833333333334,,rojo,0,1.4275878740816994,2024-09-17,5.33,60.0,0.0,0,,0.0,1,0,
2025-03-01,sfc-31010-10,sakura filter,145.0,0,19.0,1897.76,395.215,,rojo,0,0.9516822432779097,2024-12-13,11.05,222.0,0.0,0,0.0,0.0,1,0,
2025-03-01,54302-1n310,ito koyama - amortiguadores,124.0,0,29.0,289.26,180.55999999999997,,rojo,0,0.6449790436929815,2024-11-29,10.4,90.0,0.0,0,,0.0,1,0,
2024-09-01,48056,narva,610.0,0,0.0,0.0,0.0,1.2351338209099272,verde,4,0.4143166623066423,2024-05-29,1.8135648431777955,600.0,0.0,0,,12.2,0,0,0
2025-03-01,348083,ito koyama - amortiguadores,108.0,0,30.0,737.62,319.51166666666666,,rojo,0,0.6467612817400109,2024-11-29,6.4,150.0,0.0,0,,0.0,1,0,
2025-04-01,c-1008,sakura filter,0.0,0,111.0,8283.74,2845.8733333333334,,rojo,0,0.8000105778907366,2024-11-04,3.07,300.0,0.0,0,900.0,0.0,1,0,
2024-09-01,rto003,ito koyama - direccion,0.0,200,0.0,0.0,0.0,1.1253458272660029,rojo,6,0.49829767748393344,2022-08-15,3.69,210.0,738.0,0,,0.0,1,0,1
2024-01-01,cf-1430,mann - brasil,107.0,0,0.0,0.0,0.0,0.9872414166245723,verde,4,0.47972400976333407,2022-02-14,17.50218813419342,150.0,0.0,0,,20.235963664222396,0,0,0
2025-04-01,a-2709-s,sakura filter,1163.0,0,353.0,96185.8,30583.059999999998,,rojo,0,0.7430339683598717,2025-01-21,11.04,40.0,0.0,0,636.0,0.0,1,0,
2025-03-01,48531-b4010,ito koyama - amortiguadores,273.0,0,36.0,1388.54,360.0783333333333,,rojo,0,0.8335583245070572,2024-11-29,6.3,199.0,0.0,0,,0.0,1,0,
2024-12-01,w20ex-u,denso - bujias - japon,0.0,100,2.0,0.0,22.458333333333332,0.9606991094367202,rojo,3,0.4047262237585451,2022-11-17,0.84,480.0,84.0,0,,0.0,1,0,1
2025-03-01,hy-640,ito koyama - palieres,51.0,0,14.0,459.27,125.23,,rojo,0,0.5838479209257775,2024-12-17,8.5,50.0,0.0,0,,0.0,1,0,
2025-04-01,hy004,ito koyama - resortes,210.0,0,44.0,1161.02,333.06333333333333,,rojo,0,0.7647364502447902,2024-12-26,4.75,200.0,0.0,0,,0.0,1,0,
2025-04-01,o-1310,sakura filter,192.0,0,8.0,221.7,44.14666666666667,,rojo,0,0.756332379678714,2024-08-28,4.61,96.0,0.0,0,208.0,0.0,1,0,
2025-03-01,a-21950,sakura filter,0.0,50,14.0,740.56,173.72,,rojo,0,0.7781690919587246,2023-11-28,3.02,40.0,151.0,0,,0.0,1,0,
2024-01-01,tma001,ito koyama - direccion,200.0,50,0.0,0.0,0.0,0.4320363269659241,verde,6,0.684636025998356,2025-02-28,2.367551,200.0,118.37755000000001,0,,11.162884692101349,0,0,0
2025-02-01,wk-940/12,mann - brasil,0.0,50,20.0,1640.68,526.9533333333334,,rojo,0,0.5253889579122962,2025-01-18,6.8,84.0,340.0,0,,0.0,1,0,
2025-03-01,ca-17180,sakura filter,38.0,0,17.0,189.25,47.848333333333336,,rojo,0,0.9790274274288779,2024-09-17,1.58,120.0,0.0,0,0.0,0.0,1,0,
2024-03-01,tch005,ito koyama - direccion,0.0,100,0.0,0.0,0.0,1.0797112967858835,rojo,6,0.6222849965419656,2023-05-19,2.23,48.0,223.0,0,,0.0,1,0,1
2024-09-01,sddw-347,seco - embragues,0.0,50,0.0,0.0,0.0,1.690461450828823,rojo,4,0.37734097430019387,2024-07-18,11.82,50.0,591.0,0,,0.0,1,0,1
2025-03-01,ehy009,ito koyama - direccion,254.0,0,10.0,132.62,22.103333333333335,,rojo,0,0.6611568363751968,2025-02-28,1.531937,300.0,0.0,0,,0.0,1,0,
2025-01-01,jx-002a,ito koyama - palieres,0.0,100,20.0,0.0,393.0333333333333,0.7964427013493114,rojo,6,0.6425889864807977,2024-10-24,7.6,50.0,760.0,0,,0.0,1,0,1
2025-03-01,a-1105,sakura filter,5.0,0,7.0,285.27,55.39833333333333,,rojo,0,0.7914672825712091,2024-04-18,2.29,72.0,0.0,0,,0.0,1,0,
2025-03-01,wk-1050/1,mann - brasil,19.0,0,87.0,6434.13,3688.581666666667,,rojo,0,0.38241131615028856,2025-01-18,10.97,402.0,0.0,0,,0.0,1,0,
2025-03-01,fc-5516,sakura filter,7.0,0,6.0,160.69,41.435,,rojo,0,0.9576394947443546,2023-11-28,2.31,48.0,0.0,0,0.0,0.0,1,0,
2025-03-01,vw-010,ito koyama - palieres,26.0,0,10.0,203.2,69.31833333333333,,rojo,0,0.5739665114887494,2023-12-07,6.0,100.0,0.0,0,,0.0,1,0,
2025-03-01,hy056,ito koyama - resortes,430.0,0,31.0,417.15000000000003,182.91666666666666,,rojo,0,0.6266073483509765,2024-11-04,6.3,200.0,0.0,0,,0.0,1,0,
2025-03-01,fc-7104,sakura filter,0.0,50,26.0,1298.3,304.32166666666666,,rojo,0,0.8465227014243238,2024-08-29,5.33,198.0,266.5,0,,0.0,1,0,
2024-12-01,a-5513,sakura filter,17.0,50,2.0,0.0,32.67333333333333,0.633686738671662,verde,6,0.8598765608087731,2023-08-04,23.34,5.0,1167.0,0,,3.21576354679803,0,0,0
2025-03-01,55310-g6200,ito koyama - amortiguadores,205.0,0,32.0,1105.84,292.52166666666665,,rojo,0,0.7860114412546383,2024-11-29,5.9,150.0,0.0,0,,0.0,1,0,
2025-03-01,a-71340,sakura filter,110.0,0,4.0,409.03000000000003,68.17166666666667,,rojo,0,0.9142463997841472,2025-02-28,18.06,36.0,0.0,0,,0.0,1,0,
2025-04-01,a-28550,sakura filter,166.0,0,64.0,1327.93,412.01,,rojo,0,1.1374244161666822,2024-11-04,2.13,200.0,0.0,0,0.0,0.0,1,0,
2025-04-01,3340048,ito koyama - amortiguadores,298.0,0,64.0,1738.53,629.0666666666667,,rojo,0,0.7733439491270828,2024-11-29,9.9,196.0,0.0,0,,0.0,1,0,
2024-10-01,k16pr-u11,denso - bujias - japon,384.0,700,2.0,0.0,161.35666666666668,0.8820959951547698,verde,3,0.37869906079573906,2025-03-11,0.99,384.0,693.0,0,,1.8528347406513872,0,0,0
2024-07-01,c-52/1,mann - brasil,0.0,100,0.0,0.0,0.0,0.8020529302727989,rojo,4,0.6344906238674716,2023-03-15,3.507943865060806,100.0,350.7943865060806,0,,0.0,1,0,1
2023-03-01,zd1519,wagner - pastillas,0.0,100,0.0,0.0,0.0,0.6329560005687909,rojo,3,0.41059024036413994,2022-01-18,18.43,200.0,1843.0,0,,0.0,1,0,1
2025-03-01,a-2410,sakura filter,29.0,0,9.0,133.73,35.26833333333333,,rojo,0,0.682080965699783,2023-10-23,2.69,24.0,0.0,0,,0.0,1,0,
2025-03-01,mr519614,ito koyama - amortiguadores,33.0,0,26.0,557.29,256.6983333333333,,rojo,0,0.6111906427469032,2024-08-22,10.5,104.0,0.0,0,,0.0,1,0,
2024-10-01,mwmwd1211,wagner - pastillas,0.0,50,0.0,0.0,0.0,1.1019883312668135,rojo,3,0.4603359673633558,2024-07-20,12.7,20.0,635.0,0,,0.0,1,0,1
2025-03-01,a-7107-s,sakura filter,50.0,0,15.0,499.5,212.30833333333337,,rojo,0,0.6671486973627038,2025-01-31,15.58,38.0,0.0,0,,0.0,1,0,
2023-07-01,thy014,ito koyama - direccion,0.0,100,0.0,0.0,0.0,0.42884971578904724,rojo,6,0.6626682964273675,2023-05-19,2.9,32.0,290.0,0,,0.0,1,0,1
2025-03-01,95032448,ito koyama - amortiguadores,0.0,50,23.0,565.47,550.5749999999999,,rojo,0,0.6833089053327962,2024-08-22,10.3,60.0,515.0,0,,0.0,1,0,
2025-04-01,hc-5503,sakura filter,66.0,0,7.0,495.84,154.29666666666665,,rojo,0,0.7039789033801896,2024-03-18,23.39,60.0,0.0,0,,0.0,1,0,
2025-04-01,4851009u70,ito koyama - amortiguadores,40.0,0,76.0,2820.42,826.2800000000001,,rojo,0,0.7257651736979406,2024-11-29,12.3,80.0,0.0,0,,0.0,1,0,
2025-03-01,cf-1510/1,mann - brasil,37.0,0,16.0,1235.58,547.4533333333333,,rojo,0,0.4005016787918452,2024-09-24,33.04627893209457,100.0,0.0,0,,0.0,1,0,
2025-03-01,b1003,ito koyama - trapecios,161.0,0,19.0,1540.94,256.8233333333333,,rojo,0,0.9248685298676741,2024-12-10,3.03,400.0,0.0,0,,0.0,1,0,
2025-03-01,sfc-5711,sakura filter,91.0,0,13.0,485.49,196.595,,rojo,0,0.6378938265477222,2025-01-22,7.64,96.0,0.0,0,0.0,0.0,1,0,
2025-02-01,bdd095,ishikawa - discos de freno,102.0,0,5.0,73.9,33.376666666666665,,rojo,0,0.4855102270297124,2023-07-05,12.56,50.0,0.0,0,,0.0,1,0,
2024-10-01,t1092,ito koyama - trapecios,0.0,50,1.0,0.0,6.59,1.1112114971125329,rojo,6,0.7577305332004611,2024-03-19,9.855,60.0,492.75,0,,0.0,1,0,1
2024-01-01,skf-629-2rsh/c3,skf - rodajes,0.0,100,0.0,0.0,0.0,1.9924858845171276,rojo,4,0.8070941730573499,2023-04-21,0.84,200.0,84.0,0,,0.0,1,0,1
2025-03-01,344440,ito koyama - amortiguadores,4.0,0,17.0,511.21,124.09166666666665,,rojo,0,0.6606664205189478,2024-02-29,6.3,80.0,0.0,0,,0.0,1,0,
2025-03-01,a-12350,sakura filter,168.0,0,23.0,945.39,267.13,,rojo,0,0.9125726395837809,2025-01-31,1.94,40.0,0.0,0,,0.0,1,0,
2025-03-01,o-1323,sakura filter,95.0,0,11.0,101.69,82.13833333333334,,rojo,0,0.6744857501182813,2024-11-11,7.4,100.0,0.0,0,,0.0,1,0,
2025-04-01,c-15671,sakura filter,490.0,0,55.0,1082.34,282.12166666666667,,rojo,0,1.0068879213690893,2024-09-17,1.8,288.0,0.0,0,,0.0,1,0,
2025-03-01,sb001,ito koyama - resortes,48.0,0,20.0,375.3,115.82333333333334,,rojo,0,0.6054848314144236,2024-11-04,5.5,80.0,0.0,0,,0.0,1,0,
2025-03-01,a-2405-s,sakura filter,216.0,0,27.0,1536.93,491.32666666666665,,rojo,0,0.696895573802231,2025-01-10,27.96,99.0,0.0,0,,0.0,1,0,
2022-09-01,dm11r22.5,deruibo,0.0,100,0.0,0.0,0.0,0.47540069559102954,rojo,4,0.30814600691810934,2022-03-31,112.4,55.0,11240.0,0,,0.0,1,0,1
2025-02-01,17411,narva,140.0,0,3.0,19.32,8.163333333333334,,rojo,0,0.7151396900531827,2023-01-17,0.19613364316225054,400.0,0.0,0,,0.0,1,0,
2022-10-01,st-1640,toyo - japon,0.0,200,0.0,0.0,0.0,1.2930819294359153,rojo,4,0.4602737832577829,2020-11-12,3.386614730581641,500.0,677.3229461163282,0,,0.0,1,0,1
2025-03-01,hy036,ito koyama - resortes,42.0,0,32.0,1217.87,395.20666666666665,,rojo,0,0.9733933294693886,2024-01-22,10.5,248.0,0.0,0,,0.0,1,0,
2024-10-01,hc-45120,sakura filter,0.0,50,1.0,0.0,28.14833333333333,0.7750462569606769,rojo,6,0.8330497550044513,2022-06-17,19.5,36.0,975.0,0,,0.0,1,0,1
2025-03-01,55310-c5000,ito koyama - amortiguadores,22.0,0,15.0,1390.8600000000001,264.935,,rojo,0,0.6339427095288557,2024-11-29,6.7,50.0,0.0,0,,0.0,1,0,
2025-01-01,ca-28230,sakura filter,7.0,0,2.0,6.66,5.851666666666667,,rojo,0,0.46764721476250687,2020-05-22,2.65,60.0,0.0,0,,0.0,1,0,
2024-11-01,srb-109,seco - embragues,27.0,50,1.0,0.0,2.3366666666666664,1.559220940561925,verde,4,0.43360743643629684,2021-08-27,8.75,50.0,437.5,0,,6.74844333674233,0,0,0
2025-03-01,55310-2w100,ito koyama - amortiguadores,60.0,0,39.0,3466.2,1095.25,,rojo,0,0.7759533764618323,2024-11-29,6.8,149.0,0.0,0,,0.0,1,0,
2024-05-01,tks58-50k,mrk - japon,0.0,50,0.0,0.0,0.0,6.887215205586938,rojo,4,0.4810546557722702,2023-03-31,9.038970857858658,700.0,451.9485428929329,0,,0.0,1,0,1
2023-02-01,krb-923,sankei - japon,0.0,200,0.0,0.0,0.0,0.6803395815620062,rojo,4,0.6332476209969004,2019-03-27,5.635255018249154,500.0,1127.0510036498308,0,,0.0,1,0,1
2025-04-01,a-2609,sakura filter,43.0,0,10.0,53.980000000000004,22.131666666666664,,rojo,0,0.6570552390285066,2024-06-13,2.55,90.0,0.0,0,0.0,0.0,1,0,
2023-12-01,pl-420x,mann - brasil,0.0,100,0.0,0.0,0.0,4.464410205116968,rojo,4,0.4499750822724744,2023-10-05,10.885325574874877,200.0,1088.5325574874876,0,,0.0,1,0,1
2025-03-01,a-14490,sakura filter,262.0,0,31.0,981.4399999999999,278.46999999999997,,rojo,0,0.9512166150591205,2024-09-17,1.38,300.0,0.0,0,300.0,0.0,1,0,
2022-09-01,dt205r14c,deestone,0.0,50,0.0,0.0,0.0,0.7658401325476103,rojo,6,0.34975560464304367,2021-11-08,39.3,32.0,1964.9999999999998,0,,0.0,1,0,1
2025-03-01,cac-19160,sakura filter,96.0,0,2.0,4.41,8.493333333333332,,rojo,0,0.7076880837400203,2021-08-27,2.2,60.0,0.0,0,,0.0,1,0,
2025-04-01,c-6805,sakura filter,443.0,0,74.0,2573.89,1025.4416666666666,,rojo,0,0.7411344287451785,2024-11-04,4.74,300.0,0.0,0,246.0,0.0,1,0,
2022-05-01,o-1010,sin definicion,0.0,50,0.0,0.0,0.0,,rojo,0,0.7979666900673085,2019-02-28,2.62,32.0,131.0,0,,0.0,1,0,
2025-03-01,rni003,ito koyama - direccion,72.0,0,4.0,653.12,108.85333333333334,,rojo,0,0.6748096432839442,2025-02-28,3.063907,100.0,0.0,0,,0.0,1,0,
2025-03-01,rni006,ito koyama - direccion,58.0,0,6.0,1167.1999999999998,209.78666666666666,,rojo,0,0.6669313606182072,2025-02-28,1.949777,100.0,0.0,0,,0.0,1,0,
2025-04-01,54650-1y200,ito koyama - amortiguadores,151.0,0,46.0,2596.2,1190.6566666666668,,rojo,0,0.6985132086404621,2024-11-29,10.7,150.0,0.0,0,,0.0,1,0,
2025-03-01,icd0003,ishikawa - pastillas de freno,61.0,0,19.0,183.41,47.620000000000005,,rojo,0,0.9781954974660066,2024-07-26,3.2,100.0,0.0,0,,0.0,1,0,
2025-01-01,c-20457,mann - brasil,0.0,50,9.0,94.58,237.90499999999997,,rojo,0,0.4339781020228956,2024-11-13,15.56,44.0,778.0,0,,0.0,1,0,
2023-04-01,zd1592,wagner - pastillas,0.0,400,0.0,0.0,0.0,0.7103505626915727,rojo,3,0.3540288971350092,2022-08-16,15.5,1000.0,6200.0,0,,0.0,1,0,1
2023-02-01,kr-222,sankei - japon,0.0,150,0.0,0.0,0.0,1.6570261491188227,rojo,4,0.5535559040839735,2019-03-27,7.507643122226,300.0,1126.1464683339,0,,0.0,1,0,1
2025-01-01,17022,narva,0.0,50,7.0,125.85,128.21833333333333,,rojo,0,0.4329085660802394,2024-05-29,0.8483993504047395,600.0,42.41996752023697,0,,0.0,1,0,
2024-08-01,ikh16,denso - bujias - japon,2.0,100,0.0,0.0,0.0,0.5417144334207362,amarillo,3,0.3492512267740067,2022-11-17,5.29,480.0,529.0,0,,0.10319670276340458,0,0,1
2025-04-01,eo-28080,sakura filter,348.0,0,6.0,144.56,29.378333333333334,,rojo,0,0.8518367152326366,2024-11-04,1.69,400.0,0.0,0,,0.0,1,0,
2023-12-01,cf-1830,mann - brasil,0.0,100,0.0,0.0,0.0,0.7647629083245522,rojo,4,0.616387536798116,2023-10-05,25.81587349176407,30.0,2581.587349176407,0,,0.0,1,0,1
2025-03-01,mi006,ito koyama - resortes,42.0,0,8.0,220.54,74.19666666666667,,rojo,0,0.5880107466556546,2024-12-26,7.7,56.0,0.0,0,,0.0,1,0,
2025-03-01,a-2830,sakura filter,53.0,0,4.0,105.26,23.935000000000002,,rojo,0,0.5883159645489656,2023-09-15,4.76,54.0,0.0,0,,0.0,1,0,
2025-03-01,d006,ito koyama - resortes,40.0,0,14.0,279.1,69.88,,rojo,0,0.6454685025216416,2024-01-22,4.73,160.0,0.0,0,,0.0,1,0,
2023-10-01,tho002,ito koyama - direccion,0.0,150,0.0,0.0,0.0,0.5295132858829915,rojo,6,0.7122359997154892,2023-05-19,3.08,120.0,462.0,0,,0.0,1,0,1
2024-11-01,ik16,denso - bujias - japon,0.0,50,4.0,0.0,85.52,inf,rojo,3,0.3768000253378555,2024-04-05,4.91,288.0,245.5,0,,0.0,1,0,1
2025-04-01,t013,ito koyama - resortes,44.0,0,133.0,2472.25,1199.655,,rojo,0,0.8177925304247351,2024-12-26,3.95,200.0,0.0,0,,0.0,1,0,
2025-03-01,t1170,ito koyama - trapecios,54.0,0,9.0,108.88,42.83833333333333,,rojo,0,0.7560575170026327,2024-12-10,8.1,60.0,0.0,0,,0.0,1,0,
2025-03-01,17327,narva,100.0,0,4.0,18.75,4.141666666666667,,rojo,0,0.524029916524435,2023-04-18,0.2158855086326599,200.0,0.0,0,,0.0,1,0,
2025-03-01,17522,narva,230.0,0,5.0,50.519999999999996,12.656666666666666,,rojo,0,1.1217062225750138,2023-04-18,0.32186169455051417,600.0,0.0,0,,0.0,1,0,
2025-01-01,fs-8007,sakura filter,187.0,0,1.0,12.54,2.09,,rojo,0,0.851198676066296,2024-01-18,1.36,50.0,0.0,0,,0.0,1,0,
2024-10-01,xe20hr-u9,denso - bujias - japon,384.0,0,0.0,0.0,0.0,0.7187377978362955,verde,3,0.40318359987772745,2025-03-11,2.99,384.0,0.0,0,,6.9818181818181815,0,0,0
2025-02-01,p-811,mann - brasil,31.0,0,5.0,140.4,48.06,,rojo,0,0.39023350557044545,2024-02-09,5.4101821589469905,60.0,0.0,0,,0.0,1,0,
2023-10-01,tho001,ito koyama - direccion,0.0,150,0.0,0.0,0.0,0.712020787195428,rojo,6,0.714346650913738,2023-05-19,3.08,120.0,462.0,0,,0.0,1,0,1
2025-03-01,zd1567,wagner - pastillas,98.0,0,23.0,1334.75,406.77833333333336,,rojo,0,0.1507443778474368,2018-02-23,14.13,700.0,0.0,0,,0.0,1,0,
2025-03-01,45310-08301,ito koyama - amortiguadores,69.0,0,7.0,20.43,31.31,,rojo,0,0.8078415345926051,2024-02-29,6.0,50.0,0.0,0,,0.0,1,0,
2024-11-01,17125,narva,350.0,100,4.0,49.16,11.963333333333333,2.434930982366623,verde,4,0.47480199205454215,2024-05-29,0.1635377105474472,600.0,16.35377105474472,0,,7.0,0,0,0
2025-03-01,icd1211,ishikawa - pastillas de freno,49.0,0,43.0,837.57,252.33166666666668,,rojo,0,0.8341329173310766,2024-03-20,6.61,200.0,0.0,0,,0.0,1,0,
2025-03-01,a-2414,sakura filter,0.0,50,15.0,123.21000000000001,56.04833333333334,,rojo,0,0.8335246027655134,2023-10-25,2.15,40.0,107.5,0,,0.0,1,0,
2025-01-01,w16ex-u,denso - bujias - japon,1536.0,150,19.0,148.91,247.7733333333333,0.44548480215594616,verde,3,0.3681186197552395,2025-03-11,0.93,1536.0,139.5,0,,5.451851318445411,0,0,0
2025-03-01,a-58460,sakura filter,38.0,0,11.0,204.51999999999998,67.30166666666666,,rojo,0,1.3772954456147795,2023-01-10,2.63,200.0,0.0,0,0.0,0.0,1,0,
2024-03-01,12993,spaco - italia,0.0,50,0.0,0.0,0.0,7.80955656091834,rojo,4,0.5924868169228152,2022-05-25,10.360746681690216,300.0,518.0373340845108,0,,0.0,1,0,1
2025-03-01,96244008,ito koyama - amortiguadores,14.0,0,6.0,102.72,46.291666666666664,,rojo,0,0.533237623212086,2021-11-08,11.46,3.0,0.0,0,,0.0,1,0,
2025-03-01,a-1143,sakura filter,66.0,0,25.0,336.84,154.81,,rojo,0,0.9314844486935604,2024-10-31,4.93,80.0,0.0,0,,0.0,1,0,
2025-03-01,n012,ito koyama - resortes,2.0,0,25.0,163.01,153.815,,rojo,0,0.6575640709894807,2024-11-04,5.8,64.0,0.0,0,,0.0,1,0,
2025-04-01,a-5570-s,sakura filter,3062.0,0,186.0,9142.52,2837.021666666667,,rojo,0,0.8341643501834356,2025-02-28,2.76,375.0,0.0,0,600.0,0.0,1,0,
2024-10-01,c-261100,mann - brasil,0.0,150,2.0,0.0,290.84666666666664,1.2260416753942318,rojo,4,0.49338468522263024,2024-09-12,33.53,30.0,5029.5,0,,0.0,1,0,1
2025-02-01,icd1614,ishikawa - pastillas de freno,0.0,50,41.0,392.14,184.85500000000002,,rojo,0,1.0607529996976501,2024-07-26,3.43,100.0,171.5,0,,0.0,1,0,
2025-02-01,96424027,ito koyama - amortiguadores,0.0,50,14.0,413.71000000000004,185.76333333333332,,rojo,0,0.6819937304475105,2024-08-22,4.9,120.0,245.00000000000003,0,,0.0,1,0,
2025-03-01,fc-19070,sakura filter,138.0,0,25.0,1077.75,488.03999999999996,,rojo,0,0.7159932620995164,2024-09-17,3.77,144.0,0.0,0,144.0,0.0,1,0,
2024-09-01,dttlt245/75r16,deestone,0.0,250,0.0,0.0,0.0,0.9897719129576773,rojo,6,0.1934896570670394,2022-06-23,62.17,670.0,15542.5,0,,0.0,1,0,1
2025-04-01,54660-b4000,ito koyama - amortiguadores,288.0,0,58.0,1023.2900000000001,574.4399999999999,,rojo,0,0.839666073792439,2024-11-29,10.3,180.0,0.0,0,,0.0,1,0,
2025-01-01,tn-146,toyo - japon,24.0,0,4.0,23.54,220.70333333333335,,rojo,0,0.43279245639636876,2020-11-12,5.0846652537584305,1000.0,0.0,0,,0.0,1,0,
2024-12-01,icd1728,ishikawa - pastillas de freno,0.0,50,11.0,0.0,27.819999999999997,0.8226554011556453,rojo,6,0.9923764687855819,2024-07-26,4.25,40.0,212.5,0,,0.0,1,0,1
2025-03-01,hy054,ito koyama - resortes,107.0,0,10.0,264.89,105.89833333333333,,rojo,0,0.7263927790481857,2024-01-22,7.8,120.0,0.0,0,,0.0,1,0,
2024-11-01,sdhd-127,seco - embragues,17.0,50,1.0,0.0,31.258333333333336,0.3001806607457766,verde,4,0.38472023082513995,2019-02-13,53.42,50.0,2671.0,0,,6.846488502175265,0,0,0
2025-03-01,rxfc113644bep,wagner locked - usa,4631.0,0,104.0,32233.0,9432.416666666666,,rojo,0,0.3792316747380155,2025-01-10,4.13,6912.0,0.0,0,,0.0,1,0,
2024-11-01,17131,narva,0.0,4050,10.0,0.0,109.22000000000001,0.35112450117617916,rojo,4,0.5133395871795082,2024-09-16,0.1386055201292038,2000.0,561.3523565232754,0,,0.0,1,0,1
2025-03-01,icd1137,ishikawa - pastillas de freno,2.0,0,24.0,369.92,94.78666666666668,,rojo,0,0.9278668689834116,2024-01-09,5.48,100.0,0.0,0,,0.0,1,0,
2025-03-01,t039,ito koyama - resortes,61.0,0,11.0,509.89,144.395,,rojo,0,0.6294758356788442,2024-12-26,6.1,56.0,0.0,0,,0.0,1,0,
2025-04-01,icd1212,ishikawa - pastillas de freno,20.0,0,43.0,589.71,195.665,,rojo,0,0.9563132407319658,2024-03-20,5.34,150.0,0.0,0,,0.0,1,0,
2024-08-01,c-4312/1,mann - brasil,0.0,250,0.0,0.0,0.0,0.42141715896329873,rojo,4,0.40519554181327644,2024-04-09,8.104291677474976,50.0,2026.072919368744,0,,0.0,1,0,1
2025-03-01,a-1621,sakura filter,0.0,50,6.0,339.90999999999997,58.995000000000005,,rojo,0,0.6827484490756897,2023-11-28,1.98,40.0,99.0,0,,0.0,1,0,
2025-03-01,sf-1913-30,sakura filter,378.0,0,24.0,771.8,311.75166666666667,,rojo,0,0.8858231357847738,2024-10-22,2.9,200.0,0.0,0,,0.0,1,0,
2024-08-01,ur001,ito koyama - direccion,0.0,50,0.0,0.0,0.0,inf,rojo,6,0.8827901156293565,2023-05-19,2.38,450.0,119.0,0,,0.0,1,0,1
2024-11-01,ur007,ito koyama - direccion,390.0,0,2.0,0.0,3.1050000000000004,0.699205898780101,verde,6,0.6625792975603929,2022-01-21,2.42,420.0,0.0,0,,39.0,0,0,0
2025-03-01,hy016,ito koyama - resortes,70.0,0,22.0,508.85,141.61166666666665,,rojo,0,0.7481580845333259,2024-12-26,7.2,56.0,0.0,0,,0.0,1,0,
2025-03-01,t1181,ito koyama - trapecios,47.0,0,4.0,477.34000000000003,79.55666666666667,,rojo,0,0.6535283916284427,2024-12-10,9.86,60.0,0.0,0,,0.0,1,0,
2024-06-01,88269017,monark - alemania,0.0,50,0.0,0.0,0.0,9.043289668357183,rojo,4,0.5676622274167811,,,,,0,,0.0,1,0,1
2025-03-01,to-007,ito koyama - palieres,38.0,0,17.0,782.7,130.45000000000002,,rojo,0,0.567083840174467,2024-12-17,6.5,100.0,0.0,0,,0.0,1,0,
2025-03-01,a-66130,sakura filter,75.0,0,16.0,807.7,223.01999999999998,,rojo,0,0.8065934588029074,2022-02-03,2.34,300.0,0.0,0,0.0,0.0,1,0,
2025-03-01,a-14420,sakura filter,89.0,0,25.0,362.98,136.67333333333335,,rojo,0,0.7975969956051716,2024-09-17,2.0,100.0,0.0,0,100.0,0.0,1,0,
2025-04-01,a-76530-s,sakura filter,1529.0,0,93.0,18125.760000000002,7094.88,,rojo,0,1.0087942377808974,2025-02-28,9.09,524.0,0.0,0,232.0,0.0,1,0,
2025-03-01,a-8647-s,sakura filter,47.0,0,15.0,680.67,414.90333333333336,,rojo,0,0.8448524361605595,2025-01-28,22.75,60.0,0.0,0,0.0,0.0,1,0,
2023-07-01,08739a,spaco - italia,0.0,50,0.0,0.0,0.0,17.180819408734717,rojo,4,0.6053373904154538,2022-05-25,2.40498161315918,300.0,120.24908065795901,0,,0.0,1,0,1
2023-07-01,k-lapiceros,sin definicion,0.0,50,0.0,0.0,0.0,,rojo,0,-1.0,2022-10-26,2.9887498895511073,4000.0,149.43749447755536,0,,0.0,1,0,
2025-03-01,aat-018,aisin - japon,99.0,0,29.0,36198.16,9591.785,,rojo,0,1.0642712738795892,2025-01-31,207.99,102.0,0.0,0,,0.0,1,0,
2025-02-01,ni-5052,ito koyama - palieres,93.0,0,14.0,406.39,126.64999999999999,,rojo,0,0.5338324309509442,2024-06-21,6.92,100.0,0.0,0,,0.0,1,0,
2025-03-01,t1126,ito koyama - trapecios,20.0,0,8.0,177.38,53.04333333333333,,rojo,0,0.6131912853073619,2024-03-19,13.333333,60.0,0.0,0,,0.0,1,0,
2024-10-01,icd1184,ishikawa - pastillas de freno,0.0,450,6.0,0.0,42.99666666666667,0.3551587235629757,rojo,6,1.063093077359413,2024-07-26,4.51,200.0,2029.5,0,,0.0,1,0,1
2025-02-01,sdsz-571,seco - embragues,21.0,0,5.0,96.95,29.94333333333333,,rojo,0,0.3906223607416215,2024-07-18,12.3,60.0,0.0,0,,0.0,1,0,
2025-03-01,mwmwc1078,wagner - pastillas,2.0,0,6.0,88.56,26.906666666666666,,rojo,0,0.5284905274172834,2024-07-20,11.2,18.0,0.0,0,,0.0,1,0,
2025-04-01,a-1324-s,sakura filter,1269.0,0,256.0,30757.83,10890.16,,rojo,0,0.685766854895991,2025-01-31,8.47,900.0,0.0,0,564.0,0.0,1,0,
2022-11-01,33423,wix filters,0.0,100,0.0,0.0,0.0,3.761530626529709,rojo,4,-0.4114276978515998,2019-07-25,24.83,450.0,2483.0,0,,0.0,1,0,1
2024-10-01,c-25710/3,mann - brasil,0.0,50,0.0,0.0,0.0,1.077422480919978,rojo,4,0.4550864787148574,2024-02-09,27.14790609240532,60.0,1357.395304620266,0,,0.0,1,0,1
2025-02-01,ca-6511-s,sakura filter,46.0,0,3.0,10.27,4.683333333333333,,rojo,0,0.7677429454892919,2019-02-28,1.8,200.0,0.0,0,,0.0,1,0,
2023-07-01,c-1903,sin definicion,0.0,50,0.0,0.0,0.0,,rojo,0,0.6519008925319598,2023-01-31,2.42,468.0,121.0,0,,0.0,1,0,
2025-01-01,c-24650/1,mann - brasil,15.0,0,3.0,272.03,98.105,,rojo,0,0.41195481969362885,2023-09-14,32.49,19.0,0.0,0,,0.0,1,0,
2023-05-01,mm-09,mrk - japon,0.0,100,0.0,0.0,0.0,0.938343203703468,rojo,4,0.43908122406044403,2021-08-10,24.11220678080209,100.0,2411.220678080209,0,,0.0,1,0,1
2025-04-01,eo-6507,sakura filter,241.0,0,40.0,428.95,160.14333333333335,,rojo,0,1.0875068449844183,2024-11-28,1.19,200.0,0.0,0,200.0,0.0,1,0,
2025-04-01,eo-1501,sakura filter,382.0,0,65.0,1038.04,362.87166666666667,,rojo,0,1.1447961746317734,2024-11-11,1.3,400.0,0.0,0,300.0,0.0,1,0,
2024-09-01,c-7929,sakura filter,0.0,400,0.0,0.0,0.0,0.5865508648310236,rojo,6,0.622980886699216,2024-04-18,1.69,50.0,676.0,0,,0.0,1,0,1
2025-02-01,a-2807,sakura filter,60.0,0,5.0,117.13999999999999,39.305,,rojo,0,0.8193934605073684,2023-10-23,2.28,100.0,0.0,0,,0.0,1,0,
2024-10-01,icd1398,ishikawa - pastillas de freno,0.0,100,2.0,0.0,15.481666666666667,0.4685648162975087,rojo,6,0.8848588531753222,2024-01-09,3.16,50.0,316.0,0,,0.0,1,0,1
2025-04-01,a-6020m,sakura filter,296.0,0,237.0,38923.95,12828.19,,rojo,0,1.183121099077134,2024-11-11,8.1,400.0,0.0,0,152.0,0.0,1,0,
2025-03-01,c-49140,sakura filter,113.0,0,6.0,74.24000000000001,20.03,,rojo,0,0.8992277960794031,2024-04-18,2.99,100.0,0.0,0,,0.0,1,0,
2023-02-01,dop1137,sankei - japon,0.0,3300,0.0,0.0,0.0,0.4075165600226596,rojo,4,0.6499682880996062,2019-03-27,1.148759851232171,1650.0,3790.9075090661645,0,,0.0,1,0,1
2025-02-01,c-29108,mann - brasil,114.0,0,1.0,12.69,2.1149999999999998,,rojo,0,0.49199385615591634,2021-06-25,2.76,24.0,0.0,0,,0.0,1,0,
2025-03-01,ca-28180-s,sakura filter,522.0,0,20.0,136.11,40.86666666666667,,rojo,0,1.4326778727203917,2024-11-30,1.0,40.0,0.0,0,,0.0,1,0,
2025-03-01,a-33930,sakura filter,64.0,0,3.0,6.44,7.035,,rojo,0,0.6889612133981252,2018-05-25,2.0,200.0,0.0,0,,0.0,1,0,
2025-02-01,icd1297,ishikawa - pastillas de freno,0.0,50,20.0,276.43,112.63,,rojo,0,0.9539836442452785,2024-03-20,4.96,100.0,248.0,0,,0.0,1,0,
2024-01-01,zd1679,wagner - pastillas,0.0,50,0.0,0.0,0.0,inf,rojo,3,0.05613657303606375,2021-04-07,25.86,20.0,1293.0,0,,0.0,1,0,1
2024-04-01,12928,spaco - italia,0.0,50,0.0,0.0,0.0,inf,rojo,4,0.3250602756696302,2023-01-10,30.289044182300568,80.0,1514.4522091150284,0,,0.0,1,0,1
2024-03-01,1300,spaco - italia,0.0,50,0.0,0.0,0.0,inf,rojo,4,0.4616228404269154,,,,,0,,0.0,1,0,1
2022-09-01,zd1414,wagner - pastillas,0.0,50,0.0,0.0,0.0,inf,rojo,3,0.4519304736049821,2022-04-25,24.55,10.0,1227.5,0,,0.0,1,0,1
2024-05-01,skf-6001-2rshc3,skf - rodajes,0.0,300,0.0,0.0,0.0,0.9571962810094375,rojo,4,0.6456697750387854,2023-04-21,0.84,1000.0,252.0,0,,0.0,1,0,1
2025-03-01,crts-003,aisin - japon,77.0,0,5.0,608.62,101.43666666666667,,rojo,0,0.45725637494745563,2025-02-24,17.84,50.0,0.0,0,,0.0,1,0,
2025-03-01,crts-005,aisin - japon,0.0,50,2.0,162.79000000000002,27.13166666666667,,rojo,0,0.40264404516859453,2024-02-08,18.1,10.0,905.0000000000001,0,,0.0,1,0,
2025-03-01,crts-016,aisin - japon,120.0,0,4.0,1024.3,170.71666666666667,,rojo,0,0.42094140197159563,2025-02-24,16.61,100.0,0.0,0,,0.0,1,0,
2025-03-01,a-94010,sakura filter,43.0,0,4.0,57.47,9.578333333333333,,rojo,0,0.9019408628318331,2025-01-22,1.9,60.0,0.0,0,,0.0,1,0,
2025-03-01,a-9931-s,sakura filter,59.0,0,6.0,151.66,123.37333333333333,,rojo,0,0.8029832100116006,2017-02-09,29.0,100.0,0.0,0,,0.0,1,0,
2022-07-01,af2000/gxf,prestone - usa,0.0,50,0.0,0.0,0.0,inf,rojo,3,0.3740071268427004,2022-05-04,10.97,162.0,548.5,0,,0.0,1,0,1
2022-09-01,tkl26011a,tkl - taiwan,0.0,50,0.0,0.0,0.0,inf,rojo,4,0.7493118656484833,2022-04-04,7.3,50.0,365.0,0,,0.0,1,0,1
2023-09-01,tkl30011,tkl - taiwan,0.0,50,0.0,0.0,0.0,inf,rojo,4,0.5685788548922065,2022-10-20,5.0,50.0,250.0,0,,0.0,1,0,1
2025-03-01,tkl35009a,tkl - taiwan,87.0,0,1.0,21.31,3.5516666666666663,,rojo,0,0.3036362118673685,2020-08-26,20.5,150.0,0.0,0,,0.0,1,0,
2023-08-01,tkl3733,tkl - taiwan,0.0,50,0.0,0.0,0.0,inf,rojo,4,0.5441195216655667,2022-10-20,7.45,100.0,372.5,0,,0.0,1,0,1
2022-11-01,zd1094,wagner - pastillas,0.0,50,0.0,0.0,0.0,inf,rojo,3,0.42569907150261505,2020-09-22,18.02,50.0,901.0,0,,0.0,1,0,1
2024-01-01,zd1624,wagner - pastillas,0.0,50,0.0,0.0,0.0,inf,rojo,3,0.3430790869825873,2020-04-13,19.44,20.0,972.0000000000001,0,,0.0,1,0,1
2025-03-01,icd1468,ishikawa - pastillas de freno,52.0,0,19.0,168.5,51.626666666666665,,rojo,0,0.8792903347172549,2024-07-26,3.97,100.0,0.0,0,,0.0,1,0,
2025-03-01,icd1470,ishikawa - pastillas de freno,105.0,0,5.0,56.38,21.626666666666665,,rojo,0,0.9185643139070899,2024-07-26,5.8,100.0,0.0,0,,0.0,1,0,
2024-10-01,sk20hr11,denso - bujias - japon,384.0,0,0.0,0.0,0.0,inf,verde,3,0.3003399037838892,2025-03-11,6.33,384.0,0.0,0,,inf,0,0,0
2023-02-01,sk26,sin definicion,0.0,50,0.0,0.0,0.0,,rojo,0,0.5075158459566174,2022-06-16,1.48,100.0,74.0,0,,0.0,1,0,
2024-01-01,skf-6000-2rsh,skf - rodajes,0.0,50,0.0,0.0,0.0,inf,rojo,4,0.9002251098062742,2023-04-21,0.81,120.0,40.5,0,,0.0,1,0,1
2024-05-01,c-1822,sakura filter,83.0,0,0.0,0.0,0.0,inf,verde,6,0.4705720543508826,2023-11-27,3.15,50.0,0.0,0,,inf,0,0,0
2025-04-01,c-1823,sakura filter,1984.0,0,21.0,304.32,70.02499999999999,,rojo,0,0.8135200953363313,2024-06-13,1.07,600.0,0.0,0,0.0,0.0,1,0,
2025-04-01,ni-640,ito koyama - palieres,12.0,0,25.0,686.19,227.975,,rojo,0,0.5622241332676827,2024-12-17,7.3,50.0,0.0,0,,0.0,1,0,
2025-03-01,ni-720,ito koyama - palieres,20.0,0,10.0,357.91999999999996,87.22499999999998,,rojo,0,0.6785717008250405,2024-10-24,8.9,50.0,0.0,0,,0.0,1,0,
2024-05-01,zd2036,wagner - pastillas,0.0,50,0.0,0.0,0.0,inf,rojo,3,0.3204545750856336,2019-11-18,28.158,10.0,1407.9,0,,0.0,1,0,1
2023-10-01,zd1377,wagner - pastillas,0.0,50,0.0,0.0,0.0,inf,rojo,3,0.2471190089023307,2022-01-18,25.94,10.0,1297.0,0,,0.0,1,0,1
2022-07-01,zd1210,wagner - pastillas,0.0,50,0.0,0.0,0.0,inf,rojo,3,0.4238130874528257,2021-04-07,10.7,100.0,535.0,0,,0.0,1,0,1
2024-01-01,zd530,wagner - pastillas,0.0,50,0.0,0.0,0.0,inf,rojo,3,0.2570623687552934,2019-11-18,12.52,30.0,626.0,0,,0.0,1,0,1
2024-05-01,zd813,wagner - pastillas,0.0,50,0.0,0.0,0.0,inf,rojo,3,0.48078823466818604,2020-04-13,10.12,15.0,505.99999999999994,0,,0.0,1,0,1
2025-02-01,icd1462,ishikawa - pastillas de freno,72.0,0,8.0,117.87,29.83666666666667,,rojo,0,0.9763739427439273,2024-07-26,5.7,100.0,0.0,0,,0.0,1,0,
2022-10-01,tkl47015,tkl - taiwan,0.0,50,0.0,0.0,0.0,inf,rojo,4,0.7511444922085724,2022-05-26,7.45,400.0,372.5,0,,0.0,1,0,1
2022-04-01,pkh16tt,denso - bujias - japon,0.0,50,0.0,0.0,0.0,inf,rojo,3,0.5699299744610269,2019-03-25,2.8,960.0,140.0,0,,0.0,1,0,1
2024-09-01,ctx-041,aisin - japon,135.0,0,0.0,0.0,0.0,inf,verde,6,0.49705636288873817,2024-05-22,31.53,60.0,0.0,0,,inf,0,0,0
2024-12-01,ctx-048,aisin - japon,32.0,50,1.0,0.0,25.13,1.0639815894741285,verde,6,0.456542767513573,2024-01-11,46.77,30.0,2338.5,0,,11.211566573883093,0,0,0
2024-12-01,ctx-060,aisin - japon,436.0,0,2.0,0.0,119.18333333333332,5.165637757631936,verde,6,0.38489001760938596,2025-02-24,35.27,10.0,0.0,0,,48.44444444444444,0,0,0
2025-02-01,a-8684,sakura filter,31.0,0,4.0,238.68,55.88166666666667,,rojo,0,0.8640450075595413,2023-01-10,23.0,14.0,0.0,0,,0.0,1,0,
2023-12-01,sm018,ito koyama - torretas,0.0,50,0.0,0.0,0.0,inf,rojo,6,0.6423787955280639,2023-05-19,4.52,60.0,225.99999999999997,0,,0.0,1,0,1
2023-08-01,sm019,ito koyama - torretas,0.0,50,0.0,0.0,0.0,inf,rojo,6,0.6640930214352969,2023-05-19,2.81,210.0,140.5,0,,0.0,1,0,1
2023-11-01,sm020,ito koyama - torretas,0.0,50,0.0,0.0,0.0,inf,rojo,6,0.6634937058222865,2023-05-19,3.11,420.0,155.5,0,,0.0,1,0,1
2023-10-01,sm021,ito koyama - torretas,0.0,150,0.0,0.0,0.0,0.6225790091010674,rojo,6,0.6331964844481933,2023-05-19,4.42,120.0,663.0,0,,0.0,1,0,1
2024-10-01,sm024,ito koyama - torretas,0.0,50,1.0,0.0,10.459999999999999,2.077853840682508,rojo,6,0.6241347219718687,2023-05-19,5.22,480.0,261.0,0,,0.0,1,0,1
2024-02-01,sm025,ito koyama - torretas,0.0,100,0.0,0.0,0.0,0.48828877309019303,rojo,6,0.589386612793306,2023-05-19,5.22,150.0,522.0,0,,0.0,1,0,1
2023-08-01,sm027,ito koyama - torretas,0.0,50,0.0,0.0,0.0,inf,rojo,6,0.6763029335386591,2023-05-19,4.62,120.0,231.0,0,,0.0,1,0,1
2025-02-01,a-87700-s,sakura filter,133.0,0,7.0,271.73,53.169999999999995,,rojo,0,0.6999681638301728,2024-04-18,7.9,54.0,0.0,0,,0.0,1,0,
2025-03-01,a-87800-s,sakura filter,53.0,0,4.0,235.54999999999998,39.25833333333333,,rojo,0,0.8264809742766118,2025-02-28,10.12,8.0,0.0,0,,0.0,1,0,
2025-03-01,icd0004,ishikawa - pastillas de freno,2.0,0,9.0,214.91,39.11,,rojo,0,0.7873889088510283,2023-07-05,5.27,50.0,0.0,0,,0.0,1,0,
2024-10-01,a-90110,sakura filter,144.0,0,1.0,0.0,14.491666666666667,inf,verde,6,0.654370278985819,2024-11-11,4.52,100.0,0.0,0,,inf,0,0,0
2025-01-01,pp05300025,valvoline,0.0,50,10.0,99.15,146.18833333333333,inf,rojo,2,0.5141831617014153,2023-09-07,4.99,504.0,249.5,0,,0.0,1,0,1
2025-02-01,pu-88,mann - brasil,103.0,0,1.0,284.75,47.458333333333336,,rojo,0,0.41822954041009464,2022-05-18,23.39514481306076,150.0,0.0,0,,0.0,1,0,
2025-03-01,pu-910,mann - brasil,25.0,0,3.0,214.78,93.42333333333333,,rojo,0,0.6935334889631067,2023-10-05,7.880303263664246,68.0,0.0,0,,0.0,1,0,
2025-01-01,q20pr-u,denso - bujias - japon,80.0,0,1.0,0.0,3.6833333333333336,inf,verde,3,0.379430531938978,2023-03-28,0.95,184.0,0.0,0,,inf,0,0,0
2024-10-01,mwmwc1539,wagner - pastillas,14.0,0,1.0,0.0,4.661666666666666,inf,verde,3,0.5659579516552704,2024-07-20,17.1,20.0,0.0,0,,inf,0,0,0
2024-08-01,mwmwc1544,wagner - pastillas,4.0,0,0.0,0.0,0.0,inf,verde,3,0.7604414258436081,2024-03-19,9.5,20.0,0.0,0,,inf,0,0,0
2025-03-01,mwmwc1592,wagner - pastillas,111.0,0,15.0,540.66,146.04166666666666,,rojo,0,0.592055178963142,2024-03-19,12.5,200.0,0.0,0,,0.0,1,0,
2025-02-01,mwmwc1645,wagner - pastillas,5.0,0,2.0,71.18,11.863333333333335,,rojo,0,0.31893660285352193,2023-04-25,25.6,30.0,0.0,0,,0.0,1,0,
2024-10-01,mwmwc1728,wagner - pastillas,0.0,50,1.0,0.0,9.886666666666667,0.6741899455625618,rojo,3,0.560405947027414,2023-04-25,17.9,40.0,894.9999999999999,0,,0.0,1,0,1
2024-12-01,mwmwc1731,wagner - pastillas,0.0,50,1.0,0.0,3.1783333333333332,inf,rojo,3,0.5153279455945328,2024-03-19,11.9,10.0,595.0,0,,0.0,1,0,1
2025-02-01,mwmwc1759,wagner - pastillas,7.0,0,1.0,28.81,4.801666666666667,,rojo,0,0.5641920131294851,2024-07-20,17.4,10.0,0.0,0,,0.0,1,0,
2025-03-01,mwmwc1776,wagner - pastillas,4.0,0,5.0,77.97,23.02333333333333,,rojo,0,0.3665257293139071,2024-07-20,13.8,10.0,0.0,0,,0.0,1,0,
2025-02-01,mwmwc1848,wagner - pastillas,0.0,50,1.0,27.97,4.661666666666666,,rojo,0,0.565240041290463,2023-04-25,17.0,30.0,850.0,0,,0.0,1,0,
2024-10-01,mwmwc1879a,wagner - pastillas,22.0,0,1.0,0.0,10.735,inf,verde,3,0.24030793516910956,2023-01-18,24.4,50.0,0.0,0,,inf,0,0,0
2025-01-01,icd0005,ishikawa - pastillas de freno,0.0,50,7.0,13.79,26.376666666666665,,rojo,0,0.7617034650189896,2023-07-05,7.22,50.0,361.0,0,,0.0,1,0,
2025-02-01,mwmwc1374,wagner - pastillas,11.0,0,2.0,17.8,5.933333333333334,,rojo,0,0.4351412268814466,2024-07-20,11.1,10.0,0.0,0,,0.0,1,0,
2024-10-01,mwmwc1391,wagner - pastillas,0.0,50,1.0,0.0,6.215,inf,rojo,3,0.8688020223637212,2024-07-20,9.3,10.0,465.00000000000006,0,,0.0,1,0,1
2024-11-01,mwmwc1414,wagner - pastillas,0.0,50,2.0,0.0,68.36166666666666,inf,rojo,3,0.6383191745010309,2023-04-25,15.9,50.0,795.0,0,,0.0,1,0,1
2024-09-01,icd0006,ishikawa - pastillas de freno,0.0,50,0.0,0.0,0.0,inf,rojo,6,0.9439464488361826,2024-03-20,4.85,200.0,242.49999999999997,0,,0.0,1,0,1
2024-12-01,mwmwc1451,wagner - pastillas,11.0,0,3.0,0.0,10.836666666666668,inf,verde,3,0.47270323568135336,2024-07-20,8.6,20.0,0.0,0,,inf,0,0,0
2024-10-01,mwmwc1454,wagner - pastillas,0.0,50,2.0,0.0,5.933333333333334,inf,rojo,3,0.5232004056788845,2023-04-25,11.1,50.0,555.0,0,,0.0,1,0,1
2024-08-01,cu-3569,mann - brasil,0.0,50,0.0,0.0,0.0,inf,rojo,4,0.47559765688181904,2023-10-05,6.861117374897003,100.0,343.05586874485016,0,,0.0,1,0,1
2024-02-01,cuk-2184,mann - brasil,0.0,50,0.0,0.0,0.0,inf,rojo,4,0.48939381398753357,2019-01-18,12.076194477081298,60.0,603.8097238540649,0,,0.0,1,0,1
2024-07-01,cv-18,ito koyama - palieres,0.0,50,0.0,0.0,0.0,inf,rojo,6,0.5907373160965085,2023-12-07,7.4,200.0,370.0,0,,0.0,1,0,1
2024-10-01,icd0007,ishikawa - pastillas de freno,0.0,50,1.0,0.0,2.0483333333333333,inf,rojo,6,0.8196575119767566,2023-07-05,6.29,50.0,314.5,0,,0.0,1,0,1
2022-08-01,a-7122,sin definicion,0.0,50,0.0,0.0,0.0,,rojo,0,0.5334685636502307,2020-11-23,22.95,29.0,1147.5,0,,0.0,1,0,
2025-03-01,icd0008,ishikawa - pastillas de freno,58.0,0,17.0,147.35999999999999,47.120000000000005,,rojo,0,1.0390359055236076,2024-07-26,3.45,100.0,0.0,0,,0.0,1,0,
2025-03-01,icd0013,ishikawa - pastillas de freno,155.0,0,14.0,209.32,45.23500000000001,,rojo,0,1.0044582190648212,2024-07-26,3.48,200.0,0.0,0,,0.0,1,0,
2024-06-01,a-76430,sakura filter,0.0,50,0.0,0.0,0.0,inf,rojo,6,0.9019860904401367,2022-01-18,0.8,100.0,40.0,0,,0.0,1,0,1
2024-08-01,ckg-511,aisin - japon,2.0,0,0.0,0.0,0.0,inf,verde,6,0.3386940709817292,2019-09-30,172.09,20.0,0.0,0,,inf,0,0,0
2023-07-01,ckr-502,aisin - japon,0.0,50,0.0,0.0,0.0,inf,rojo,6,0.33380227482640734,2019-12-17,382.66,9.0,19133.0,0,,0.0,1,0,1
2025-01-01,ckt-508aa,aisin - japon,2.0,50,2.0,0.0,79.09666666666668,15.706835302215309,amarillo,6,0.3900119028057066,2024-07-15,168.51,30.0,8425.5,0,,0.4809016906700062,0,0,1
2022-07-01,tkl48012a,tkl - taiwan,0.0,50,0.0,0.0,0.0,inf,rojo,4,0.7156882472433629,2020-08-22,1.55,400.0,77.5,0,,0.0,1,0,1
2025-03-01,tkl48014aa,tkl - taiwan,0.0,50,4.0,63.9,35.725,,rojo,0,0.2999651217155581,2022-10-20,1.4,100.0,70.0,0,,0.0,1,0,
2023-11-01,tkl5004341x,tkl - taiwan,0.0,50,0.0,0.0,0.0,inf,rojo,4,0.5889720154741789,2022-10-20,10.0,200.0,500.0,0,,0.0,1,0,1
2025-03-01,af6410/fh,prestone - usa,498.0,0,4.0,475.42,136.525,,rojo,0,0.4281378030730796,2025-02-20,6.9,540.0,0.0,0,,0.0,1,0,
2025-02-01,af6500/1f,prestone - usa,181.0,0,1.0,76.27,12.711666666666666,,rojo,0,0.33703591255156573,2023-04-20,7.39,324.0,0.0,0,,0.0,1,0,
2024-02-01,af6600/1f,prestone - usa,0.0,100,0.0,0.0,0.0,0.5781266506534897,rojo,3,0.37008172304706205,2023-04-20,7.39,324.0,739.0,0,,0.0,1,0,1
2025-01-01,af6700/f,prestone - usa,46.0,0,1.0,65.08,10.846666666666666,,rojo,0,0.3869291479208032,2023-04-20,7.39,324.0,0.0,0,,0.0,1,0,
2024-09-01,af9033mbv,prestone - mexico,120.0,0,0.0,0.0,0.0,inf,verde,3,0.41643239588898256,2025-02-07,23.54,120.0,0.0,0,,inf,0,0,0
2023-01-01,afc10000/f,prestone - usa,0.0,50,0.0,0.0,0.0,inf,rojo,3,0.44971346657996136,2019-10-31,9.3,300.0,465.00000000000006,0,,0.0,1,0,1
2022-02-01,afc10100/f,prestone - usa,0.0,50,0.0,0.0,0.0,inf,rojo,3,0.4687080832854741,2021-09-23,5.8,6.0,290.0,0,,0.0,1,0,1
2025-03-01,afc10100/f-m1,prestone - mexico,204.0,0,7.0,1380.52,230.08666666666667,,rojo,0,0.4837904974852091,2023-12-18,5.85,360.0,0.0,0,,0.0,1,0,
2025-02-01,pf-1155,mann - brasil,113.0,0,7.0,375.83,92.27333333333333,,rojo,0,0.5173567192223095,2023-02-15,5.722138335704804,150.0,0.0,0,,0.0,1,0,
2023-12-01,tks48-23k,mrk - japon,109.0,0,0.0,0.0,0.0,1.0328414940716664,verde,4,0.39615883858076106,2021-08-10,7.480647788274869,200.0,0.0,0,,24.831077518017224,0,0,0
2024-12-01,tks50-28k,mrk - japon,55.0,0,1.0,0.0,14.85,0.7265111024203261,verde,4,0.41354467343419476,2023-03-31,7.8527936190366745,100.0,0.0,0,,8.62316008035139,0,0,0
2024-12-01,tks50-30k,mrk - japon,23.0,0,1.0,0.0,12.491666666666667,inf,verde,4,0.37607762090881364,2021-08-10,7.285191438705051,80.0,0.0,0,,inf,0,0,0
2024-07-01,tks50-31k,mrk - japon,0.0,150,0.0,0.0,0.0,1.414485228753647,rojo,4,0.4452203523172584,2023-03-31,8.040479891002178,100.0,1206.0719836503267,0,,0.0,1,0,1
2025-03-01,icd0014,ishikawa - pastillas de freno,3.0,0,7.0,57.4,19.851666666666667,,rojo,0,0.9600941101860287,2024-01-09,3.42,50.0,0.0,0,,0.0,1,0,
2025-03-01,a-6608,sakura filter,53.0,0,13.0,184.27,58.80166666666667,,rojo,0,0.887573988133142,2024-09-17,3.56,100.0,0.0,0,,0.0,1,0,
2025-01-01,a-6806,sakura filter,8.0,0,4.0,0.0,22.74666666666667,inf,verde,6,0.6058661717041918,2020-04-17,15.76,11.0,0.0,0,,inf,0,0,0
2025-03-01,icd0015,ishikawa - pastillas de freno,3.0,0,7.0,66.52,25.703333333333333,,rojo,0,0.9590273239748178,2024-01-09,5.4232,50.0,0.0,0,,0.0,1,0,
2025-01-01,cf-17007,mann - brasil,6.0,0,2.0,114.02,56.85666666666666,,rojo,0,0.44957385001979566,2023-06-07,31.569939283132555,20.0,0.0,0,,0.0,1,0,
2025-03-01,cf-1711,mann - brasil,0.0,50,2.0,168.64,39.321666666666665,,rojo,0,0.3513865489272928,2021-11-24,21.5,20.0,1075.0,0,,0.0,1,0,
2025-03-01,cf-1840,mann - brasil,132.0,0,4.0,444.35,137.61666666666667,,rojo,0,0.3913864327860999,2024-02-05,24.880340633392333,30.0,0.0,0,,0.0,1,0,
2024-10-01,cf-1940,mann - brasil,0.0,150,4.0,0.0,164.12333333333333,0.34710102266487836,rojo,4,0.5095293977843217,2024-09-24,19.345518366098403,30.0,2901.8277549147606,0,,0.0,1,0,1
2022-02-01,afc11000/f,sin definicion,0.0,50,0.0,0.0,0.0,,rojo,0,0.36435640710864264,2021-09-23,10.5,120.0,525.0,0,,0.0,1,0,
2025-02-01,ah-7912,sakura filter,52.0,0,6.0,499.64,158.935,,rojo,0,0.8441589620165886,2023-11-28,8.0,48.0,0.0,0,,0.0,1,0,
2024-06-01,icd1044,ishikawa - pastillas de freno,0.0,50,0.0,0.0,0.0,inf,rojo,6,0.855687852520751,2024-01-09,5.05,50.0,252.5,0,,0.0,1,0,1
2025-02-01,mwmwc864,wagner - pastillas,0.0,50,6.0,56.95,30.848333333333333,,rojo,0,0.5449791645877,2024-07-20,8.7,20.0,434.99999999999994,0,,0.0,1,0,
2024-10-01,mwmwc866,wagner - pastillas,0.0,50,1.0,0.0,2.7550000000000003,inf,rojo,3,0.8218144440745582,2024-07-20,8.6,40.0,430.0,0,,0.0,1,0,1
2025-04-01,a-59130,sakura filter,19.0,0,35.0,976.22,226.41833333333332,,rojo,0,0.985303326766443,2024-09-17,2.0,100.0,0.0,0,,0.0,1,0,
2025-03-01,a-6111,sakura filter,57.0,0,7.0,93.0,36.681666666666665,,rojo,0,0.9106277909946005,2023-11-28,4.24,36.0,0.0,0,,0.0,1,0,
2025-04-01,icd1055,ishikawa - pastillas de freno,0.0,50,20.0,288.65999999999997,84.83999999999999,,rojo,0,1.1475853842569808,2024-07-26,4.22,100.0,211.0,0,,0.0,1,0,
2024-09-01,wk-731,mann - brasil,0.0,50,0.0,0.0,0.0,inf,rojo,4,0.45910358428512277,2024-02-05,3.8269154787063595,60.0,191.34577393531796,0,,0.0,1,0,1
2025-01-01,mwmwc1124,wagner - pastillas,1.0,0,3.0,56.95,24.179999999999996,,rojo,0,0.27085336424772777,2023-01-18,22.7,25.0,0.0,0,,0.0,1,0,
2022-12-01,srch009,sin definicion,0.0,50,0.0,0.0,0.0,,rojo,0,0.5374670860041988,2021-08-31,40.6,50.0,2030.0,0,,0.0,1,0,
2025-03-01,srhy001,ito koyama - cremalleras,2.0,0,14.0,351.31,296.17833333333334,,rojo,0,0.6303821181760965,2024-09-13,32.0,30.0,0.0,0,,0.0,1,0,
2025-04-01,a-65780,sakura filter,15.0,0,19.0,550.53,135.73499999999999,,rojo,0,0.9469275525418116,2025-01-10,2.25,20.0,0.0,0,,0.0,1,0,
2023-01-01,tkl6886834,tkl - taiwan,0.0,50,0.0,0.0,0.0,4.340133081128832,rojo,4,0.7370954345244117,2017-08-28,7.3,600.0,365.0,0,,0.0,1,0,1
2024-09-01,tkl800260,tkl - taiwan,0.0,50,0.0,0.0,0.0,inf,rojo,4,0.5217049564059061,2022-10-20,28.5,20.0,1425.0,0,,0.0,1,0,1
2022-11-01,tkl84009,tkl - taiwan,0.0,50,0.0,0.0,0.0,inf,rojo,4,0.6281040439535006,2022-10-20,2.35,50.0,117.5,0,,0.0,1,0,1
2023-11-01,tklt20,tkl - taiwan,0.0,50,0.0,0.0,0.0,0.7191708123003073,rojo,4,0.47306694838967556,2022-04-04,6.2,152.0,310.0,0,,0.0,1,0,1
2025-03-01,wk-820/1,mann - brasil,34.0,0,4.0,196.46,78.64833333333333,,rojo,0,0.4968049770288714,2024-02-05,9.518778500556946,60.0,0.0,0,,0.0,1,0,
2025-01-01,a-5656-s,sakura filter,0.0,50,4.0,89.41,58.49,inf,rojo,6,0.8741747531221216,2023-02-17,8.6,63.0,430.0,0,,0.0,1,0,1
2025-03-01,a-5665-s,sakura filter,55.0,0,8.0,142.64999999999998,55.421666666666674,,rojo,0,0.8548678754880822,2023-01-31,4.0,96.0,0.0,0,,0.0,1,0,
2025-03-01,srhy002,ito koyama - cremalleras,28.0,0,6.0,374.83,162.64833333333334,,rojo,0,0.402181678051759,2024-09-13,58.0,20.0,0.0,0,,0.0,1,0,
2025-03-01,srhy003,ito koyama - cremalleras,4.0,0,17.0,824.5799999999999,396.34833333333336,,rojo,0,0.6149976070422671,2024-09-13,50.0,30.0,0.0,0,,0.0,1,0,
2024-02-01,dt-009,aisin - japon,0.0,50,0.0,0.0,0.0,inf,rojo,6,0.4141206310010058,2022-11-15,22.45,11.0,1122.5,0,,0.0,1,0,1
2025-01-01,17927,narva,210.0,0,1.0,10.0,1.6666666666666667,,rojo,0,0.4487434713719504,2024-05-29,0.34346174776554106,400.0,0.0,0,,0.0,1,0,
2025-03-01,wc-5713,sakura filter,11.0,0,6.0,78.55,27.93166666666667,,rojo,0,0.849928272108433,2023-02-17,3.81,24.0,0.0,0,,0.0,1,0,
2024-11-01,dt175/70r14,deestone,0.0,50,11.0,0.0,891.8383333333333,inf,rojo,6,0.47167832286178246,2024-09-20,20.61,140.0,1030.5,0,,0.0,1,0,1
2025-03-01,rn-671,ito koyama - palieres,45.0,0,7.0,243.97,190.80500000000004,,rojo,0,0.6019009604703075,2024-10-24,9.2,50.0,0.0,0,,0.0,1,0,
2025-03-01,rn-671a,ito koyama - palieres,384.0,0,6.0,313.73,196.365,,rojo,0,0.6538799735216837,2024-12-17,9.4,400.0,0.0,0,,0.0,1,0,
2025-02-01,wk-10002,mann - brasil,66.0,0,3.0,84.75,43.48833333333332,,rojo,0,0.5661691803198093,2024-11-13,15.1,60.0,0.0,0,,0.0,1,0,
2024-11-01,a-38560,sakura filter,6.0,0,1.0,0.0,1.115,inf,verde,6,0.8628895937358787,2022-03-31,2.7,60.0,0.0,0,,inf,0,0,0
2025-01-01,c-18630,sakura filter,32.0,0,5.0,1.77,6.178333333333334,inf,verde,6,0.5593097421094902,2023-01-09,1.3,150.0,0.0,0,,inf,0,0,0
2025-03-01,a-39050,sakura filter,132.0,0,24.0,1571.51,422.31333333333333,,rojo,0,0.8758603663898099,2024-11-11,10.9,96.0,0.0,0,,0.0,1,0,
2025-03-01,a-5030-s,sakura filter,26.0,0,5.0,138.0,40.04333333333333,,rojo,0,0.8769486600727276,2023-02-17,11.0,24.0,0.0,0,,0.0,1,0,
2024-12-01,a-5331,sakura filter,55.0,0,1.0,0.0,27.118333333333336,inf,verde,6,1.0999615305742938,2024-08-29,20.16,60.0,0.0,0,,inf,0,0,0
2025-03-01,a-53410-s,sakura filter,109.0,0,7.0,520.87,86.81166666666667,,rojo,0,0.9753857240073645,2025-02-28,17.45,41.0,0.0,0,,0.0,1,0,
2025-04-01,c-19390,sakura filter,316.0,0,22.0,183.45,115.86333333333333,,rojo,0,0.9421240245608653,2024-11-30,1.3,100.0,0.0,0,,0.0,1,0,
2022-10-01,na-e30205j,nachi - koyo - ntn - nsk - japon,0.0,50,0.0,0.0,0.0,inf,rojo,4,0.4854240466037423,2018-09-13,3.34,100.0,167.0,0,,0.0,1,0,1
2025-01-01,a-5595-s,sakura filter,49.0,0,3.0,0.0,51.525,inf,verde,6,0.9335297343075031,2023-02-17,35.0,41.0,0.0,0,,inf,0,0,0
2023-04-01,na-e32208j,nachi - koyo - ntn - nsk - japon,0.0,50,0.0,0.0,0.0,inf,rojo,4,0.3579319098651608,2021-06-05,6.85,120.0,342.5,0,,0.0,1,0,1
2024-12-01,mwmwd1037,wagner - pastillas,8.0,50,1.0,0.0,9.11,0.23060352540999862,verde,3,0.37901776431792733,2023-04-25,10.6,20.0,530.0,0,,2.6846193682030037,0,0,0
2023-08-01,na-lm48548/10,nachi - koyo - ntn - nsk - japon,0.0,50,0.0,0.0,0.0,inf,rojo,4,0.4785573717404433,2018-09-13,4.37,150.0,218.5,0,,0.0,1,0,1
2024-04-01,cac-24080,sakura filter,129.0,0,0.0,0.0,0.0,inf,verde,6,0.5840731164260576,2020-05-22,4.3,198.0,0.0,0,,inf,0,0,0
2025-03-01,cac-26080,sakura filter,110.0,0,7.0,27.14,32.945,,rojo,0,0.9634807754169614,2023-10-25,4.14,40.0,0.0,0,0.0,0.0,1,0,
2024-09-01,cac-28160,sakura filter,78.0,0,0.0,0.0,0.0,0.2073488257490612,verde,6,0.9083288955645499,2023-12-05,2.03,100.0,0.0,0,,13.329366167047082,0,0,0
2025-03-01,c-19450,sakura filter,6.0,0,3.0,84.78,17.646666666666665,,rojo,0,0.7743516471887866,2022-01-18,1.44,150.0,0.0,0,,0.0,1,0,
2024-01-01,paw68a5500usr,prextoline - usa,0.0,50,0.0,0.0,0.0,inf,rojo,4,0.3747654091081297,2023-05-05,299.0,4.0,14950.0,0,,0.0,1,0,1
2025-03-01,paw68r500,prextoline - lubricantes,169.0,0,29.0,2962.71,1411.5816666666667,,rojo,0,0.48503298613100726,2025-02-27,19.0,100.0,0.0,0,,0.0,1,0,
2025-03-01,paw68r5500,prextoline - lubricantes,1.0,0,1.0,355.93,59.321666666666665,,rojo,0,0.485877233206816,2025-02-27,205.0,2.0,0.0,0,,0.0,1,0,
2025-03-01,peaw68a500,prextoline - lubricantes,202.0,0,64.0,19512.28,9329.578333333333,,rojo,0,0.4260957877351759,2024-07-12,20.0,2250.0,0.0,0,,0.0,1,0,
2025-02-01,cac-1809-s,sakura filter,12.0,0,2.0,89.41,16.226666666666667,,rojo,0,0.8116876877031041,2021-06-17,1.7,100.0,0.0,0,,0.0,1,0,
2022-03-01,dt195/50r15,deestone,0.0,50,0.0,0.0,0.0,inf,rojo,6,0.6768814748991453,2019-10-09,19.7,76.0,985.0,0,,0.0,1,0,1
2025-02-01,dt195/70r14,deestone,10.0,0,4.0,343.39,217.40166666666667,,rojo,0,0.3247253955215516,2024-09-20,25.28,40.0,0.0,0,,0.0,1,0,
2024-09-01,c-1130,sakura filter,147.0,0,0.0,0.0,0.0,inf,verde,6,0.7483514833247239,2022-06-16,1.57,200.0,0.0,0,,inf,0,0,0
2024-11-01,dt215/50zr17,deestone,36.0,0,6.0,0.0,411.8416666666667,inf,verde,6,0.42765182424655324,2025-02-25,30.81,40.0,0.0,0,,inf,0,0,0
2025-01-01,dt215/65r16c,deestone,0.0,50,4.0,0.0,289.83,,rojo,0,0.4407565274260275,2024-10-28,38.49,27.0,1924.5,0,,0.0,1,0,
2025-03-01,dt225/60r17,deestone,169.0,0,21.0,4173.07,1762.9133333333332,,rojo,0,0.38234896539320296,2025-02-25,41.58,60.0,0.0,0,,0.0,1,0,
2025-02-01,dt225/70r15c,deestone,0.0,50,7.0,613.5600000000001,444.8016666666667,,rojo,0,0.30222120271860453,2024-09-20,40.84,32.0,2042.0000000000002,0,,0.0,1,0,
2025-01-01,c-1140,sakura filter,549.0,0,1.0,35.03,5.838333333333334,,rojo,0,1.0017208543164715,2024-10-31,1.43,50.0,0.0,0,,0.0,1,0,
2025-04-01,c-1142,sakura filter,6012.0,0,96.0,3504.66,1046.9466666666665,,rojo,0,0.7766088010020942,2025-01-31,1.2,2000.0,0.0,0,1200.0,0.0,1,0,
2025-02-01,dt185/70r13,deestone,156.0,0,11.0,1030.5,499.7733333333333,,rojo,0,0.46545435472155955,2024-04-09,19.5,490.0,0.0,0,,0.0,1,0,
2022-06-01,rov530025,rover - usa,0.0,50,0.0,0.0,0.0,inf,rojo,4,0.6712391518141517,2021-08-23,2.249167,1008.0,112.45835,0,,0.0,1,0,1
2025-02-01,a-29550,sakura filter,19.0,0,5.0,30.61,17.011666666666667,,rojo,0,0.8681353999352012,2023-10-05,2.7,100.0,0.0,0,,0.0,1,0,
2025-02-01,a-3006,sakura filter,57.0,0,6.0,23.619999999999997,7.511666666666667,,rojo,0,0.7132816296536797,2019-06-28,2.51,100.0,0.0,0,0.0,0.0,1,0,
2024-12-01,a-3102,sakura filter,3.0,0,4.0,0.0,10.443333333333333,inf,verde,6,0.5380953702586717,2016-12-14,3.12,120.0,0.0,0,,inf,0,0,0
2025-04-01,a-31120,sakura filter,141.0,0,2.0,18.94,3.1566666666666667,,rojo,0,0.7563621592201422,2021-10-02,1.65,192.0,0.0,0,,0.0,1,0,
2025-02-01,a-31240,sakura filter,48.0,0,2.0,15.92,5.445,,rojo,0,0.8908516481894931,2022-03-31,2.26,100.0,0.0,0,,0.0,1,0,
2022-11-01,a-31830,sakura filter,0.0,50,0.0,0.0,0.0,inf,rojo,6,0.772863506805996,2022-01-18,3.6,60.0,180.0,0,,0.0,1,0,1
2025-01-01,17833,narva,170.0,0,2.0,0.0,5.861666666666667,,rojo,0,0.4583887459719382,2024-02-28,1.2993168300032616,200.0,0.0,0,,0.0,1,0,
2025-03-01,a-3309,sakura filter,34.0,0,5.0,460.21999999999997,76.70333333333333,,rojo,0,0.8177453667468757,2024-12-26,3.2,60.0,0.0,0,,0.0,1,0,
2025-02-01,a-3311,sakura filter,0.0,50,7.0,109.15,43.64333333333334,,rojo,0,1.0986383111292957,2024-02-28,2.93,100.0,146.5,0,0.0,0.0,1,0,
2024-08-01,mwmwc1911,wagner - pastillas,0.0,50,0.0,0.0,0.0,inf,rojo,3,0.4707467722822404,2024-07-20,15.7,20.0,785.0,0,,0.0,1,0,1
2024-09-01,mwmwc1916,wagner - pastillas,0.0,50,0.0,0.0,0.0,inf,rojo,3,0.415094448626279,2023-01-18,12.2,30.0,610.0,0,,0.0,1,0,1
2025-02-01,mwmwc1917,wagner - pastillas,10.0,0,2.0,20.76,6.920000000000001,,rojo,0,0.5511060798713443,2024-07-20,12.6,10.0,0.0,0,,0.0,1,0,
2024-08-01,mwmwc1934,wagner - pastillas,0.0,50,0.0,0.0,0.0,inf,rojo,3,0.5414100004248767,2023-04-25,17.2,30.0,860.0,0,,0.0,1,0,1
2024-11-01,mwmwc2076,wagner - pastillas,5.0,0,3.0,0.0,25.425,inf,verde,3,0.30859335174582403,2024-07-20,22.0,10.0,0.0,0,,inf,0,0,0
2024-09-01,mwmwc340,wagner - pastillas,0.0,50,0.0,0.0,0.0,inf,rojo,3,0.5655847464103432,2024-07-20,9.3,10.0,465.00000000000006,0,,0.0,1,0,1
2025-03-01,mwmwc440,wagner - pastillas,0.0,50,3.0,49.83,10.423333333333334,,rojo,0,0.560841409320051,2023-04-25,7.7,30.0,385.0,0,,0.0,1,0,
2025-03-01,mwmwc462a,wagner - pastillas,1.0,0,2.0,54.24,13.56,,rojo,0,0.5990627977195077,2024-07-20,8.0,10.0,0.0,0,,0.0,1,0,
2024-09-01,mwmwc856a,wagner - pastillas,0.0,50,0.0,0.0,0.0,inf,rojo,3,0.5838483491836827,2024-03-19,9.5,10.0,475.0,0,,0.0,1,0,1
2025-04-01,17881,narva,240.0,0,3.0,199.04000000000002,34.205000000000005,,rojo,0,0.5866910196100449,2024-05-29,0.43331524765491486,600.0,0.0,0,,0.0,1,0,
2025-03-01,as-1124,sakura filter,14.0,0,1.0,43.86,7.31,,rojo,0,0.6924376636299385,2021-02-10,5.7,60.0,0.0,0,,0.0,1,0,
2025-01-01,as-51540-s,sakura filter,0.0,50,4.0,0.0,59.449999999999996,inf,rojo,6,0.9918904739793474,2023-11-28,7.2,72.0,360.0,0,,0.0,1,0,1
2024-01-01,as-6001-2rsc3,nas - pfi - zkl - mba,103.0,0,0.0,0.0,0.0,inf,verde,4,0.3919064686379233,2019-11-21,0.25,800.0,0.0,0,,inf,0,0,0
2024-06-01,t1132,ito koyama - trapecios,60.0,0,0.0,0.0,0.0,inf,verde,6,0.5677329984764821,2025-02-28,18.549498,60.0,0.0,0,,inf,0,0,0
2024-06-01,t1133,ito koyama - trapecios,60.0,0,0.0,0.0,0.0,0.8153453536530593,verde,6,0.5534489356128776,2025-02-28,18.549498,60.0,0.0,0,,12.493225028177427,0,0,0
2025-03-01,17916,narva,0.0,1000,249.0,5978.63,3306.27,,rojo,0,0.49618974163881174,2025-02-21,5.149975749185154,200.0,5149.975749185154,0,,0.0,1,0,
2025-02-01,dtv165/65r13,deestone,63.0,0,10.0,8590.49,1527.7933333333333,,rojo,0,0.5071856271570808,2024-09-20,16.94,200.0,0.0,0,,0.0,1,0,
2023-09-01,a-2834,sakura filter,0.0,50,0.0,0.0,0.0,inf,rojo,6,0.5647176171534027,2020-04-17,16.09,1.0,804.5,0,,0.0,1,0,1
2024-12-01,a-28730-s,sakura filter,28.0,0,3.0,0.0,50.998333333333335,inf,verde,6,0.8274832171275197,2022-10-03,23.0,28.0,0.0,0,,inf,0,0,0
2024-10-01,a-28750,sakura filter,55.0,50,2.0,0.0,31.52,0.8565822423246868,verde,6,0.8042240796144298,2024-11-11,18.23,36.0,911.5,0,,6.319556397359373,0,0,0
2025-03-01,icd1086,ishikawa - pastillas de freno,11.0,0,25.0,249.8,76.00833333333334,,rojo,0,0.7357784421832647,2024-07-26,3.9,100.0,0.0,0,,0.0,1,0,
2025-01-01,icd1107,ishikawa - pastillas de freno,0.0,50,9.0,24.32,24.81833333333333,,rojo,0,1.0217124069811234,2024-01-09,6.1,50.0,305.0,0,,0.0,1,0,
2025-03-01,icd1213,ishikawa - pastillas de freno,36.0,0,19.0,271.48,72.25500000000001,,rojo,0,0.8500596979307948,2024-07-26,5.13,50.0,0.0,0,,0.0,1,0,
2025-03-01,ca-49010,sakura filter,175.0,0,24.0,322.71,88.96499999999999,,rojo,0,0.8856315464440817,2024-09-17,2.0,300.0,0.0,0,,0.0,1,0,
2025-02-01,ca-54010,sakura filter,19.0,0,2.0,11.46,5.09,,rojo,0,0.7702873584957917,2021-08-27,1.3,80.0,0.0,0,,0.0,1,0,
2025-01-01,ca-56041,sakura filter,32.0,50,4.0,8.78,6.228333333333333,0.6637499298719617,verde,6,0.5610719842730864,2024-09-17,2.48,40.0,124.0,0,,11.398578917793982,0,0,0
2025-03-01,icd1303,ishikawa - pastillas de freno,1.0,0,16.0,282.78000000000003,137.40666666666667,,rojo,0,0.9341751229511557,2024-03-20,6.14,50.0,0.0,0,,0.0,1,0,
2025-03-01,icd1304,ishikawa - pastillas de freno,14.0,0,8.0,219.35,46.498333333333335,,rojo,0,1.1309884318713528,2024-03-20,5.32,50.0,0.0,0,,0.0,1,0,
2025-04-01,as-76490-s,sakura filter,58.0,0,8.0,66.36,86.68833333333333,,rojo,0,0.8757539869330905,2025-02-28,8.28,60.0,0.0,0,,0.0,1,0,
2025-03-01,as-7805,sakura filter,83.0,0,3.0,109.8,18.3,,rojo,0,0.8439425386029585,2024-10-22,7.53,90.0,0.0,0,,0.0,1,0,
2024-12-01,as-lm11949/10,nas - pfi - zkl - mba,192.0,0,1.0,0.0,2.7983333333333333,inf,verde,4,0.872442628734153,2018-08-07,0.99,500.0,0.0,0,,inf,0,0,0
2024-06-01,as149p/n,prestone - usa,0.0,50,0.0,0.0,0.0,inf,rojo,3,0.3466541126611845,2019-06-14,2.8125,480.0,140.625,0,,0.0,1,0,1
2024-08-01,as260psp-m1,prestone - mexico,54.0,0,0.0,0.0,0.0,inf,verde,3,0.5791082408687179,2023-07-27,1.52,288.0,0.0,0,,inf,0,0,0
2024-06-01,ech001,ito koyama - direccion,0.0,50,0.0,0.0,0.0,inf,rojo,6,0.6849469687763037,2022-08-15,2.03,420.0,101.49999999999999,0,,0.0,1,0,1
2025-03-01,icd1314,ishikawa - pastillas de freno,45.0,0,18.0,112.17999999999999,40.9,,rojo,0,0.7488330843153997,2024-07-26,3.71,100.0,0.0,0,,0.0,1,0,
2023-06-01,a-25980,sakura filter,0.0,50,0.0,0.0,0.0,inf,rojo,6,0.8549872888505408,2022-01-13,1.65,40.0,82.5,0,,0.0,1,0,1
2022-10-01,a-2605,sakura filter,0.0,50,0.0,0.0,0.0,inf,rojo,6,0.8533733559046817,2018-02-05,2.38,40.0,119.0,0,,0.0,1,0,1
2024-11-01,tn-130,toyo - japon,251.0,0,1.0,0.0,15.536666666666667,inf,verde,4,0.4173031263740591,2023-03-31,5.555513650178909,300.0,0.0,0,,inf,0,0,0
2024-09-01,tn-134,toyo - japon,35.0,100,0.0,0.0,0.0,0.9472062659581991,verde,4,0.4809237333055789,2020-11-12,4.932884201407433,200.0,493.28842014074326,0,,2.3330633028584655,0,0,0
2024-12-01,icd1321,ishikawa - pastillas de freno,0.0,50,2.0,0.0,3.4466666666666668,inf,rojo,6,0.9139920764679856,2024-03-20,4.77,50.0,238.49999999999997,0,,0.0,1,0,1
2024-12-01,a-22300,sakura filter,0.0,50,1.0,0.0,1.5533333333333335,inf,rojo,6,0.7405197564847958,2021-04-09,4.36,45.0,218.00000000000003,0,,0.0,1,0,1
2025-03-01,a-22340,sakura filter,208.0,0,20.0,541.9,234.92666666666665,,rojo,0,1.0427738104547057,2024-10-16,3.75,36.0,0.0,0,198.0,0.0,1,0,
2025-03-01,a-22380-s,sakura filter,224.0,0,42.0,3475.68,1584.8183333333334,,rojo,0,0.8644037886512618,2023-12-05,35.86,152.0,0.0,0,,0.0,1,0,
2025-04-01,mi-641,ito koyama - palieres,53.0,0,23.0,1519.8,253.29999999999998,,rojo,0,0.5964536986675975,2024-12-17,8.0,150.0,0.0,0,,0.0,1,0,
2025-03-01,icd1324,ishikawa - pastillas de freno,39.0,0,11.0,139.4,44.30833333333334,,rojo,0,0.9296471203859275,2024-03-20,7.61,80.0,0.0,0,,0.0,1,0,
2023-09-01,rto016r,ito koyama - direccion,0.0,50,0.0,0.0,0.0,inf,rojo,6,0.6649647793009021,2023-05-19,2.85,60.0,142.5,0,,0.0,1,0,1
2023-06-01,skf-6305-2rs1c3,skf - rodajes,0.0,50,0.0,0.0,0.0,inf,rojo,4,0.5695693489778466,2023-04-21,2.7,100.0,135.0,0,,0.0,1,0,1
2022-11-01,skki-031,seco - embragues,0.0,50,0.0,0.0,0.0,inf,rojo,4,0.4021833276604833,2022-02-05,63.78,50.0,3189.0,0,,0.0,1,0,1
2025-03-01,dtv185/60r15,deestone,65.0,0,14.0,687.56,481.66333333333336,,rojo,0,0.40086579616465473,2024-10-04,20.82,80.0,0.0,0,,0.0,1,0,
2024-03-01,as736lf,prestone - mexico,0.0,50,0.0,0.0,0.0,inf,rojo,3,0.5059732162402436,2023-07-27,2.52,240.0,126.0,0,,0.0,1,0,1
2024-08-01,ca-2401,sakura filter,65.0,0,0.0,0.0,0.0,inf,verde,6,0.8099510044380481,2024-03-18,2.84,64.0,0.0,0,,inf,0,0,0
2024-11-01,ca-24070,sakura filter,103.0,0,2.0,0.0,8.53,0.6669027946635837,verde,6,0.9048891133844088,2023-09-05,3.48,20.0,0.0,0,,19.648286140089418,0,0,0
2024-09-01,ca-24090,sakura filter,21.0,0,0.0,0.0,0.0,inf,verde,6,0.718951442355592,2022-09-14,2.89,40.0,0.0,0,,inf,0,0,0
2025-02-01,ca-2801,sakura filter,142.0,0,3.0,47.26,12.066666666666668,,rojo,0,0.8625409206667733,2022-10-13,3.4,20.0,0.0,0,,0.0,1,0,
2024-09-01,wk-842/7,mann - brasil,19.0,0,0.0,0.0,0.0,inf,verde,4,0.3544640189530592,2023-10-12,11.62,60.0,0.0,0,,inf,0,0,0
2025-03-01,ca-28150,sakura filter,266.0,0,7.0,81.0,18.763333333333332,,rojo,0,0.9820028696993601,2024-11-11,1.15,100.0,0.0,0,,0.0,1,0,
2023-11-01,sm034,ito koyama - torretas,0.0,50,0.0,0.0,0.0,inf,rojo,6,0.6381454367095817,2023-05-19,4.22,420.0,211.0,0,,0.0,1,0,1
2023-09-01,sm035,ito koyama - torretas,0.0,50,0.0,0.0,0.0,inf,rojo,6,0.6467998035106051,2023-05-19,4.81,150.0,240.49999999999997,0,,0.0,1,0,1
2023-07-01,sm039,ito koyama - torretas,0.0,50,0.0,0.0,0.0,inf,rojo,6,0.6485208769045598,2023-05-19,3.46,150.0,173.0,0,,0.0,1,0,1
2024-02-01,sm040,ito koyama - torretas,0.0,50,0.0,0.0,0.0,inf,rojo,6,0.5933125145317065,2023-05-19,3.51,120.0,175.5,0,,0.0,1,0,1
2023-08-01,sm044,ito koyama - torretas,0.0,50,0.0,0.0,0.0,inf,rojo,6,0.6539059066599574,2023-05-19,3.51,60.0,175.5,0,,0.0,1,0,1
2025-03-01,wk-9016,mann - brasil,47.0,0,5.0,279.4,50.525,,rojo,0,0.45799146529098295,2024-02-05,14.833339996337891,50.0,0.0,0,,0.0,1,0,
2024-02-01,mf-fm1012,mann - brasil,0.0,50,0.0,0.0,0.0,inf,rojo,4,0.3201198841704259,2022-05-31,76.87997817993164,100.0,3843.998908996582,0,,0.0,1,0,1
2025-03-01,mg001,ito koyama - resortes,31.0,0,7.0,236.26,39.376666666666665,,rojo,0,0.5063091699452583,2024-12-26,4.5,56.0,0.0,0,,0.0,1,0,
2023-04-01,mg330,moog - usa,0.0,150,0.0,0.0,0.0,1.4189142380660154,rojo,3,0.4788739642156579,2022-08-26,7.6,150.0,1140.0,0,,0.0,1,0,1
2023-01-01,mg351,moog - usa,0.0,50,0.0,0.0,0.0,inf,rojo,3,0.46931434596118105,2022-08-26,15.32,150.0,766.0,0,,0.0,1,0,1
2022-12-01,mg354,moog - usa,0.0,50,0.0,0.0,0.0,inf,rojo,3,0.48920642770640943,2022-08-26,6.3,30.0,315.0,0,,0.0,1,0,1
2023-07-01,mg550,moog - usa,0.0,50,0.0,0.0,0.0,inf,rojo,3,0.3971660948732925,2022-08-26,63.413,47.0,3170.6499999999996,0,,0.0,1,0,1
2025-02-01,a-1753,sakura filter,142.0,0,4.0,41.29,19.12666666666667,,rojo,0,0.949716767695554,2023-09-28,3.7,40.0,0.0,0,,0.0,1,0,
2023-12-01,wpm-068va,aisin - japon,60.0,0,0.0,0.0,0.0,inf,verde,6,0.38807133875825095,2025-02-24,27.86,60.0,0.0,0,,inf,0,0,0
2025-03-01,wpn-001va,aisin - japon,82.0,0,2.0,21.84,7.28,,rojo,0,0.4387453450882316,2025-02-24,14.7,50.0,0.0,0,,0.0,1,0,
2025-03-01,a-1955-s,sakura filter,281.0,0,10.0,229.95999999999998,72.96333333333332,,rojo,0,0.8089406258517318,2025-01-21,9.66,92.0,0.0,0,,0.0,1,0,
2025-03-01,wpn-107va,aisin - japon,58.0,0,1.0,83.05,13.841666666666667,,rojo,0,0.3710322947357294,2025-02-24,27.91,60.0,0.0,0,,0.0,1,0,
2025-02-01,ef-68020,sakura filter,57.0,0,3.0,26.17,28.89166666666667,,rojo,0,0.5752569003993672,2019-12-31,4.11,140.0,0.0,0,,0.0,1,0,
2025-03-01,t1122,ito koyama - trapecios,29.0,0,2.0,28.27,20.716666666666665,,rojo,0,0.724275429385852,2025-02-28,15.071384,30.0,0.0,0,,0.0,1,0,
2025-03-01,t1123,ito koyama - trapecios,31.0,0,5.0,249.93,49.35,,rojo,0,0.7673612884020213,2025-02-28,15.071384,30.0,0.0,0,,0.0,1,0,
2024-01-01,s-tshirt,sin definicion,0.0,50,0.0,0.0,0.0,,rojo,0,-1.0,2022-10-13,0.5,500.0,25.0,0,,0.0,1,0,
2024-08-01,sa0034700m,ito koyama - amortiguadores,47.0,0,0.0,0.0,0.0,0.8806947647727112,verde,6,0.5660948291266283,2021-11-08,11.46,1.0,0.0,0,,23.5,0,0,0
2024-08-01,sa0034900m,ito koyama - amortiguadores,45.0,0,0.0,0.0,0.0,0.2641882666248083,verde,6,0.5650198959360057,2022-09-23,11.46,2.0,0.0,0,,25.219257503443416,0,0,0
2024-05-01,sac-7905,sakura filter,0.0,50,0.0,0.0,0.0,inf,rojo,6,0.8336087187248318,2022-12-02,11.05,72.0,552.5,0,,0.0,1,0,1
2025-03-01,a-1651,sakura filter,94.0,0,2.0,24.54,4.09,,rojo,0,0.9330480687263106,2024-09-17,1.96,100.0,0.0,0,,0.0,1,0,
2025-01-01,a-1672,sakura filter,44.0,0,2.0,48.0,8.691666666666666,,rojo,0,0.7149150727457458,2023-08-04,2.51,40.0,0.0,0,,0.0,1,0,
2025-03-01,a-1673,sakura filter,129.0,0,3.0,43.51,20.353333333333335,,rojo,0,0.8564652290458128,2023-11-28,1.77,50.0,0.0,0,,0.0,1,0,
2025-03-01,a-1676,sakura filter,1.0,0,8.0,238.52,43.85,,rojo,0,0.6291207892939711,2023-07-26,1.44,100.0,0.0,0,,0.0,1,0,
2025-03-01,a-1714,sakura filter,88.0,0,3.0,73.33,14.459999999999999,,rojo,0,0.8635829861279822,2024-09-30,3.45,90.0,0.0,0,,0.0,1,0,
2025-01-01,mwmwd1275,wagner - pastillas,0.0,50,3.0,0.0,24.293333333333333,,rojo,0,0.6788597886151748,2023-04-25,6.9,50.0,345.0,0,,0.0,1,0,
2024-11-01,mwmwd1288,wagner - pastillas,0.0,50,2.0,0.0,7.415,inf,rojo,3,0.5371250968735887,2024-07-20,9.2,10.0,459.99999999999994,0,,0.0,1,0,1
2024-12-01,mwmwd1304,wagner - pastillas,0.0,50,3.0,0.0,18.575,inf,rojo,3,0.4407971737355142,2024-07-20,9.2,20.0,459.99999999999994,0,,0.0,1,0,1
2025-03-01,srb-01,seco - embragues,0.0,50,2.0,184.41,48.19333333333333,,rojo,0,0.3768179898261118,2024-07-18,7.24,50.0,362.0,0,,0.0,1,0,
2025-02-01,b1002,ito koyama - trapecios,1.0,50,13.0,2099.8,349.9666666666667,,rojo,0,0.947062819399526,2024-12-10,2.48,201.0,124.0,0,,0.0,1,0,
2024-07-01,17060,narva,350.0,0,0.0,0.0,0.0,inf,verde,4,0.43277581106878527,2024-05-29,0.2628323390483856,400.0,0.0,0,,inf,0,0,0
2025-01-01,17061,narva,0.0,50,1.0,71.19,11.865,,rojo,0,0.4620184480920937,2024-09-16,0.2818681857347488,200.0,14.09340928673744,0,,0.0,1,0,
2023-06-01,17190,spaco - italia,0.0,50,0.0,0.0,0.0,inf,rojo,4,0.6062774349640653,2022-05-25,5.883615732192994,30.0,294.1807866096497,0,,0.0,1,0,1
2022-10-01,tkl-24/24,tkl - taiwan,0.0,50,0.0,0.0,0.0,inf,rojo,4,0.4896711985080372,2022-04-04,15.0,150.0,750.0,0,,0.0,1,0,1
2023-06-01,tkl00600,tkl - taiwan,0.0,50,0.0,0.0,0.0,inf,rojo,4,0.5083509384152485,2022-10-20,26.0,20.0,1300.0,0,,0.0,1,0,1
2024-04-01,tkl1000-5a,tkl - taiwan,0.0,50,0.0,0.0,0.0,0.665509148960315,rojo,4,0.5269373377022104,2022-04-04,5.8,100.0,290.0,0,,0.0,1,0,1
2023-07-01,tkl10028a,tkl - taiwan,0.0,450,0.0,0.0,0.0,4.195872641325308,rojo,4,0.6946199471210077,2022-10-20,0.09,2000.0,40.5,0,,0.0,1,0,1
2023-05-01,tkl22012,tkl - taiwan,0.0,650,0.0,0.0,0.0,1.0550877715903386,rojo,4,0.46485571258441505,2022-10-20,15.5,500.0,10075.0,0,,0.0,1,0,1
2025-03-01,ehy005,ito koyama - direccion,0.0,50,5.0,1559.5,259.9166666666667,,rojo,0,0.718897858899752,2025-02-28,1.531903,100.0,76.59515,0,,0.0,1,0,
2025-01-01,icd1338,ishikawa - pastillas de freno,0.0,50,9.0,27.97,30.703333333333333,,rojo,0,0.9665252102719845,2024-01-09,4.45,50.0,222.5,0,,0.0,1,0,
2025-02-01,to-025,ito koyama - palieres,0.0,50,10.0,227.26,90.83166666666666,,rojo,0,0.5754378279312221,2023-12-07,8.5,100.0,425.0,0,,0.0,1,0,
2025-03-01,to-640,ito koyama - palieres,40.0,0,3.0,152.39000000000001,39.805,,rojo,0,0.5712139892900624,2023-12-07,8.0,50.0,0.0,0,,0.0,1,0,
2024-12-01,icd1345,ishikawa - pastillas de freno,0.0,300,29.0,0.0,408.95000000000005,0.358828143148834,rojo,6,1.0708215469649152,2024-07-26,4.2,200.0,1260.0,0,,0.0,1,0,1
2025-01-01,a-1610,sakura filter,41.0,0,1.0,9.05,1.5083333333333335,,rojo,0,0.5162919292055818,2016-12-14,2.44,60.0,0.0,0,,0.0,1,0,
2025-04-01,ef-65031,sakura filter,219.0,0,9.0,370.49,73.365,,rojo,0,0.8933544041438473,2024-11-28,2.45,300.0,0.0,0,,0.0,1,0,
2025-03-01,eni004,ito koyama - direccion,23.0,0,6.0,239.35,39.891666666666666,,rojo,0,0.7317088890098563,2025-02-28,1.392667,98.0,0.0,0,,0.0,1,0,
2025-03-01,eni005,ito koyama - direccion,25.0,0,6.0,239.37,39.895,,rojo,0,0.7223868886268149,2025-02-28,1.392712,100.0,0.0,0,,0.0,1,0,
2024-11-01,schd-138,seco - embragues,20.0,0,1.0,0.0,48.504999999999995,inf,verde,4,0.3992637788842749,2019-02-13,82.9,50.0,0.0,0,,inf,0,0,0
2023-08-01,schd-154,seco - embragues,0.0,50,0.0,0.0,0.0,0.8116992973693513,rojo,4,0.3668081121267397,2022-08-08,16.24,50.0,811.9999999999999,0,,0.0,1,0,1
2024-09-01,a-1173,sakura filter,212.0,0,0.0,0.0,0.0,inf,verde,6,0.607597652386113,2018-10-02,3.0,120.0,0.0,0,,inf,0,0,0
2025-03-01,a-1177,sakura filter,4.0,0,26.0,497.05,229.39333333333332,,rojo,0,0.8900554720865071,2024-10-22,7.34,60.0,0.0,0,60.0,0.0,1,0,
2025-03-01,a-1196,sakura filter,44.0,0,2.0,73.9,12.316666666666668,,rojo,0,0.6578933790992773,2023-11-28,6.59,60.0,0.0,0,,0.0,1,0,
2024-01-01,a-1330,sin definicion,0.0,50,0.0,0.0,0.0,,rojo,0,1.5447426561299875,2020-02-17,2.5,108.0,125.0,0,,0.0,1,0,
2025-04-01,a-1331-s,sakura filter,1281.0,0,445.0,166012.25,55638.924999999996,,rojo,0,0.7760478225430426,2025-01-31,11.04,816.0,0.0,0,1180.0,0.0,1,0,
2025-03-01,icd1391,ishikawa - pastillas de freno,46.0,0,12.0,98.14,38.141666666666666,,rojo,0,0.9500668606742443,2024-03-20,4.8,80.0,0.0,0,,0.0,1,0,
2024-08-01,icd1444,ishikawa - pastillas de freno,0.0,50,0.0,0.0,0.0,inf,rojo,6,0.6552928950857426,2023-03-31,5.71,50.0,285.5,0,,0.0,1,0,1
2024-11-01,mwmwd1039,wagner - pastillas,0.0,50,3.0,0.0,21.256666666666664,inf,rojo,3,0.8259436184403927,2024-07-20,9.5,10.0,475.0,0,,0.0,1,0,1
2025-03-01,mwmwd1044,wagner - pastillas,4.0,0,5.0,152.54000000000002,50.848333333333336,,rojo,0,0.7403477753352657,2024-07-20,10.4,20.0,0.0,0,,0.0,1,0,
2024-12-01,mwmwd1080,wagner - pastillas,0.0,50,1.0,0.0,8.475,inf,rojo,3,0.4359539251996784,2024-07-20,11.2,10.0,560.0,0,,0.0,1,0,1
2025-02-01,mwmwd1107,wagner - pastillas,0.0,50,4.0,23.73,15.82,,rojo,0,0.3831529375122743,2024-07-20,16.4,10.0,819.9999999999999,0,,0.0,1,0,
2025-03-01,icd1447,ishikawa - pastillas de freno,39.0,0,26.0,286.49,117.365,,rojo,0,1.050767312858079,2024-07-26,4.87,100.0,0.0,0,,0.0,1,0,
2025-03-01,icd1454,ishikawa - pastillas de freno,15.0,0,36.0,1837.9,470.07666666666665,,rojo,0,0.8815784762593466,2024-03-20,5.45,200.0,0.0,0,,0.0,1,0,
2025-03-01,wpt-166va,aisin - japon,155.0,0,6.0,7005.24,1167.54,,rojo,0,0.3411444779762747,2025-02-24,24.29,50.0,0.0,0,,0.0,1,0,
2024-01-01,skf-6003-2z/c3,skf - rodajes,0.0,50,0.0,0.0,0.0,inf,rojo,4,0.7887624136783462,2023-04-21,1.05,120.0,52.5,0,,0.0,1,0,1
2024-06-01,skf-607-2zc3,skf - rodajes,10.0,0,0.0,0.0,0.0,inf,verde,4,0.6961093842526986,2023-04-21,0.72,100.0,0.0,0,,inf,0,0,0
2025-02-01,bdd034,ishikawa - discos de freno,0.0,50,14.0,384.57,141.91833333333332,,rojo,0,0.8664715770661513,2023-12-23,8.98,100.0,449.0,0,,0.0,1,0,
2025-03-01,srto009,ito koyama - cremalleras,5.0,0,16.0,597.7,327.17833333333334,,rojo,0,0.6643883673712967,2024-09-13,40.0,30.0,0.0,0,,0.0,1,0,
2024-11-01,srto011,ito koyama - cremalleras,28.0,0,2.0,0.0,71.59333333333333,0.279540188641051,verde,6,0.5439619442830752,2024-09-13,86.0,10.0,0.0,0,,16.603840092189326,0,0,0
2025-02-01,a-1138,sakura filter,131.0,0,7.0,140.76,35.81666666666667,,rojo,0,1.0622686648121573,2024-08-29,1.9,100.0,0.0,0,,0.0,1,0,
2025-03-01,a-1139,sakura filter,79.0,0,5.0,89.82,39.94,,rojo,0,0.9894033128991366,2024-08-29,2.26,100.0,0.0,0,,0.0,1,0,
2024-01-01,skf-608-2rsh/c3,skf - rodajes,0.0,200,0.0,0.0,0.0,1.14775848080238,rojo,4,0.8633204970380833,2023-04-21,0.75,500.0,150.0,0,,0.0,1,0,1
2025-02-01,schd-012,seco - embragues,0.0,50,1.0,328.81,54.80166666666667,,rojo,0,0.34115445679636536,2023-05-23,62.58,50.0,3129.0,0,,0.0,1,0,
2024-01-01,schd-042,seco - embragues,0.0,50,0.0,0.0,0.0,0.9961882921527833,rojo,4,0.3994918740783395,2022-08-08,15.29,100.0,764.5,0,,0.0,1,0,1
2022-09-01,schd-107,seco - embragues,0.0,50,0.0,0.0,0.0,inf,rojo,4,0.3919063738174267,2021-08-27,12.72,30.0,636.0,0,,0.0,1,0,1
2025-03-01,eni003,ito koyama - direccion,176.0,0,3.0,53.05,8.841666666666667,,rojo,0,0.7206510090043228,2025-02-28,1.392667,196.0,0.0,0,,0.0,1,0,
2025-03-01,to-839,ito koyama - palieres,158.0,0,22.0,1698.26,283.04333333333335,,rojo,0,0.5532665276653399,2024-12-17,6.6,300.0,0.0,0,,0.0,1,0,
2025-01-01,eo-2804,sakura filter,96.0,0,2.0,19.83,6.411666666666666,,rojo,0,0.8448709708462485,2024-11-30,2.37,50.0,0.0,0,,0.0,1,0,
2024-12-01,tr221,german cardan - t v a - crucetas,70.0,0,2.0,0.0,90.39666666666666,inf,verde,4,0.27755959415640824,2020-04-27,12.89,250.0,0.0,0,,inf,0,0,0
2024-01-01,skf-608-2z/c3,skf - rodajes,0.0,50,0.0,0.0,0.0,inf,rojo,4,0.5016882605715147,2023-04-21,1.08,200.0,54.0,0,,0.0,1,0,1
2024-07-01,scmb-558,seco - embragues,0.0,50,0.0,0.0,0.0,inf,rojo,4,0.39459620005792617,2023-05-23,27.75,50.0,1387.5,0,,0.0,1,0,1
2022-05-01,ts22,marilia,0.0,50,0.0,0.0,0.0,inf,rojo,4,0.5688245703071317,2019-08-23,0.65,2000.0,32.5,0,,0.0,1,0,1
2025-02-01,a-1026-s,sakura filter,112.0,0,7.0,379.12,100.50333333333333,,rojo,0,0.8779400524372641,2023-11-28,16.0,28.0,0.0,0,,0.0,1,0,
2024-10-01,skf-6200-2rsh/c3,skf - rodajes,119.0,0,1.0,0.0,3.7433333333333336,1.8653574168896174,verde,4,0.48286953754855905,2023-04-21,1.05,500.0,0.0,0,,8.36923076923077,0,0,0
2023-02-01,11666,spaco - italia,0.0,50,0.0,0.0,0.0,inf,rojo,4,0.5051165856224601,2023-01-10,15.734847190380096,200.0,786.7423595190048,0,,0.0,1,0,1
2025-02-01,a-1123,sakura filter,3.0,0,5.0,123.25999999999999,41.90833333333333,,rojo,0,1.1733029190844015,2024-11-30,2.03,40.0,0.0,0,,0.0,1,0,
2025-03-01,mwmwd1324,wagner - pastillas,10.0,0,3.0,71.37,19.24,,rojo,0,0.5610296009526389,2024-07-20,13.4,20.0,0.0,0,,0.0,1,0,
2024-11-01,mwmwd1345,wagner - pastillas,0.0,50,4.0,0.0,22.599999999999998,inf,rojo,3,0.3048513859232496,2024-07-20,12.3,20.0,615.0,0,,0.0,1,0,1
2025-03-01,mwmwd562,wagner - pastillas,18.0,0,3.0,49.58,11.018333333333333,,rojo,0,0.9770772849462366,2023-04-25,7.9,50.0,0.0,0,,0.0,1,0,
2024-10-01,mwmwd668,wagner - pastillas,0.0,50,0.0,0.0,0.0,inf,rojo,3,0.5410508177912496,2024-03-19,7.2,20.0,360.0,0,,0.0,1,0,1
2024-09-01,mwmwd904,wagner - pastillas,0.0,50,0.0,0.0,0.0,inf,rojo,3,0.5478418350286639,2024-03-19,8.6,10.0,430.0,0,,0.0,1,0,1
2024-11-01,mwmwd929a,wagner - pastillas,0.0,50,2.0,0.0,4.9783333333333335,inf,rojo,3,0.9001421081686751,2024-07-20,9.0,20.0,450.0,0,,0.0,1,0,1
2025-02-01,mwmwd981,wagner - pastillas,8.0,0,5.0,15.25,20.336666666666666,,rojo,0,1.149056051909627,2024-07-20,6.8,20.0,0.0,0,,0.0,1,0,
2024-05-01,mwmwx1006,wagner - pastillas,0.0,50,0.0,0.0,0.0,inf,rojo,3,0.5056959877207545,2017-05-02,15.05,90.0,752.5,0,,0.0,1,0,1
2025-03-01,mz-001,ito koyama - palieres,8.0,0,11.0,535.77,108.06833333333333,,rojo,0,0.5659431617871994,2024-12-17,7.3,50.0,0.0,0,,0.0,1,0,
2025-03-01,mz-001a,ito koyama - palieres,28.0,0,3.0,244.75,40.791666666666664,,rojo,0,0.5375889303729597,2024-12-17,6.73,50.0,0.0,0,,0.0,1,0,
2024-11-01,100-sail,birene - cigueñales-culatas-ejes de levas,3.0,50,1.0,0.0,13.588333333333333,1.1271255631773862,amarillo,4,0.3239701807244423,2020-02-25,78.0,30.0,3900.0,0,,0.687047181480827,0,0,1
2025-03-01,bdd049,ishikawa - discos de freno,32.0,0,6.0,211.59,81.00500000000001,,rojo,0,0.8964372115483339,2024-07-24,17.1,50.0,0.0,0,,0.0,1,0,
2022-12-01,11126,spaco - italia,0.0,50,0.0,0.0,0.0,inf,rojo,4,0.6086543614909536,2022-05-25,6.549280285835266,1500.0,327.4640142917633,0,,0.0,1,0,1
2024-01-01,1321,spaco - italia,0.0,1000,0.0,0.0,0.0,0.7819761060144064,rojo,4,0.5322892580569605,,,,,0,,0.0,1,0,1
2025-04-01,eo-89030,sakura filter,21.0,0,9.0,146.18,40.75,,rojo,0,0.8610733416611238,2024-11-28,1.45,100.0,0.0,0,,0.0,1,0,
2024-01-01,11733,spaco - italia,0.0,250,0.0,0.0,0.0,16.180245585967544,rojo,4,0.6615637336564532,2023-01-10,1.116251096725464,500.0,279.06277418136597,0,,0.0,1,0,1
2024-01-01,11883,spaco - italia,0.0,50,0.0,0.0,0.0,inf,rojo,4,0.47612887176530927,2023-01-10,2.5008317840099337,200.0,125.04158920049669,0,,0.0,1,0,1
2023-04-01,9437,spaco - italia,0.0,50,0.0,0.0,0.0,inf,rojo,4,0.8043967438681199,,,,,0,,0.0,1,0,1
2025-03-01,94583376,ito koyama - amortiguadores,39.0,0,6.0,476.64,83.84333333333333,,rojo,0,0.6372760945458362,2024-11-29,7.3,50.0,0.0,0,,0.0,1,0,
2025-03-01,94583379,ito koyama - amortiguadores,39.0,0,6.0,476.96,83.89666666666666,,rojo,0,0.6401455776197832,2024-11-29,7.3,50.0,0.0,0,,0.0,1,0,
2025-03-01,to-836,ito koyama - palieres,49.0,0,10.0,202.85,60.47833333333333,,rojo,0,0.595170689566889,2024-06-21,6.32,50.0,0.0,0,,0.0,1,0,
2025-03-01,to-838,ito koyama - palieres,136.0,0,9.0,343.39,92.29666666666667,,rojo,0,0.6198428440723643,2024-12-17,8.7,54.0,0.0,0,,0.0,1,0,
2025-04-01,90491031,monark - alemania,0.0,50,3.0,45.42,9.463333333333333,,rojo,0,0.4207418880800808,,,,,0,,0.0,1,0,
2024-05-01,91511960,ks - brasil,0.0,50,0.0,0.0,0.0,inf,rojo,4,0.23402064474560344,2023-09-14,105.48,40.0,5274.0,0,,0.0,1,0,1
2025-03-01,924380210,ito koyama - amortiguadores,72.0,0,42.0,3520.71,1132.2949999999998,,rojo,0,0.6588906480256064,2024-11-29,6.5,150.0,0.0,0,,0.0,1,0,
2024-11-01,93160024,monark - alemania,0.0,50,1.0,0.0,23.728333333333335,1.7996815642965058,rojo,4,0.4623159101484748,,,,,0,,0.0,1,0,1
2023-09-01,9337,spaco - italia,0.0,50,0.0,0.0,0.0,inf,rojo,4,0.5029434212314337,2019-11-04,50.249571204185486,70.0,2512.4785602092743,0,,0.0,1,0,1
2025-03-01,9380,spaco - italia,0.0,50,1.0,1.27,0.21166666666666667,,rojo,0,0.5193949164326159,,,,,0,,0.0,1,0,
2022-12-01,120205,sealco - usa,0.0,150,0.0,0.0,0.0,1.800836396088893,rojo,3,0.27159347787955324,2021-09-27,33.68,250.0,5052.0,0,,0.0,1,0,1
2025-03-01,eo-31910,sakura filter,11.0,0,7.0,63.129999999999995,22.481666666666666,,rojo,0,0.9409234625479446,2023-09-05,2.22,100.0,0.0,0,,0.0,1,0,
2025-04-01,eo-31930,sakura filter,50.0,0,34.0,411.8,106.17,,rojo,0,1.0274396515891568,2024-11-04,1.13,200.0,0.0,0,,0.0,1,0,
2025-02-01,eo-31950,sakura filter,85.0,0,4.0,35.74,12.481666666666667,,rojo,0,0.7651915174025747,2024-11-11,1.41,50.0,0.0,0,,0.0,1,0,
2025-02-01,eo-31970,sakura filter,13.0,0,3.0,160.55,28.115,,rojo,0,0.5915105934178817,2024-09-17,2.26,50.0,0.0,0,,0.0,1,0,
2023-12-01,100-4m40t,birene - cigueñales-culatas-ejes de levas,0.0,50,0.0,0.0,0.0,inf,rojo,4,0.3696589675966076,2020-02-25,116.0,100.0,5800.0,0,,0.0,1,0,1
2025-04-01,eo-5311,sakura filter,157.0,0,10.0,92.74,38.085,,rojo,0,0.9429901163306187,2024-11-04,2.53,100.0,0.0,0,,0.0,1,0,
2025-03-01,eo-53870,sakura filter,103.0,0,16.0,167.61,57.278333333333336,,rojo,0,1.0726308386677184,2023-12-05,0.91,50.0,0.0,0,,0.0,1,0,
2025-03-01,eo-53880,sakura filter,544.0,0,25.0,206.97000000000003,96.385,,rojo,0,0.9315514997853082,2024-11-28,1.81,400.0,0.0,0,,0.0,1,0,
2025-03-01,eo-57010,sakura filter,132.0,0,4.0,126.05,47.39333333333334,,rojo,0,0.8366883583245727,2024-11-11,7.7,75.0,0.0,0,,0.0,1,0,
2025-03-01,icd941,ishikawa - pastillas de freno,8.0,0,12.0,73.87,30.993333333333336,,rojo,0,0.9598769746167654,2024-01-09,4.48,50.0,0.0,0,,0.0,1,0,
2025-03-01,icd948,ishikawa - pastillas de freno,60.0,0,22.0,453.17,115.94,,rojo,0,0.9891234791282958,2024-07-26,5.13,100.0,0.0,0,,0.0,1,0,
2025-03-01,icd976,ishikawa - pastillas de freno,394.0,0,109.0,8791.6,2809.943333333333,,rojo,0,1.0810546035128332,2024-07-26,4.7,1000.0,0.0,0,,0.0,1,0,
2024-12-01,ikh20tt,denso - bujias - japon,18.0,0,5.0,0.0,53.27666666666667,inf,verde,3,0.35248004341387545,2024-04-05,6.57,96.0,0.0,0,,inf,0,0,0
2025-03-01,tsz001,ito koyama - direccion,268.0,0,6.0,203.07999999999998,33.846666666666664,,rojo,0,0.679837782930136,2025-02-28,1.949744,300.0,0.0,0,,0.0,1,0,
2022-01-01,tt-120,toyo - japon,0.0,50,0.0,0.0,0.0,inf,rojo,4,0.4422764200149139,2020-11-12,7.038846302777529,300.0,351.94231513887644,0,,0.0,1,0,1
2024-03-01,89431810,ks - alemania,0.0,50,0.0,0.0,0.0,inf,rojo,4,0.3197532959887,2023-02-06,30.333112646341323,60.0,1516.6556323170662,0,,0.0,1,0,1
2024-01-01,skf-6003-2rsh/c3,skf - rodajes,0.0,50,0.0,0.0,0.0,inf,rojo,4,0.852886291978915,2023-04-21,1.05,500.0,52.5,0,,0.0,1,0,1
2023-02-01,tkl452710,tkl - taiwan,0.0,50,0.0,0.0,0.0,inf,rojo,4,1.0500077025512085,2022-10-20,2.75,200.0,137.5,0,,0.0,1,0,1
2023-03-01,9026,spaco - italia,0.0,50,0.0,0.0,0.0,inf,rojo,4,0.6575713933085041,,,,,0,,0.0,1,0,1
2025-04-01,90491018,monark - alemania,0.0,50,6.0,61.02,73.205,,rojo,0,0.3668730241504742,,,,,0,,0.0,1,0,
2025-04-01,90491030,monark - alemania,0.0,50,3.0,45.42,11.354999999999999,,rojo,0,0.4171923018608624,,,,,0,,0.0,1,0,
2025-03-01,f-11131,sakura filter,184.0,0,4.0,85.77,14.295,,rojo,0,0.8776611879337172,2024-11-30,2.49,200.0,0.0,0,,0.0,1,0,
2025-02-01,f-13110,sakura filter,193.0,0,4.0,10.34,17.348333333333333,,rojo,0,0.9378990472362891,2024-09-17,2.5,75.0,0.0,0,,0.0,1,0,
2025-03-01,f-13150,sakura filter,228.0,0,45.0,2458.88,611.7900000000001,,rojo,0,0.8678392902432825,2024-11-30,3.3,300.0,0.0,0,,0.0,1,0,
2023-03-01,87271600,ks - alemania,0.0,50,0.0,0.0,0.0,inf,rojo,4,0.37994462234382803,2023-02-06,26.200212559700013,5.0,1310.0106279850006,0,,0.0,1,0,1
2024-04-01,87515600,ks - alemania,0.0,50,0.0,0.0,0.0,inf,rojo,4,0.37616834735341714,2023-02-06,32.221513469219204,30.0,1611.0756734609602,0,,0.0,1,0,1
2023-12-01,87516600,ks - alemania,0.0,50,0.0,0.0,0.0,inf,rojo,4,0.4046312391078351,2022-06-23,28.744982993602754,20.0,1437.2491496801376,0,,0.0,1,0,1
2023-03-01,87516610,ks - alemania,0.0,50,0.0,0.0,0.0,inf,rojo,4,0.3931585809945598,2022-06-23,28.744982993602754,20.0,1437.2491496801376,0,,0.0,1,0,1
2022-12-01,87516620,ks - alemania,0.0,50,0.0,0.0,0.0,0.8630287760896828,rojo,4,0.6662184246845038,2022-06-23,28.744982993602754,10.0,1437.2491496801376,0,,0.0,1,0,1
2024-09-01,87516630,ks - alemania,0.0,50,0.0,0.0,0.0,inf,rojo,4,0.26718659546587264,2022-06-23,28.047750771045685,9.0,1402.3875385522842,0,,0.0,1,0,1
2023-05-01,87561600,ks - alemania,0.0,50,0.0,0.0,0.0,inf,rojo,4,0.36391883237455425,2023-02-06,33.807770160436625,43.0,1690.3885080218313,0,,0.0,1,0,1
2023-06-01,8769,spaco - italia,0.0,50,0.0,0.0,0.0,inf,rojo,4,0.5792339562555795,,,,,0,,0.0,1,0,1
2024-11-01,bdd071,ishikawa - discos de freno,0.0,50,7.0,0.0,45.85833333333333,inf,rojo,6,0.772448185792933,2024-07-24,6.27,50.0,313.5,0,,0.0,1,0,1
2025-03-01,op-621,ito koyama - palieres,94.0,0,25.0,916.12,250.255,,rojo,0,0.5717338915063711,2024-12-17,7.1,100.0,0.0,0,,0.0,1,0,
2025-03-01,op-630,ito koyama - palieres,92.0,0,20.0,348.76,162.27166666666668,,rojo,0,0.5979930048549983,2024-10-24,7.0,100.0,0.0,0,,0.0,1,0,
2025-01-01,bdd075,ishikawa - discos de freno,26.0,0,8.0,107.96000000000001,71.72333333333334,inf,verde,6,0.7023469229376004,2024-07-24,9.84,50.0,0.0,0,,inf,0,0,0
2025-01-01,bdd078,ishikawa - discos de freno,68.0,0,3.0,101.43,23.12,,rojo,0,0.5800214608673294,2023-03-31,11.07,100.0,0.0,0,,0.0,1,0,
2024-09-01,bdd103,ishikawa - discos de freno,0.0,50,0.0,0.0,0.0,inf,rojo,6,0.764771572751819,2023-07-05,14.33,50.0,716.5,0,,0.0,1,0,1
2024-10-01,bdd104,ishikawa - discos de freno,0.0,50,1.0,0.0,14.495,inf,rojo,6,0.7563683962969724,2023-07-05,13.75,50.0,687.5,0,,0.0,1,0,1
2024-09-01,bdd106,ishikawa - discos de freno,0.0,50,0.0,0.0,0.0,inf,rojo,6,0.7660667043810602,2023-07-05,10.64,50.0,532.0,0,,0.0,1,0,1
2025-03-01,85767000,monark - alemania,0.0,50,2.0,37.75,7.046666666666667,,rojo,0,0.36023087476748195,,,,,0,,0.0,1,0,
2024-10-01,fc-1007,sakura filter,0.0,50,0.0,0.0,0.0,inf,rojo,6,0.8579118224855589,2022-06-17,2.3,50.0,114.99999999999999,0,,0.0,1,0,1
2025-03-01,fc-1008,sakura filter,154.0,0,6.0,33.26,32.54,,rojo,0,0.6913623584944758,2017-02-14,4.56,192.0,0.0,0,0.0,0.0,1,0,
2024-04-01,sdhd-272,seco - embragues,0.0,50,0.0,0.0,0.0,inf,rojo,4,0.42910477970385374,2022-08-08,19.11,20.0,955.5,0,,0.0,1,0,1
2024-06-01,86437156,monark - alemania,0.0,50,0.0,0.0,0.0,inf,rojo,4,0.44133021762348135,,,,,0,,0.0,1,0,1
2025-03-01,87065045,monark - alemania,0.0,50,4.0,37.34,13.865,,rojo,0,0.4328943355720597,,,,,0,,0.0,1,0,
2022-09-01,8720,spaco - italia,0.0,50,0.0,0.0,0.0,inf,rojo,4,0.6782608958944756,,,,,0,,0.0,1,0,1
2024-12-01,82988297,monark - alemania,0.0,50,4.0,0.0,149.23166666666665,inf,rojo,4,0.5044663389670165,,,,,0,,0.0,1,0,1
2025-03-01,83777015,monark - alemania,0.0,50,3.0,14.58,12.161666666666667,,rojo,0,0.3775319355540723,2013-10-09,1.346206111907959,100.0,67.31030559539795,0,,0.0,1,0,
2025-03-01,83777016,monark - alemania,0.0,50,2.0,8.22,2.296666666666667,,rojo,0,0.3773486897277996,2013-10-09,0.7614903259277345,100.0,38.074516296386726,0,,0.0,1,0,
2024-06-01,icd696,ishikawa - pastillas de freno,0.0,50,0.0,0.0,0.0,inf,rojo,6,0.806892880661441,2024-01-09,4.19,50.0,209.50000000000003,0,,0.0,1,0,1
2025-02-01,icd733,ishikawa - pastillas de freno,28.0,0,21.0,388.54,98.43,,rojo,0,1.0973459174871438,2024-07-26,2.9,100.0,0.0,0,,0.0,1,0,
2024-07-01,icd846,ishikawa - pastillas de freno,0.0,50,0.0,0.0,0.0,inf,rojo,6,0.8077162383542225,2024-03-20,4.77,50.0,238.49999999999997,0,,0.0,1,0,1
2025-03-01,icd862,ishikawa - pastillas de freno,121.0,0,15.0,256.74,53.96,,rojo,0,0.8264777337485422,2024-07-26,4.5,100.0,0.0,0,,0.0,1,0,
2025-02-01,icd864,ishikawa - pastillas de freno,0.0,50,16.0,169.12,73.51833333333333,,rojo,0,0.9515210885887573,2024-01-09,5.41,100.0,270.5,0,,0.0,1,0,
2025-01-01,icd866,ishikawa - pastillas de freno,0.0,50,22.0,30.61,80.54333333333334,,rojo,0,0.8581463792599549,2024-07-26,4.94,100.0,247.00000000000003,0,,0.0,1,0,
2025-03-01,icd868,ishikawa - pastillas de freno,31.0,0,21.0,205.34,56.57833333333334,,rojo,0,0.8748129114081838,2024-07-26,3.65,100.0,0.0,0,,0.0,1,0,
2024-11-01,icd905,ishikawa - pastillas de freno,0.0,250,14.0,0.0,63.791666666666664,0.5342461898761778,rojo,6,1.0206202537883053,2024-07-26,2.72,160.0,680.0,0,,0.0,1,0,1
2024-08-01,fc-1511,sakura filter,0.0,50,0.0,0.0,0.0,inf,rojo,6,0.7188603330801797,2016-11-21,1.35,50.0,67.5,0,,0.0,1,0,1
2025-03-01,83809154,monark - alemania,0.0,50,4.0,1005.84,217.55000000000004,,rojo,0,0.33099062100232435,,,,,0,,0.0,1,0,
2022-06-01,83856001,monark - alemania,0.0,50,0.0,0.0,0.0,inf,rojo,4,0.6091289861511956,,,,,0,,0.0,1,0,1
2023-01-01,84006,narva,0.0,50,0.0,0.0,0.0,inf,rojo,4,0.44052877110953914,2021-06-03,25.212145015597343,20.0,1260.6072507798672,0,,0.0,1,0,1
2025-03-01,727780083r,ito koyama - amortiguadores,72.0,0,48.0,1506.9,427.02500000000003,,rojo,0,0.6807773693145893,2024-11-29,11.6,96.0,0.0,0,,0.0,1,0,
2025-01-01,fc-5301,sakura filter,198.0,0,1.0,7.64,1.2733333333333332,,rojo,0,0.7603500169283893,2024-12-26,2.14,150.0,0.0,0,,0.0,1,0,
2025-02-01,fc-5304,sakura filter,50.0,0,1.0,35.03,5.838333333333334,,rojo,0,0.693333614955581,2015-01-08,5.42,108.0,0.0,0,,0.0,1,0,
2025-04-01,fc-5501,sakura filter,100.0,0,15.0,881.0,198.83333333333334,,rojo,0,0.8845108263536257,2024-11-11,2.15,200.0,0.0,0,,0.0,1,0,
2025-03-01,fc-5507,sakura filter,170.0,0,6.0,44.54,33.28333333333333,,rojo,0,0.9114114349549642,2024-08-29,2.99,204.0,0.0,0,,0.0,1,0,
2023-06-01,7599,spaco - italia,0.0,50,0.0,0.0,0.0,inf,rojo,4,0.5327450600813359,,,,,0,,0.0,1,0,1
2025-03-01,7660,spaco - italia,0.0,50,1.0,1.68,0.27999999999999997,,rojo,0,0.48718969676695534,,,,,0,,0.0,1,0,
2023-06-01,77750600,ks - alemania,0.0,50,0.0,0.0,0.0,inf,rojo,4,0.3652058403820447,2022-06-23,31.18529577255249,30.0,1559.2647886276245,0,,0.0,1,0,1
2023-06-01,8174,spaco - italia,0.0,50,0.0,0.0,0.0,inf,rojo,4,0.5222343805889204,,,,,0,,0.0,1,0,1
2025-03-01,81789643,monark - alemania,0.0,50,2.0,207.53,34.58833333333333,,rojo,0,0.4993798126365717,,,,,0,,0.0,1,0,
2025-03-01,822345,valvoline - usa,228.0,0,21.0,3024.3,753.3433333333334,,rojo,0,0.7743323244244661,2024-08-07,4.681667,252.0,0.0,0,,0.0,1,0,
2025-03-01,sdki-046,seco - embragues,0.0,50,2.0,174.41,57.88166666666666,,rojo,0,0.45471952197576754,2023-05-23,22.81,30.0,1140.5,0,,0.0,1,0,
2024-08-01,623380218,ito koyama - amortiguadores,0.0,50,0.0,0.0,0.0,inf,rojo,6,0.6830694993030971,2023-07-25,7.3,180.0,365.0,0,,0.0,1,0,1
2025-03-01,675129,valvoline - usa,0.0,50,1.0,2135.59,355.9316666666667,,rojo,0,0.462125071153277,2023-09-07,309.55,3.0,15477.5,0,,0.0,1,0,
2024-06-01,68161,narva,20.0,0,0.0,0.0,0.0,inf,verde,4,0.45965329497399665,2019-08-08,1.193487996339798,200.0,0.0,0,,inf,0,0,0
2025-03-01,725680400l,ito koyama - amortiguadores,55.0,0,51.0,7532.72,2260.193333333333,,rojo,0,0.6850154674269595,2024-11-29,10.7,94.0,0.0,0,,0.0,1,0,
2025-03-01,725680400r,ito koyama - amortiguadores,56.0,0,50.0,5586.36,1685.155,,rojo,0,0.6822979585745169,2024-11-29,10.7,96.0,0.0,0,,0.0,1,0,
2025-03-01,726680398l,ito koyama - amortiguadores,0.0,50,55.0,938.75,467.1583333333333,,rojo,0,0.7266925909287645,2024-11-29,11.0,48.0,550.0,0,,0.0,1,0,
2025-03-01,727780083l,ito koyama - amortiguadores,67.0,0,43.0,1439.25,400.1583333333333,,rojo,0,0.6717805017452961,2024-11-29,11.6,84.0,0.0,0,,0.0,1,0,
2024-11-01,bdd113,ishikawa - discos de freno,0.0,50,2.0,0.0,14.898333333333333,inf,rojo,6,0.7807929206442566,2023-07-05,7.8,50.0,390.0,0,,0.0,1,0,1
2025-01-01,bdd117,ishikawa - discos de freno,36.0,0,4.0,22.97,26.695000000000004,,rojo,0,0.7469717795734647,2024-10-30,5.56,50.0,0.0,0,,0.0,1,0,
2025-03-01,bdd119,ishikawa - discos de freno,80.0,0,10.0,231.27,67.96166666666666,,rojo,0,0.82725067109673,2023-12-23,5.25847,150.0,0.0,0,,0.0,1,0,
2025-03-01,bdd120,ishikawa - discos de freno,8.0,0,4.0,90.53,34.29833333333333,,rojo,0,0.7904440841505853,2023-07-05,8.09,50.0,0.0,0,,0.0,1,0,
2025-03-01,bdd122,ishikawa - discos de freno,6.0,0,3.0,78.03,19.408333333333335,,rojo,0,0.751559818723306,2023-07-05,10.59,50.0,0.0,0,,0.0,1,0,
2024-11-01,bdd124,ishikawa - discos de freno,0.0,50,3.0,0.0,48.47333333333333,inf,rojo,6,0.7428084590387406,2023-07-05,7.82,50.0,391.0,0,,0.0,1,0,1
2025-01-01,bdd129,ishikawa - discos de freno,14.0,0,1.0,53.36,8.893333333333333,,rojo,0,0.7378201149522307,2023-07-05,7.76,50.0,0.0,0,,0.0,1,0,
2025-01-01,bdd132,ishikawa - discos de freno,0.0,50,3.0,0.0,66.95,,rojo,0,0.7908126951489508,2023-07-05,15.44,50.0,772.0,0,,0.0,1,0,
2025-01-01,bdd134,ishikawa - discos de freno,76.0,0,7.0,76.28999999999999,57.50833333333333,,rojo,0,0.7271995484188781,2024-07-24,10.41,100.0,0.0,0,,0.0,1,0,
2025-02-01,bdd137,ishikawa - discos de freno,6.0,0,7.0,73.78,41.665,,rojo,0,0.7850080462937108,2023-07-05,5.1,50.0,0.0,0,,0.0,1,0,
2025-03-01,bdd139,ishikawa - discos de freno,20.0,0,5.0,248.75,41.458333333333336,,rojo,0,0.7212850785410905,2024-07-24,6.79,50.0,0.0,0,,0.0,1,0,
2025-02-01,bdd141,ishikawa - discos de freno,34.0,0,4.0,124.35000000000001,40.77666666666667,,rojo,0,0.7250805045499326,2024-07-24,11.23,50.0,0.0,0,,0.0,1,0,
2024-11-01,bdd143,ishikawa - discos de freno,0.0,50,8.0,0.0,81.81333333333333,inf,rojo,6,0.6938868616728584,2024-07-24,7.8,50.0,390.0,0,,0.0,1,0,1
2025-03-01,bdd146,ishikawa - discos de freno,44.0,0,16.0,236.23999999999998,92.55333333333333,,rojo,0,0.7110998340483968,2024-10-30,6.26,50.0,0.0,0,,0.0,1,0,
2025-02-01,bdd147,ishikawa - discos de freno,74.0,0,5.0,148.24,28.96666666666667,,rojo,0,0.7478064440765372,2024-10-30,5.81,50.0,0.0,0,,0.0,1,0,
2023-11-01,skf-6203-2rshc3,skf - rodajes,0.0,900,0.0,0.0,0.0,1.1748368365221513,rojo,4,0.7051659178475906,2023-04-21,1.2,1500.0,1080.0,0,,0.0,1,0,1
2025-02-01,fc-5702,sakura filter,40.0,0,2.0,52.77,28.73166666666667,,rojo,0,0.4711287949170852,2023-09-05,5.4,24.0,0.0,0,,0.0,1,0,
2024-04-01,skf-6203-2z/c3,skf - rodajes,0.0,500,0.0,0.0,0.0,0.48099648006067763,rojo,4,0.46486797839968647,2023-04-21,1.2,800.0,600.0,0,,0.0,1,0,1
2024-06-01,skf-6205-2rsh,skf - rodajes,0.0,200,0.0,0.0,0.0,2.097468087465899,rojo,4,0.7086272910680063,2023-04-21,1.71,200.0,342.0,0,,0.0,1,0,1
2024-02-01,skf-6207-2rs1c3,skf - rodajes,0.0,50,0.0,0.0,0.0,inf,rojo,4,0.5238389072059432,2023-04-21,3.3,200.0,165.0,0,,0.0,1,0,1
2024-01-01,skf-6207-2z/c3,skf - rodajes,0.0,100,0.0,0.0,0.0,0.9017197633110383,rojo,4,0.4714318842204096,2023-04-21,3.3,100.0,330.0,0,,0.0,1,0,1
2023-12-01,skf-6208-2z/c3,skf - rodajes,0.0,50,0.0,0.0,0.0,inf,rojo,4,0.41862895870234657,2023-04-21,4.2,60.0,210.0,0,,0.0,1,0,1
2024-12-01,56210-01n00,ito koyama - amortiguadores,0.0,50,7.0,0.0,75.25666666666667,inf,rojo,6,0.660968363338049,2024-08-22,6.2,100.0,310.0,0,,0.0,1,0,1
2024-10-01,fc-5701,sakura filter,188.0,0,1.0,0.0,6.06,inf,verde,6,0.6323896799759575,2017-01-26,2.2,240.0,0.0,0,,inf,0,0,0
2025-03-01,icd2306-9541,ishikawa - pastillas de freno,17.0,0,28.0,346.31,92.31166666666667,,rojo,0,0.9081377369394009,2024-03-20,5.52,100.0,0.0,0,,0.0,1,0,
2025-03-01,icd2310-9545,ishikawa - pastillas de freno,0.0,50,29.0,390.64,183.57333333333335,,rojo,0,0.8786769647711004,2024-03-20,7.71,100.0,385.5,0,,0.0,1,0,
2024-09-01,icd303,ishikawa - pastillas de freno,0.0,50,0.0,0.0,0.0,inf,rojo,6,0.8649069260106114,2024-03-20,5.45,100.0,272.5,0,,0.0,1,0,1
2025-03-01,icd333,ishikawa - pastillas de freno,70.0,0,28.0,454.63,132.70166666666668,,rojo,0,0.776713730297786,2024-07-26,5.2,200.0,0.0,0,,0.0,1,0,
2025-03-01,icd349,ishikawa - pastillas de freno,87.0,0,14.0,118.97,31.433333333333334,,rojo,0,0.9724757923810282,2024-07-26,4.04,100.0,0.0,0,,0.0,1,0,
2025-03-01,icd350,ishikawa - pastillas de freno,4.0,0,28.0,436.48,115.18833333333333,,rojo,0,1.1626265629291808,2024-07-26,4.0,100.0,0.0,0,,0.0,1,0,
2025-02-01,icd396,ishikawa - pastillas de freno,75.0,0,10.0,82.27,22.078333333333333,,rojo,0,0.9707891108611225,2024-07-26,3.3,100.0,0.0,0,,0.0,1,0,
2025-03-01,icd402,ishikawa - pastillas de freno,50.0,0,16.0,302.12,99.35333333333334,,rojo,0,1.0488449213481428,2024-07-26,3.0,100.0,0.0,0,,0.0,1,0,
2025-02-01,icd404,ishikawa - pastillas de freno,0.0,50,19.0,472.33,113.15499999999999,,rojo,0,0.8088912546872862,2024-07-26,4.42,100.0,221.0,0,,0.0,1,0,
2025-01-01,sdty-217,seco - embragues,9.0,0,2.0,0.0,13.590000000000002,inf,verde,4,0.33770350888295103,2023-05-23,14.06,50.0,0.0,0,,inf,0,0,0
2024-01-01,skf-6202-2rsh,skf - rodajes,0.0,50,0.0,0.0,0.0,inf,rojo,4,0.6283248160800533,2023-04-21,1.05,300.0,52.5,0,,0.0,1,0,1
2024-01-01,skf-6202-2rshc3,skf - rodajes,0.0,400,0.0,0.0,0.0,1.6464086864154845,rojo,4,0.6784465724206697,2023-04-21,1.05,1200.0,420.0,0,,0.0,1,0,1
2025-03-01,bdd150,ishikawa - discos de freno,38.0,0,6.0,327.83,78.14166666666667,,rojo,0,0.7384354126381031,2024-10-30,11.39,50.0,0.0,0,,0.0,1,0,
2025-02-01,bdd151,ishikawa - discos de freno,28.0,0,9.0,188.26999999999998,74.39333333333333,,rojo,0,0.7282971053880429,2024-10-30,8.74,50.0,0.0,0,,0.0,1,0,
2025-02-01,bdd153,ishikawa - discos de freno,14.0,0,2.0,72.96000000000001,12.160000000000002,,rojo,0,0.7917873779613555,2023-07-05,9.9,50.0,0.0,0,,0.0,1,0,
2025-02-01,bdd159,ishikawa - discos de freno,0.0,50,9.0,490.79999999999995,146.67499999999998,,rojo,0,0.9307232639018613,2024-01-09,12.68,50.0,634.0,0,,0.0,1,0,
2025-02-01,bdd161,ishikawa - discos de freno,0.0,50,5.0,140.13,65.135,,rojo,0,0.9778175758612765,2024-01-09,11.87,50.0,593.5,0,,0.0,1,0,
2025-03-01,bdd162,ishikawa - discos de freno,32.0,0,8.0,319.40999999999997,98.49166666666667,,rojo,0,0.8697174152428678,2024-07-24,11.58,50.0,0.0,0,,0.0,1,0,
2025-02-01,bdd165,ishikawa - discos de freno,12.0,0,3.0,163.64999999999998,34.10166666666667,,rojo,0,0.9624818333228212,2024-01-09,10.21,50.0,0.0,0,,0.0,1,0,
2025-03-01,bdd170,ishikawa - discos de freno,30.0,0,7.0,169.94,55.43666666666667,,rojo,0,0.9325691900524818,2024-10-30,7.82,50.0,0.0,0,,0.0,1,0,
2025-03-01,bdd181,ishikawa - discos de freno,52.0,0,9.0,296.96,96.10166666666667,,rojo,0,1.0253832481738774,2024-01-24,13.92,50.0,0.0,0,,0.0,1,0,
2025-03-01,bdd185,ishikawa - discos de freno,20.0,0,5.0,186.75,53.74666666666667,,rojo,0,0.9261510485895731,2024-01-09,11.53,50.0,0.0,0,,0.0,1,0,
2024-08-01,c-5502,sakura filter,0.0,50,0.0,0.0,0.0,inf,rojo,6,0.8395286818567612,2022-04-26,5.78,60.0,289.0,0,,0.0,1,0,1
2024-08-01,c-5725,sakura filter,218.0,0,0.0,0.0,0.0,inf,verde,6,0.35728586248242405,2023-11-28,17.54,24.0,0.0,0,,inf,0,0,0
2024-07-01,skf-6300-2rshc3,skf - rodajes,84.0,0,0.0,0.0,0.0,inf,verde,4,0.4056997537442822,2023-04-21,1.26,100.0,0.0,0,,inf,0,0,0
2024-05-01,skf-6301-2rshc3,skf - rodajes,0.0,50,0.0,0.0,0.0,inf,rojo,4,0.6497604562609192,2023-04-21,1.26,200.0,63.0,0,,0.0,1,0,1
2025-02-01,sf-38010,sakura filter,34.0,0,26.0,2513.2,900.7833333333333,,rojo,0,0.9474790272718184,2023-12-05,18.0,270.0,0.0,0,,0.0,1,0,
2023-12-01,54542-2s610,tezuka - japon,214.0,0,0.0,0.0,0.0,inf,verde,4,0.5138869262685924,2019-03-27,2.5779256504029036,500.0,0.0,0,,inf,0,0,0
2024-12-01,54611-38550,ito koyama - amortiguadores,0.0,50,4.0,0.0,21.116666666666664,inf,rojo,6,0.6536251341991399,2024-02-29,13.19,100.0,659.5,0,,0.0,1,0,1
2024-10-01,icd430,ishikawa - pastillas de freno,0.0,50,2.0,0.0,6.383333333333333,0.35568131257275754,rojo,6,0.8505725902810989,2024-01-09,4.44,50.0,222.00000000000003,0,,0.0,1,0,1
2023-10-01,fs-29950,sakura filter,221.0,0,0.0,0.0,0.0,inf,verde,6,0.7427223460818406,2018-05-25,9.2,224.0,0.0,0,,inf,0,0,0
2025-01-01,fs-3108,sakura filter,0.0,50,3.0,57.91,16.316666666666666,,rojo,0,0.8464052421495036,2021-08-27,2.36,100.0,118.0,0,,0.0,1,0,
2025-02-01,icd2038,ishikawa - pastillas de freno,0.0,50,38.0,879.88,347.6266666666667,,rojo,0,0.9644193644005491,2024-07-26,4.0,100.0,200.0,0,,0.0,1,0,
2025-02-01,icd2045,ishikawa - pastillas de freno,1.0,0,18.0,89.5,81.00166666666667,,rojo,0,1.2274904529439437,2024-07-26,5.36,50.0,0.0,0,,0.0,1,0,
2025-03-01,icd2135,ishikawa - pastillas de freno,55.0,0,21.0,185.71,57.721666666666664,,rojo,0,1.2387391988940852,2024-07-26,3.0,100.0,0.0,0,,0.0,1,0,
2025-03-01,icd2245,ishikawa - pastillas de freno,208.0,0,6.0,89.09,36.39833333333333,,rojo,0,1.0262947282709147,2024-07-26,8.25,200.0,0.0,0,,0.0,1,0,
2025-03-01,icd2269,ishikawa - pastillas de freno,227.0,0,26.0,398.03,141.44666666666666,,rojo,0,0.9393619716233769,2024-03-20,3.49,200.0,0.0,0,,0.0,1,0,
2024-09-01,50006634,ks - alemania,0.0,50,0.0,0.0,0.0,inf,rojo,4,0.27948402247293,2022-06-23,5.736319649219513,120.0,286.81598246097565,0,,0.0,1,0,1
2024-04-01,50006636,ks - alemania,0.0,350,0.0,0.0,0.0,0.9250786855291923,rojo,4,0.34996856065420734,2022-06-23,5.704627275466919,600.0,1996.6195464134216,0,,0.0,1,0,1
2023-12-01,51799,wix filters,0.0,100,0.0,0.0,0.0,0.6413249894869484,rojo,4,0.32250726747633446,2019-07-25,9.47,150.0,947.0000000000001,0,,0.0,1,0,1
2025-04-01,54303-ed002,ito koyama - amortiguadores,105.0,0,55.0,1769.59,567.755,,rojo,0,0.7745061078335306,2024-11-29,10.9,90.0,0.0,0,,0.0,1,0,
2024-10-01,skf-6209-2rs1c3,skf - rodajes,0.0,150,1.0,0.0,88.13499999999999,0.5563576996014733,rojo,4,0.5467349881921497,2023-04-21,4.8,200.0,720.0,0,,0.0,1,0,1
2024-01-01,skf-629-2rsh,skf - rodajes,0.0,50,0.0,0.0,0.0,inf,rojo,4,0.7906562936003257,2023-04-21,0.84,50.0,42.0,0,,0.0,1,0,1
2025-03-01,gm-631,ito koyama - palieres,42.0,0,7.0,114.74,39.31166666666667,,rojo,0,0.6056521466780925,2024-12-17,8.0,50.0,0.0,0,,0.0,1,0,
2024-11-01,h-2725,sakura filter,27.0,0,4.0,0.0,27.188333333333333,inf,verde,6,0.8979821367235685,2023-08-04,10.56,30.0,0.0,0,,inf,0,0,0
2024-12-01,h-55420,sakura filter,67.0,0,1.0,0.0,5.45,inf,verde,6,0.8354151326159315,2023-09-28,3.31,50.0,0.0,0,,inf,0,0,0
2025-03-01,h-5629,sakura filter,20.0,0,4.0,544.91,117.38333333333333,,rojo,0,0.5546952578300121,2024-11-11,19.56,40.0,0.0,0,,0.0,1,0,
2025-03-01,h-5905,sakura filter,226.0,0,9.0,621.85,106.48,,rojo,0,1.0468912157413228,2024-11-30,3.72,300.0,0.0,0,,0.0,1,0,
2024-06-01,u-58/1kit,mann - brasil,0.0,50,0.0,0.0,0.0,inf,rojo,4,0.4421537854943546,2022-05-18,30.050842007398604,60.0,1502.5421003699303,0,,0.0,1,0,1
2024-11-01,u22fs-u,denso - bujias - japon,26.0,0,1.0,0.0,5.9316666666666675,inf,verde,3,0.39926796136639786,2023-03-28,1.15,100.0,0.0,0,,inf,0,0,0
2024-12-01,ue-26010kit,sakura filter,144.0,0,1.0,0.0,4.89,inf,verde,6,1.0141284545798472,2023-12-04,6.0,50.0,0.0,0,,inf,0,0,0
2025-03-01,sfc-25020-30,sakura filter,29.0,0,4.0,173.8,76.31333333333333,,rojo,0,0.8554846579434844,2023-11-06,7.28,108.0,0.0,0,,0.0,1,0,
2025-03-01,500-2c,ishikawa - cigueñales-culatas-ejes de levas,153.0,0,10.0,1896.62,316.1033333333333,,rojo,0,0.48177545815712036,2025-01-13,12.0,250.0,0.0,0,,0.0,1,0,
2025-03-01,500-4d56/55,ishikawa - cigueñales-culatas-ejes de levas,47.0,0,3.0,769.49,128.24833333333333,,rojo,0,0.4521609082072673,2025-01-13,10.0,100.0,0.0,0,,0.0,1,0,
2025-04-01,c-5734,sakura filter,184.0,0,15.0,715.98,192.72,,rojo,0,0.8495074461433743,2023-11-24,3.25,252.0,0.0,0,,0.0,1,0,
2025-04-01,mz-39,ito koyama - palieres,63.0,0,16.0,268.53,103.58,,rojo,0,0.556419431697067,2024-10-24,6.48,50.0,0.0,0,,0.0,1,0,
2024-11-01,n-franelas,sin definicion,0.0,50,20.0,0.0,0.0,,rojo,0,-1.0,2023-11-29,9.43993092373211,1184.0,471.9965461866055,0,,0.0,1,0,
2025-03-01,bdd186,ishikawa - discos de freno,2.0,0,6.0,138.70000000000002,54.281666666666666,,rojo,0,0.958769079265613,2024-01-09,11.21,50.0,0.0,0,,0.0,1,0,
2025-02-01,bdd188,ishikawa - discos de freno,0.0,50,11.0,102.15,75.15833333333335,,rojo,0,0.6421842762596645,2024-01-09,10.25,50.0,512.5,0,,0.0,1,0,
2025-01-01,bdd191,ishikawa - discos de freno,0.0,50,10.0,171.37,91.80166666666668,,rojo,0,0.9290706732507894,2024-01-09,8.51,50.0,425.5,0,,0.0,1,0,
2025-03-01,bdd192,ishikawa - discos de freno,18.0,0,10.0,394.12,132.21833333333333,,rojo,0,0.8937255013412773,2024-10-30,7.79,50.0,0.0,0,,0.0,1,0,
2025-03-01,bdd195,ishikawa - discos de freno,22.0,0,10.0,250.29999999999998,75.29333333333334,,rojo,0,0.8642808051829203,2024-07-24,7.95,50.0,0.0,0,,0.0,1,0,
2025-03-01,bdd196,ishikawa - discos de freno,36.0,0,5.0,97.74,37.42,,rojo,0,0.9393608871977815,2024-10-30,7.43,50.0,0.0,0,,0.0,1,0,
2025-03-01,bdd201,ishikawa - discos de freno,12.0,0,11.0,589.56,173.29666666666665,,rojo,0,0.9163129627864196,2024-10-30,6.89,50.0,0.0,0,,0.0,1,0,
2025-03-01,bdd202,ishikawa - discos de freno,10.0,0,10.0,278.76,77.70166666666667,,rojo,0,0.9392919169042542,2024-01-24,6.93,50.0,0.0,0,,0.0,1,0,
2025-02-01,bdd205,ishikawa - discos de freno,0.0,50,9.0,150.85,79.66,,rojo,0,0.7893814640529921,2024-01-09,8.9196,50.0,445.98,0,,0.0,1,0,
2024-02-01,h85140100,valvoline,0.0,50,0.0,0.0,0.0,inf,rojo,2,0.40214089004753767,2021-07-31,13.61,102.0,680.5,0,,0.0,1,0,1
2025-03-01,h85140500,valvoline,43.0,0,3.0,671.02,140.36833333333334,,rojo,0,0.40937519755823265,2021-12-06,55.81,150.0,0.0,0,,0.0,1,0,
2025-02-01,hc-5501,sakura filter,360.0,0,8.0,77.17999999999999,124.37333333333333,,rojo,0,0.8150218287241476,2024-09-17,3.06,204.0,0.0,0,,0.0,1,0,
2024-02-01,ur005,ito koyama - direccion,0.0,50,0.0,0.0,0.0,inf,rojo,6,0.9127079137984871,2023-05-19,2.38,540.0,119.0,0,,0.0,1,0,1
2025-02-01,v-fecheros,sin definicion,0.0,50,15.0,0.0,0.0,,rojo,0,-1.0,2023-10-31,4.519557511853011,800.0,225.97787559265058,0,,0.0,1,0,
2025-03-01,48531-60100,ito koyama - amortiguadores,31.0,0,6.0,509.15999999999997,84.86,,rojo,0,0.6600631097271875,2024-11-29,6.9,50.0,0.0,0,,0.0,1,0,
2024-06-01,hc-56060,sakura filter,22.0,0,0.0,0.0,0.0,inf,verde,6,0.6663538060522642,2021-02-10,11.5,60.0,0.0,0,,inf,0,0,0
2025-02-01,hc-79331,sakura filter,51.0,0,3.0,34.68,30.706666666666663,,rojo,0,0.8111887238529728,2022-06-17,8.0,66.0,0.0,0,,0.0,1,0,
2025-03-01,hm295/80r22.5,deruibo,29.0,0,3.0,961.02,160.17,,rojo,0,0.2553166710586305,2024-08-31,102.0,20.0,0.0,0,,0.0,1,0,
2025-03-01,icd1941,ishikawa - pastillas de freno,60.0,0,35.0,602.12,175.1483333333333,,rojo,0,1.1215532847309129,2024-07-26,5.0,200.0,0.0,0,,0.0,1,0,
2024-09-01,w-1022,mann - brasil,0.0,50,0.0,0.0,0.0,inf,rojo,4,0.3466287639839051,2022-09-16,16.770378059744836,20.0,838.5189029872417,0,,0.0,1,0,1
2025-03-01,w-11025,mann - brasil,275.0,0,37.0,16459.079999999998,3931.74,,rojo,0,0.3458058632722841,2024-02-09,8.600249726772308,568.0,0.0,0,,0.0,1,0,
2025-03-01,48511-29606,ito koyama - amortiguadores,102.0,0,9.0,983.9000000000001,163.98333333333335,,rojo,0,0.6443794957452208,2024-11-29,6.3,150.0,0.0,0,,0.0,1,0,
2025-02-01,sfc-76140-30,sakura filter,72.0,0,5.0,85.33,31.455,,rojo,0,0.9355897189170856,2022-09-30,7.07,60.0,0.0,0,,0.0,1,0,
2025-03-01,icd1962,ishikawa - pastillas de freno,22.0,0,26.0,997.46,259.87333333333333,,rojo,0,1.2252369243249592,2024-07-26,5.67,100.0,0.0,0,,0.0,1,0,
2025-03-01,icd1984,ishikawa - pastillas de freno,124.0,0,22.0,313.11,292.54333333333335,,rojo,0,1.0672508111700385,2024-03-20,7.81,300.0,0.0,0,,0.0,1,0,
2025-03-01,icd1985,ishikawa - pastillas de freno,137.0,0,20.0,241.45000000000002,186.1866666666667,,rojo,0,0.9650644133694882,2024-03-20,5.8,300.0,0.0,0,,0.0,1,0,
2025-04-01,icd1999,ishikawa - pastillas de freno,0.0,50,13.0,102.16,33.10166666666667,,rojo,0,0.9634903506769958,2024-01-09,4.61,50.0,230.50000000000003,0,,0.0,1,0,
2025-03-01,icd2012,ishikawa - pastillas de freno,4.0,0,12.0,151.4,32.65833333333333,,rojo,0,0.9382357484999402,2024-01-09,5.4,50.0,0.0,0,,0.0,1,0,
2025-03-01,icd2019-9144,ishikawa - pastillas de freno,11.0,0,23.0,565.8199999999999,138.1,,rojo,0,0.959776776645133,2024-03-20,6.53,100.0,0.0,0,,0.0,1,0,
2025-04-01,icd2031,ishikawa - pastillas de freno,115.0,0,23.0,418.67,113.63333333333333,,rojo,0,1.0171373372671408,2024-07-26,5.2,200.0,0.0,0,,0.0,1,0,
2024-07-01,48381,narva,139.0,0,0.0,0.0,0.0,inf,verde,4,0.5046362336794945,2018-12-04,1.6672342787265777,600.0,0.0,0,,inf,0,0,0
2025-03-01,sk-611,ito koyama - palieres,107.0,0,16.0,175.54999999999998,133.315,,rojo,0,0.611655036115159,2024-10-24,7.0,100.0,0.0,0,,0.0,1,0,
2025-03-01,sk-621,ito koyama - palieres,23.0,0,22.0,618.03,168.69,,rojo,0,0.6007102838190794,2024-10-24,6.5,100.0,0.0,0,,0.0,1,0,
2024-10-01,w-914/28,mann - brasil,28.0,0,1.0,0.0,4.858333333333333,inf,verde,4,0.46249903940147064,2024-04-09,4.69310188293457,30.0,0.0,0,,inf,0,0,0
2025-02-01,bdd206,ishikawa - discos de freno,2.0,0,13.0,119.66,65.71,,rojo,0,0.9446410764943982,2024-01-09,6.088,50.0,0.0,0,,0.0,1,0,
2025-03-01,bdd207,ishikawa - discos de freno,38.0,0,8.0,159.37,57.11333333333334,,rojo,0,0.7816554823886211,2023-12-23,6.1,100.0,0.0,0,,0.0,1,0,
2025-03-01,bdd226,ishikawa - discos de freno,8.0,0,10.0,246.64999999999998,85.34333333333332,,rojo,0,1.2564162177294127,2024-01-24,9.0,50.0,0.0,0,,0.0,1,0,
2025-03-01,bdd240,ishikawa - discos de freno,366.0,0,6.0,102.96000000000001,30.43166666666667,,rojo,0,0.856296626593474,2023-12-23,6.65,500.0,0.0,0,,0.0,1,0,
2025-03-01,bdd242,ishikawa - discos de freno,0.0,50,11.0,252.89,124.63666666666666,,rojo,0,2.826649271883341,2024-01-24,7.71,50.0,385.5,0,,0.0,1,0,
2024-12-01,bdw001,ito koyama - bocamazas,0.0,100,3.0,0.0,196.65333333333334,3.359021269987837,rojo,6,0.5037600895945179,2024-11-13,4.57,100.0,457.0,0,,0.0,1,0,1
2025-03-01,bf5000m3,prestone - mexico,2934.0,0,14.0,2049.1600000000003,471.52833333333336,,rojo,0,0.4248806386426104,2025-02-07,1.52,3888.0,0.0,0,,0.0,1,0,
2025-02-01,c-30880/2,mann - brasil,19.0,0,2.0,88.31,29.365,,rojo,0,0.3700531775869485,2022-06-14,50.88,30.0,0.0,0,,0.0,1,0,
2025-02-01,bhy010,ito koyama - bocamazas,37.0,0,3.0,111.39,18.565,,rojo,0,0.6995271012081656,2024-11-13,15.13,40.0,0.0,0,,0.0,1,0,
2025-02-01,bki004,ito koyama - bocamazas,8.0,0,8.0,612.4,152.95166666666668,,rojo,0,0.6824419214622715,2024-11-13,18.91,30.0,0.0,0,,0.0,1,0,
2025-02-01,bmi001,ito koyama - bocamazas,0.0,50,11.0,568.11,233.51500000000001,,rojo,0,0.7566027678908052,2024-11-13,16.64,40.0,832.0,0,,0.0,1,0,
2025-03-01,bto006,ito koyama - bocamazas,35.0,0,9.0,128.29,84.92166666666667,,rojo,0,0.6778290288996981,2024-11-13,4.42,80.0,0.0,0,,0.0,1,0,
2023-01-01,468132-0000,garrett - brasil,0.0,50,0.0,0.0,0.0,inf,rojo,4,0.6579826220916357,2018-05-08,27.1,157.0,1355.0,0,,0.0,1,0,1
2024-08-01,48001,narva,0.0,300,0.0,0.0,0.0,1.2005832703767698,rojo,4,0.5969895897408017,2024-05-29,1.8233315279483795,300.0,546.9994583845139,0,,0.0,1,0,1
2025-03-01,hy-620a,ito koyama - palieres,236.0,0,14.0,1606.08,267.68,,rojo,0,0.6121125264950226,2024-12-17,7.1,300.0,0.0,0,,0.0,1,0,
2025-03-01,hy-630,ito koyama - palieres,183.0,0,39.0,676.96,276.5566666666667,,rojo,0,0.5818149945081905,2024-12-17,7.4,200.0,0.0,0,,0.0,1,0,
2025-03-01,w7multi-3/4-s,mann - brasil,46.0,0,2.0,67.63,13.361666666666665,,rojo,0,0.4283114901431722,2024-09-12,4.17,60.0,0.0,0,,0.0,1,0,
2025-03-01,wa9-multi-16,mann - brasil,268.0,0,2.0,152.89999999999998,25.48333333333333,,rojo,0,0.4288228094822766,2023-05-17,7.92,60.0,0.0,0,,0.0,1,0,
2025-03-01,wc-57020,sakura filter,87.0,0,7.0,225.82,93.08666666666666,,rojo,0,0.7304018802176517,2024-09-17,5.69,132.0,0.0,0,0.0,0.0,1,0,
2024-10-01,48051,narva,120.0,0,1.0,0.0,7.288333333333333,inf,verde,4,0.4638788219332551,2023-09-21,1.6538830429315567,100.0,0.0,0,,inf,0,0,0
2025-03-01,o-1808,sakura filter,8.0,0,5.0,112.29,32.949999999999996,,rojo,0,0.5879426251115794,2024-08-29,2.71,50.0,0.0,0,,0.0,1,0,
2025-03-01,bto022,ito koyama - bocamazas,5.0,0,15.0,2528.02,646.9266666666666,,rojo,0,0.7245855053773625,2024-11-13,14.57,70.0,0.0,0,,0.0,1,0,
2025-03-01,bto023,ito koyama - bocamazas,20.0,0,10.0,2083.47,391.33500000000004,,rojo,0,0.6226817222227172,2024-11-13,16.64,40.0,0.0,0,,0.0,1,0,
2022-08-01,tis-166,toyo - japon,0.0,50,0.0,0.0,0.0,inf,rojo,4,0.47365094532463536,2020-11-12,8.869705246761441,60.0,443.48526233807206,0,,0.0,1,0,1
2025-04-01,bz0001,ishikawa - zapatas de freno,221.0,0,73.0,3314.94,1457.8500000000001,,rojo,0,1.6941837633043044,2024-10-30,7.53,120.0,0.0,0,,0.0,1,0,
2025-04-01,bz0004,ishikawa - zapatas de freno,321.0,0,39.0,304.3,105.36,,rojo,0,0.8145336455622393,2024-07-24,2.43,500.0,0.0,0,,0.0,1,0,
2025-04-01,bz0007,ishikawa - zapatas de freno,679.0,0,52.0,737.93,213.49,,rojo,0,0.7827110370335214,2024-07-24,2.73,1000.0,0.0,0,,0.0,1,0,
2025-03-01,bz0008,ishikawa - zapatas de freno,748.0,0,54.0,440.4,177.83,,rojo,0,0.7799548576069921,2024-07-24,2.73,1000.0,0.0,0,,0.0,1,0,
2025-03-01,bz0009,ishikawa - zapatas de freno,238.0,0,19.0,240.01,97.44333333333333,,rojo,0,0.8510301511834486,2024-07-24,4.85,300.0,0.0,0,,0.0,1,0,
2025-02-01,3461-7006skr,sakura - radiadores,0.0,50,1.0,32.2,5.366666666666667,,rojo,0,0.9874187769171178,2020-09-03,22.3,54.0,1115.0,0,,0.0,1,0,
2024-09-01,icd1736,ishikawa - pastillas de freno,0.0,50,0.0,0.0,0.0,inf,rojo,6,0.9135074086331821,2024-03-20,8.26,100.0,413.0,0,,0.0,1,0,1
2025-01-01,icd1737,ishikawa - pastillas de freno,0.0,50,16.0,86.44,82.86166666666666,,rojo,0,1.138565112528949,2024-07-26,4.57,50.0,228.5,0,,0.0,1,0,
2025-04-01,icd1759,ishikawa - pastillas de freno,187.0,0,19.0,324.82,90.08333333333333,,rojo,0,1.0873772101393437,2024-07-26,4.67,200.0,0.0,0,,0.0,1,0,
2025-03-01,icd1830,ishikawa - pastillas de freno,202.0,0,42.0,1061.1200000000001,325.3833333333333,,rojo,0,1.0612053430095882,2024-07-26,3.46,400.0,0.0,0,,0.0,1,0,
2024-01-01,40298960,ks - brasil,0.0,50,0.0,0.0,0.0,inf,rojo,4,0.34100129815028957,2023-09-14,109.88,100.0,5494.0,0,,0.0,1,0,1
2024-04-01,41163089,monark - alemania,0.0,50,0.0,0.0,0.0,inf,rojo,4,0.35675436222845514,,,,,0,,0.0,1,0,1
2022-01-01,46468060,monark - alemania,0.0,50,0.0,0.0,0.0,inf,rojo,4,0.7039912601585386,,,,,0,,0.0,1,0,1
2025-03-01,333425,ito koyama - amortiguadores,0.0,50,14.0,651.13,122.42333333333333,,rojo,0,0.7971600843499084,2023-07-25,11.1,54.0,555.0,0,,0.0,1,0,
2025-03-01,333426,ito koyama - amortiguadores,62.0,0,14.0,641.39,121.88333333333333,,rojo,0,0.785531917558297,2024-11-29,11.8,90.0,0.0,0,,0.0,1,0,
2025-02-01,338737,ito koyama - amortiguadores,0.0,50,49.0,1328.33,796.4583333333334,,rojo,0,0.7608564190144936,2024-09-19,10.8,203.0,540.0,0,,0.0,1,0,
2025-02-01,t1227,ito koyama - trapecios,0.0,50,10.0,702.49,117.08166666666666,,rojo,0,0.5986129007703581,2024-12-10,9.57,40.0,478.5,0,,0.0,1,0,
2025-03-01,t1228,ito koyama - trapecios,3.0,0,4.0,152.76,25.459999999999997,,rojo,0,0.5249283355162194,2024-03-19,9.855,20.0,0.0,0,,0.0,1,0,
2025-03-01,t1229,ito koyama - trapecios,9.0,0,4.0,153.37,25.561666666666667,,rojo,0,0.5089905192771899,2024-03-19,9.855,20.0,0.0,0,,0.0,1,0,
2024-10-01,c-27154/1,mann - brasil,162.0,0,1.0,0.0,2.8816666666666664,inf,verde,4,0.4775949896718672,2022-09-16,6.572310162782669,60.0,0.0,0,,inf,0,0,0
2025-03-01,bz0011,ishikawa - zapatas de freno,186.0,0,36.0,352.59000000000003,188.53333333333333,,rojo,0,0.7605112305036412,2024-07-24,2.73,500.0,0.0,0,,0.0,1,0,
2025-04-01,bz0012,ishikawa - zapatas de freno,731.0,0,54.0,808.8100000000001,239.71333333333334,,rojo,0,0.6947993034388146,2024-07-24,4.26,1000.0,0.0,0,,0.0,1,0,
2025-03-01,bz0013,ishikawa - zapatas de freno,94.0,0,22.0,149.76999999999998,80.14666666666666,,rojo,0,0.8442855151285592,2024-07-24,2.73,200.0,0.0,0,,0.0,1,0,
2025-03-01,bz0014,ishikawa - zapatas de freno,36.0,0,12.0,44.92,36.720000000000006,,rojo,0,0.9399186156081167,2024-01-09,3.83,100.0,0.0,0,,0.0,1,0,
2025-01-01,bz0015,ishikawa - zapatas de freno,0.0,50,14.0,0.0,51.06333333333333,,rojo,0,0.9557370183285989,2024-01-09,4.42,100.0,221.0,0,,0.0,1,0,
2025-03-01,bz0017,ishikawa - zapatas de freno,3.0,0,9.0,123.38000000000001,27.468333333333334,,rojo,0,0.9459109469189235,2024-01-09,4.13,100.0,0.0,0,,0.0,1,0,
2025-04-01,bz0018,ishikawa - zapatas de freno,87.0,0,12.0,56.2,30.66333333333333,,rojo,0,0.8853055122702498,2024-07-24,2.36,100.0,0.0,0,,0.0,1,0,
2025-03-01,bz0019,ishikawa - zapatas de freno,1.0,0,16.0,147.13,74.925,,rojo,0,0.9614732982488209,2024-01-09,5.9,100.0,0.0,0,,0.0,1,0,
2024-12-01,bz0020,ishikawa - zapatas de freno,0.0,50,10.0,0.0,69.64833333333333,inf,rojo,6,2.197973863357119,2024-01-09,4.42,100.0,221.0,0,,0.0,1,0,1
2025-01-01,bz0021,ishikawa - zapatas de freno,0.0,50,13.0,96.34,43.48833333333334,,rojo,0,0.972759779039596,2024-01-09,4.42,100.0,221.0,0,,0.0,1,0,
2025-03-01,bz0022,ishikawa - zapatas de freno,23.0,0,13.0,114.31,36.28666666666667,,rojo,0,0.9367889218380693,2024-01-09,4.42,100.0,0.0,0,,0.0,1,0,
2022-03-01,2.91E+12,vdo - brasil,0.0,50,0.0,0.0,0.0,inf,rojo,4,0.5970527911410572,,,,,0,,0.0,1,0,1
2025-03-01,20313aa100,ito koyama - amortiguadores,9.0,0,33.0,541.29,194.23166666666665,,rojo,0,0.6245691523663934,2024-08-22,11.8,56.0,0.0,0,,0.0,1,0,
2024-03-01,27060-0l150,enertech - encendido,0.0,50,0.0,0.0,0.0,inf,rojo,6,0.2830786103575938,2023-08-03,87.98,60.0,4399.0,0,,0.0,1,0,1
2024-08-01,33232,wix filters,0.0,50,0.0,0.0,0.0,inf,rojo,4,0.1923704305923423,2019-07-25,11.66,102.0,583.0,0,,0.0,1,0,1
2024-01-01,33338,wix filters,0.0,50,0.0,0.0,0.0,inf,rojo,4,0.2930127093736486,2019-07-25,4.78,204.0,239.0,0,,0.0,1,0,1
2025-01-01,c-20118,mann - brasil,6.0,0,2.0,286.02,95.33999999999999,,rojo,0,0.33032270488554,2023-10-05,39.0022476196289,30.0,0.0,0,,0.0,1,0,
2025-04-01,c-20168,mann - brasil,8.0,0,10.0,922.71,211.34166666666667,,rojo,0,0.4678128780274502,2024-09-12,39.92,30.0,0.0,0,,0.0,1,0,
2024-06-01,c-20325/2,mann - brasil,0.0,50,0.0,0.0,0.0,0.5717200685614544,rojo,4,0.5213238488230583,2022-10-05,15.55,100.0,777.5,0,,0.0,1,0,1
2025-01-01,ni-924,ito koyama - palieres,55.0,0,4.0,186.83999999999997,52.98,,rojo,0,0.5775853493914057,2024-06-21,27.2,50.0,0.0,0,,0.0,1,0,
2025-03-01,ni-981,ito koyama - palieres,33.0,0,8.0,249.56,114.82166666666667,,rojo,0,0.5756850987077246,2024-06-21,29.0,50.0,0.0,0,,0.0,1,0,
2024-04-01,nsk-h1380/28,nachi - koyo - ntn - nsk - japon,0.0,50,0.0,0.0,0.0,inf,rojo,4,0.4566665975592622,2021-06-05,4.8,50.0,240.0,0,,0.0,1,0,1
2023-08-01,ntn-4t-29685/20,nachi - koyo - ntn - nsk - japon,0.0,50,0.0,0.0,0.0,inf,rojo,4,0.43813783144760204,2021-06-05,9.5,300.0,475.0,0,,0.0,1,0,1
2023-02-01,ntn-6207lluc3,nachi - koyo - ntn - nsk - japon,0.0,50,0.0,0.0,0.0,inf,rojo,4,0.4605748987362651,2020-11-05,4.25,100.0,212.5,0,,0.0,1,0,1
2023-11-01,ntn-l44649/10,nachi - koyo - ntn - nsk - japon,0.0,50,0.0,0.0,0.0,inf,rojo,4,0.4306769400015527,2017-09-22,2.75,120.0,137.5,0,,0.0,1,0,1
2023-05-01,ntn-lm11949/10,nachi - koyo - ntn - nsk - japon,0.0,50,0.0,0.0,0.0,inf,rojo,4,0.5757009087303256,2018-09-13,2.77,150.0,138.5,0,,0.0,1,0,1
2022-04-01,sk17,sin definicion,0.0,50,0.0,0.0,0.0,,rojo,0,0.4721474189438367,2020-02-18,0.88,500.0,44.0,0,,0.0,1,0,
2022-05-01,sk20,sin definicion,0.0,50,0.0,0.0,0.0,,rojo,0,0.5125351596920854,2021-08-27,1.14,300.0,56.99999999999999,0,,0.0,1,0,
2025-02-01,ef-5101,sakura filter,169.0,0,5.0,196.57999999999998,46.669999999999995,,rojo,0,0.8535066559865748,2024-08-29,6.77,120.0,0.0,0,,0.0,1,0,
2025-04-01,a-5604-s,sakura filter,71.0,0,9.0,308.65,120.11166666666666,,rojo,0,0.9594141333581954,2024-09-26,18.04,36.0,0.0,0,,0.0,1,0,
2025-02-01,553000x100,ito koyama - amortiguadores,41.0,0,20.0,229.4,191.30500000000004,,rojo,0,0.6782306976260921,2024-08-22,5.8,100.0,0.0,0,,0.0,1,0,
2025-03-01,a-1402,sakura filter,107.0,0,7.0,50.24,20.418333333333333,,rojo,0,1.0097395281355217,2024-08-29,2.25,100.0,0.0,0,100.0,0.0,1,0,
2025-03-01,dt205/70r15c,deestone,55.0,0,6.0,1008.48,250.5666666666667,,rojo,0,0.3705221435584994,2024-09-20,36.91,80.0,0.0,0,,0.0,1,0,
2025-02-01,h-8301,sakura filter,182.0,0,5.0,19.36,10.131666666666666,,rojo,0,0.7253292845038453,2024-01-18,1.45,100.0,0.0,0,,0.0,1,0,
2025-03-01,mi002,ito koyama - resortes,0.0,50,27.0,765.4,334.3533333333333,,rojo,0,0.6777584409748485,2024-11-04,5.2,80.0,260.0,0,,0.0,1,0,
2025-03-01,41800-m68k00,ito koyama - amortiguadores,183.0,0,23.0,265.01,154.25666666666666,,rojo,0,0.7149866146850266,2024-11-29,6.1,100.0,0.0,0,,0.0,1,0,
2025-03-01,ca-31060,sakura filter,0.0,50,16.0,223.97,69.29333333333334,,rojo,0,0.8995182074847867,2024-09-17,2.42,80.0,121.0,0,,0.0,1,0,
2025-03-01,afc11000/1f,prestone - usa,69.0,0,4.0,358.46999999999997,199.15166666666667,,rojo,0,0.41599129808200225,2022-12-15,12.12,882.0,0.0,0,,0.0,1,0,
2025-03-01,afc10100mb-m2,prestone - mexico,56.0,0,8.0,1527.97,402.9666666666667,,rojo,0,0.45619567625282187,2024-06-14,28.83,160.0,0.0,0,,0.0,1,0,
2025-02-01,56110-s9026,ito koyama - amortiguadores,104.0,0,3.0,360.58,60.096666666666664,,rojo,0,0.6860933195656276,2024-11-29,5.9,50.0,0.0,0,,0.0,1,0,
2025-03-01,bdd152,ishikawa - discos de freno,0.0,50,9.0,235.09,66.36833333333334,,rojo,0,0.8797643403709193,2024-01-09,9.65,50.0,482.5,0,,0.0,1,0,
2025-03-01,bdd017,ishikawa - discos de freno,24.0,0,15.0,518.84,192.46666666666667,,rojo,0,0.6339120045672075,2024-01-09,10.94,80.0,0.0,0,,0.0,1,0,
2025-03-01,a-72070,sakura filter,451.0,0,14.0,309.89,251.32000000000002,,rojo,0,1.1787969661340438,2024-11-11,17.79,12.0,0.0,0,,0.0,1,0,
2025-02-01,mwmwc1423,wagner - pastillas,17.0,0,6.0,150.5,53.12166666666667,,rojo,0,0.3128761791294908,2024-07-20,12.2,40.0,0.0,0,,0.0,1,0,
2025-02-01,a-39010,sakura filter,350.0,0,4.0,15.21,9.93,,rojo,0,0.7648776262580846,2024-11-11,2.38,20.0,0.0,0,,0.0,1,0,
2024-11-01,icd1193,ishikawa - pastillas de freno,0.0,50,9.0,0.0,38.205000000000005,inf,rojo,6,1.156098005359635,2024-07-26,3.5,100.0,175.0,0,,0.0,1,0,1
2025-03-01,eo-5101,sakura filter,75.0,0,5.0,357.8,59.63333333333333,,rojo,0,0.7378297374273091,2024-12-26,7.11,100.0,0.0,0,,0.0,1,0,
2025-03-01,t1128,ito koyama - trapecios,33.0,0,3.0,185.18,30.863333333333333,,rojo,0,0.6118108252536602,2024-12-10,14.78,40.0,0.0,0,,0.0,1,0,
2025-03-01,icd1216,ishikawa - pastillas de freno,76.0,0,13.0,101.23,28.070000000000004,,rojo,0,0.9976635700372466,2024-07-26,2.69,100.0,0.0,0,,0.0,1,0,
2025-02-01,icd1156,ishikawa - pastillas de freno,0.0,50,27.0,197.29,140.17499999999998,,rojo,0,0.920659543418224,2024-07-26,4.71,100.0,235.5,0,,0.0,1,0,
2025-04-01,a-38120-s,sakura filter,231.0,0,38.0,3093.4900000000002,884.8733333333333,,rojo,0,0.6561404593693132,2025-01-10,27.27,62.0,0.0,0,,0.0,1,0,
2025-03-01,icd1676,ishikawa - pastillas de freno,633.0,0,53.0,1017.08,523.6416666666667,,rojo,0,1.00148356019563,2024-07-26,6.59,600.0,0.0,0,,0.0,1,0,
2025-03-01,bdd028,ishikawa - discos de freno,0.0,50,36.0,2890.18,1077.9866666666667,,rojo,0,1.016845346250902,2024-07-24,7.46,50.0,373.0,0,,0.0,1,0,
2025-04-01,a-1841-s,sakura filter,316.0,0,52.0,1526.02,794.0433333333334,,rojo,0,0.8455075306522022,2024-10-31,18.84,100.0,0.0,0,184.0,0.0,1,0,
2024-06-01,24569,versachem - usa,0.0,50,0.0,0.0,0.0,0.8629565959053015,rojo,1,0.3336849578122912,2023-04-18,2.96,210.0,148.0,0,,0.0,1,0,1
2025-01-01,884527,valvoline - usa,451.0,0,28.0,53.39,397.88333333333327,,rojo,0,0.7368378818835115,2025-03-10,4.988333,252.0,0.0,0,,0.0,1,0,
2025-04-01,a-19890,sakura filter,212.0,0,38.0,660.1700000000001,194.87333333333333,,rojo,0,0.8976864811271558,2024-11-30,3.39,20.0,0.0,0,,0.0,1,0,
2025-03-01,bdd087,ishikawa - discos de freno,14.0,0,16.0,523.05,245.42166666666665,,rojo,0,0.7883642716254492,2024-01-09,15.06,50.0,0.0,0,,0.0,1,0,
2025-03-01,mz005,ito koyama - resortes,35.0,0,10.0,288.63,82.29833333333333,,rojo,0,0.5824205256025375,2024-11-04,7.7,64.0,0.0,0,,0.0,1,0,
2025-02-01,bch001,ito koyama - bocamazas,23.0,0,5.0,214.86,35.81,,rojo,0,0.6339563625042619,2024-11-13,3.93,50.0,0.0,0,,0.0,1,0,
2025-04-01,sk005,ito koyama - resortes,38.0,0,75.0,1228.78,469.80833333333334,,rojo,0,0.6881464563007688,2024-12-26,3.75,120.0,0.0,0,,0.0,1,0,
2025-03-01,rov1030sn5500,rover - usa,11.0,0,13.0,7411.0,2898.635,,rojo,0,0.6325799808421455,2024-06-20,339.0,44.0,0.0,0,,0.0,1,0,
2024-10-01,a-5555-s,sakura filter,0.0,50,2.0,0.0,73.72833333333334,1.0956312054647002,rojo,6,0.7784640687857762,2022-04-26,20.0,75.0,1000.0,0,,0.0,1,0,1
2025-03-01,55300-2k000,ito koyama - amortiguadores,62.0,0,15.0,170.38,77.02499999999999,,rojo,0,0.6417331811486484,2024-08-22,5.71,100.0,0.0,0,,0.0,1,0,
2024-09-01,bdd063,ishikawa - discos de freno,0.0,50,0.0,0.0,0.0,1.047078339861785,rojo,6,0.7082290878853009,2024-01-09,13.47,50.0,673.5,0,,0.0,1,0,1
2025-03-01,to-720,ito koyama - palieres,0.0,50,13.0,927.74,169.42,,rojo,0,0.6146760549714007,2024-12-17,10.1,50.0,505.0,0,,0.0,1,0,
2025-03-01,bdd086,ishikawa - discos de freno,18.0,0,9.0,241.02,65.34,,rojo,0,0.7580301271282925,2024-10-30,7.15,50.0,0.0,0,,0.0,1,0,
2024-06-01,82966090,monark - alemania,0.0,100,0.0,0.0,0.0,1.3646911764120087,rojo,4,0.43260713370483794,2014-02-03,7.310592613220215,600.0,731.0592613220215,0,,0.0,1,0,1
2024-10-01,cf-1000,mann - brasil,0.0,50,0.0,0.0,0.0,29.089255048865727,rojo,4,0.45599312200414643,2024-09-12,10.17,60.0,508.5,0,,0.0,1,0,1
2025-03-01,a-1074,sakura filter,36.0,0,4.0,38.12,28.77333333333333,,rojo,0,1.4111380235863555,2023-07-26,1.57,100.0,0.0,0,,0.0,1,0,
2025-03-01,a-1079,sakura filter,43.0,0,3.0,41.71,6.951666666666667,,rojo,0,0.8754342812437893,2023-07-26,1.82,20.0,0.0,0,0.0,0.0,1,0,
2025-03-01,bch004,ito koyama - bocamazas,182.0,0,5.0,70.81,40.185,,rojo,0,0.5498746153619241,2024-11-13,5.31,80.0,0.0,0,,0.0,1,0,
2025-03-01,ex55307s1000,ito koyama - amortiguadores,60.0,0,16.0,177.82,88.645,,rojo,0,0.6859306055653761,2024-09-19,6.6,100.0,0.0,0,,0.0,1,0,
2022-10-01,87229620,ks - alemania,0.0,50,0.0,0.0,0.0,0.268741924943285,rojo,4,0.37878981299723713,2021-01-15,29.91640011072159,32.0,1495.8200055360794,0,,0.0,1,0,1
2025-04-01,ca-2807,sakura filter,589.0,0,111.0,4245.55,1055.4750000000001,,rojo,0,1.2943967124544795,2024-11-04,1.1,740.0,0.0,0,520.0,0.0,1,0,
2025-03-01,wk-1030,mann - brasil,45.0,0,33.0,5871.26,1637.8666666666668,,rojo,0,0.4300580804597859,2024-02-03,9.84,174.0,0.0,0,,0.0,1,0,
2025-03-01,icd1661,ishikawa - pastillas de freno,0.0,50,49.0,519.21,274.47666666666663,,rojo,0,1.1004663233042808,2024-07-26,3.6,200.0,180.0,0,,0.0,1,0,
2025-04-01,c-281012,mann - brasil,34.0,0,46.0,11800.1,4612.58,,rojo,0,0.422226077365402,2025-02-24,35.04,150.0,0.0,0,,0.0,1,0,
2025-03-01,bto008,ito koyama - bocamazas,91.0,0,4.0,224.07,37.345,,rojo,0,0.663421447171464,2024-11-13,12.3,100.0,0.0,0,,0.0,1,0,
2025-03-01,hy034,ito koyama - resortes,0.0,50,25.0,332.42,144.97166666666666,,rojo,0,0.5524190013212104,2024-11-04,5.8,80.0,290.0,0,,0.0,1,0,
2025-03-01,a-25440,sakura filter,237.0,0,16.0,312.96000000000004,90.64999999999999,,rojo,0,1.1693237813788977,2024-11-11,1.73,20.0,0.0,0,,0.0,1,0,
2024-06-01,1427,spaco - italia,0.0,400,0.0,0.0,0.0,0.5704031095303379,rojo,4,0.4831069760115383,,,,,0,,0.0,1,0,1
2024-11-01,t1135,ito koyama - trapecios,0.0,50,1.0,0.0,3.348333333333333,0.9607115654113577,rojo,6,0.6210574069003248,2024-03-19,11.30425,40.0,565.2125,0,,0.0,1,0,1
2024-12-01,89546-0k240,enertech - encendido,0.0,50,5.0,0.0,30.228333333333335,1.726334220970924,rojo,6,1.328625989168364,2023-08-03,8.76,140.0,438.0,0,,0.0,1,0,1
2025-03-01,a-5549-s,sakura filter,429.0,0,66.0,3142.31,1674.7933333333333,,rojo,0,0.9808456095297108,2025-01-21,15.35,232.0,0.0,0,343.0,0.0,1,0,
2025-03-01,eo-31100,sakura filter,10.0,0,13.0,79.28,40.946666666666665,,rojo,0,1.356675560434699,2024-03-18,1.32,50.0,0.0,0,0.0,0.0,1,0,
2025-03-01,t1064,ito koyama - trapecios,19.0,0,9.0,423.98,70.66333333333334,,rojo,0,0.5678566828116242,2024-12-10,10.72,40.0,0.0,0,,0.0,1,0,
2025-03-01,a-71160,sakura filter,29.0,0,8.0,605.47,173.155,,rojo,0,0.8544563356945485,2024-09-30,17.02,60.0,0.0,0,,0.0,1,0,
2025-03-01,icd1883,ishikawa - pastillas de freno,132.0,0,43.0,489.48999999999995,156.66166666666666,,rojo,0,0.9939013534704436,2024-07-26,3.27,200.0,0.0,0,,0.0,1,0,
2024-11-01,w16fp-u,denso - bujias - japon,0.0,150,5.0,0.0,24.353333333333335,0.7902412709994323,rojo,3,0.3327346939346061,2024-08-26,0.89,96.0,133.5,0,,0.0,1,0,1
2025-03-01,tmi002,ito koyama - direccion,35.0,0,8.0,272.57,45.428333333333335,,rojo,0,0.6846314844829045,2025-02-28,2.506799,92.0,0.0,0,,0.0,1,0,
2022-10-01,50006610,ks - alemania,0.0,200,0.0,0.0,0.0,0.5378704404716643,rojo,4,0.38511018492932214,2021-08-09,8.048407524824142,192.0,1609.6815049648285,0,,0.0,1,0,1
2025-03-01,48510-bz750,ito koyama - amortiguadores,115.0,0,43.0,2671.41,1474.595,,rojo,0,0.7992187392147349,2024-11-29,10.2,150.0,0.0,0,,0.0,1,0,
2025-03-01,ca-65210,sakura filter,189.0,0,30.0,1003.38,354.68666666666667,,rojo,0,0.9921892478020522,2023-12-04,2.23,100.0,0.0,0,0.0,0.0,1,0,
2025-04-01,mi001,ito koyama - resortes,0.0,50,33.0,697.3,182.64666666666665,,rojo,0,0.6823758063589732,2024-12-26,4.36,56.0,218.00000000000003,0,,0.0,1,0,
2025-03-01,icd1729,ishikawa - pastillas de freno,45.0,0,21.0,163.6,54.199999999999996,,rojo,0,1.1084150832528832,2024-07-26,2.9,100.0,0.0,0,,0.0,1,0,
2025-03-01,ds001,ito koyama - resortes,0.0,50,30.0,890.4,355.2266666666667,,rojo,0,0.7044256001864575,2024-11-04,4.9,80.0,245.00000000000003,0,,0.0,1,0,
2025-03-01,icd510,ishikawa - pastillas de freno,0.0,50,56.0,950.02,370.97333333333336,,rojo,0,1.0773741910902466,2024-07-26,3.52,400.0,176.0,0,,0.0,1,0,
2025-02-01,sdhd-495,seco - embragues,23.0,0,1.0,77.97,12.995,,rojo,0,0.43207465535907197,2020-04-25,26.33,80.0,0.0,0,,0.0,1,0,
2025-03-01,dtt205/45zr17,deestone,47.0,0,3.0,676.27,122.03333333333335,,rojo,0,0.519019389746383,2024-10-28,27.69,60.0,0.0,0,,0.0,1,0,
2025-03-01,c-5816,sakura filter,215.0,0,55.0,8608.71,2828.905,,rojo,0,0.747892791611982,2024-11-11,4.71,24.0,0.0,0,348.0,0.0,1,0,
2025-03-01,eo-66010,sakura filter,155.0,0,28.0,163.75,145.22,,rojo,0,0.8075128353613406,2024-11-30,1.2,50.0,0.0,0,,0.0,1,0,
2025-03-01,bdd027,ishikawa - discos de freno,16.0,0,10.0,184.61,175.99833333333333,,rojo,0,0.6995798129724946,2024-10-30,10.07,50.0,0.0,0,,0.0,1,0,
2025-02-01,cac-18360,sakura filter,123.0,0,1.0,29.14,4.8566666666666665,,rojo,0,0.7564752720697473,2021-08-27,2.2,200.0,0.0,0,,0.0,1,0,
2025-03-01,tki004,ito koyama - direccion,40.0,0,5.0,326.69,54.44833333333333,,rojo,0,0.6282681585502431,2025-02-28,2.785325,100.0,0.0,0,,0.0,1,0,
2025-04-01,a-3306,sakura filter,407.0,0,30.0,669.55,148.74333333333334,,rojo,0,0.9493295240371218,2024-11-28,2.37,200.0,0.0,0,,0.0,1,0,
2025-03-01,ehy008,ito koyama - direccion,252.0,0,10.0,132.62,22.103333333333335,,rojo,0,0.6694535352073948,2025-02-28,1.53195,298.0,0.0,0,,0.0,1,0,
2025-03-01,333605,ito koyama - amortiguadores,8.0,0,34.0,805.0799999999999,233.87333333333333,,rojo,0,0.7313092046159714,2024-11-29,11.2,48.0,0.0,0,,0.0,1,0,
2025-03-01,i-polos,sin definicion,0.0,50,93.0,0.0,0.0,,rojo,0,-1.0,2024-12-13,25.568779750328833,400.0,1278.4389875164416,0,,0.0,1,0,
2024-09-01,scgm-570,seco - embragues,0.0,100,0.0,0.0,0.0,0.6894634061142523,rojo,4,0.35768190027212665,2024-07-18,15.88,50.0,1588.0,0,,0.0,1,0,1
2024-12-01,as-6204-2rs,nas - pfi - zkl - mba,1025.0,0,2.0,0.0,5.991666666666667,inf,verde,4,0.5817346296771506,2019-11-21,0.52,1500.0,0.0,0,,inf,0,0,0
2024-11-01,tto024,ito koyama - direccion,0.0,100,1.0,0.0,2.0033333333333334,1.5413360021568663,rojo,6,0.6765445047176344,2023-05-19,3.25,160.0,325.0,0,,0.0,1,0,1
2025-02-01,hy-013,ito koyama - palieres,0.0,50,35.0,1347.3700000000001,461.95666666666665,,rojo,0,0.6173411750785825,2024-12-17,7.1,100.0,355.0,0,,0.0,1,0,
2025-03-01,bdd025,ishikawa - discos de freno,0.0,50,13.0,1001.38,247.48333333333335,,rojo,0,0.5864132457725051,2024-10-30,7.8,100.0,390.0,0,,0.0,1,0,
2025-03-01,a-89080,sakura filter,50.0,0,4.0,43.75,11.308333333333332,,rojo,0,0.974233658007307,2024-12-13,1.8,60.0,0.0,0,,0.0,1,0,
2025-04-01,dt-611u,aisin - japon,229.0,0,15.0,5596.6,1123.95,,rojo,0,0.4397392898180551,2025-02-24,19.24,100.0,0.0,0,,0.0,1,0,
2025-03-01,w-1168/5,mann - brasil,12.0,0,26.0,2137.8,593.6566666666666,,rojo,0,0.40829833376759234,2024-02-03,9.22,204.0,0.0,0,,0.0,1,0,
2025-01-01,scki-459,seco - embragues,0.0,50,10.0,0.0,112.28166666666668,inf,rojo,4,0.3059712811261502,2023-05-23,18.51,200.0,925.5000000000001,0,,0.0,1,0,1
2025-03-01,t1069,ito koyama - trapecios,25.0,0,32.0,1787.3,297.8833333333333,,rojo,0,0.615176298347269,2024-12-10,3.9,300.0,0.0,0,,0.0,1,0,
2025-02-01,sfc-7912-10b,sakura filter,58.0,0,4.0,171.37,43.11666666666667,,rojo,0,0.8129492731415575,2023-10-05,7.8,120.0,0.0,0,,0.0,1,0,
2025-03-01,op-707,ito koyama - palieres,45.0,0,8.0,360.1,123.37166666666667,,rojo,0,0.5629244106325857,2023-12-07,8.6,150.0,0.0,0,,0.0,1,0,
2025-03-01,bdd021,ishikawa - discos de freno,0.0,50,47.0,21206.44,8986.0,,rojo,0,0.774887607505162,2024-10-30,13.1,200.0,655.0,0,,0.0,1,0,
2025-03-01,a-5597,sakura filter,204.0,0,33.0,528.9399999999999,179.16166666666666,,rojo,0,0.8382888525338846,2024-10-22,2.61,160.0,0.0,0,0.0,0.0,1,0,
2023-11-01,dp12.00r20,deruibo,0.0,150,0.0,0.0,0.0,0.22768665724981207,rojo,4,0.24871646939711933,2023-06-26,162.8,80.0,24420.0,0,,0.0,1,0,1
2025-03-01,ahy004,ito koyama - direccion,78.0,0,8.0,42.31,13.963333333333333,,rojo,0,0.6010748828533061,2023-05-19,2.0,120.0,0.0,0,,0.0,1,0,
2025-03-01,ca-18200,sakura filter,119.0,0,4.0,19.979999999999997,6.833333333333333,,rojo,0,0.7436106423546678,2023-10-25,1.22,100.0,0.0,0,,0.0,1,0,
2025-03-01,as-6116-s,sakura filter,135.0,0,34.0,2538.43,1226.945,,rojo,0,1.1589694950062264,2025-02-28,9.66,2.0,0.0,0,,0.0,1,0,
2024-10-01,87077070,monark - alemania,0.0,50,1.0,0.0,4.06,0.6472550499105036,rojo,4,0.4362231930164817,,,,,0,,0.0,1,0,1
2025-03-01,f-1303,sakura filter,172.0,0,6.0,22.04,11.058333333333332,,rojo,0,2.189406084183354,2024-11-30,0.89,100.0,0.0,0,,0.0,1,0,
2025-04-01,sk006,ito koyama - resortes,138.0,0,49.0,1500.66,389.8333333333333,,rojo,0,0.666414380172378,2024-12-26,5.35,104.0,0.0,0,,0.0,1,0,
2025-03-01,a-17900,sakura filter,59.0,0,9.0,117.57,27.22,,rojo,0,0.5708807950580104,2024-08-29,2.82,100.0,0.0,0,100.0,0.0,1,0,
2025-04-01,icd1225,ishikawa - pastillas de freno,275.0,0,43.0,829.2,249.1866666666667,,rojo,0,1.1828731398645673,2024-03-20,3.51,200.0,0.0,0,,0.0,1,0,
2025-02-01,a-71590,sakura filter,62.0,0,8.0,96.53999999999999,89.055,,rojo,0,0.817825680729793,2024-03-18,20.64,100.0,0.0,0,,0.0,1,0,
2024-10-01,dt165r13c,deestone,0.0,100,2.0,0.0,195.48000000000002,0.5136909690249163,rojo,6,0.48285327064986666,2023-09-04,23.67,140.0,2367.0,0,,0.0,1,0,1
2025-03-01,48072,narva,100.0,0,79.0,1483.05,4507.04,,rojo,0,0.5565271709542421,2025-01-29,60.123707843933865,400.0,0.0,0,,0.0,1,0,
2024-12-01,89545-0k240,enertech - encendido,0.0,100,5.0,0.0,30.228333333333335,1.1761802183178571,rojo,6,1.2547063440236839,2023-08-03,8.76,140.0,876.0,0,,0.0,1,0,1
2025-04-01,c-1815,sakura filter,195.0,0,4.0,48.39,32.82,,rojo,0,0.8097769259883849,2025-01-10,1.64,200.0,0.0,0,,0.0,1,0,
2025-03-01,mz-008,ito koyama - palieres,0.0,50,13.0,456.82,99.52166666666666,,rojo,0,0.5886970431877674,2024-10-24,6.8,50.0,340.0,0,,0.0,1,0,
2025-03-01,icd537,ishikawa - pastillas de freno,0.0,50,14.0,89.27,29.508333333333336,,rojo,0,0.9699931380983313,2024-01-09,3.3,50.0,165.0,0,,0.0,1,0,
2025-03-01,cf-500/1,mann - brasil,0.0,50,29.0,1030.02,439.1666666666667,,rojo,0,0.5507909665455496,2025-01-18,10.48,60.0,524.0,0,,0.0,1,0,
2025-03-01,sfc-79150,sakura filter,383.0,0,18.0,408.46,395.7816666666667,,rojo,0,0.6460937377541699,2024-11-11,13.65,54.0,0.0,0,,0.0,1,0,
2025-03-01,k009,ito koyama - resortes,154.0,0,21.0,609.9200000000001,175.69000000000003,,rojo,0,0.7798814412249007,2024-12-26,7.4,56.0,0.0,0,,0.0,1,0,
2025-04-01,hy048,ito koyama - resortes,18.0,0,30.0,518.41,267.60833333333335,,rojo,0,0.8057590328852702,2024-11-04,6.8,80.0,0.0,0,,0.0,1,0,
2024-10-01,c-17225/3,mann - brasil,0.0,50,2.0,0.0,36.23,0.7487464854676729,rojo,4,0.45041850845173803,2024-04-09,16.414992928504944,30.0,820.7496464252472,0,,0.0,1,0,1
2025-04-01,c-1534,sakura filter,1331.0,0,180.0,25982.1,7935.335,,rojo,0,0.6991127383919425,2024-02-28,4.21,3000.0,0.0,0,0.0,0.0,1,0,
2025-03-01,op-501,ito koyama - palieres,47.0,0,8.0,309.65,75.42,,rojo,0,0.5506564424398608,2024-06-21,7.15,80.0,0.0,0,,0.0,1,0,
2025-03-01,hy027,ito koyama - resortes,366.0,0,112.0,21459.0,7482.2,,rojo,0,0.7716125005930036,2024-12-26,4.95,504.0,0.0,0,,0.0,1,0,
2025-03-01,k005,ito koyama - resortes,190.0,0,30.0,661.19,285.2766666666667,,rojo,0,0.7641244684087207,2024-12-26,6.3,104.0,0.0,0,,0.0,1,0,
2024-08-01,tni004,ito koyama - direccion,39.0,0,0.0,0.0,0.0,inf,verde,6,0.7788865388517678,2023-05-19,2.9,100.0,0.0,0,,inf,0,0,0
2025-01-01,mwmwd430,wagner - pastillas,3.0,0,5.0,15.68,35.27666666666667,,rojo,0,0.4419342137188595,2024-07-20,10.4,20.0,0.0,0,,0.0,1,0,
2024-07-01,thy017,ito koyama - direccion,0.0,50,0.0,0.0,0.0,4.6704442450023755,rojo,6,0.6484764479652296,2023-05-19,3.19,240.0,159.5,0,,0.0,1,0,1
2024-06-01,tto025,ito koyama - direccion,0.0,100,0.0,0.0,0.0,1.4294158105670156,rojo,6,0.6729640071082293,2023-05-19,3.25,160.0,325.0,0,,0.0,1,0,1
2025-03-01,c-1004,sakura filter,96.0,0,12.0,281.12,63.79666666666666,,rojo,0,0.5949183040468664,2022-12-02,2.61,150.0,0.0,0,0.0,0.0,1,0,
2025-03-01,55350-25050,ito koyama - amortiguadores,30.0,0,14.0,593.67,116.25333333333333,,rojo,0,0.6200351146464792,2024-11-08,10.1,60.0,0.0,0,,0.0,1,0,
2025-03-01,ety013,ito koyama - direccion,138.0,0,7.0,171.48,28.58,,rojo,0,0.7678993429269577,2025-02-28,1.531924,198.0,0.0,0,,0.0,1,0,
2025-03-01,a-3312,sakura filter,108.0,0,10.0,264.18,79.03,,rojo,0,0.7383639259941512,2024-09-17,2.93,100.0,0.0,0,0.0,0.0,1,0,
2025-03-01,wk-950/14,mann - brasil,45.0,0,44.0,6334.53,3696.9300000000003,,rojo,0,0.43318323912659445,2024-11-13,10.34,210.0,0.0,0,,0.0,1,0,
2025-02-01,4060a065,ito koyama - amortiguadores,43.0,0,2.0,90.09,18.881666666666668,,rojo,0,0.5354684137746805,2024-11-29,11.0,48.0,0.0,0,,0.0,1,0,
2024-10-01,dpm12.00r20,deruibo,0.0,200,2.0,0.0,777.9666666666666,0.6076859592595,rojo,4,0.23461191065255244,2024-08-31,163.0,60.0,32600.0,0,,0.0,1,0,1
2025-03-01,hy-822,ito koyama - palieres,22.0,0,16.0,366.68,167.75333333333333,,rojo,0,0.6138307764385148,2024-12-17,7.5,50.0,0.0,0,,0.0,1,0,
2025-03-01,48510-20010,ito koyama - amortiguadores,119.0,0,32.0,1494.23,436.5183333333334,,rojo,0,0.6763581731392818,2024-11-29,7.4,99.0,0.0,0,,0.0,1,0,
2025-04-01,c-5704,sakura filter,15.0,0,8.0,619.5,103.25,,rojo,0,1.1096218837480185,2025-01-22,2.39,60.0,0.0,0,,0.0,1,0,
2025-03-01,cac-19960,sakura filter,34.0,0,6.0,153.97,30.689999999999998,,rojo,0,0.7627746963402097,2024-11-28,2.93,20.0,0.0,0,,0.0,1,0,
2024-12-01,c-27902,mann - brasil,0.0,100,11.0,0.0,271.7316666666667,1.2047590256488225,rojo,4,0.4774156391913742,2024-09-12,20.91,60.0,2091.0,0,,0.0,1,0,1
2025-03-01,sdhd-484,seco - embragues,173.0,0,21.0,1302.65,333.9066666666667,,rojo,0,0.36440695867467304,2024-07-18,17.55,350.0,0.0,0,,0.0,1,0,
2025-03-01,t1096,ito koyama - trapecios,10.0,0,13.0,137.57,64.48333333333333,,rojo,0,0.6760760915100685,2024-03-19,10.145,60.0,0.0,0,,0.0,1,0,
2025-03-01,2901410u8010,ito koyama - amortiguadores,38.0,0,7.0,137.01,34.295,,rojo,0,0.7578162339141726,2024-11-29,9.4,48.0,0.0,0,,0.0,1,0,
2025-03-01,sfc-89010,sakura filter,242.0,0,30.0,1600.5,708.66,,rojo,0,0.8513541843661522,2025-01-22,13.33,120.0,0.0,0,108.0,0.0,1,0,
2025-03-01,t030,ito koyama - resortes,190.0,0,20.0,1560.96,339.14500000000004,,rojo,0,0.7429457838187582,2024-12-26,4.6,104.0,0.0,0,,0.0,1,0,
2025-03-01,ho-017,ito koyama - palieres,53.0,0,15.0,220.24,100.645,,rojo,0,0.5464898902992332,2024-12-17,7.14,50.0,0.0,0,,0.0,1,0,
2025-01-01,a-38012,sakura filter,185.0,0,1.0,8.22,1.37,,rojo,0,0.6262637563132584,2024-02-28,2.53,100.0,0.0,0,,0.0,1,0,
2025-03-01,e6200-eb71a,ito koyama - amortiguadores,70.0,0,18.0,576.44,173.41,,rojo,0,0.9394172081653677,2024-11-29,6.7,50.0,0.0,0,,0.0,1,0,
2025-04-01,dtx-146,aisin - japon,0.0,50,138.0,75002.45999999999,23728.38,,rojo,0,0.41540484895510066,2025-01-31,53.05,200.0,2652.5,0,,0.0,1,0,
2025-03-01,ani003,ito koyama - direccion,396.0,0,4.0,18.09,8.551666666666668,,rojo,0,0.6315583812801014,2025-02-28,2.297905,200.0,0.0,0,,0.0,1,0,
2025-03-01,ef-13090,sakura filter,137.0,0,15.0,238.68,100.51833333333333,,rojo,0,1.2370517974741575,2023-11-28,2.95,100.0,0.0,0,0.0,0.0,1,0,
2025-02-01,t1046,ito koyama - trapecios,47.0,0,7.0,368.94000000000005,76.28833333333334,,rojo,0,0.6063841457252095,2024-03-19,10.43,80.0,0.0,0,,0.0,1,0,
2025-03-01,a-1169,sakura filter,39.0,0,16.0,225.51,97.81,,rojo,0,0.848849468650479,2024-08-29,4.8,100.0,0.0,0,100.0,0.0,1,0,
2025-04-01,54303-54y00,ito koyama - amortiguadores,199.0,0,78.0,1592.61,876.4766666666666,,rojo,0,0.684439517398446,2024-11-29,9.9,228.0,0.0,0,,0.0,1,0,
2025-03-01,sfc-79140-30,sakura filter,95.0,0,23.0,1361.2,433.82,,rojo,0,0.7888535284330205,2024-04-18,6.81,132.0,0.0,0,0.0,0.0,1,0,
2025-04-01,55300-1m300,ito koyama - amortiguadores,191.0,0,67.0,2436.12,960.5216666666666,,rojo,0,0.7658747967577396,2024-11-29,8.0,200.0,0.0,0,,0.0,1,0,
2025-03-01,55310-c7200,ito koyama - amortiguadores,261.0,0,30.0,1890.39,660.68,,rojo,0,0.7067028001982513,2024-11-29,6.4,198.0,0.0,0,,0.0,1,0,
2025-03-01,a-58300,sakura filter,13.0,0,8.0,112.6,26.478333333333335,,rojo,0,0.7969104237775627,2024-08-29,2.26,60.0,0.0,0,,0.0,1,0,
2025-03-01,a-31070,sakura filter,216.0,0,11.0,95.62,49.794999999999995,,rojo,0,0.8603675547636366,2024-08-28,3.2,200.0,0.0,0,200.0,0.0,1,0,
2025-04-01,t014,ito koyama - resortes,776.0,0,149.0,9687.52,3593.4533333333334,,rojo,0,0.7670353161028558,2024-12-26,4.75,800.0,0.0,0,,0.0,1,0,
2025-03-01,a-1088,sakura filter,0.0,0,186.0,16465.02,5725.55,,rojo,0,0.6629277958677389,2024-11-11,7.12,300.0,0.0,0,600.0,0.0,1,0,
2025-03-01,a-22500,sakura filter,137.0,0,16.0,421.68,112.82166666666666,,rojo,0,0.7288960012802502,2024-11-11,2.88,100.0,0.0,0,,0.0,1,0,
2025-03-01,a-6227-s,sakura filter,436.0,0,13.0,863.37,345.06333333333333,,rojo,0,0.9790547338889144,2025-02-28,3.2,96.0,0.0,0,,0.0,1,0,
2025-01-01,re-010,ito koyama - palieres,89.0,0,1.0,13.01,2.1683333333333334,,rojo,0,0.6223852649303071,2019-11-27,9.9,300.0,0.0,0,,0.0,1,0,
2025-02-01,icd1258,ishikawa - pastillas de freno,0.0,50,26.0,185.02,125.38499999999999,,rojo,0,0.9149982182108977,2024-07-26,5.4,100.0,270.0,0,,0.0,1,0,
2025-04-01,cf-400/1,mann - brasil,58.0,0,49.0,2863.52,1064.8266666666666,,rojo,0,0.4546404281480778,2024-02-03,9.29,210.0,0.0,0,,0.0,1,0,
2025-03-01,eo-29050,sakura filter,408.0,0,38.0,1638.54,520.195,,rojo,0,1.061825419930171,2024-12-26,1.25,300.0,0.0,0,150.0,0.0,1,0,
2025-02-01,ex54651s1002,ito koyama - amortiguadores,0.0,50,10.0,20.94,40.931666666666665,,rojo,0,0.6393826499874383,2024-02-29,13.0,54.0,650.0,0,,0.0,1,0,
2025-03-01,scki-339,seco - embragues,855.0,0,5.0,93.9,50.02333333333333,,rojo,0,0.31495613656829347,2023-05-23,9.51,1500.0,0.0,0,,0.0,1,0,
2025-03-01,t1125,ito koyama - trapecios,6.0,0,6.0,174.77,42.266666666666666,,rojo,0,0.6019175202357949,2024-03-19,11.30425,40.0,0.0,0,,0.0,1,0,
2025-01-01,t1120,ito koyama - trapecios,28.0,0,1.0,191.43,31.905,,rojo,0,0.6723599303220321,2024-12-10,8.1,40.0,0.0,0,,0.0,1,0,
2024-12-01,89542-0k060,enertech - encendido,0.0,100,5.0,0.0,30.228333333333335,1.39525629493592,rojo,6,1.290211283275349,2023-08-03,8.76,140.0,876.0,0,,0.0,1,0,1
2025-03-01,a-33410,sakura filter,227.0,0,32.0,3692.34,1196.45,,rojo,0,0.8064336689792133,2022-12-06,3.17,400.0,0.0,0,0.0,0.0,1,0,
2025-02-01,s-franelas,sin definicion,0.0,50,50.0,0.0,0.0,,rojo,0,-1.0,2024-12-19,7.503743669254253,1000.0,375.18718346271265,0,,0.0,1,0,
2025-03-01,a-1409,sakura filter,74.0,0,2.0,26.47,4.411666666666666,,rojo,0,1.0040859361471761,2025-01-31,2.77,80.0,0.0,0,,0.0,1,0,
2025-03-01,tch003,ito koyama - direccion,185.0,0,2.0,143.32,23.886666666666667,,rojo,0,0.698198559434552,2025-02-28,2.506792,200.0,0.0,0,,0.0,1,0,
2025-03-01,ni-047,ito koyama - palieres,67.0,0,5.0,484.41999999999996,80.73666666666666,,rojo,0,0.567639653047853,2024-12-17,8.3,100.0,0.0,0,,0.0,1,0,
2025-03-01,icd1036,ishikawa - pastillas de freno,33.0,0,21.0,132.46,70.335,,rojo,0,0.8759019187364698,2024-01-09,3.1,100.0,0.0,0,,0.0,1,0,
2025-03-01,sfc-5301-10b,sakura filter,218.0,0,20.0,1183.8400000000001,443.73499999999996,,rojo,0,0.6633487984965415,2024-11-11,13.65,24.0,0.0,0,,0.0,1,0,
2025-03-01,tni007,ito koyama - direccion,80.0,0,4.0,297.47999999999996,49.57999999999999,,rojo,0,0.6651863414117442,2025-02-28,1.949777,100.0,0.0,0,,0.0,1,0,
2025-03-01,sk008,ito koyama - resortes,348.0,0,23.0,524.46,172.94166666666663,,rojo,0,0.8178438225461486,2024-12-26,3.95,120.0,0.0,0,,0.0,1,0,
2025-02-01,a-2936,sakura filter,94.0,0,8.0,46.16,31.74666666666667,,rojo,0,0.9377211825591912,2025-01-22,3.32,40.0,0.0,0,,0.0,1,0,
2025-03-01,k16r-u,denso - bujias - japon,34.0,0,14.0,255.02,82.15666666666667,,rojo,0,0.365789318973365,2024-08-26,0.99,384.0,0.0,0,,0.0,1,0,
2025-03-01,ahy005,ito koyama - direccion,172.0,0,4.0,87.89,14.648333333333333,,rojo,0,0.6325456119491792,2025-02-28,2.158614,200.0,0.0,0,,0.0,1,0,
2025-04-01,ca-28380,sakura filter,299.0,0,66.0,850.23,310.6116666666667,,rojo,0,1.1585162857124403,2024-11-30,1.1,200.0,0.0,0,,0.0,1,0,
2024-09-01,tto015,ito koyama - direccion,0.0,150,0.0,0.0,0.0,0.9548246404536924,rojo,6,0.6568993367888141,2023-05-19,3.0,100.0,450.0,0,,0.0,1,0,1
2025-01-01,wk-940/26,mann - brasil,0.0,50,8.0,271.18,248.58666666666667,,rojo,0,0.378679975998194,2024-09-12,23.07,60.0,1153.5,0,,0.0,1,0,
2025-03-01,ch005,ito koyama - resortes,14.0,0,28.0,199.63,102.16000000000001,,rojo,0,0.6336929692311783,2024-11-04,4.0,80.0,0.0,0,,0.0,1,0,
2025-03-01,a-33450,sakura filter,693.0,0,27.0,1893.55,523.3833333333333,,rojo,0,1.1588800221408984,2025-01-21,3.95,600.0,0.0,0,,0.0,1,0,
2025-04-01,c-5102,sakura filter,29.0,0,7.0,162.47,46.413333333333334,,rojo,0,1.0402801001843818,2024-11-30,2.6,75.0,0.0,0,,0.0,1,0,
2025-02-01,c-5001,sakura filter,51.0,0,1.0,7.89,1.315,,rojo,0,0.9620443530604403,2024-08-29,3.77,48.0,0.0,0,,0.0,1,0,
2025-03-01,esu001,ito koyama - direccion,368.0,0,9.0,274.92,45.82,,rojo,0,0.633296307730881,2025-02-28,1.531943,500.0,0.0,0,,0.0,1,0,
2025-03-01,333604,ito koyama - amortiguadores,11.0,0,34.0,784.24,234.23333333333335,,rojo,0,0.7526651763390694,2024-11-29,11.2,48.0,0.0,0,,0.0,1,0,
2025-03-01,a-4212-s,sakura filter,267.0,0,14.0,650.88,369.51,,rojo,0,0.9227101087036864,2025-02-28,7.52,88.0,0.0,0,,0.0,1,0,
2025-03-01,18058,narva,171.0,0,19.0,990.26,309.42333333333335,,rojo,0,0.4148352147632849,2023-04-18,16.436042238301873,504.0,0.0,0,,0.0,1,0,
2025-03-01,sfc-55240,sakura filter,129.0,0,12.0,482.39,185.17166666666665,,rojo,0,0.6050426472177983,2022-11-22,12.09,84.0,0.0,0,0.0,0.0,1,0,
2025-03-01,c-1717,sakura filter,136.0,0,45.0,946.0699999999999,325.5133333333333,,rojo,0,0.9323220844717133,2024-11-04,2.5,204.0,0.0,0,156.0,0.0,1,0,
2025-03-01,a-44200,sakura filter,27.0,0,11.0,288.17,76.36833333333333,,rojo,0,0.9535989547441515,2023-12-05,4.84,80.0,0.0,0,,0.0,1,0,
2025-03-01,tto031,ito koyama - direccion,188.0,0,5.0,127.8,21.3,,rojo,0,0.6851275585063389,2025-02-28,2.646083,200.0,0.0,0,,0.0,1,0,
2025-03-01,t1105,ito koyama - trapecios,50.0,0,14.0,1818.18,303.03000000000003,,rojo,0,0.7447617290325704,2024-12-10,16.7,100.0,0.0,0,,0.0,1,0,
2025-03-01,fs-2904,sakura filter,32.0,0,14.0,216.66,49.22,,rojo,0,0.8684192052704905,2023-10-05,2.38,140.0,0.0,0,,0.0,1,0,
2025-03-01,bdd058,ishikawa - discos de freno,40.0,0,12.0,289.99,93.10333333333334,,rojo,0,0.6896521403262609,2024-01-09,8.3,50.0,0.0,0,,0.0,1,0,
2025-03-01,cf-1552,mann - brasil,20.0,0,5.0,71.18,19.49,,rojo,0,0.5588543041909059,2023-10-12,7.77,60.0,0.0,0,,0.0,1,0,
2025-03-01,fxe20hr11,denso - bujias - japon,234.0,0,12.0,1226.01,438.62999999999994,,rojo,0,0.3482833911260767,2025-03-11,11.09,192.0,0.0,0,,0.0,1,0,
2024-04-01,g15405500,valvoline,5.0,50,0.0,0.0,0.0,0.2069580822985017,verde,2,0.3983758054266067,2024-03-30,564.17,4.0,28208.499999999996,0,,2.1951219512195124,0,0,0
2024-10-01,ptracto500usr,prextoline - usa,0.0,150,1.0,0.0,252.11833333333334,2.212413342727699,rojo,4,0.5847639486447608,2023-12-27,25.99,240.0,3898.4999999999995,0,,0.0,1,0,1
2025-03-01,ef-11110,sakura filter,19.0,0,6.0,225.44,61.30166666666667,,rojo,0,0.7571646864308537,2023-12-04,3.39,50.0,0.0,0,,0.0,1,0,
2025-03-01,ch009,ito koyama - resortes,80.0,0,20.0,1010.7999999999998,247.75833333333333,,rojo,0,0.7938374272061456,2024-11-04,4.9,120.0,0.0,0,,0.0,1,0,
2025-03-01,t040,ito koyama - resortes,202.0,0,23.0,484.98,139.71833333333333,,rojo,0,0.6434261900115064,2024-11-04,5.5,280.0,0.0,0,,0.0,1,0,
2025-03-01,41601-59j10,ito koyama - amortiguadores,18.0,0,16.0,515.98,101.88666666666667,,rojo,0,0.6293880586517226,2024-11-29,10.6,48.0,0.0,0,,0.0,1,0,
2025-04-01,fc-28011,sakura filter,1194.0,0,115.0,4093.98,1144.4766666666667,,rojo,0,0.7261130278238712,2025-01-21,3.05,336.0,0.0,0,504.0,0.0,1,0,
2025-03-01,aty001,ito koyama - direccion,276.0,0,4.0,103.85,17.308333333333334,,rojo,0,0.6706164153143817,2025-02-28,2.297922,300.0,0.0,0,,0.0,1,0,
2025-03-01,726680404l,ito koyama - amortiguadores,92.0,0,58.0,5359.68,1964.3733333333332,,rojo,0,0.6882182202832426,2024-11-29,10.8,72.0,0.0,0,,0.0,1,0,
2025-03-01,726680404r,ito koyama - amortiguadores,92.0,0,61.0,5461.16,2066.5533333333333,,rojo,0,0.6916040220185996,2024-11-29,10.8,72.0,0.0,0,,0.0,1,0,
2025-04-01,a-1126-s,sakura filter,2760.0,0,133.0,9762.68,4071.42,,rojo,0,1.086429105397839,2025-02-28,4.45,76.0,0.0,0,,0.0,1,0,
2025-04-01,ca-1103,sakura filter,366.0,0,17.0,186.83,44.79666666666666,,rojo,0,0.7085016559147221,2024-10-31,1.15,20.0,0.0,0,,0.0,1,0,
2025-03-01,bdd015,ishikawa - discos de freno,4.0,0,4.0,319.34999999999997,62.82999999999999,,rojo,0,0.6002075646795646,2024-01-09,13.81,50.0,0.0,0,,0.0,1,0,
2023-09-01,14606,spaco - italia,0.0,150,0.0,0.0,0.0,2.9499521935736603,rojo,4,0.5173583294381531,2022-05-25,8.535537421703339,200.0,1280.3306132555008,0,,0.0,1,0,1
2025-04-01,f-13140,sakura filter,337.0,0,44.0,651.7,401.05,,rojo,0,0.9209928166334659,2024-09-17,5.0,300.0,0.0,0,300.0,0.0,1,0,
2025-03-01,to-2880,ito koyama - palieres,78.0,0,40.0,4181.75,1010.6550000000001,,rojo,0,0.619055370296009,2024-12-17,10.2,300.0,0.0,0,,0.0,1,0,
2025-01-01,48991,narva,0.0,100,50.0,0.0,1181.98,inf,rojo,4,0.45262453524783364,2024-09-16,2.9137098019480705,2000.0,291.37098019480703,0,,0.0,1,0,1
2025-04-01,n002,ito koyama - resortes,184.0,0,51.0,1633.94,738.56,,rojo,0,0.8114208261167691,2024-12-26,6.6,104.0,0.0,0,,0.0,1,0,
2025-03-01,ca-89060,sakura filter,102.0,0,6.0,68.33,12.636666666666668,,rojo,0,0.6254467011915288,2020-04-17,2.25,220.0,0.0,0,,0.0,1,0,
2025-03-01,eo-30180,sakura filter,15.0,0,15.0,457.52,91.54333333333334,,rojo,0,0.9766481726366334,2024-03-14,1.02,200.0,0.0,0,,0.0,1,0,
2025-04-01,wk-723,mann - brasil,701.0,0,129.0,10860.44,4292.32,,rojo,0,0.3873952178866455,2025-01-18,4.07,1200.0,0.0,0,,0.0,1,0,
2025-03-01,a-38050-s,sakura filter,83.0,0,33.0,888.4300000000001,833.6116666666667,,rojo,0,0.6609958719932252,2025-02-28,23.83,36.0,0.0,0,0.0,0.0,1,0,
2025-04-01,a-6304-s,sakura filter,601.0,0,82.0,6311.19,2452.745,,rojo,0,0.8416351156061882,2025-01-21,16.77,188.0,0.0,0,284.0,0.0,1,0,
2025-02-01,c-1019,sakura filter,124.0,0,9.0,484.12,134.83833333333334,,rojo,0,0.6718982214985663,2024-11-11,3.18,100.0,0.0,0,,0.0,1,0,
2025-04-01,c-1025,sakura filter,804.0,0,45.0,883.88,309.09499999999997,,rojo,0,0.6770930923822911,2024-09-17,2.27,288.0,0.0,0,,0.0,1,0,
2025-03-01,cmt-055,aisin - japon,56.0,0,10.0,249.56,141.39666666666668,,rojo,0,0.5961008841284547,2025-01-31,18.34,64.0,0.0,0,,0.0,1,0,
2025-03-01,a-1623,sakura filter,38.0,0,6.0,54.25,19.436666666666664,,rojo,0,0.6887403417374146,2024-08-29,2.89,60.0,0.0,0,,0.0,1,0,
2025-04-01,a-1429,sakura filter,5.0,0,31.0,917.84,267.39833333333337,,rojo,0,0.9617229401393932,2024-11-30,2.51,200.0,0.0,0,100.0,0.0,1,0,
2025-03-01,ch004,ito koyama - resortes,32.0,0,19.0,200.74,133.46666666666667,,rojo,0,0.8461064800413081,2024-11-04,4.2,80.0,0.0,0,,0.0,1,0,
2025-02-01,icd0002,ishikawa - pastillas de freno,0.0,50,25.0,197.58,92.22666666666667,,rojo,0,0.9119178044298973,2024-03-20,3.81,100.0,190.5,0,,0.0,1,0,
2024-06-01,tb-1374x,sin definicion,0.0,50,0.0,0.0,0.0,,rojo,0,0.4141397491372427,2024-02-09,15.152820947170259,300.0,757.641047358513,0,,0.0,1,0,
2025-03-01,ehy003,ito koyama - direccion,160.0,0,6.0,102.37,17.061666666666667,,rojo,0,0.6103087725934858,2025-02-28,1.531924,198.0,0.0,0,,0.0,1,0,
2025-03-01,icd1275,ishikawa - pastillas de freno,73.0,0,21.0,98.13,57.29666666666666,,rojo,0,0.9507817856856109,2024-07-26,3.86,100.0,0.0,0,,0.0,1,0,
2025-03-01,by-002,ito koyama - palieres,180.0,0,23.0,798.99,237.20166666666668,,rojo,0,0.515765965146596,2024-12-17,8.1,200.0,0.0,0,,0.0,1,0,
2025-03-01,96407822,ito koyama - amortiguadores,23.0,0,21.0,95.13,114.28333333333335,,rojo,0,0.5946360120678427,2024-08-22,10.85,52.0,0.0,0,,0.0,1,0,
2025-03-01,a-2921,sakura filter,50.0,0,3.0,41.64,8.861666666666666,,rojo,0,0.6400772535777881,2024-09-17,3.09,20.0,0.0,0,,0.0,1,0,
2025-03-01,c-1302,sakura filter,848.0,0,69.0,2763.34,1333.7716666666665,,rojo,0,0.6418633919717082,2024-11-04,2.99,744.0,0.0,0,,0.0,1,0,
2025-02-01,bto014,ito koyama - bocamazas,0.0,50,20.0,1151.6599999999999,431.44,,rojo,0,0.7371297122090964,2024-11-13,12.6,100.0,630.0,0,,0.0,1,0,
2025-03-01,a-1108,sakura filter,40.0,0,3.0,12.53,5.2749999999999995,,rojo,0,0.8196039130469106,2023-10-19,3.36,36.0,0.0,0,,0.0,1,0,
2025-03-01,54302-50a00,ito koyama - amortiguadores,19.0,0,12.0,219.89,79.57333333333334,,rojo,0,0.6713117678828743,2023-07-25,9.5,102.0,0.0,0,,0.0,1,0,
2025-03-01,as-8547,sakura filter,225.0,0,20.0,549.8,165.81666666666666,,rojo,0,0.7434441682522568,2024-09-26,4.69,84.0,0.0,0,,0.0,1,0,
2025-03-01,bf6000ml,prestone - mexico,1.0,50,6.0,1370.52,228.42,,rojo,0,0.44456643753460223,2025-02-07,4.75,120.0,237.5,0,,0.0,1,0,
2025-04-01,ca-28330,sakura filter,586.0,0,23.0,398.36,101.99000000000001,,rojo,0,0.960323111281354,2024-11-30,1.3,100.0,0.0,0,0.0,0.0,1,0,
2025-04-01,fc-5704,sakura filter,158.0,0,7.0,136.82,26.544999999999998,,rojo,0,0.9431819071311883,2024-11-04,1.65,200.0,0.0,0,0.0,0.0,1,0,
2025-04-01,ca-18190,sakura filter,192.0,0,9.0,133.54,28.5,,rojo,0,0.7142777212569804,2024-09-17,1.27,200.0,0.0,0,,0.0,1,0,
2025-03-01,bdd136,ishikawa - discos de freno,22.0,0,15.0,439.19,138.89333333333335,,rojo,0,0.8214555387495717,2024-07-24,6.63,50.0,0.0,0,,0.0,1,0,
2025-03-01,561103j200,ito koyama - amortiguadores,130.0,0,24.0,407.44,234.95333333333335,,rojo,0,0.5853092456383038,2024-08-22,7.9,192.0,0.0,0,,0.0,1,0,
2023-09-01,ety011,ito koyama - direccion,0.0,100,0.0,0.0,0.0,0.25209242772253826,rojo,6,0.6641511135733094,2022-08-15,2.02,210.0,202.0,0,,0.0,1,0,1
2025-03-01,t1086,ito koyama - trapecios,320.0,0,24.0,5014.24,1361.2516666666668,,rojo,0,0.5713476856847677,2024-12-10,23.8,308.0,0.0,0,,0.0,1,0,
2023-12-01,sm008,ito koyama - torretas,0.0,100,0.0,0.0,0.0,1.2569652759617722,rojo,6,0.6403186365457847,2022-08-15,4.41,100.0,441.0,0,,0.0,1,0,1
2025-03-01,icd602,ishikawa - pastillas de freno,9.0,0,32.0,599.98,157.58666666666667,,rojo,0,1.1951680461557594,2024-07-26,3.3,100.0,0.0,0,,0.0,1,0,
2025-03-01,ctx-084,aisin - japon,47.0,0,9.0,708.9,328.0366666666667,,rojo,0,0.3762893112872368,2025-01-31,39.81,60.0,0.0,0,,0.0,1,0,
2025-03-01,a-28640,sakura filter,353.0,0,51.0,1006.59,281.20166666666665,,rojo,0,1.032497944294261,2024-11-30,1.4,20.0,0.0,0,500.0,0.0,1,0,
2025-03-01,ch010,ito koyama - resortes,92.0,0,23.0,5033.88,1111.7533333333333,,rojo,0,0.784134455486234,2024-12-26,4.25,200.0,0.0,0,,0.0,1,0,
2025-03-01,eo-2621,sakura filter,63.0,0,8.0,382.86,69.74166666666667,,rojo,0,0.9543307256416785,2025-01-10,5.28,96.0,0.0,0,0.0,0.0,1,0,
2025-03-01,ato-001,ito koyama - palieres,202.0,0,15.0,3907.1000000000004,1075.7166666666667,,rojo,0,0.6775548745270098,2024-06-21,31.3,100.0,0.0,0,,0.0,1,0,
2025-03-01,ni-007,ito koyama - palieres,0.0,50,7.0,2113.77,352.295,,rojo,0,0.5690931367270491,2024-12-17,7.8,50.0,390.0,0,,0.0,1,0,
2025-03-01,eo-65150,sakura filter,0.0,50,10.0,154.31,45.49,,rojo,0,0.9074665500238297,2024-11-11,2.03,50.0,101.49999999999999,0,,0.0,1,0,
2025-04-01,54302-54y00,ito koyama - amortiguadores,237.0,0,80.0,1712.05,911.1616666666667,,rojo,0,0.6851290921747953,2024-11-29,9.9,180.0,0.0,0,,0.0,1,0,
2025-03-01,t1091,ito koyama - trapecios,18.0,0,11.0,349.14,71.36999999999999,,rojo,0,0.7493167269440195,2024-12-10,9.86,40.0,0.0,0,,0.0,1,0,
2025-03-01,a-1180,sakura filter,0.0,50,22.0,632.28,152.06666666666666,,rojo,0,1.606534922131353,2023-10-05,1.22,180.0,61.0,0,0.0,0.0,1,0,
2025-03-01,icd536,ishikawa - pastillas de freno,75.0,0,10.0,57.36,20.925,,rojo,0,0.8089482926224877,2024-07-26,3.4,100.0,0.0,0,,0.0,1,0,
2023-11-01,c-23440/1,mann - brasil,0.0,50,0.0,0.0,0.0,2.2438186696393765,rojo,4,0.35747185954304483,2021-08-09,22.7,60.0,1135.0,0,,0.0,1,0,1
2024-12-01,89543-0k060,enertech - encendido,0.0,100,5.0,0.0,30.228333333333335,1.7109811167870428,rojo,6,1.3257443461091047,2023-08-03,8.76,140.0,876.0,0,,0.0,1,0,1
2025-03-01,333741,ito koyama - amortiguadores,1.0,50,44.0,1253.61,692.0733333333333,,rojo,0,0.7680980918735157,2024-11-29,9.7,90.0,484.99999999999994,0,,0.0,1,0,
2025-03-01,a-2102,sakura filter,84.0,0,5.0,91.95,16.958333333333332,,rojo,0,0.8554165882912527,2024-09-26,2.09,100.0,0.0,0,0.0,0.0,1,0,
2025-01-01,fc-5101,sakura filter,72.0,0,5.0,22.6,20.745,,rojo,0,0.8538769648543665,2024-09-17,1.72,100.0,0.0,0,,0.0,1,0,
2025-03-01,a-88170-s,sakura filter,74.0,0,11.0,255.94,113.43333333333334,,rojo,0,0.8347577884989998,2025-02-28,8.62,63.0,0.0,0,,0.0,1,0,
2025-03-01,rto019,ito koyama - direccion,374.0,0,3.0,305.73,50.955000000000005,,rojo,0,0.6618584612596391,2025-02-28,2.506817,400.0,0.0,0,,0.0,1,0,
2025-03-01,sk-120,ito koyama - palieres,229.0,0,30.0,1008.59,278.9583333333333,,rojo,0,0.6425151144308013,2024-12-17,7.9,300.0,0.0,0,,0.0,1,0,
2025-03-01,sfc-2201,sakura filter,88.0,0,4.0,117.46000000000001,33.225,,rojo,0,0.5366123409706597,2024-10-16,4.59,108.0,0.0,0,,0.0,1,0,
2025-03-01,mi-013,ito koyama - palieres,315.0,0,18.0,752.34,219.62,,rojo,0,0.5706269301905231,2024-12-17,8.5,300.0,0.0,0,,0.0,1,0,
2022-06-01,110517,sealco - usa,0.0,50,0.0,0.0,0.0,1.8023304529770319,rojo,3,0.4175655646822791,2021-09-27,14.49,200.0,724.5,0,,0.0,1,0,1
2025-03-01,332012,ito koyama - amortiguadores,46.0,0,13.0,211.7,77.92666666666666,,rojo,0,0.6229872384943401,2024-08-22,10.1,56.0,0.0,0,,0.0,1,0,
2025-03-01,cs-009,aisin - japon,21.0,0,2.0,111.02,53.531666666666666,,rojo,0,0.40148362316286795,2025-01-31,19.08,20.0,0.0,0,,0.0,1,0,
2025-03-01,aty011,ito koyama - direccion,180.0,0,4.0,86.99000000000001,14.498333333333335,,rojo,0,0.6541233815487463,2025-02-28,2.297905,200.0,0.0,0,,0.0,1,0,
2025-03-01,55311-2s000,ito koyama - amortiguadores,43.0,0,30.0,3720.48,1065.19,,rojo,0,0.9211049930709968,2024-11-29,5.9,150.0,0.0,0,,0.0,1,0,
2025-03-01,g15400500,valvoline,53.0,0,24.0,3445.76,3115.6716666666666,,rojo,0,0.2958914791560318,2024-11-12,53.73,150.0,0.0,0,,0.0,1,0,
2025-03-01,hy031,ito koyama - resortes,88.0,0,26.0,641.93,200.27333333333334,,rojo,0,0.7032695462094806,2024-12-26,6.1,56.0,0.0,0,,0.0,1,0,
2025-02-01,icd1855,ishikawa - pastillas de freno,0.0,50,24.0,147.38,122.11833333333334,,rojo,0,0.8616722347800038,2024-07-26,5.4,100.0,270.0,0,,0.0,1,0,
2025-03-01,k007,ito koyama - resortes,26.0,0,15.0,344.68,89.61500000000001,,rojo,0,0.71460214648296,2024-11-04,6.8,64.0,0.0,0,,0.0,1,0,
2025-03-01,48511-35360,ito koyama - amortiguadores,102.0,0,11.0,894.0,202.11,,rojo,0,0.678630896513923,2024-11-29,5.9,50.0,0.0,0,,0.0,1,0,
2025-03-01,a-6211-s,sakura filter,91.0,0,11.0,844.28,220.49,,rojo,0,0.8007574764274963,2024-10-16,17.02,72.0,0.0,0,,0.0,1,0,
2025-02-01,sfc-10310-10,sakura filter,188.0,0,5.0,140.59,93.28000000000002,,rojo,0,0.8383132694202675,2023-12-05,7.6,180.0,0.0,0,,0.0,1,0,
2025-03-01,cmt-150,aisin - japon,6.0,0,22.0,2916.9700000000003,537.7033333333334,,rojo,0,0.4611336062259296,2025-01-31,18.08,80.0,0.0,0,,0.0,1,0,
2025-04-01,eo-18230,sakura filter,958.0,0,71.0,2464.37,1525.6766666666665,,rojo,0,0.8769656833391889,2025-01-31,6.49,75.0,0.0,0,,0.0,1,0,
2025-04-01,a-28600,sakura filter,61.0,0,15.0,230.28,89.175,,rojo,0,0.9834983015140072,2024-11-28,3.08,60.0,0.0,0,0.0,0.0,1,0,
2024-10-01,fc-1006,sakura filter,126.0,50,2.0,0.0,5.075,0.47193417777077434,verde,6,0.8312073799300144,2024-11-11,1.7,100.0,85.0,0,,11.939262378900313,0,0,0
2025-02-01,a-1026,sakura filter,118.0,0,1.0,64.59,10.765,,rojo,0,0.7686960657349218,2025-01-10,11.5,108.0,0.0,0,,0.0,1,0,
2025-02-01,dt235/65r16c,deestone,45.0,0,8.0,720.3499999999999,553.4783333333334,,rojo,0,0.24103108872884407,2022-06-23,45.58,658.0,0.0,0,,0.0,1,0,
2025-02-01,dt255/55r18,deestone,57.0,0,10.0,1183.07,548.5816666666667,,rojo,0,0.40184777855384723,2023-08-25,48.68,131.0,0.0,0,,0.0,1,0,
2025-04-01,eo-28170,sakura filter,567.0,0,20.0,114.59,64.41000000000001,,rojo,0,1.0497891169229845,2024-11-30,1.3,100.0,0.0,0,,0.0,1,0,
2025-02-01,bhy001,ito koyama - bocamazas,93.0,0,4.0,71.6,11.933333333333332,,rojo,0,0.5054162557150443,2024-11-13,4.64,100.0,0.0,0,,0.0,1,0,
2025-03-01,a-2844,sakura filter,44.0,0,5.0,38.51,12.918333333333331,,rojo,0,1.006546540070612,2024-11-11,2.0,60.0,0.0,0,,0.0,1,0,
2025-03-01,18013,narva,6.0,0,10.0,984.75,361.60999999999996,,rojo,0,0.23812125525485506,2021-01-13,33.64771321773529,198.0,0.0,0,,0.0,1,0,
2025-03-01,to-731b,ito koyama - palieres,0.0,50,24.0,1977.8600000000001,516.8816666666667,,rojo,0,0.5784608820591797,2024-12-17,11.2,102.0,560.0,0,,0.0,1,0,
2025-03-01,sk26fa-e,plumillas - sakura,195.0,0,24.0,339.89,93.77833333333332,,rojo,0,0.8929392748436116,2024-02-28,1.48,200.0,0.0,0,,0.0,1,0,
2025-02-01,a-1163,sakura filter,146.0,0,3.0,46.19,21.855,,rojo,0,1.0561287025971082,2023-11-28,4.04,90.0,0.0,0,,0.0,1,0,
2025-03-01,tni015,ito koyama - direccion,176.0,0,2.0,118.8,19.8,,rojo,0,0.6246324268315704,2025-02-28,1.949724,196.0,0.0,0,,0.0,1,0,
2025-02-01,sfc-55170,sakura filter,96.0,0,20.0,732.9,581.03,,rojo,0,0.912664583830876,2024-11-28,10.88,120.0,0.0,0,,0.0,1,0,
2025-03-01,bdd011,ishikawa - discos de freno,0.0,50,11.0,835.11,249.21166666666667,,rojo,0,0.6267802044284856,2023-03-31,17.47,50.0,873.5,0,,0.0,1,0,
2025-02-01,sfc-5706,sakura filter,0.0,50,22.0,221.51999999999998,263.42,,rojo,0,1.2188443752946898,2024-09-17,3.44,24.0,172.0,0,,0.0,1,0,
2025-03-01,377412503,ito koyama - amortiguadores,151.0,0,32.0,1951.88,601.965,,rojo,0,0.6814940101020084,2024-11-29,7.2,200.0,0.0,0,,0.0,1,0,
2025-03-01,56210-s9026,ito koyama - amortiguadores,102.0,0,5.0,44.43,36.55833333333333,,rojo,0,0.6794065813525131,2024-11-29,5.8,50.0,0.0,0,,0.0,1,0,
2025-03-01,t1112,ito koyama - trapecios,42.0,0,14.0,132.41,66.58833333333334,,rojo,0,0.5773887602934046,2024-12-10,9.28,40.0,0.0,0,,0.0,1,0,
2025-03-01,bfu-700x,mann - brasil,0.0,50,14.0,661.0,254.87,,rojo,0,0.49238718571049395,2023-10-12,2.65,432.0,132.5,0,,0.0,1,0,
2025-03-01,wk-820/18,mann - brasil,184.0,0,15.0,914.1500000000001,1327.2916666666667,,rojo,0,0.44109625738495023,2025-02-24,40.25,80.0,0.0,0,,0.0,1,0,
2025-04-01,ef-13070,sakura filter,2030.0,0,194.0,12659.8,4827.179999999999,,rojo,0,0.956265612721098,2024-12-13,2.3,350.0,0.0,0,1200.0,0.0,1,0,
2025-03-01,rni011,ito koyama - direccion,162.0,0,4.0,151.9,25.316666666666666,,rojo,0,0.6628475322557417,2025-02-28,2.506792,200.0,0.0,0,,0.0,1,0,
2025-01-01,srb-05,seco - embragues,20.0,0,1.0,302.29,50.38166666666667,,rojo,0,0.4263121667865464,2024-07-18,7.65,50.0,0.0,0,,0.0,1,0,
2025-03-01,a-1730,sakura filter,17.0,0,5.0,21.36,13.366666666666665,,rojo,0,0.8199101633656197,2022-09-14,2.46,60.0,0.0,0,,0.0,1,0,
2025-03-01,bdd123,ishikawa - discos de freno,20.0,0,5.0,77.11,39.52,,rojo,0,0.7185947373827292,2024-07-24,10.74,50.0,0.0,0,,0.0,1,0,
2025-03-01,a-29380,sakura filter,78.0,0,6.0,20.369999999999997,11.496666666666668,,rojo,0,0.5692095240139875,2019-12-31,2.52,200.0,0.0,0,,0.0,1,0,
2025-03-01,ni-021,ito koyama - palieres,89.0,0,6.0,139.72,40.60166666666667,,rojo,0,0.5246820251071368,2024-06-21,7.32,100.0,0.0,0,,0.0,1,0,
2025-03-01,sk22,plumillas - sakura,142.0,0,14.0,269.94,100.32333333333334,,rojo,0,0.8276032395394644,2021-08-27,1.14,200.0,0.0,0,,0.0,1,0,
2025-02-01,17109,narva,0.0,50,16.0,146.1,69.22666666666667,,rojo,0,0.47481225309953645,2024-05-29,0.14367878484725952,4000.0,7.1839392423629755,0,,0.0,1,0,
2025-03-01,ni-052,ito koyama - palieres,116.0,0,13.0,268.25,130.505,,rojo,0,0.5866670167901562,2024-10-24,7.4,50.0,0.0,0,,0.0,1,0,
2025-02-01,na-6201-2nsec3,nachi - koyo - ntn - nsk - japon,0.0,50,1.0,1.02,0.17,,rojo,0,0.5010482382279627,2017-09-22,0.98,700.0,49.0,0,,0.0,1,0,
2025-02-01,a-17850,sakura filter,241.0,0,12.0,97.66999999999999,63.211666666666666,,rojo,0,0.8034678802230912,2024-08-29,3.56,100.0,0.0,0,,0.0,1,0,
2025-03-01,rovatfd100,rover - usa,541.0,0,4.0,809.75,134.95833333333334,,rojo,0,0.5003142169943704,2023-12-27,7.9975,432.0,0.0,0,,0.0,1,0,
2025-03-01,cg001,ito koyama - resortes,56.0,0,4.0,39.61,21.16,,rojo,0,0.7333289300433905,2024-11-04,4.1,64.0,0.0,0,,0.0,1,0,
2025-02-01,cf-933,mann - brasil,11.0,0,2.0,52.12,21.011666666666667,,rojo,0,0.4276720170955665,2023-10-12,12.44,30.0,0.0,0,,0.0,1,0,
2025-03-01,a-38570,sakura filter,27.0,0,6.0,215.51999999999998,62.873333333333335,,rojo,0,0.8748826754850838,2023-08-04,6.72,108.0,0.0,0,,0.0,1,0,
2025-02-01,bdd096,ishikawa - discos de freno,36.0,0,8.0,199.82999999999998,91.48666666666666,,rojo,0,0.6880106180181912,2023-03-31,13.7,100.0,0.0,0,,0.0,1,0,
2025-02-01,a-1856,sakura filter,27.0,0,3.0,42.16,7.026666666666666,,rojo,0,0.8247258213225337,2023-10-19,7.22,16.0,0.0,0,,0.0,1,0,
2025-03-01,dt215/75r16c,deestone,25.0,0,3.0,487.28999999999996,177.26,,rojo,0,0.36572498919547475,2024-10-28,43.2,40.0,0.0,0,,0.0,1,0,
2025-02-01,pk16tt,denso - bujias - japon,116.0,0,3.0,24.33,12.415,,rojo,0,0.3586000976987552,2024-08-26,2.18,96.0,0.0,0,,0.0,1,0,
2024-04-01,wpt-107va,aisin - japon,0.0,50,0.0,0.0,0.0,1.908882097733673,rojo,6,0.3833900377216466,2022-03-28,17.72,80.0,886.0,0,,0.0,1,0,1
2025-03-01,a-14620,sakura filter,67.0,0,1.0,12.68,2.1133333333333333,,rojo,0,0.7893167568301825,2021-04-24,1.45,200.0,0.0,0,,0.0,1,0,
2025-02-01,mi-025,ito koyama - palieres,3.0,0,4.0,12.42,20.996666666666666,,rojo,0,0.5150294629399942,2023-12-07,6.9,50.0,0.0,0,,0.0,1,0,
2025-03-01,dt-064,aisin - japon,209.0,0,12.0,4236.46,970.8933333333334,,rojo,0,0.43354690566760434,2024-01-11,27.83,200.0,0.0,0,,0.0,1,0,
2025-03-01,83965005,monark - alemania,0.0,50,7.0,267.52,60.095,,rojo,0,0.48777847967993365,,,,,0,,0.0,1,0,
2025-03-01,83865750,monark - alemania,0.0,50,6.0,193.06,67.44,,rojo,0,0.3427368525061517,,,,,0,,0.0,1,0,
2025-02-01,fc-5723,sakura filter,0.0,0,41.0,3679.36,1464.2333333333333,,rojo,0,0.6857837428441356,2024-10-22,1.55,400.0,0.0,0,150.0,0.0,1,0,
2025-04-01,hy026,ito koyama - resortes,681.0,0,51.0,1066.87,325.005,,rojo,0,0.7802881129035452,2024-12-26,4.75,600.0,0.0,0,,0.0,1,0,
2024-03-01,bto017,ito koyama - bocamazas,0.0,50,0.0,0.0,0.0,4.213123270389988,rojo,6,0.6124130217324275,2023-04-13,9.5718,300.0,478.59,0,,0.0,1,0,1
2025-03-01,ni-032,ito koyama - palieres,125.0,0,31.0,1073.81,283.9433333333333,,rojo,0,0.5898888732454138,2024-12-17,7.2,200.0,0.0,0,,0.0,1,0,
2025-03-01,ca-89080-s,sakura filter,35.0,0,11.0,91.22,27.851666666666663,,rojo,0,0.8656747242333592,2024-10-22,1.44,100.0,0.0,0,,0.0,1,0,
2025-04-01,48520-12610-l,ito koyama - amortiguadores,114.0,0,39.0,4323.56,1479.3866666666665,,rojo,0,0.6185367318613926,2024-11-29,12.3,180.0,0.0,0,,0.0,1,0,
2025-02-01,sfc-51170,sakura filter,0.0,50,2.0,59.11,13.594999999999999,,rojo,0,0.8631755113771116,2022-08-15,1.54,200.0,77.0,0,,0.0,1,0,
2025-03-01,a-38520-s,sakura filter,99.0,0,18.0,1361.6000000000001,467.74333333333334,,rojo,0,0.6463877326051565,2025-02-28,23.88,31.0,0.0,0,,0.0,1,0,
2025-02-01,fc-1107,sakura filter,0.0,50,26.0,1597.26,617.625,,rojo,0,0.9792143408011055,2024-11-11,1.78,100.0,89.0,0,,0.0,1,0,
2025-03-01,icd1731,ishikawa - pastillas de freno,30.0,0,26.0,213.27,88.055,,rojo,0,1.0026658327623283,2024-07-26,3.2,100.0,0.0,0,,0.0,1,0,
2025-04-01,dtx-099,aisin - japon,149.0,0,37.0,7271.01,1771.3233333333335,,rojo,0,0.44285357404731673,2024-12-17,30.82,200.0,0.0,0,,0.0,1,0,
2025-03-01,a-17860,sakura filter,881.0,0,94.0,3819.23,1283.73,,rojo,0,0.8227372970271343,2024-10-31,4.4,600.0,0.0,0,,0.0,1,0,
2025-04-01,ca-14050,sakura filter,479.0,0,20.0,59.84,51.51499999999999,,rojo,0,1.3388990711448747,2024-12-13,1.13,240.0,0.0,0,160.0,0.0,1,0,
2025-03-01,tc-56010,sakura filter,102.0,0,4.0,376.04,91.38,,rojo,0,0.9921432673673659,2023-11-24,20.15,102.0,0.0,0,,0.0,1,0,
2024-10-01,3451-1013skr,sakura - radiadores,5.0,50,1.0,0.0,19.830000000000002,0.49078378400634826,verde,6,0.9581188211167906,2020-09-03,20.7,6.0,1035.0,0,,2.2196531791907517,0,0,0
2025-04-01,c-7971,sakura filter,1825.0,0,286.0,17456.24,4572.203333333334,,rojo,0,1.0796309375758881,2025-01-31,1.1,1000.0,0.0,0,1000.0,0.0,1,0,
2025-03-01,tto019,ito koyama - direccion,39.0,0,2.0,31.6,19.09,,rojo,0,0.6188291996193033,2023-05-19,4.47,40.0,0.0,0,,0.0,1,0,
2025-03-01,48511-29526,ito koyama - amortiguadores,616.0,0,36.0,4641.3,1959.2,,rojo,0,0.7327549621583661,2024-11-29,6.4,400.0,0.0,0,,0.0,1,0,
2025-03-01,dtmlt275/70r18,deestone,43.0,0,5.0,4800.0,835.1566666666668,,rojo,0,0.07961673380659474,2021-04-12,75.83,289.0,0.0,0,,0.0,1,0,
2025-01-01,hu-923x,mann - brasil,744.0,0,4.0,39.02,23.099999999999998,,rojo,0,0.4325619384555028,2024-02-05,5.390021800994873,50.0,0.0,0,,0.0,1,0,
2025-03-01,dttmlt265/65r17,deestone,102.0,0,57.0,98963.22,41297.58,,rojo,0,0.341439254770968,2025-02-25,74.5,109.0,0.0,0,,0.0,1,0,
2025-02-01,a-29390,sakura filter,0.0,50,16.0,313.39,80.845,,rojo,0,0.9534313604424195,2024-03-18,1.6,60.0,80.0,0,0.0,0.0,1,0,
2025-03-01,wk-940/24,mann - brasil,75.0,0,46.0,2040.89,897.6516666666666,,rojo,0,0.38820259922164635,2024-02-03,9.1,204.0,0.0,0,,0.0,1,0,
2024-07-01,scsz-093,seco - embragues,0.0,50,0.0,0.0,0.0,0.435293802771367,rojo,4,0.3864794574706866,2022-02-05,11.49,90.0,574.5,0,,0.0,1,0,1
2025-03-01,tmi001,ito koyama - direccion,35.0,0,8.0,272.57,45.428333333333335,,rojo,0,0.6836607074695008,2025-02-28,2.506799,92.0,0.0,0,,0.0,1,0,
2025-03-01,icd1235,ishikawa - pastillas de freno,1.0,0,11.0,85.66,19.741666666666667,,rojo,0,0.9333550745544348,2024-03-20,5.02,100.0,0.0,0,,0.0,1,0,
2025-03-01,543028h600,ito koyama - amortiguadores,32.0,0,11.0,217.37,49.18833333333333,,rojo,0,0.5976240864425052,2024-11-29,10.6,48.0,0.0,0,,0.0,1,0,
2025-03-01,ss01,ito koyama - resortes,22.0,0,18.0,302.90999999999997,128.23333333333332,,rojo,0,0.6236968114870451,2024-11-04,7.3,80.0,0.0,0,,0.0,1,0,
2025-03-01,95032447,ito koyama - amortiguadores,3.0,0,16.0,625.38,320.08,,rojo,0,0.6827857872061933,2024-08-22,10.3,60.0,0.0,0,,0.0,1,0,
2025-01-01,48039,narva,285.0,0,4.0,68.9,28.58666666666667,,rojo,0,0.42945801775335596,2024-02-28,1.6769331560254097,400.0,0.0,0,,0.0,1,0,
2025-03-01,cf-1650,mann - brasil,68.0,0,7.0,240.51,144.11499999999998,,rojo,0,0.6016893248612385,2023-06-07,19.34207056045532,160.0,0.0,0,,0.0,1,0,
2024-09-01,60677020,monark - alemania,0.0,250,0.0,0.0,0.0,0.4774489712389201,rojo,4,0.4471320235368687,,,,,0,,0.0,1,0,1
2025-03-01,bch003,ito koyama - bocamazas,67.0,0,7.0,60.900000000000006,35.63,,rojo,0,0.541807416866177,2024-11-13,3.98,100.0,0.0,0,,0.0,1,0,
2025-03-01,bdd036,ishikawa - discos de freno,0.0,50,17.0,360.11,147.96666666666667,,rojo,0,0.9693286688532523,2024-10-30,6.49,50.0,324.5,0,,0.0,1,0,
2025-03-01,95917154,ito koyama - amortiguadores,134.0,0,42.0,1365.26,390.4783333333333,,rojo,0,0.6581765824977015,2024-11-29,11.0,90.0,0.0,0,,0.0,1,0,
2025-04-01,fc-1020,sakura filter,374.0,0,22.0,472.19,174.92333333333332,,rojo,0,0.7712923905894776,2024-11-11,1.55,108.0,0.0,0,,0.0,1,0,
2025-03-01,as-7988-s,sakura filter,208.0,0,16.0,714.3100000000001,264.00166666666667,,rojo,0,1.02939453861861,2025-01-21,12.26,100.0,0.0,0,,0.0,1,0,
2025-03-01,icd507,ishikawa - pastillas de freno,6.0,0,21.0,332.8,102.62166666666667,,rojo,0,1.0738779953456576,2024-07-26,4.3,100.0,0.0,0,,0.0,1,0,
2025-03-01,a-6709-s,sakura filter,605.0,0,53.0,8816.58,3534.976666666667,,rojo,0,0.9652061968140444,2025-02-28,11.04,365.0,0.0,0,28.0,0.0,1,0,
2025-04-01,5u0413031,ito koyama - amortiguadores,142.0,0,44.0,3044.2799999999997,848.835,,rojo,0,0.7056972161459535,2024-11-29,10.3,180.0,0.0,0,,0.0,1,0,
2024-01-01,rhy004,ito koyama - direccion,0.0,100,0.0,0.0,0.0,0.641972806744049,rojo,6,0.6083654134178728,2022-08-15,2.99,210.0,299.0,0,,0.0,1,0,1
2025-03-01,icd1643,ishikawa - pastillas de freno,26.0,0,22.0,212.85,70.215,,rojo,0,1.052066214076788,2024-07-26,3.5,100.0,0.0,0,,0.0,1,0,
2025-03-01,mz-012,ito koyama - palieres,31.0,0,11.0,197.79,96.75833333333333,,rojo,0,0.5758283468934738,2024-12-17,6.1,50.0,0.0,0,,0.0,1,0,
2025-03-01,sk-610a,ito koyama - palieres,55.0,0,15.0,267.27,85.39833333333333,,rojo,0,0.7130956627884145,2024-10-24,5.9,100.0,0.0,0,,0.0,1,0,
2025-03-01,ahy007,ito koyama - direccion,190.0,0,3.0,42.47,7.078333333333333,,rojo,0,0.6567685365796587,2025-02-28,2.297905,200.0,0.0,0,,0.0,1,0,
2025-03-01,hy-009,ito koyama - palieres,48.0,0,46.0,5439.88,2002.72,,rojo,0,0.5809686234876013,2024-12-17,6.5,100.0,0.0,0,,0.0,1,0,
2025-03-01,eo-28060,sakura filter,53.0,0,11.0,76.1,40.458333333333336,,rojo,0,1.0312939814136464,2023-11-27,1.17,100.0,0.0,0,0.0,0.0,1,0,
2025-03-01,t010,ito koyama - resortes,206.0,0,76.0,3355.4900000000002,831.245,,rojo,0,0.8336131485773568,2024-12-26,3.7,400.0,0.0,0,,0.0,1,0,
2025-03-01,dtx-099l,aisin - japon,0.0,50,65.0,29233.2,9838.359999999999,,rojo,0,0.4525733926086914,2024-10-07,27.49,200.0,1374.5,0,,0.0,1,0,
2025-04-01,cf-300/1,mann - brasil,12.0,0,22.0,967.67,399.17833333333334,,rojo,0,0.5635364799616487,2025-01-18,7.65,84.0,0.0,0,,0.0,1,0,
2025-04-01,re001,ito koyama - resortes,426.0,0,29.0,999.83,209.92166666666665,,rojo,0,0.7598093385168718,2024-12-26,5.3,304.0,0.0,0,,0.0,1,0,
2025-03-01,ho-5046,ito koyama - palieres,49.0,0,12.0,343.15999999999997,91.26333333333334,,rojo,0,0.5391425623169503,2024-12-17,6.5,50.0,0.0,0,,0.0,1,0,
2025-02-01,fc-5504,sakura filter,223.0,0,6.0,97.58,31.761666666666667,,rojo,0,0.7644839322848297,2024-09-26,2.99,204.0,0.0,0,,0.0,1,0,
2024-01-01,zd1623,wagner - pastillas,0.0,50,0.0,0.0,0.0,0.7527123416363801,rojo,3,0.3964726764880367,2019-11-18,18.57,60.0,928.5,0,,0.0,1,0,1
2025-03-01,sfc-7908,sakura filter,32.0,0,3.0,59.290000000000006,9.881666666666668,,rojo,0,0.5346380868601873,2024-12-13,2.67,50.0,0.0,0,,0.0,1,0,
2025-03-01,sfc-79110,sakura filter,185.0,0,7.0,145.93,459.35166666666663,,rojo,0,0.676512641828208,2024-06-13,8.45,36.0,0.0,0,,0.0,1,0,
2024-10-01,c-29010kit,mann - brasil,0.0,50,2.0,0.0,46.35666666666666,0.9397365340624533,rojo,4,0.3588275868301881,2024-02-05,46.21404692173004,30.0,2310.702346086502,0,,0.0,1,0,1
2025-03-01,a-31140,sakura filter,12.0,0,26.0,2199.18,836.9549999999999,,rojo,0,0.6205290455491508,2024-08-29,5.69,200.0,0.0,0,200.0,0.0,1,0,
2025-03-01,j002,ito koyama - resortes,122.0,0,23.0,628.65,217.485,,rojo,0,0.7826548763888733,2024-01-22,6.51,176.0,0.0,0,,0.0,1,0,
2025-03-01,dt-625,aisin - japon,13.0,0,17.0,6513.75,1408.07,,rojo,0,0.38482054304187613,2023-02-09,51.93,50.0,0.0,0,,0.0,1,0,
2025-03-01,ani002,ito koyama - direccion,478.0,0,9.0,85.93,20.96166666666667,,rojo,0,0.600136910274916,2025-02-28,2.297905,200.0,0.0,0,,0.0,1,0,
2025-04-01,sfc-5705,sakura filter,117.0,0,17.0,318.23,129.79999999999998,,rojo,0,0.6173068214880348,2024-09-17,3.9,96.0,0.0,0,108.0,0.0,1,0,
2025-03-01,56211-wf126,ito koyama - amortiguadores,194.0,0,13.0,375.9,106.75,,rojo,0,0.7088600144342649,2024-11-29,6.7,140.0,0.0,0,,0.0,1,0,
2025-04-01,a-7122-s,sakura filter,1137.0,0,153.0,21258.61,7789.98,,rojo,0,0.5406042626235067,2025-01-31,32.57,396.0,0.0,0,,0.0,1,0,
2025-03-01,95917155,ito koyama - amortiguadores,132.0,0,44.0,1385.74,404.5416666666667,,rojo,0,0.6573721185274424,2024-11-29,11.0,90.0,0.0,0,,0.0,1,0,
2025-04-01,sfc-1306-30,sakura filter,578.0,0,57.0,1609.3,731.36,,rojo,0,0.7005219458751912,2024-11-30,5.33,460.0,0.0,0,450.0,0.0,1,0,
2025-03-01,a-65440,sakura filter,29.0,0,5.0,52.7,12.165,,rojo,0,0.8984505256784522,2023-12-04,3.26,40.0,0.0,0,,0.0,1,0,
2025-04-01,fs-31130,sakura filter,65.0,0,6.0,150.8,63.685,,rojo,0,0.6366598412432491,2024-10-22,13.04,40.0,0.0,0,0.0,0.0,1,0,
2025-02-01,icd1202,ishikawa - pastillas de freno,0.0,50,26.0,235.49,162.56666666666666,,rojo,0,1.0633820632931703,2024-07-26,5.87,100.0,293.5,0,,0.0,1,0,
2025-03-01,srto003,ito koyama - cremalleras,4.0,0,14.0,338.63,323.96,,rojo,0,0.6215082174332213,2024-09-13,32.0,34.0,0.0,0,,0.0,1,0,
2025-02-01,a-7633-s,sakura filter,111.0,0,3.0,104.24,35.684999999999995,,rojo,0,0.8933849434160767,2025-01-31,15.82,44.0,0.0,0,,0.0,1,0,
2025-03-01,opt-115,aisin - japon,111.0,0,6.0,592.96,176.81333333333336,,rojo,0,0.45965109483462896,2025-01-31,38.5,100.0,0.0,0,,0.0,1,0,
2025-03-01,n013,ito koyama - resortes,510.0,0,51.0,1310.08,371.43833333333333,,rojo,0,0.6908050170183945,2024-12-26,4.7,240.0,0.0,0,,0.0,1,0,
2025-03-01,ca-14110,sakura filter,35.0,0,8.0,82.95,21.626666666666665,,rojo,0,0.8753648598587865,2024-11-11,1.38,60.0,0.0,0,,0.0,1,0,
2025-03-01,icd0010,ishikawa - pastillas de freno,0.0,50,37.0,550.37,216.23833333333334,,rojo,0,1.0892783247052862,2024-07-26,3.52,100.0,176.0,0,,0.0,1,0,
2025-01-01,t1190,ito koyama - trapecios,46.0,0,4.0,84.56,25.785,,rojo,0,0.5306086394339877,2024-12-10,23.19,40.0,0.0,0,,0.0,1,0,
2025-03-01,mi007,ito koyama - resortes,31.0,0,16.0,203.69,244.585,,rojo,0,0.7332837433719113,2024-01-22,9.6,148.0,0.0,0,,0.0,1,0,
2025-02-01,to-843,ito koyama - palieres,0.0,50,38.0,5477.78,1386.9533333333331,,rojo,0,0.5733213070406589,2024-12-17,8.1,200.0,405.0,0,,0.0,1,0,
2025-04-01,as-1014-s,sakura filter,42.0,0,30.0,529.77,219.475,,rojo,0,0.7055964020263601,2025-02-28,5.65,63.0,0.0,0,54.0,0.0,1,0,
2024-10-01,mwmwd1086,wagner - pastillas,0.0,50,1.0,0.0,6.215,inf,rojo,3,1.1931582324704868,2024-07-20,7.9,10.0,395.0,0,,0.0,1,0,1
2022-05-01,sk18,sin definicion,0.0,50,0.0,0.0,0.0,,rojo,0,0.6432196694744636,2021-08-27,1.12,400.0,56.00000000000001,0,,0.0,1,0,
2025-03-01,mr-151235,ito koyama - amortiguadores,156.0,0,8.0,166.02,66.42666666666666,,rojo,0,0.8258888545622507,2024-11-29,5.9,50.0,0.0,0,,0.0,1,0,
2025-03-01,ho-019,ito koyama - palieres,0.0,50,12.0,1450.4,241.73333333333335,,rojo,0,0.594109065537182,2024-12-17,8.1,100.0,405.0,0,,0.0,1,0,
2025-02-01,48530-16380,ito koyama - amortiguadores,0.0,50,42.0,8059.77,2526.61,,rojo,0,0.8688993863357571,2024-11-29,5.9,150.0,295.0,0,,0.0,1,0,
2025-03-01,48541-09210ref,ito koyama - amortiguadores,144.0,0,36.0,1407.05,475.06333333333333,,rojo,0,0.6600499945268322,2024-11-29,8.6,200.0,0.0,0,,0.0,1,0,
2025-03-01,sk-110,ito koyama - palieres,86.0,0,26.0,644.27,215.09333333333333,,rojo,0,0.6999298563006286,2024-12-17,7.0,100.0,0.0,0,,0.0,1,0,
2025-03-01,hy055,ito koyama - resortes,113.0,0,15.0,1402.41,313.09499999999997,,rojo,0,0.8940783316227331,2024-11-04,6.2,160.0,0.0,0,,0.0,1,0,
2025-03-01,ef-27040,sakura filter,361.0,0,6.0,56.400000000000006,41.04833333333334,,rojo,0,0.8429974476836589,2024-09-17,3.87,100.0,0.0,0,,0.0,1,0,
2025-03-01,icd1864,ishikawa - pastillas de freno,27.0,0,12.0,88.61,50.25,,rojo,0,0.9424883790410992,2024-01-09,6.3,100.0,0.0,0,,0.0,1,0,
2024-11-01,a-33850,sakura filter,0.0,150,3.0,0.0,13.023333333333332,0.7221010632656512,rojo,6,1.2698601663537936,2023-10-25,1.57,200.0,235.5,0,,0.0,1,0,1
2025-03-01,85880077,monark - alemania,0.0,50,2.0,41.379999999999995,6.896666666666666,,rojo,0,0.44058148001021763,,,,,0,,0.0,1,0,
2025-03-01,n023,ito koyama - resortes,59.0,0,14.0,57.12,54.525,,rojo,0,0.7539626306962414,2024-01-22,4.5,64.0,0.0,0,,0.0,1,0,
2025-03-01,a-14600,sakura filter,321.0,0,14.0,150.49,53.13333333333333,,rojo,0,1.035939387546226,2024-11-30,1.81,300.0,0.0,0,,0.0,1,0,
2025-03-01,sk-017,ito koyama - palieres,193.0,0,21.0,415.86,172.12666666666667,,rojo,0,0.6095018376064171,2024-12-17,5.9,100.0,0.0,0,,0.0,1,0,
2024-06-01,hu-1077/2z,mann - brasil,0.0,150,0.0,0.0,0.0,0.8319843969807404,rojo,4,0.5026605773102568,2023-04-12,7.81,204.0,1171.5,0,,0.0,1,0,1
2025-02-01,eo-28140,sakura filter,0.0,50,9.0,269.71999999999997,61.050000000000004,,rojo,0,2.369571632482531,2023-05-31,1.8,200.0,90.0,0,0.0,0.0,1,0,
2025-03-01,ca-28160,sakura filter,72.0,0,13.0,115.57,34.99666666666667,,rojo,0,0.7171151267610036,2024-09-17,2.07,80.0,0.0,0,40.0,0.0,1,0,
2025-03-01,48531-26360,ito koyama - amortiguadores,263.0,0,5.0,71.18,69.22500000000001,,rojo,0,0.6819388876234159,2024-11-29,5.7,199.0,0.0,0,,0.0,1,0,
2025-04-01,sk-801,ito koyama - palieres,20.0,0,25.0,381.90999999999997,147.81333333333333,,rojo,0,0.5717070741602274,2024-12-17,6.2,50.0,0.0,0,,0.0,1,0,
2025-03-01,eo-32010,sakura filter,21.0,0,5.0,245.6,45.24,,rojo,0,0.5845459249021457,2021-08-27,1.3,300.0,0.0,0,,0.0,1,0,
2025-03-01,t037,ito koyama - resortes,50.0,0,10.0,376.28,109.38333333333333,,rojo,0,0.7939003380715813,2023-08-31,9.7,64.0,0.0,0,,0.0,1,0,
2025-03-01,eo-2805,sakura filter,13.0,0,3.0,3.05,3.8366666666666673,,rojo,0,1.5053172938518002,2022-09-14,1.16,50.0,0.0,0,,0.0,1,0,
2025-04-01,3461-8553skr,sakura - radiadores,449.0,0,61.0,25102.24,6619.393333333333,,rojo,0,1.0043012286762945,2024-12-26,29.25,355.0,0.0,0,,0.0,1,0,
2025-03-01,sk021,ito koyama - resortes,245.0,0,23.0,1414.5,419.9566666666667,,rojo,0,0.7548902189417184,2024-12-26,4.55,56.0,0.0,0,,0.0,1,0,
2025-03-01,tto028,ito koyama - direccion,172.0,0,12.0,645.92,107.65333333333332,,rojo,0,0.6836731846401777,2025-02-28,2.646075,298.0,0.0,0,,0.0,1,0,
2024-10-01,t1167,ito koyama - trapecios,2.0,50,0.0,0.0,0.0,0.6737977443425619,verde,6,0.6082776539090804,2023-06-14,10.1,40.0,505.0,0,,0.789071121427756,0,0,0
2025-03-01,c-7910,sakura filter,8.0,0,5.0,266.90999999999997,68.80666666666666,,rojo,0,0.8273579825104053,2024-11-30,2.37,60.0,0.0,0,,0.0,1,0,
2025-03-01,t1118,ito koyama - trapecios,1.0,0,22.0,1072.1,178.6833333333333,,rojo,0,0.7411358770004396,2024-12-10,9.6,60.0,0.0,0,,0.0,1,0,
2025-03-01,sfc-1306-10b,sakura filter,120.0,0,12.0,546.62,214.49333333333334,,rojo,0,0.7155233462528187,2023-11-06,6.34,330.0,0.0,0,,0.0,1,0,
2025-03-01,t1169,ito koyama - trapecios,54.0,0,10.0,165.41,57.038333333333334,,rojo,0,0.7501148051487961,2024-12-10,13.04,60.0,0.0,0,,0.0,1,0,
2025-03-01,c-1138,sakura filter,0.0,50,18.0,552.69,163.64333333333335,,rojo,0,0.8392164169362,2024-11-11,1.62,100.0,81.0,0,0.0,0.0,1,0,
2025-03-01,a-2817,sakura filter,154.0,0,2.0,9.58,4.788333333333333,,rojo,0,0.8312205171821861,2024-02-28,2.72,20.0,0.0,0,,0.0,1,0,
2024-05-01,17036,narva,0.0,100,0.0,0.0,0.0,1.0516811250807039,rojo,4,0.5177758978853084,2022-06-21,0.266491329395771,200.0,26.649132939577104,0,,0.0,1,0,1
2025-03-01,fd-106,ito koyama - palieres,37.0,0,15.0,248.6,104.14,,rojo,0,0.5829626478872291,2024-12-17,6.9,50.0,0.0,0,,0.0,1,0,
2025-04-01,48520-29285,ito koyama - amortiguadores,8.0,0,21.0,1117.94,427.57,,rojo,0,0.622735657164761,2024-11-29,12.1,90.0,0.0,0,,0.0,1,0,
2025-03-01,c-13114/4,mann - brasil,35.0,0,1.0,61.6,10.266666666666667,,rojo,0,0.44387323484960256,2024-09-12,13.61,30.0,0.0,0,,0.0,1,0,
2025-01-01,dt5.50r13lt,deestone,0.0,1100,45.0,0.0,8971.838333333333,0.9374231546382485,rojo,6,0.4185110633462406,2024-10-28,26.5,250.0,29150.0,0,,0.0,1,0,1
2025-03-01,t005,ito koyama - resortes,324.0,0,57.0,7425.55,1983.7333333333333,,rojo,0,0.7205782085374166,2024-12-26,3.9,360.0,0.0,0,,0.0,1,0,
2025-03-01,48511-39687,ito koyama - amortiguadores,100.0,0,15.0,359.72,137.09333333333333,,rojo,0,0.6576954855930145,2024-11-08,5.9,100.0,0.0,0,,0.0,1,0,
2025-03-01,tto021,ito koyama - direccion,346.0,0,23.0,3289.74,859.25,,rojo,0,0.8215172405402351,2025-02-28,1.949744,300.0,0.0,0,,0.0,1,0,
2025-03-01,56210-el00a,ito koyama - amortiguadores,233.0,0,36.0,2996.31,1172.205,,rojo,0,0.6690626516506591,2024-11-29,6.7,150.0,0.0,0,,0.0,1,0,
2025-03-01,hm11r22.5,deruibo,106.0,0,15.0,12938.99,2434.2866666666664,,rojo,0,0.23383982551721577,2024-08-31,94.0,170.0,0.0,0,,0.0,1,0,
2025-03-01,bdd056,ishikawa - discos de freno,2.0,0,23.0,314.90999999999997,338.50666666666666,,rojo,0,0.8868948814542832,2024-01-24,11.21,150.0,0.0,0,,0.0,1,0,
2025-03-01,opt-044,aisin - japon,11.0,0,8.0,944.07,209.73166666666668,,rojo,0,0.41860695370191464,2025-01-31,26.09,20.0,0.0,0,,0.0,1,0,
2025-03-01,schd-483,seco - embragues,155.0,0,24.0,1520.08,419.575,,rojo,0,0.3574271182425066,2024-07-18,16.5,339.0,0.0,0,,0.0,1,0,
2025-02-01,icd2268,ishikawa - pastillas de freno,0.0,50,13.0,187.74,202.85333333333335,,rojo,0,0.8986233774791722,2024-01-09,7.09,50.0,354.5,0,,0.0,1,0,
2025-02-01,t1230,ito koyama - trapecios,44.0,0,6.0,170.87,112.0,,rojo,0,0.5349099232566462,2024-12-10,21.8,40.0,0.0,0,,0.0,1,0,
2025-02-01,t1231,ito koyama - trapecios,45.0,0,7.0,172.04,120.56166666666667,,rojo,0,0.546169306425705,2024-12-10,21.8,40.0,0.0,0,,0.0,1,0,
2024-11-01,sk020,ito koyama - resortes,0.0,50,5.0,0.0,24.166666666666668,1.8443427013437605,rojo,6,0.6099533621626856,2024-01-22,4.41,200.0,220.5,0,,0.0,1,0,1
2025-03-01,icd929,ishikawa - pastillas de freno,53.0,0,28.0,445.34000000000003,129.96666666666667,,rojo,0,1.1495361773937944,2024-07-26,4.81,100.0,0.0,0,,0.0,1,0,
2025-03-01,icd1519,ishikawa - pastillas de freno,238.0,0,55.0,793.6,409.40166666666664,,rojo,0,1.0544193185575894,2024-07-26,4.17,400.0,0.0,0,,0.0,1,0,
2025-03-01,a-padmouse,sin definicion,0.0,50,22.0,0.0,0.0,,rojo,0,-1.0,2023-05-04,1.11864,750.0,55.932,0,,0.0,1,0,
2024-10-01,asz001,ito koyama - direccion,0.0,150,2.0,0.0,2.623333333333333,0.3833332844648101,rojo,6,0.6470179406813232,2022-08-15,2.28,240.0,341.99999999999994,0,,0.0,1,0,1
2025-04-01,a-3301,sakura filter,216.0,0,153.0,3598.14,1202.1333333333334,,rojo,0,1.1214884140175545,2024-11-11,1.35,40.0,0.0,0,900.0,0.0,1,0,
2025-02-01,c-1812,sakura filter,78.0,0,4.0,114.77,25.611666666666668,,rojo,0,0.7644938976696971,2024-10-22,3.38,100.0,0.0,0,,0.0,1,0,
2025-03-01,c-311410,mann - brasil,20.0,0,3.0,80.95,93.66000000000001,,rojo,0,0.5916174562844481,2019-12-13,31.41044898033142,82.0,0.0,0,,0.0,1,0,
2025-03-01,c-321420/2,mann - brasil,53.0,0,2.0,310.17,77.54166666666667,,rojo,0,0.3731069281137543,2023-05-17,33.66,30.0,0.0,0,,0.0,1,0,
2024-09-01,c-321500,mann - brasil,52.0,0,0.0,0.0,0.0,0.4714045207910317,verde,4,0.3362449916219731,2023-06-07,98.31505998373032,30.0,0.0,0,,26.0,0,0,0
2025-02-01,dtlt225/75r16,deestone,32.0,0,7.0,1885.5800000000002,688.195,,rojo,0,0.39543082773318583,2023-08-25,50.0,229.0,0.0,0,,0.0,1,0,
2025-03-01,c-5706,sakura filter,71.0,0,57.0,3222.92,880.3883333333333,,rojo,0,0.6430114836564731,2024-11-11,6.87,114.0,0.0,0,0.0,0.0,1,0,
2023-04-01,ety010,ito koyama - direccion,0.0,100,0.0,0.0,0.0,2.038861804935092,rojo,6,0.6962005635759917,2022-08-15,1.97,210.0,197.0,0,,0.0,1,0,1
2025-03-01,eni008,ito koyama - direccion,110.0,0,6.0,57.29,9.548333333333334,,rojo,0,0.667091419949021,2025-02-28,1.531953,200.0,0.0,0,,0.0,1,0,
2025-03-01,eni007,ito koyama - direccion,182.0,0,6.0,57.29,9.548333333333334,,rojo,0,0.680392812873846,2025-02-28,1.531953,200.0,0.0,0,,0.0,1,0,
2025-03-01,as-5412,sakura filter,288.0,0,12.0,220.32,49.431666666666665,,rojo,0,1.0119029906140171,2024-10-31,2.25,200.0,0.0,0,150.0,0.0,1,0,
2025-03-01,t011,ito koyama - resortes,570.0,0,64.0,1748.22,458.575,,rojo,0,0.7907704855235118,2024-12-26,3.6,304.0,0.0,0,,0.0,1,0,
2023-12-01,ctx-149,aisin - japon,0.0,100,0.0,0.0,0.0,0.7040788358677806,rojo,6,0.3243975121121415,2024-02-08,42.03,52.0,4203.0,0,,0.0,1,0,1
2025-03-01,hy-620,ito koyama - palieres,224.0,0,36.0,879.41,329.82166666666666,,rojo,0,0.6714735390389093,2024-12-17,6.9,200.0,0.0,0,,0.0,1,0,
2025-03-01,a-33730,sakura filter,84.0,0,30.0,1227.19,308.43333333333334,,rojo,0,1.1371822395613775,2024-11-04,2.2,60.0,0.0,0,160.0,0.0,1,0,
2025-03-01,fc-29080,sakura filter,279.0,0,35.0,226.32,200.725,,rojo,0,0.9177660940858073,2024-11-11,2.99,150.0,0.0,0,200.0,0.0,1,0,
2025-03-01,ef-26070,sakura filter,678.0,0,42.0,3126.83,649.4566666666666,,rojo,0,0.8361178514731042,2024-12-13,4.8,900.0,0.0,0,,0.0,1,0,
2025-02-01,eo-1303,sakura filter,149.0,0,6.0,246.42,63.678333333333335,,rojo,0,0.7489904815242948,2022-11-22,9.98,36.0,0.0,0,,0.0,1,0,
2025-03-01,48530-02180,ito koyama - amortiguadores,332.0,0,19.0,1617.24,476.12999999999994,,rojo,0,0.7458328202154135,2024-11-29,6.9,200.0,0.0,0,,0.0,1,0,
2025-02-01,p85140500,prextoline - lubricantes,44.0,0,11.0,1152.54,737.2866666666665,,rojo,0,0.32856261917913665,2024-11-20,46.5,50.0,0.0,0,,0.0,1,0,
2025-03-01,ca-1809-s,sakura filter,78.0,0,5.0,7.47,17.663333333333334,,rojo,0,1.1429987218482351,2024-03-18,1.55,100.0,0.0,0,0.0,0.0,1,0,
2025-02-01,t1158,ito koyama - trapecios,14.0,0,8.0,113.86,51.093333333333334,,rojo,0,0.7211701731315121,2024-03-19,10.43,60.0,0.0,0,,0.0,1,0,
2025-03-01,ctx-166,aisin - japon,969.0,0,66.0,9469.31,3247.971666666667,,rojo,0,0.398447272366151,2024-12-17,30.08,402.0,0.0,0,,0.0,1,0,
2024-12-01,fs-11730,sakura filter,111.0,50,1.0,0.0,8.135,1.4336900382739075,verde,6,0.47325385995786917,2019-12-06,6.49,160.0,324.5,0,,10.839235101544588,0,0,0
2024-06-01,sm029,ito koyama - torretas,0.0,150,0.0,0.0,0.0,1.8593651753486378,rojo,6,0.6987772803252195,2023-05-19,4.02,360.0,602.9999999999999,0,,0.0,1,0,1
2025-03-01,m25600025,valvoline,132.0,0,6.0,232.10000000000002,96.86333333333334,,rojo,0,0.4915677539125808,2024-11-12,3.06,108.0,0.0,0,,0.0,1,0,
2025-03-01,fc-1005,sakura filter,236.0,0,32.0,542.6,312.71,,rojo,0,0.9862152343158987,2024-11-28,3.2,200.0,0.0,0,0.0,0.0,1,0,
2025-03-01,a-30240,sakura filter,283.0,0,11.0,135.85999999999999,33.985,,rojo,0,1.052779548257667,2024-08-29,2.25,100.0,0.0,0,200.0,0.0,1,0,
2025-03-01,rxfc113641b,wagner locked - usa,1533.0,0,25.0,3885.75,804.2366666666667,,rojo,0,0.25657341202042444,2023-04-29,5.1,4320.0,0.0,0,,0.0,1,0,
2025-03-01,fc-5713,sakura filter,0.0,50,8.0,357.97,65.75666666666666,,rojo,0,0.7716725191299699,2024-11-11,3.14,60.0,157.0,0,,0.0,1,0,
2025-03-01,k003,ito koyama - resortes,1222.0,0,106.0,3992.3199999999997,1280.9066666666665,,rojo,0,0.8441389142473216,2024-12-26,4.4,600.0,0.0,0,,0.0,1,0,
2025-04-01,eo-2624,sakura filter,109.0,0,65.0,615.0,237.47666666666666,,rojo,0,1.1098124995755325,2022-08-10,1.26,1200.0,0.0,0,0.0,0.0,1,0,
2025-03-01,c-18450/2,mann - brasil,52.0,0,13.0,492.37,167.05333333333334,,rojo,0,0.530624453582894,2024-09-12,11.93,30.0,0.0,0,,0.0,1,0,
2025-04-01,ca-1705,sakura filter,145.0,0,7.0,200.82000000000002,33.470000000000006,,rojo,0,0.867751431897895,2024-11-11,1.13,200.0,0.0,0,,0.0,1,0,
2025-03-01,55310-a0000,ito koyama - amortiguadores,0.0,50,24.0,475.66999999999996,273.8933333333333,,rojo,0,0.634873703970111,2024-11-29,6.7,50.0,335.0,0,,0.0,1,0,
2025-03-01,t1117,ito koyama - trapecios,74.0,0,14.0,494.81,82.46833333333333,,rojo,0,0.6470048732088474,2025-02-28,9.919375,12.0,0.0,0,,0.0,1,0,
2025-03-01,hd+295/80r22.5,deruibo,74.0,0,15.0,7674.110000000001,3731.6433333333334,,rojo,0,0.25202408129878257,2024-08-31,118.0,204.0,0.0,0,,0.0,1,0,
2025-03-01,sb-022,ito koyama - palieres,25.0,0,15.0,503.04999999999995,151.18833333333333,,rojo,0,0.5894715638763526,2024-12-17,7.4,50.0,0.0,0,,0.0,1,0,
2025-03-01,mi-012,ito koyama - palieres,0.0,50,14.0,390.54999999999995,132.45000000000002,,rojo,0,0.5858260178000442,2024-06-21,6.42,120.0,321.0,0,,0.0,1,0,
2025-01-01,c-17410,sakura filter,0.0,50,6.0,0.0,50.23166666666666,,rojo,0,0.9643206813764641,2024-10-31,0.95,50.0,47.5,0,,0.0,1,0,
2025-03-01,sb-012,ito koyama - palieres,62.0,0,9.0,329.15999999999997,75.065,,rojo,0,0.5917871379050312,2024-12-17,7.5,50.0,0.0,0,,0.0,1,0,
2025-03-01,tki003,ito koyama - direccion,42.0,0,4.0,315.58,52.596666666666664,,rojo,0,0.6403290506365351,2025-02-28,2.785325,100.0,0.0,0,,0.0,1,0,
2024-12-01,wk-940/7,mann - brasil,33.0,50,2.0,0.0,11.016666666666666,0.5166142700806537,verde,4,0.3430160106212874,2024-01-25,8.95,36.0,447.49999999999994,0,,3.084148251361541,0,0,0
2025-03-01,a-18671,sakura filter,2.0,0,2.0,10.92,6.453333333333333,,rojo,0,0.7904481578003334,2019-06-28,1.9,200.0,0.0,0,,0.0,1,0,
2025-03-01,o-5302,sakura filter,306.0,0,21.0,524.64,209.86333333333332,,rojo,0,0.9911124301778256,2023-11-28,3.95,240.0,0.0,0,,0.0,1,0,
2024-12-01,wk-712/2,mann - brasil,7.0,200,1.0,0.0,5.5,0.15162677122653015,verde,4,0.5547461219744352,2023-10-05,3.488347578048706,60.0,697.6695156097412,0,,0.16666666666666666,0,0,0
2025-03-01,rhy012,ito koyama - direccion,103.0,0,10.0,257.35,76.49333333333333,,rojo,0,0.5120661548431761,2022-08-15,3.16,180.0,0.0,0,,0.0,1,0,
2025-03-01,fc-1009,sakura filter,611.0,0,35.0,269.19,190.71333333333334,,rojo,0,0.8451541685668345,2024-10-16,3.26,450.0,0.0,0,250.0,0.0,1,0,
2025-02-01,c-1912,sakura filter,4.0,0,3.0,25.02,15.909999999999998,,rojo,0,0.6190917830598913,2014-02-28,3.6,256.0,0.0,0,,0.0,1,0,
2025-02-01,a-16810,sakura filter,40.0,0,6.0,14.95,16.48,,rojo,0,0.875491743844368,2023-11-28,1.17,40.0,0.0,0,,0.0,1,0,
2025-03-01,jp001,ito koyama - resortes,54.0,0,2.0,68.75999999999999,11.459999999999999,,rojo,0,0.5342797502044542,2024-12-26,7.8,56.0,0.0,0,,0.0,1,0,
2025-03-01,bmz001,ito koyama - bocamazas,32.0,0,5.0,152.2,44.876666666666665,,rojo,0,0.6216634066959662,2024-11-13,15.9,40.0,0.0,0,,0.0,1,0,
2025-04-01,ca-18140,sakura filter,27.0,0,14.0,94.19,49.24666666666667,,rojo,0,0.861938266971058,2024-09-17,1.44,60.0,0.0,0,60.0,0.0,1,0,
2025-02-01,100-2e,ishikawa - cigueñales-culatas-ejes de levas,58.0,0,1.0,355.93,59.321666666666665,,rojo,0,0.27000947073386217,2025-01-13,128.0,40.0,0.0,0,,0.0,1,0,
2025-04-01,t004,ito koyama - resortes,776.0,0,97.0,2343.16,997.6666666666666,,rojo,0,0.789202681802515,2024-12-26,4.1,600.0,0.0,0,,0.0,1,0,
2024-01-01,14248,spaco - italia,0.0,50,0.0,0.0,0.0,0.4374294837761775,rojo,4,0.5769655042497419,2023-01-10,11.591838312149049,60.0,579.5919156074524,0,,0.0,1,0,1
2025-03-01,a-1850,sakura filter,196.0,0,11.0,363.38,82.60000000000001,,rojo,0,0.9052862932112261,2024-02-28,2.56,120.0,0.0,0,,0.0,1,0,
2025-03-01,tki001,ito koyama - direccion,90.0,0,3.0,50.55,8.424999999999999,,rojo,0,0.5981295344335253,2025-02-28,2.715729,100.0,0.0,0,,0.0,1,0,
2023-12-01,kn44051,tkl - taiwan,0.0,200,0.0,0.0,0.0,0.5359479720077905,rojo,4,0.6737641550083782,2022-10-20,4.4,500.0,880.0000000000001,0,,0.0,1,0,1
2024-06-01,skgm-276,seco - embragues,0.0,50,0.0,0.0,0.0,1.5213905054701542,rojo,4,0.3786125257735508,2022-02-05,33.74,80.0,1687.0,0,,0.0,1,0,1
2025-03-01,aat-017,aisin - japon,496.0,0,31.0,36005.97,10222.738333333333,,rojo,0,0.8323434760609368,2025-01-31,91.64,408.0,0.0,0,,0.0,1,0,
2025-03-01,cp-23210,mann - brasil,14.0,0,29.0,7180.12,1942.7700000000002,,rojo,0,0.4108627840963144,2024-04-09,29.06029522418976,108.0,0.0,0,,0.0,1,0,
2025-03-01,eo-31170,sakura filter,274.0,0,19.0,173.28,57.45166666666666,,rojo,0,0.8621566754652066,2024-11-30,1.32,200.0,0.0,0,,0.0,1,0,
2025-03-01,scki-448,seco - embragues,6.0,0,13.0,366.19,200.67166666666665,,rojo,0,0.5107723818470856,2024-07-18,13.2,100.0,0.0,0,,0.0,1,0,
2025-03-01,hy017,ito koyama - resortes,54.0,0,38.0,1690.74,603.9466666666666,,rojo,0,0.8197936726928623,2024-11-04,4.6,160.0,0.0,0,,0.0,1,0,
2025-03-01,bni005,ito koyama - bocamazas,19.0,0,10.0,155.12,87.36666666666666,,rojo,0,0.5993916580334934,2024-11-13,8.32,50.0,0.0,0,,0.0,1,0,
2025-04-01,c-1513,sakura filter,575.0,0,110.0,9122.06,3504.23,,rojo,0,0.5558687592772905,2024-11-30,7.11,372.0,0.0,0,0.0,0.0,1,0,
2025-04-01,fc-1104,sakura filter,581.0,0,107.0,5867.76,2071.355,,rojo,0,0.8215683386706424,2025-01-31,1.66,500.0,0.0,0,,0.0,1,0,
2025-04-01,ca-70020,sakura filter,46.0,0,6.0,60.91,22.8,,rojo,0,0.7395740382905515,2021-11-15,2.0,60.0,0.0,0,,0.0,1,0,
2025-04-01,opt-010,aisin - japon,64.0,0,4.0,2075.42,345.90333333333336,,rojo,0,0.3660016219441291,2025-02-24,21.01,27.0,0.0,0,,0.0,1,0,
2025-03-01,ca-2803,sakura filter,57.0,0,8.0,117.84,25.375,,rojo,0,0.8323208728004621,2024-11-11,1.73,100.0,0.0,0,,0.0,1,0,
2025-03-01,ctx-123,aisin - japon,0.0,50,38.0,8665.82,2894.036666666667,,rojo,0,0.4080761848649269,2024-12-17,34.13,60.0,1706.5000000000002,0,,0.0,1,0,
2025-02-01,c-913/1,mann - brasil,12.0,0,3.0,50.35,46.626666666666665,,rojo,0,0.48508934318669855,2023-10-12,7.61,60.0,0.0,0,,0.0,1,0,
2025-03-01,bdd041,ishikawa - discos de freno,30.0,0,14.0,306.81,189.4416666666667,,rojo,0,0.6851182885082573,2024-01-09,10.41175,80.0,0.0,0,,0.0,1,0,
2024-09-01,50006609,ks - alemania,0.0,150,0.0,0.0,0.0,1.6360830503419972,rojo,4,0.31220863902254514,2023-02-06,5.384640060663224,120.0,807.6960090994836,0,,0.0,1,0,1
2025-01-01,sdns-526,seco - embragues,1.0,0,3.0,34.65,119.92500000000001,,rojo,0,0.402248647545921,2024-07-18,25.14,50.0,0.0,0,,0.0,1,0,
2025-03-01,48025,narva,180.0,0,9.0,292.96,72.32833333333333,,rojo,0,0.45648800345602897,2024-09-16,2.7453872583031655,200.0,0.0,0,,0.0,1,0,
2025-03-01,bto015,ito koyama - bocamazas,47.0,0,12.0,707.65,167.91666666666666,,rojo,0,0.6206433604061563,2024-11-13,15.61,80.0,0.0,0,,0.0,1,0,
2025-03-01,48510-52031,ito koyama - amortiguadores,0.0,50,102.0,5141.6,2152.295,,rojo,0,0.6915124109538057,2024-11-29,9.9,180.0,495.0,0,,0.0,1,0,
2025-02-01,aho001,ito koyama - direccion,2.0,0,4.0,8.34,7.2,,rojo,0,0.7538613808813543,2023-05-19,2.28,220.0,0.0,0,,0.0,1,0,
2025-04-01,c-1305,sakura filter,214.0,0,131.0,7075.54,1914.505,,rojo,0,0.7132519201804155,2025-01-31,3.59,504.0,0.0,0,144.0,0.0,1,0,
2025-01-01,rov20500254t,rover - usa,1562.0,0,5.0,39.66,246.4283333333333,,rojo,0,0.46346113911211856,2023-02-21,2.5825,2016.0,0.0,0,,0.0,1,0,
2025-04-01,a-1880,sakura filter,331.0,0,75.0,2219.85,629.37,,rojo,0,0.9280016275427182,2024-11-11,1.75,100.0,0.0,0,120.0,0.0,1,0,
2025-03-01,ehy004,ito koyama - direccion,160.0,0,5.0,95.56,15.926666666666668,,rojo,0,0.6189246694036309,2025-02-28,1.531944,196.0,0.0,0,,0.0,1,0,
2025-03-01,n010,ito koyama - resortes,80.0,0,34.0,4880.76,1123.1,,rojo,0,0.7035661794898516,2024-12-26,4.5,104.0,0.0,0,,0.0,1,0,
2025-03-01,n008,ito koyama - resortes,220.0,0,36.0,1380.72,383.93,,rojo,0,0.6601556699208536,2024-12-26,3.4,192.0,0.0,0,,0.0,1,0,
2024-12-01,17141,narva,0.0,28350,18.0,0.0,208.36333333333334,0.21421777465395755,rojo,4,0.45611371805731993,2024-09-16,0.15778852411508562,3000.0,4473.304658662677,0,,0.0,1,0,1
2025-03-01,as-5656-s,sakura filter,593.0,0,10.0,818.64,253.87333333333333,,rojo,0,0.8706244989743082,2025-01-21,8.91,207.0,0.0,0,,0.0,1,0,
2025-03-01,5611076000,ito koyama - amortiguadores,66.0,0,28.0,1585.2800000000002,743.6349999999999,,rojo,0,0.630319296946689,2024-11-29,5.7,100.0,0.0,0,,0.0,1,0,
2025-04-01,96424026sp,ito koyama - amortiguadores,98.0,0,18.0,457.16999999999996,123.35666666666667,,rojo,0,0.6267091248778431,2024-08-22,9.85,60.0,0.0,0,,0.0,1,0,
2025-03-01,fc-1814,sakura filter,518.0,0,35.0,869.56,278.12,,rojo,0,1.076808403984619,2024-11-11,3.25,150.0,0.0,0,150.0,0.0,1,0,
2025-02-01,icd1210,ishikawa - pastillas de freno,0.0,50,34.0,455.13,262.81,,rojo,0,1.2802884930065663,2024-07-26,5.25,200.0,262.5,0,,0.0,1,0,
2025-03-01,c-1603,sakura filter,257.0,0,13.0,156.44,50.01833333333334,,rojo,0,1.0571616477764887,2024-09-17,1.95,100.0,0.0,0,,0.0,1,0,
2025-03-01,bz0002,ishikawa - zapatas de freno,254.0,0,40.0,347.15999999999997,170.655,,rojo,0,0.8789941453626775,2024-07-24,4.05,200.0,0.0,0,,0.0,1,0,
2025-03-01,hy039,ito koyama - resortes,0.0,50,36.0,1403.3899999999999,555.0266666666666,,rojo,0,1.0717427647930031,2024-11-04,11.8,80.0,590.0,0,,0.0,1,0,
2025-03-01,cf-360,mann - brasil,44.0,0,12.0,1158.0700000000002,394.25,,rojo,0,0.5467761825887785,2025-01-18,10.05,100.0,0.0,0,,0.0,1,0,
2025-02-01,hc-5816,sakura filter,128.0,0,15.0,867.78,351.87999999999994,,rojo,0,0.9001163399420357,2024-11-30,5.33,192.0,0.0,0,0.0,0.0,1,0,
2025-04-01,ctx-071,aisin - japon,0.0,50,127.0,23204.23,7094.303333333333,,rojo,0,0.4468082320597639,2024-07-30,24.05,180.0,1202.5,0,,0.0,1,0,
2025-03-01,fs-31140,sakura filter,0.0,50,13.0,921.48,218.13333333333333,,rojo,0,0.7948892699304142,2024-11-28,10.83,60.0,541.5,0,0.0,0.0,1,0,
2025-04-01,as-1825,sakura filter,103.0,0,68.0,4632.12,1221.1633333333332,,rojo,0,1.0665250848511754,2024-10-31,4.13,396.0,0.0,0,270.0,0.0,1,0,
2025-02-01,h-12111x,mann - brasil,1558.0,0,7.0,158.65,57.288333333333334,,rojo,0,0.17872063974195532,2022-09-05,7.44,504.0,0.0,0,,0.0,1,0,
2025-04-01,48510-12750-r,ito koyama - amortiguadores,140.0,0,38.0,4004.78,1374.2966666666669,,rojo,0,0.6196548466256221,2024-11-29,12.3,150.0,0.0,0,,0.0,1,0,
2025-03-01,ch002,ito koyama - resortes,302.0,0,58.0,4644.28,2672.48,,rojo,0,0.8079957208412937,2024-12-26,4.85,160.0,0.0,0,,0.0,1,0,
2025-02-01,sk014,ito koyama - resortes,0.0,50,6.0,41.53,90.86166666666666,,rojo,0,0.9369939937346077,2024-01-22,9.35,420.0,467.5,0,,0.0,1,0,
2025-03-01,95077491,ito koyama - amortiguadores,40.0,0,37.0,3469.71,1285.61,,rojo,0,0.7539173613170282,2024-11-29,5.9,150.0,0.0,0,,0.0,1,0,
2025-03-01,sfc-7939-30,sakura filter,541.0,0,70.0,12575.34,4219.333333333333,,rojo,0,0.6732823912659056,2024-08-29,11.05,300.0,0.0,0,300.0,0.0,1,0,
2025-03-01,t1079,ito koyama - trapecios,30.0,0,5.0,64.09,33.91833333333333,,rojo,0,0.5741393582063037,2024-03-19,9.86,20.0,0.0,0,,0.0,1,0,
2025-03-01,ef-1301,sakura filter,276.0,0,28.0,601.83,350.9583333333333,,rojo,0,0.940640930673637,2024-09-17,3.32,240.0,0.0,0,240.0,0.0,1,0,
2025-03-01,b1005,ito koyama - trapecios,0.0,50,14.0,923.66,153.94333333333333,,rojo,0,0.9143400884039913,2024-12-10,1.48,300.0,74.0,0,,0.0,1,0,
2025-03-01,ctx-145,aisin - japon,552.0,0,47.0,35406.54,9223.449999999999,,rojo,0,0.5267388224637188,2024-12-17,31.65,202.0,0.0,0,,0.0,1,0,
2025-03-01,a-1864,sakura filter,335.0,0,39.0,990.51,312.18,,rojo,0,1.0112342893609176,2024-09-30,2.5,297.0,0.0,0,306.0,0.0,1,0,
2025-04-01,f-11112,sakura filter,654.0,0,36.0,6557.62,1517.1266666666668,,rojo,0,0.9880309627263689,2025-01-31,1.47,300.0,0.0,0,500.0,0.0,1,0,
2025-03-01,96424025sp,ito koyama - amortiguadores,53.0,0,14.0,856.6,219.95666666666668,,rojo,0,0.6349274314271237,2024-08-22,9.85,60.0,0.0,0,,0.0,1,0,
2025-04-01,sfc-7912-30b,sakura filter,30.0,0,21.0,608.9100000000001,273.5066666666667,,rojo,0,0.597081726046457,2023-11-28,8.58,144.0,0.0,0,,0.0,1,0,
2024-07-01,c-18450/1,mann - brasil,0.0,50,0.0,0.0,0.0,inf,rojo,4,0.6914709600124261,2022-06-14,16.36,100.0,818.0,0,,0.0,1,0,1
2025-03-01,c-1121,sakura filter,302.0,0,106.0,2478.46,762.7183333333332,,rojo,0,0.6600997020652578,2024-11-04,1.5,900.0,0.0,0,250.0,0.0,1,0,
2025-04-01,ctx-062,aisin - japon,870.0,0,62.0,4197.06,1968.6183333333336,,rojo,0,0.398924440931126,2024-04-16,20.79,1000.0,0.0,0,,0.0,1,0,
2025-04-01,fc-7102,sakura filter,46.0,0,17.0,374.01,140.85166666666666,,rojo,0,0.8164752460648009,2024-10-31,3.67,120.0,0.0,0,,0.0,1,0,
2025-03-01,95026519,ito koyama - amortiguadores,105.0,0,10.0,403.26,155.08333333333334,,rojo,0,0.649721261205746,2024-08-22,6.05,120.0,0.0,0,,0.0,1,0,
2025-03-01,d003,ito koyama - resortes,146.0,0,17.0,1269.66,338.40000000000003,,rojo,0,0.7442910939236325,2024-11-04,4.9,200.0,0.0,0,,0.0,1,0,
2024-09-01,a-1665,sakura filter,0.0,50,0.0,0.0,0.0,1.7205063452557197,rojo,6,0.8711628171225811,2022-12-29,2.89,60.0,144.5,0,,0.0,1,0,1
2025-03-01,d004,ito koyama - resortes,166.0,0,21.0,1889.55,577.765,,rojo,0,0.7096537497322758,2024-12-26,6.05,56.0,0.0,0,,0.0,1,0,
2025-03-01,to-842,ito koyama - palieres,426.0,0,17.0,711.46,166.43,,rojo,0,0.6297668182868702,2024-12-17,6.7,200.0,0.0,0,,0.0,1,0,
2025-02-01,a-6819,sakura filter,61.0,0,4.0,36.8,13.995,,rojo,0,0.6417749182539179,2019-12-06,3.57,200.0,0.0,0,,0.0,1,0,
2025-02-01,a-65490,sakura filter,0.0,50,13.0,100.3,85.74,,rojo,0,0.9504524729371857,2024-02-28,2.07,100.0,103.49999999999999,0,0.0,0.0,1,0,
2025-03-01,ni-029,ito koyama - palieres,59.0,0,14.0,370.26,99.46166666666666,,rojo,0,0.5596183958777582,2024-10-24,8.2,100.0,0.0,0,,0.0,1,0,
2025-03-01,c-2516,sakura filter,406.0,0,18.0,623.88,131.09166666666667,,rojo,0,0.815692153155874,2024-12-26,1.3,375.0,0.0,0,0.0,0.0,1,0,
2024-09-01,a-68390,sin definicion,0.0,50,0.0,0.0,0.0,,rojo,0,0.8482255731560684,2023-12-05,6.77,81.0,338.5,0,,0.0,1,0,
2024-05-01,tkl24030,tkl - taiwan,0.0,600,0.0,0.0,0.0,0.6291801732077653,rojo,4,0.6972400868358888,2022-10-20,1.05,2000.0,630.0,0,,0.0,1,0,1
2024-10-01,n011,ito koyama - resortes,0.0,50,5.0,0.0,155.18,8.453979837603521,rojo,6,0.7120637463074777,2024-01-22,5.04,56.0,252.0,0,,0.0,1,0,1
2025-01-01,w-11102/18,mann - brasil,0.0,50,7.0,94.92,167.09,,rojo,0,0.45283601065684814,2024-09-12,9.5,60.0,475.0,0,,0.0,1,0,
2025-03-01,sk-130,ito koyama - palieres,73.0,0,32.0,982.47,684.5766666666667,,rojo,0,0.6447547700217625,2024-12-17,6.5,100.0,0.0,0,,0.0,1,0,
2025-03-01,c-6521,sakura filter,725.0,0,38.0,361.82,194.82666666666668,,rojo,0,0.8469313211719752,2024-11-30,1.72,200.0,0.0,0,,0.0,1,0,
2025-04-01,48510-0d591,ito koyama - amortiguadores,384.0,0,144.0,13328.65,4494.088333333333,,rojo,0,0.8216684569026944,2024-11-29,10.3,600.0,0.0,0,,0.0,1,0,
2025-02-01,ef-68040,sakura filter,0.0,50,8.0,163.16,84.875,,rojo,0,1.069408096960453,2024-11-04,4.73,50.0,236.50000000000003,0,,0.0,1,0,
2025-03-01,mz001,ito koyama - resortes,166.0,0,27.0,329.36,158.88500000000002,,rojo,0,0.74902392900861,2024-12-26,5.35,56.0,0.0,0,,0.0,1,0,
2025-03-01,54650-24120,ito koyama - amortiguadores,53.0,0,32.0,824.87,328.95,,rojo,0,0.6123044010757793,2024-08-22,9.55,104.0,0.0,0,,0.0,1,0,
2025-03-01,c-1304,sakura filter,144.0,0,11.0,664.42,189.98333333333332,,rojo,0,0.7563829720370681,2024-08-29,4.75,100.0,0.0,0,,0.0,1,0,
2025-03-01,ca-1006,sakura filter,161.0,0,6.0,109.03,23.885,,rojo,0,0.9793780755899792,2024-11-11,2.43,100.0,0.0,0,,0.0,1,0,
2025-03-01,hu-12140x,mann - brasil,68.0,0,17.0,258.64,320.2233333333333,,rojo,0,0.4017623116753113,2025-01-18,11.77,84.0,0.0,0,,0.0,1,0,
2025-04-01,dtx-232a,aisin - japon,0.0,50,243.0,599376.57,180415.30500000002,,rojo,0,0.49719604247719323,2024-12-17,68.84,1000.0,3442.0,0,,0.0,1,0,
2024-08-01,srb-031,seco - embragues,0.0,50,0.0,0.0,0.0,inf,rojo,4,0.38518407546747585,2024-07-18,6.07,100.0,303.5,0,,0.0,1,0,1
2025-03-01,48530-52051,ito koyama - amortiguadores,24.0,0,37.0,5511.150000000001,1585.7450000000001,,rojo,0,0.7310869255011553,2024-11-29,6.6,140.0,0.0,0,,0.0,1,0,
2023-04-01,sat-018,aisin - japon,0.0,150,0.0,0.0,0.0,0.5493633896555064,rojo,6,0.538286915413743,2022-11-15,219.62,47.0,32943.0,0,,0.0,1,0,1
2025-03-01,dtp215/70r15c,deestone,5.0,0,3.0,1092.38,204.66166666666666,,rojo,0,0.3942010285387608,2023-08-25,39.27,60.0,0.0,0,,0.0,1,0,
2025-04-01,eo-65120,sakura filter,201.0,0,67.0,2219.56,955.3000000000001,,rojo,0,0.9982721192035379,2024-11-30,2.09,400.0,0.0,0,,0.0,1,0,
2025-02-01,hy030,ito koyama - resortes,0.0,50,18.0,530.12,280.05,,rojo,0,0.7538221332300264,2024-11-04,5.0,80.0,250.0,0,,0.0,1,0,
2025-03-01,ahy001,ito koyama - direccion,26.0,0,6.0,27.09,12.955,,rojo,0,0.6106657286038688,2022-08-15,2.06,180.0,0.0,0,,0.0,1,0,
2025-03-01,sfc-2202,sakura filter,233.0,0,9.0,357.99,106.84833333333334,,rojo,0,0.9912686708099052,2024-11-04,2.9,204.0,0.0,0,,0.0,1,0,
2025-03-01,sfc-2203,sakura filter,33.0,0,7.0,242.01,64.35833333333333,,rojo,0,0.8458514674870694,2024-11-04,5.63,60.0,0.0,0,,0.0,1,0,
2025-03-01,cmt-064,aisin - japon,0.0,50,10.0,1791.59,372.00333333333333,,rojo,0,0.41760962795161816,2024-05-20,19.54,60.0,977.0,0,,0.0,1,0,
2025-03-01,c006,ito koyama - resortes,10.0,0,10.0,204.17000000000002,62.324999999999996,,rojo,0,0.533565597115565,2022-03-22,5.57,200.0,0.0,0,,0.0,1,0,
2025-03-01,ca-38040,sakura filter,0.0,50,3.0,14.64,2.981666666666667,,rojo,0,0.7242665320239814,2023-10-23,0.88,40.0,44.0,0,,0.0,1,0,
2024-03-01,78520600,ks - alemania,0.0,150,0.0,0.0,0.0,1.771502697128185,rojo,4,0.3003020049159851,2023-02-06,9.852056864500046,70.0,1477.8085296750069,0,,0.0,1,0,1
2025-03-01,a-8681,sakura filter,0.0,50,15.0,1325.46,396.12833333333333,,rojo,0,0.8706696569970958,2024-11-04,18.51,60.0,925.5000000000001,0,0.0,0.0,1,0,
2025-03-01,mi-013a,ito koyama - palieres,137.0,0,14.0,789.36,248.22333333333333,,rojo,0,0.5644834868154333,2024-12-17,6.8,100.0,0.0,0,,0.0,1,0,
2025-03-01,eni001,ito koyama - direccion,124.0,0,4.0,181.89,30.314999999999998,,rojo,0,0.6383252068851586,2025-02-28,1.392662,200.0,0.0,0,,0.0,1,0,
2025-04-01,a-5108-s,sakura filter,30.0,0,17.0,365.26,143.06166666666667,,rojo,0,0.9137843062695492,2025-01-22,5.07,63.0,0.0,0,,0.0,1,0,
2024-07-01,q20pr-u11,denso - bujias - japon,96.0,0,0.0,0.0,0.0,7.54178819363027,verde,3,0.3597088985581253,2024-08-26,0.99,96.0,0.0,0,,10.807883266410972,0,0,0
2025-04-01,ef-1003,sakura filter,6416.0,0,270.0,36275.74,11616.26,,rojo,0,1.3642857378129922,2025-01-31,1.84,550.0,0.0,0,2000.0,0.0,1,0,
2025-03-01,41801-59j10,ito koyama - amortiguadores,1.0,50,31.0,1781.72,532.8866666666667,,rojo,0,0.6244480678893238,2024-11-29,10.9,48.0,545.0,0,,0.0,1,0,
2025-03-01,op-006,ito koyama - palieres,81.0,0,17.0,531.7,170.53833333333333,,rojo,0,0.5728239603809325,2024-12-17,6.6,50.0,0.0,0,,0.0,1,0,
2025-02-01,icd668,ishikawa - pastillas de freno,0.0,50,22.0,213.67000000000002,103.005,,rojo,0,1.0847469191091308,2024-07-26,3.62,100.0,181.0,0,,0.0,1,0,
2025-03-01,t1101,ito koyama - trapecios,6.0,0,9.0,152.68,56.818333333333335,,rojo,0,0.6510744154478719,2024-03-19,8.405741,54.0,0.0,0,,0.0,1,0,
2025-03-01,f-10200,sakura filter,514.0,0,9.0,111.78999999999999,38.641666666666666,,rojo,0,1.1138395193076085,2025-01-22,1.84,400.0,0.0,0,200.0,0.0,1,0,
2025-03-01,aty009,ito koyama - direccion,276.0,0,3.0,314.52,52.419999999999995,,rojo,0,0.7777495198381255,2025-02-28,2.297922,300.0,0.0,0,,0.0,1,0,
2025-03-01,eo-18210,sakura filter,0.0,50,7.0,74.84,28.01,,rojo,0,0.8604696017109825,2023-08-04,1.71,100.0,85.5,0,0.0,0.0,1,0,
2025-03-01,fc-5509,sakura filter,408.0,0,10.0,193.58,147.95666666666668,,rojo,0,0.972601963851741,2024-10-22,3.38,360.0,0.0,0,,0.0,1,0,
2025-01-01,a-1416,sakura filter,0.0,50,6.0,18.23,21.066666666666666,3.547573248350141,rojo,6,1.1678121858385893,2022-10-13,2.26,40.0,112.99999999999999,0,,0.0,1,0,1
2025-04-01,df01,ito koyama - resortes,28.0,0,10.0,282.65,65.95,,rojo,0,0.6621133237142132,2024-12-26,4.85,56.0,0.0,0,,0.0,1,0,
2025-03-01,a-29440,sakura filter,96.0,0,14.0,130.35,55.6,,rojo,0,1.1088597527743962,2024-11-04,2.7,100.0,0.0,0,0.0,0.0,1,0,
2025-02-01,ca-18220,sakura filter,0.0,50,6.0,152.19,27.94666666666667,,rojo,0,0.8349787774059445,2024-09-17,1.35,60.0,67.5,0,,0.0,1,0,
2025-02-01,tkl49011,tkl - taiwan,0.0,50,13.0,1977.54,561.7633333333333,,rojo,0,0.5520661700286912,2022-10-20,7.25,600.0,362.5,0,,0.0,1,0,
2025-03-01,o-1006,sakura filter,2.0,0,16.0,257.47,87.12666666666667,,rojo,0,0.9287932910525997,2024-11-30,3.27,50.0,0.0,0,0.0,0.0,1,0,
2025-03-01,ef-65030,sakura filter,244.0,0,8.0,289.79,53.61000000000001,,rojo,0,1.077722416175195,2024-03-18,2.44,100.0,0.0,0,,0.0,1,0,
2025-04-01,c-16400,mann - brasil,82.0,0,34.0,1765.33,780.9366666666666,,rojo,0,0.5172256371229812,2025-01-18,10.75,200.0,0.0,0,,0.0,1,0,
2025-03-01,bni001,ito koyama - bocamazas,9.0,0,12.0,985.89,217.545,,rojo,0,0.624185423664274,2024-11-13,21.18,40.0,0.0,0,,0.0,1,0,
2025-03-01,hy040,ito koyama - resortes,0.0,50,31.0,779.71,269.4533333333333,,rojo,0,0.5855350819180121,2024-01-22,3.36,352.0,168.0,0,,0.0,1,0,
2025-03-01,sk20fa-e,plumillas - sakura,7.0,0,22.0,335.63,110.51166666666666,,rojo,0,0.9349984550762156,2024-02-28,1.31,500.0,0.0,0,,0.0,1,0,
2023-08-01,sm017,ito koyama - torretas,0.0,150,0.0,0.0,0.0,0.7390177725642358,rojo,6,0.638933244358955,2023-05-19,4.57,60.0,685.5,0,,0.0,1,0,1
2025-03-01,t007,ito koyama - resortes,530.0,0,58.0,9980.18,2873.8033333333333,,rojo,0,0.7537375224240832,2024-12-26,4.0,200.0,0.0,0,,0.0,1,0,
2025-03-01,f001,ito koyama - resortes,22.0,0,17.0,470.59,116.675,,rojo,0,0.8088225228156931,2024-11-04,5.2,80.0,0.0,0,,0.0,1,0,
2025-03-01,dt235/60r17,deestone,180.0,0,8.0,1105.43,464.8866666666667,,rojo,0,0.40122840552385125,2023-08-25,43.16,326.0,0.0,0,,0.0,1,0,
2025-04-01,sfc-7912-30,sakura filter,86.0,0,168.0,18091.9,6073.713333333333,,rojo,0,0.655984125561624,2024-11-30,5.81,504.0,0.0,0,900.0,0.0,1,0,
2025-04-01,cf-600/1,mann - brasil,98.0,0,34.0,1658.47,597.0600000000001,,rojo,0,0.4806311004682295,2025-02-24,8.88,100.0,0.0,0,,0.0,1,0,
2025-03-01,mwmwc768,wagner - pastillas,13.0,0,7.0,111.86,37.28666666666667,,rojo,0,0.6407087851970089,2024-07-20,10.8,40.0,0.0,0,,0.0,1,0,
2025-03-01,to-502,ito koyama - palieres,122.0,0,16.0,779.26,201.50166666666667,,rojo,0,0.5619256171595406,2024-12-17,8.9,100.0,0.0,0,,0.0,1,0,
2025-03-01,bdd035,ishikawa - discos de freno,100.0,0,18.0,551.82,242.09666666666666,,rojo,0,0.9141387991790731,2023-07-05,10.19,150.0,0.0,0,,0.0,1,0,
2025-03-01,afc11100mb-m1,prestone - mexico,55.0,0,18.0,3122.02,1102.5416666666667,,rojo,0,0.42573101165519744,2024-06-14,34.47,240.0,0.0,0,,0.0,1,0,
2025-02-01,tkl4075c,tkl - taiwan,0.0,50,4.0,658.48,119.74666666666667,,rojo,0,0.5651223221295848,2022-10-20,3.3,400.0,165.0,0,,0.0,1,0,
2025-04-01,56210-jg000,ito koyama - amortiguadores,38.0,0,30.0,989.51,333.06166666666667,,rojo,0,0.6465667663985849,2024-11-29,6.8,99.0,0.0,0,,0.0,1,0,
2025-02-01,sk013,ito koyama - resortes,2.0,0,12.0,70.21000000000001,79.31333333333333,,rojo,0,0.7651587757240113,2024-01-22,6.62,288.0,0.0,0,,0.0,1,0,
2025-03-01,sk009,ito koyama - resortes,766.0,0,30.0,2638.7200000000003,469.7966666666666,,rojo,0,0.7907507058529677,2024-12-26,3.95,496.0,0.0,0,,0.0,1,0,
2024-05-01,aty010,ito koyama - direccion,0.0,50,0.0,0.0,0.0,inf,rojo,6,0.7206419543836765,2023-05-19,2.18,120.0,109.00000000000001,0,,0.0,1,0,1
2025-02-01,c-4905,sakura filter,155.0,0,2.0,47.64,12.549999999999999,,rojo,0,0.7493423986944321,2023-01-10,3.37,84.0,0.0,0,,0.0,1,0,
2025-04-01,a-6207-s,sakura filter,473.0,0,53.0,5379.2,2197.5933333333332,,rojo,0,0.7639584783993828,2025-01-31,12.5,18.0,0.0,0,45.0,0.0,1,0,
2025-03-01,af6310/fh,prestone - usa,152.0,0,46.0,3484.42,1159.0916666666667,,rojo,0,0.3528030438467515,2025-02-20,6.9,324.0,0.0,0,,0.0,1,0,
2025-04-01,a-16850,sakura filter,73.0,0,4.0,56.28,14.803333333333333,,rojo,0,0.6012737566027637,2024-11-30,1.64,50.0,0.0,0,,0.0,1,0,
2025-02-01,mwmwd1264,wagner - pastillas,22.0,0,3.0,15.25,10.168333333333335,,rojo,0,0.4037579802029994,2023-04-25,10.2,50.0,0.0,0,,0.0,1,0,
2025-02-01,a-8904,sakura filter,810.0,0,4.0,189.29999999999998,41.40833333333333,,rojo,0,0.6669389206210202,2022-12-06,1.6,200.0,0.0,0,,0.0,1,0,
2025-02-01,bdd031,ishikawa - discos de freno,0.0,50,18.0,868.74,350.2083333333333,,rojo,0,0.6868490723582038,2024-10-30,8.92,100.0,446.0,0,,0.0,1,0,
2025-03-01,a-1142,sakura filter,292.0,0,17.0,368.56,115.83999999999999,,rojo,0,0.6593912661335007,2017-04-26,3.25,96.0,0.0,0,0.0,0.0,1,0,
2025-03-01,re002,ito koyama - resortes,426.0,0,21.0,652.82,154.78666666666666,,rojo,0,0.7420902176892925,2024-12-26,6.3,304.0,0.0,0,,0.0,1,0,
2025-03-01,sf-71010,sakura filter,153.0,0,5.0,121.67,28.313333333333333,,rojo,0,0.7694206299168201,2024-01-18,3.95,16.0,0.0,0,,0.0,1,0,
2025-02-01,op-012,ito koyama - palieres,161.0,0,3.0,95.45,29.498333333333335,,rojo,0,0.5712435554874167,2023-03-08,8.4,60.0,0.0,0,,0.0,1,0,
2025-03-01,a-2405,sakura filter,68.0,0,4.0,185.22,46.13833333333333,,rojo,0,0.7994836082390598,2023-11-06,23.26,100.0,0.0,0,,0.0,1,0,
2025-03-01,a-5662-s,sakura filter,66.0,0,21.0,907.97,352.95,,rojo,0,0.8621111699205726,2025-01-31,17.06,60.0,0.0,0,0.0,0.0,1,0,
2025-02-01,41800a78b00,ito koyama - amortiguadores,161.0,0,7.0,216.78,82.74166666666666,,rojo,0,0.7533028611967474,2024-11-29,5.7,148.0,0.0,0,,0.0,1,0,
2025-02-01,u-5001kit,mann - brasil,82.0,0,4.0,556.15,415.17833333333334,,rojo,0,0.46699401027575965,2024-11-13,12.64,120.0,0.0,0,,0.0,1,0,
2025-02-01,ca-29130,sakura filter,62.0,0,3.0,11.71,6.236666666666667,,rojo,0,1.0807323150994557,2023-07-26,2.88,200.0,0.0,0,,0.0,1,0,
2025-03-01,tkl23016,tkl - taiwan,211.0,0,12.0,1315.32,327.21666666666664,,rojo,0,0.4075155441468144,2022-10-20,7.2,300.0,0.0,0,,0.0,1,0,
2025-03-01,c-38100,sakura filter,509.0,0,23.0,1582.78,527.6899999999999,,rojo,0,0.88342630976375,2024-12-13,2.43,288.0,0.0,0,,0.0,1,0,
2025-02-01,k20hr-u11,denso - bujias - japon,96.0,0,5.0,102.38,42.29,,rojo,0,0.4071642310533708,2025-03-11,2.89,96.0,0.0,0,,0.0,1,0,
2025-03-01,ik20,denso - bujias - japon,108.0,0,12.0,662.41,232.26666666666665,,rojo,0,0.38721534237558675,2025-03-11,4.91,96.0,0.0,0,,0.0,1,0,
2025-03-01,t1095,ito koyama - trapecios,18.0,0,4.0,206.45,34.40833333333333,,rojo,0,0.643757256197765,2024-12-10,5.22,40.0,0.0,0,,0.0,1,0,
2025-03-01,ch014,ito koyama - resortes,46.0,0,3.0,124.89,20.815,,rojo,0,0.7998457061407707,2024-12-26,5.6,56.0,0.0,0,,0.0,1,0,
2025-03-01,mi-2351a,ito koyama - palieres,29.0,0,41.0,1300.17,400.655,,rojo,0,0.7242829749455345,2024-12-17,6.6,100.0,0.0,0,,0.0,1,0,
2024-10-01,fs-1143,sakura filter,103.0,50,1.0,0.0,12.995,0.46058054155783434,verde,6,0.7382262290295479,2022-10-13,3.37,100.0,168.5,0,,11.985454545454546,0,0,0
2024-11-01,icd1566,ishikawa - pastillas de freno,0.0,100,3.0,0.0,7.983333333333334,0.537024265493092,rojo,6,0.902619001198916,2024-03-20,7.72,50.0,772.0,0,,0.0,1,0,1
2025-04-01,ef-1112,sakura filter,723.0,0,191.0,6212.9,1686.8083333333334,,rojo,0,1.0914257478089708,2025-01-21,1.84,384.0,0.0,0,1200.0,0.0,1,0,
2025-03-01,18057,narva,113.0,0,39.0,4838.900000000001,1787.4366666666667,,rojo,0,0.4401581860357338,2023-09-21,15.191222023963928,462.0,0.0,0,,0.0,1,0,
2025-03-01,18048,narva,105.0,0,39.0,2420.0,1198.6866666666667,,rojo,0,0.38481253718878106,2023-04-18,16.43603131292188,1008.0,0.0,0,,0.0,1,0,
2025-03-01,t1193,ito koyama - trapecios,0.0,50,5.0,106.12,76.18,,rojo,0,0.5440551297362677,2024-03-19,15.65225,40.0,782.6125000000001,0,,0.0,1,0,
2025-04-01,fs-18290,sakura filter,514.0,0,66.0,5951.29,1589.9016666666666,,rojo,0,0.769265013861271,2024-12-13,5.33,192.0,0.0,0,736.0,0.0,1,0,
2025-03-01,mi-720,ito koyama - palieres,71.0,0,12.0,513.26,126.83333333333333,,rojo,0,0.5488128872886618,2024-10-24,10.3,50.0,0.0,0,,0.0,1,0,
2025-03-01,a-65540,sakura filter,40.0,0,9.0,113.26,47.23833333333334,,rojo,0,0.8613361008752053,2024-04-18,2.31,100.0,0.0,0,,0.0,1,0,
2025-03-01,c-5106,sakura filter,82.0,0,63.0,1186.02,816.1766666666667,,rojo,0,0.8874164933813277,2024-10-16,3.64,575.0,0.0,0,,0.0,1,0,
2025-03-01,icd2343,ishikawa - pastillas de freno,104.0,0,58.0,650.18,265.93666666666667,,rojo,0,0.97603886475833,2024-07-26,3.35,100.0,0.0,0,,0.0,1,0,
2025-03-01,icd242,ishikawa - pastillas de freno,3.0,0,60.0,9544.5,3353.7100000000005,,rojo,0,0.9576271720217516,2024-07-26,3.23,100.0,0.0,0,,0.0,1,0,
2025-04-01,c-1922,sakura filter,1191.0,0,78.0,1314.78,532.8883333333333,,rojo,0,1.2184063400219691,2024-11-11,1.6,240.0,0.0,0,,0.0,1,0,
2024-03-01,60489000,monark - alemania,0.0,50,0.0,0.0,0.0,inf,rojo,4,0.754308815570141,,,,,0,,0.0,1,0,1
2025-03-01,a-1952,sakura filter,10.0,0,12.0,143.31,44.413333333333334,,rojo,0,0.8470990534689182,2023-10-23,3.56,40.0,0.0,0,,0.0,1,0,
2025-03-01,c-45030,sakura filter,220.0,0,20.0,1357.94,281.67333333333335,,rojo,0,0.9967180293528144,2025-01-10,3.32,96.0,0.0,0,0.0,0.0,1,0,
2025-02-01,a-1662,sakura filter,141.0,0,9.0,206.7,55.85833333333333,,rojo,0,0.9105030421855779,2024-12-13,2.67,40.0,0.0,0,0.0,0.0,1,0,
2024-05-01,rhy010,ito koyama - direccion,0.0,100,0.0,0.0,0.0,0.8331096766982432,rojo,6,0.7414061138053772,2023-05-19,3.23,160.0,323.0,0,,0.0,1,0,1
2025-03-01,af12097m,prestone - mexico,186.0,0,4.0,573.56,171.18666666666664,,rojo,0,0.4055610054370962,2025-02-07,11.82,240.0,0.0,0,,0.0,1,0,
2025-03-01,df712870xb,ito koyama - amortiguadores,130.0,0,15.0,208.26999999999998,123.42166666666667,,rojo,0,0.6713084300081102,2024-11-29,6.1,100.0,0.0,0,,0.0,1,0,
2025-04-01,o-1325,sakura filter,267.0,0,30.0,447.77,196.01666666666665,,rojo,0,0.8788031455657889,2024-10-22,3.28,300.0,0.0,0,200.0,0.0,1,0,
2025-03-01,n025,ito koyama - resortes,0.0,50,42.0,1465.29,897.495,,rojo,0,0.6013459182295613,2024-11-04,4.4,120.0,220.00000000000003,0,,0.0,1,0,
2025-03-01,332011,ito koyama - amortiguadores,91.0,0,14.0,243.68,93.48833333333333,,rojo,0,0.6658852822256223,2024-11-08,10.4,59.0,0.0,0,,0.0,1,0,
2025-03-01,fs-11650,sakura filter,370.0,0,14.0,602.18,183.71666666666667,,rojo,0,0.601235168581424,2024-11-11,2.96,100.0,0.0,0,200.0,0.0,1,0,
2025-02-01,sdhd-295,seco - embragues,68.0,0,4.0,20.25,79.98833333333333,,rojo,0,0.38000124502279425,2024-07-18,15.61,150.0,0.0,0,,0.0,1,0,
2025-03-01,fc-1105,sakura filter,23.0,0,11.0,643.61,123.67500000000001,,rojo,0,0.6296318347855572,2024-01-18,4.0,150.0,0.0,0,,0.0,1,0,
2025-02-01,fc-7933,sakura filter,20.0,0,3.0,23.76,15.586666666666668,,rojo,0,0.6263457780767823,2023-10-05,3.75,30.0,0.0,0,,0.0,1,0,
2025-02-01,fc-7928,sakura filter,272.0,0,2.0,26.83,9.18,,rojo,0,0.9969122550395437,2024-09-17,3.06,204.0,0.0,0,,0.0,1,0,
2025-01-01,pu-1046/x,mann - brasil,0.0,50,37.0,0.0,1330.2683333333334,,rojo,0,0.5266242579293527,2024-11-13,6.0,504.0,300.0,0,,0.0,1,0,
2025-03-01,fs-4301,sakura filter,1198.0,0,36.0,1088.8600000000001,364.5016666666667,,rojo,0,0.7596712214700545,2024-11-28,3.3,1000.0,0.0,0,,0.0,1,0,
2024-07-01,eo-2604,sakura filter,0.0,50,0.0,0.0,0.0,inf,rojo,6,0.7413384394092344,2021-08-27,2.4,50.0,120.0,0,,0.0,1,0,1
2025-03-01,a-1178,sakura filter,0.0,0,41.0,615.17,191.74666666666667,,rojo,0,1.393976721805557,2024-11-11,1.07,200.0,0.0,0,160.0,0.0,1,0,
2025-03-01,v-polos,sin definicion,0.0,50,16.0,0.0,0.0,,rojo,0,-1.0,2024-03-07,27.43468158863027,200.0,1371.7340794315135,0,,0.0,1,0,
2025-03-01,68196,narva,380.0,0,13.0,1044.76,288.19,,rojo,0,0.44903095045504193,2024-05-29,2.288334241747856,1000.0,0.0,0,,0.0,1,0,
2025-04-01,fc-7920,sakura filter,379.0,0,3.0,174.47,35.83,,rojo,0,0.9676135626858354,2024-11-11,3.2,100.0,0.0,0,,0.0,1,0,
2025-03-01,ho-5025,ito koyama - palieres,22.0,0,20.0,498.81,167.84,,rojo,0,0.5213620300199678,2024-12-17,7.6,50.0,0.0,0,,0.0,1,0,
2025-03-01,ca-1402,sakura filter,295.0,0,17.0,100.73,31.36666666666667,,rojo,0,1.05096827124056,2024-09-30,1.13,200.0,0.0,0,,0.0,1,0,
2025-03-01,ni-045,ito koyama - palieres,39.0,0,6.0,515.96,85.99333333333334,,rojo,0,0.6315027022792863,2024-12-17,9.6,54.0,0.0,0,,0.0,1,0,
2025-03-01,c-1032,sakura filter,0.0,50,18.0,397.13,113.065,,rojo,0,0.6944278427492501,2024-10-31,1.45,150.0,72.5,0,,0.0,1,0,
2024-01-01,s-bolsas,sin definicion,0.0,50,0.0,0.0,0.0,,rojo,0,-1.0,2022-10-03,0.1,900.0,5.0,0,,0.0,1,0,
2025-03-01,891566,valvoline - usa,378.0,0,7.0,787.14,313.52500000000003,,rojo,0,0.6287239422470731,2025-03-10,2.583333,252.0,0.0,0,,0.0,1,0,
2025-02-01,icd0009,ishikawa - pastillas de freno,0.0,50,64.0,396.76,509.1466666666667,,rojo,0,1.0532117072953981,2024-07-26,3.54,210.0,177.0,0,,0.0,1,0,
2025-02-01,bsu002,ito koyama - bocamazas,18.0,0,3.0,29.46,24.30666666666667,,rojo,0,0.4848661121861269,2024-11-13,16.64,20.0,0.0,0,,0.0,1,0,
2025-03-01,dt-628,aisin - japon,0.0,50,12.0,1791.08,410.1816666666667,,rojo,0,0.3721229955767666,2023-11-06,46.55,60.0,2327.5,0,,0.0,1,0,
2025-02-01,a-lapiceros,sin definicion,0.0,50,33.0,0.0,0.0,,rojo,0,-1.0,2023-05-04,0.15678,5000.0,7.839,0,,0.0,1,0,
2025-02-01,bdd050,ishikawa - discos de freno,0.0,50,12.0,244.16000000000003,146.03666666666666,,rojo,0,1.007411689357824,2023-12-23,6.49,200.0,324.5,0,,0.0,1,0,
2025-03-01,54660-b2100,ito koyama - amortiguadores,116.0,0,15.0,132.79,83.94,,rojo,0,0.5356706279633788,2022-09-23,11.8,11.0,0.0,0,,0.0,1,0,
2025-03-01,af6100/2f,prestone - usa,237.0,0,1.0,35.59,5.9316666666666675,,rojo,0,0.3807140898681204,2023-04-20,7.39,432.0,0.0,0,,0.0,1,0,
2025-03-01,rki001,ito koyama - direccion,182.0,0,8.0,1108.68,184.78,,rojo,0,0.6968266763693353,2025-02-28,1.810486,300.0,0.0,0,,0.0,1,0,
2025-03-01,a-6903-s,sakura filter,35.0,0,4.0,961.6,160.26666666666668,,rojo,0,0.6954366315625905,2024-02-27,38.87,9.0,0.0,0,,0.0,1,0,
2025-03-01,dt265/70r16,deestone,51.0,0,12.0,2433.89,1049.1966666666667,,rojo,0,0.4727355502545441,2024-10-28,53.81,60.0,0.0,0,,0.0,1,0,
2024-04-01,scsz-507,seco - embragues,0.0,50,0.0,0.0,0.0,2.2110831935702664,rojo,4,0.40649293609008214,2022-08-08,11.94,30.0,597.0,0,,0.0,1,0,1
2025-02-01,bdd079,ishikawa - discos de freno,16.0,0,12.0,343.68,161.96666666666667,,rojo,0,0.8392827334017414,2024-10-30,7.93,50.0,0.0,0,,0.0,1,0,
2025-04-01,as-2206-s,sakura filter,316.0,0,47.0,1047.0,371.2933333333333,,rojo,0,0.9811957470808501,2025-02-28,2.94,168.0,0.0,0,,0.0,1,0,
2025-03-01,a-2839,sakura filter,97.0,0,19.0,136.23000000000002,50.921666666666674,,rojo,0,0.9368333516572234,2024-09-17,1.7,100.0,0.0,0,,0.0,1,0,
2025-02-01,af850/xf,prestone - usa,48.0,0,2.0,635.59,127.11833333333334,,rojo,0,0.38330566883650175,2023-10-24,7.69,324.0,0.0,0,,0.0,1,0,
2025-03-01,t016,ito koyama - resortes,305.0,0,203.0,21045.19,7147.555,,rojo,0,0.8172955382861884,2024-12-26,9.8,1000.0,0.0,0,,0.0,1,0,
2025-03-01,fc-1108,sakura filter,337.0,0,8.0,704.9399999999999,117.49,,rojo,0,0.7779648856739414,2025-01-31,1.7,50.0,0.0,0,,0.0,1,0,
2025-03-01,c-1112,sakura filter,440.0,0,25.0,485.79999999999995,182.785,,rojo,0,0.8305819236285091,2024-10-31,2.5,400.0,0.0,0,,0.0,1,0,
2025-03-01,rto014,ito koyama - direccion,368.0,0,9.0,5631.75,938.625,,rojo,0,0.691392835489434,2025-02-28,2.646073,500.0,0.0,0,,0.0,1,0,
2025-02-01,mwmwd1210,wagner - pastillas,6.0,0,13.0,174.57,101.77833333333335,,rojo,0,0.6716504779073272,2024-07-20,9.1,40.0,0.0,0,,0.0,1,0,
2025-03-01,di1540ci500,valvoline,11.0,0,8.0,2161.03,530.51,,rojo,0,0.40415583984971276,2024-11-12,48.02,30.0,0.0,0,,0.0,1,0,
2025-03-01,sb002,ito koyama - resortes,26.0,0,12.0,154.37,63.65,,rojo,0,0.6464721212731743,2024-01-22,4.9,96.0,0.0,0,,0.0,1,0,
2025-03-01,icd2272,ishikawa - pastillas de freno,130.0,0,41.0,1137.41,288.1816666666667,,rojo,0,1.0548962690869843,2024-07-26,3.55,200.0,0.0,0,,0.0,1,0,
2025-03-01,fc-1002,sakura filter,430.0,0,47.0,1209.04,330.52000000000004,,rojo,0,0.7816161124830129,2024-11-11,1.8,500.0,0.0,0,200.0,0.0,1,0,
2024-11-01,11109,versachem - usa,2.0,100,2.0,0.0,79.17166666666667,1.1690778843542564,amarillo,1,0.40707586368005055,2023-04-18,1.68,432.0,168.0,0,,0.04445394252801137,0,0,1
2025-03-01,icd1937,ishikawa - pastillas de freno,63.0,0,19.0,126.00999999999999,54.050000000000004,,rojo,0,0.9499082174181324,2024-01-09,3.86,200.0,0.0,0,,0.0,1,0,
2025-02-01,sfc-1905-10,sakura filter,48.0,0,1.0,38.31,6.385000000000001,,rojo,0,0.8816713441481222,2023-10-25,4.15,24.0,0.0,0,,0.0,1,0,
2025-03-01,a-2929,sakura filter,403.0,0,5.0,22.07,23.893333333333334,,rojo,0,0.7865600057745474,2023-11-24,3.86,20.0,0.0,0,,0.0,1,0,
2025-03-01,eo-1702,sakura filter,0.0,50,26.0,281.56,85.19166666666666,,rojo,0,0.7692299335306361,2023-10-25,1.44,150.0,72.0,0,,0.0,1,0,
2025-04-01,ca-3301,sakura filter,361.0,0,14.0,141.19,40.10666666666667,,rojo,0,0.8801248693849557,2024-10-22,1.21,280.0,0.0,0,,0.0,1,0,
2025-03-01,h947/1,mann - brasil,24.0,0,9.0,59.32000000000001,36.580000000000005,,rojo,0,0.4820831187108912,2024-09-12,4.04,60.0,0.0,0,,0.0,1,0,
2025-03-01,p1540ci500,prextoline - lubricantes,0.0,50,148.0,64011.85,17573.86,,rojo,0,0.3837856888675143,2024-11-20,29.5,750.0,1475.0,0,,0.0,1,0,
2025-03-01,a-1431,sakura filter,152.0,0,11.0,81.97,25.098333333333333,,rojo,0,1.0673411669259383,2024-09-17,1.42,100.0,0.0,0,100.0,0.0,1,0,
2025-03-01,a-2002,sakura filter,1.0,0,12.0,88.75,27.971666666666664,,rojo,0,0.9130899735920377,2022-12-02,2.58,200.0,0.0,0,0.0,0.0,1,0,
2025-03-01,sf-1912-30,sakura filter,543.0,0,13.0,417.49,191.36833333333334,,rojo,0,1.3392781154047426,2025-02-28,3.27,400.0,0.0,0,,0.0,1,0,
2025-03-01,55310-h9200,ito koyama - amortiguadores,108.0,0,37.0,701.24,330.77000000000004,,rojo,0,0.7006831805482467,2024-11-29,6.4,100.0,0.0,0,,0.0,1,0,
2025-02-01,dt-036v,aisin - japon,0.0,50,29.0,489.83,975.0333333333333,,rojo,0,0.6589082693054468,2024-01-11,17.74,200.0,886.9999999999999,0,,0.0,1,0,
2025-03-01,rhy001,ito koyama - direccion,47.0,0,11.0,471.43,78.57166666666667,,rojo,0,0.6549254021773827,2025-02-28,1.810486,200.0,0.0,0,,0.0,1,0,
2025-03-01,ge-007,ito koyama - palieres,99.0,0,18.0,128.88,112.25833333333333,,rojo,0,0.5401849736323293,2024-10-24,7.7,100.0,0.0,0,,0.0,1,0,
2025-03-01,b32t34900c,ito koyama - amortiguadores,23.0,0,27.0,513.74,148.04,,rojo,0,0.7085907231729041,2024-11-29,11.2,48.0,0.0,0,,0.0,1,0,
2025-03-01,a-3320,sakura filter,45.0,0,5.0,61.71,32.805,,rojo,0,1.471527467779115,2023-10-25,1.71,120.0,0.0,0,,0.0,1,0,
2024-02-01,11347,marilia,0.0,100,0.0,0.0,0.0,1.6759807995220497,rojo,4,0.472680722522829,2019-08-23,1.76,500.0,176.0,0,,0.0,1,0,1
2025-02-01,sdhd-084,seco - embragues,2.0,0,9.0,66.1,130.06,,rojo,0,0.37988791748438505,2024-07-18,27.27,50.0,0.0,0,,0.0,1,0,
2025-04-01,c-6204,sakura filter,117.0,0,37.0,930.14,273.1816666666667,,rojo,0,0.7802784365220653,2024-11-11,2.9,200.0,0.0,0,225.0,0.0,1,0,
2025-02-01,t1185,ito koyama - trapecios,36.0,0,3.0,168.66,28.11,,rojo,0,0.6261764851743632,2024-12-10,3.91,60.0,0.0,0,,0.0,1,0,
2025-03-01,a-8504,sakura filter,34.0,0,15.0,1042.95,236.54333333333332,,rojo,0,1.1095366853244066,2024-11-11,1.76,200.0,0.0,0,,0.0,1,0,
2025-03-01,sk-901,ito koyama - palieres,233.0,0,20.0,241.19,136.805,,rojo,0,0.5621604305630402,2024-12-17,7.2,200.0,0.0,0,,0.0,1,0,
2025-04-01,es-57010,sakura filter,128.0,0,14.0,495.28999999999996,131.53166666666667,,rojo,0,0.9100093180913319,2024-11-04,2.45,200.0,0.0,0,,0.0,1,0,
2025-04-01,fc-13210,sakura filter,75.0,0,28.0,1137.02,417.74,,rojo,0,0.811909401183956,2024-09-17,12.09,120.0,0.0,0,0.0,0.0,1,0,
2025-04-01,a-1050,sakura filter,38.0,0,38.0,3944.32,1116.7733333333333,,rojo,0,0.6566211435954291,2024-10-22,9.26,120.0,0.0,0,16.0,0.0,1,0,
2025-03-01,a-2408,sakura filter,26.0,0,7.0,211.18,84.20166666666667,,rojo,0,0.7814355951150753,2023-01-10,16.96,60.0,0.0,0,,0.0,1,0,
2024-10-01,17053,narva,0.0,50,1.0,0.0,6.215,inf,rojo,4,0.449337583802931,2024-09-16,0.15856471502780914,200.0,7.928235751390457,0,,0.0,1,0,1
2025-03-01,26560143,sakura filter,885.0,0,48.0,2196.75,870.7733333333334,,rojo,0,0.9003934579895817,2025-01-10,3.5,300.0,0.0,0,,0.0,1,0,
2025-02-01,icd1543,ishikawa - pastillas de freno,0.0,50,73.0,1406.84,620.3083333333333,,rojo,0,0.941496443141541,2024-07-26,5.05,300.0,252.5,0,,0.0,1,0,
2025-03-01,to-2435,ito koyama - palieres,0.0,50,54.0,9161.46,1890.2766666666666,,rojo,0,0.6469514727288014,2024-12-17,6.2,400.0,310.0,0,,0.0,1,0,
2025-01-01,bfu-811,mann - brasil,0.0,50,7.0,30.08,36.26833333333334,,rojo,0,0.4590536777805063,2024-11-13,3.97,36.0,198.5,0,,0.0,1,0,
2025-03-01,rto009,ito koyama - direccion,383.0,0,4.0,113.22,18.87,,rojo,0,0.79700849568717,2025-02-28,2.785331,405.0,0.0,0,,0.0,1,0,
2025-03-01,hy023,ito koyama - resortes,28.0,0,49.0,1771.89,481.2033333333334,,rojo,0,0.8579108892549983,2024-12-26,5.15,104.0,0.0,0,,0.0,1,0,
2025-03-01,bdd010,ishikawa - discos de freno,0.0,50,26.0,1400.9199999999998,463.48499999999996,,rojo,0,0.8517968345026516,2024-07-24,10.09,50.0,504.5,0,,0.0,1,0,
2025-03-01,48607,narva,0.0,50,28.0,2255.26,741.4416666666666,,rojo,0,0.5196792770268291,2024-09-16,6.9178569518566135,200.0,345.89284759283066,0,,0.0,1,0,
2025-03-01,sfc-7939-30b,sakura filter,79.0,0,12.0,861.98,461.1716666666666,,rojo,0,0.6192013081600609,2024-08-28,16.89,102.0,0.0,0,102.0,0.0,1,0,
2025-03-01,a-71420-s,sakura filter,146.0,0,42.0,3146.66,1148.8133333333333,,rojo,0,0.5830188888932051,2025-01-31,31.66,99.0,0.0,0,0.0,0.0,1,0,
2025-03-01,h-1271,mann - brasil,17.0,0,2.0,159.56,26.593333333333334,,rojo,0,0.40547145282885044,2022-10-05,5.54,60.0,0.0,0,,0.0,1,0,
2025-03-01,c-1007,sakura filter,46.0,0,43.0,1356.07,540.6466666666666,,rojo,0,0.6345932478281493,2024-10-22,7.7,198.0,0.0,0,198.0,0.0,1,0,
2025-02-01,f-11141,sakura filter,0.0,0,53.0,1508.74,1118.1200000000001,,rojo,0,1.3272889010351137,2024-11-11,2.8,100.0,0.0,0,100.0,0.0,1,0,
2025-03-01,i-agenda,sin definicion,0.0,50,44.0,0.0,0.0,,rojo,0,-1.0,2024-07-08,45.43403701121023,500.0,2271.7018505605115,0,,0.0,1,0,
2025-03-01,rto015,ito koyama - direccion,389.0,0,8.0,4376.72,729.4533333333334,,rojo,0,0.6837719737428672,2025-02-28,2.506808,501.0,0.0,0,,0.0,1,0,
2025-03-01,ca-66030,sakura filter,70.0,0,6.0,91.4,50.13666666666666,,rojo,0,0.9096233214458459,2024-11-11,2.03,100.0,0.0,0,,0.0,1,0,
2025-03-01,mi005,ito koyama - resortes,0.0,50,8.0,37.28,25.766666666666666,,rojo,0,0.7487453156046184,2024-01-22,3.85,64.0,192.5,0,,0.0,1,0,
2025-02-01,ge-008,ito koyama - palieres,10.0,0,17.0,326.24,113.23333333333333,,rojo,0,0.5562725002409165,2024-10-24,6.7,50.0,0.0,0,,0.0,1,0,
2025-03-01,ge001,ito koyama - resortes,66.0,0,9.0,80.47,115.28666666666668,,rojo,0,0.6235112401429329,2024-11-04,7.3,80.0,0.0,0,,0.0,1,0,
2025-04-01,wk-1060/2,mann - brasil,343.0,0,127.0,15198.82,5093.531666666667,,rojo,0,0.36277633050205055,2024-11-13,11.99,900.0,0.0,0,,0.0,1,0,
2025-03-01,dt205/55r16,deestone,32.0,0,19.0,1776.6100000000001,720.7133333333333,,rojo,0,0.5171079788580265,2024-09-20,26.94,120.0,0.0,0,,0.0,1,0,
2024-04-01,49027b,tkl - taiwan,0.0,150,0.0,0.0,0.0,1.5199861742974317,rojo,4,0.6244137443751522,2022-10-20,2.5,600.0,375.0,0,,0.0,1,0,1
2025-03-01,mwmwd242,wagner - pastillas,0.0,50,4.0,102.54,27.365,,rojo,0,0.5560679287512295,2024-07-20,7.0,40.0,350.0,0,,0.0,1,0,
2025-02-01,t1131,ito koyama - trapecios,105.0,0,6.0,153.82,32.15333333333333,,rojo,0,0.6205096555057246,2024-03-19,7.536214,140.0,0.0,0,,0.0,1,0,
2025-02-01,ctx-118,aisin - japon,326.0,0,5.0,198.31,100.89,,rojo,0,0.4636314169585281,2024-04-16,32.27,200.0,0.0,0,,0.0,1,0,
2025-03-01,srb-40,seco - embragues,3.0,0,8.0,136.02,48.30666666666667,,rojo,0,0.4089114850193285,2024-07-18,8.0,50.0,0.0,0,,0.0,1,0,
2025-03-01,t1066,ito koyama - trapecios,39.0,0,2.0,105.65,17.608333333333334,,rojo,0,0.5860570427355333,2024-12-10,9.57,40.0,0.0,0,,0.0,1,0,
2025-04-01,eo-65090,sakura filter,1023.0,0,52.0,799.88,247.97666666666666,,rojo,0,1.1474508241660102,2025-01-10,0.85,800.0,0.0,0,300.0,0.0,1,0,
2025-04-01,ca-1112,sakura filter,762.0,0,67.0,1271.62,406.33,,rojo,0,1.518053270840173,2025-01-31,0.78,500.0,0.0,0,300.0,0.0,1,0,
2025-03-01,cu-37001,mann - brasil,8.0,0,3.0,96.95,32.31666666666666,,rojo,0,0.5838044155235924,2024-02-05,4.937259969711304,60.0,0.0,0,,0.0,1,0,
2025-03-01,bdd020,ishikawa - discos de freno,668.0,0,91.0,8515.460000000001,2760.4083333333333,,rojo,0,0.7795016058563097,2024-10-30,11.8,400.0,0.0,0,,0.0,1,0,
2025-04-01,v003,ito koyama - resortes,108.0,0,12.0,330.64,90.09666666666668,,rojo,0,0.6289984693165959,2024-12-26,8.8,56.0,0.0,0,,0.0,1,0,
2025-03-01,gw001,ito koyama - resortes,24.0,0,22.0,313.17,148.35666666666665,,rojo,0,0.7173837790485691,2024-01-22,6.3,120.0,0.0,0,,0.0,1,0,
2025-04-01,fc-1003,sakura filter,158.0,0,45.0,755.0899999999999,299.49833333333333,,rojo,0,0.9981669699868126,2024-11-28,1.9,200.0,0.0,0,0.0,0.0,1,0,
2025-03-01,ca-18310,sakura filter,36.0,0,3.0,119.2,19.866666666666667,,rojo,0,0.7245775354659963,2024-12-26,1.15,60.0,0.0,0,,0.0,1,0,
2024-09-01,tto016,ito koyama - direccion,32.0,50,0.0,0.0,0.0,1.3028814220795382,verde,6,0.8213460102274254,2023-05-19,2.77,80.0,138.5,0,,8.0,0,0,0
2025-03-01,48520-12610,ito koyama - amortiguadores,238.0,0,31.0,1128.78,445.69166666666666,,rojo,0,0.6276459140842945,2024-11-29,11.2,89.0,0.0,0,,0.0,1,0,
2025-03-01,ni-026,ito koyama - palieres,50.0,0,16.0,448.59000000000003,158.49166666666667,,rojo,0,0.5526637467204784,2024-10-24,9.7,50.0,0.0,0,,0.0,1,0,
2025-03-01,a-6609,sakura filter,52.0,0,11.0,121.07000000000001,25.188333333333333,,rojo,0,1.1443722979625466,2025-01-10,2.61,60.0,0.0,0,0.0,0.0,1,0,
2025-02-01,bdd038,ishikawa - discos de freno,0.0,50,12.0,151.32999999999998,108.69666666666667,,rojo,0,0.8358229636870249,2024-01-24,6.38,50.0,319.0,0,,0.0,1,0,
2025-01-01,pu-911,mann - brasil,0.0,50,4.0,130.51,127.40166666666666,,rojo,0,0.5145237572899947,2024-02-09,11.930421613454818,68.0,596.5210806727409,0,,0.0,1,0,
2025-03-01,fc-1803,sakura filter,326.0,0,29.0,353.46,193.0716666666667,,rojo,0,0.8459851526725564,2024-10-31,2.49,240.0,0.0,0,,0.0,1,0,
2025-04-01,ca-17160,sakura filter,218.0,0,41.0,844.84,194.5616666666667,,rojo,0,1.1021140978778112,2024-11-11,0.95,200.0,0.0,0,220.0,0.0,1,0,
2025-03-01,aty006,ito koyama - direccion,492.0,0,10.0,397.32,66.22,,rojo,0,0.7037434905941905,2025-02-28,2.158644,590.0,0.0,0,,0.0,1,0,
2025-03-01,a-1878,sakura filter,107.0,0,20.0,236.18,64.27333333333333,,rojo,0,1.557809431575395,2024-11-04,1.1,200.0,0.0,0,,0.0,1,0,
2025-02-01,ch007,ito koyama - resortes,82.0,0,9.0,49.63,65.36333333333333,,rojo,0,0.829595379057963,2024-01-22,6.51,148.0,0.0,0,,0.0,1,0,
2025-03-01,54650-d4000,ito koyama - amortiguadores,29.0,0,10.0,102.22,87.695,,rojo,0,0.6616977742169756,2023-07-25,11.8,52.0,0.0,0,,0.0,1,0,
2025-03-01,eo-83020,sakura filter,33.0,0,19.0,640.44,223.43166666666664,,rojo,0,0.8769664095151203,2024-11-04,3.72,150.0,0.0,0,0.0,0.0,1,0,
2025-03-01,a-61530,sakura filter,2636.0,0,106.0,4718.91,1405.3149999999998,,rojo,0,1.4108093873839678,2025-01-10,2.1,60.0,0.0,0,1500.0,0.0,1,0,
2025-04-01,t015,ito koyama - resortes,1150.0,0,188.0,6409.03,2940.7566666666667,,rojo,0,0.7641773083683994,2024-12-26,4.7,1200.0,0.0,0,,0.0,1,0,
2025-03-01,ca-10150,sakura filter,0.0,0,62.0,1568.23,464.71333333333337,,rojo,0,1.0573299722475982,2024-11-04,1.92,200.0,0.0,0,300.0,0.0,1,0,
2025-04-01,ef-10080,sakura filter,1274.0,0,90.0,1813.94,1154.0816666666667,,rojo,0,0.9799085820584802,2024-12-13,3.45,400.0,0.0,0,600.0,0.0,1,0,
2025-03-01,ef-5102,sakura filter,925.0,0,111.0,23888.55,8923.77,,rojo,0,0.9127849673971862,2025-01-10,5.93,360.0,0.0,0,1020.0,0.0,1,0,
2025-02-01,w-950/9,mann - brasil,18.0,0,8.0,26.66,95.455,,rojo,0,0.4896005183273136,2024-09-12,8.84,60.0,0.0,0,,0.0,1,0,
2025-03-01,cac-11380,sakura filter,900.0,0,18.0,614.16,196.59,,rojo,0,1.095167637873676,2025-01-31,1.87,600.0,0.0,0,,0.0,1,0,
2025-03-01,5531007100,ito koyama - amortiguadores,118.0,0,24.0,2932.44,1098.8,,rojo,0,0.7660168216246174,2024-11-29,7.0,100.0,0.0,0,,0.0,1,0,
2025-03-01,a-28990,sakura filter,445.0,0,27.0,517.32,161.95000000000002,,rojo,0,0.7057689275068338,2024-11-11,2.74,260.0,0.0,0,300.0,0.0,1,0,
2025-03-01,a-5149-s,sakura filter,501.0,0,26.0,842.6299999999999,409.66166666666663,,rojo,0,0.9658259971283609,2025-01-21,6.44,198.0,0.0,0,,0.0,1,0,
2025-02-01,h-962,mann - brasil,274.0,0,7.0,21.2,153.36166666666665,,rojo,0,0.566608716347234,2024-02-09,9.61331172466278,200.0,0.0,0,,0.0,1,0,
2025-02-01,sdhd-519,seco - embragues,0.0,50,26.0,1436.6,846.44,,rojo,0,0.37726011702325696,2024-07-18,18.98,200.0,949.0,0,,0.0,1,0,
2025-03-01,bdd043,ishikawa - discos de freno,30.0,0,10.0,281.33,74.26166666666667,,rojo,0,0.8578221615088835,2024-10-30,5.598,50.0,0.0,0,,0.0,1,0,
2025-03-01,bto016,ito koyama - bocamazas,5.0,0,21.0,1050.22,321.0083333333333,,rojo,0,0.9065041897972272,2024-11-13,8.25,120.0,0.0,0,,0.0,1,0,
2025-03-01,54661-a0100,ito koyama - amortiguadores,0.0,50,22.0,387.0,183.14,,rojo,0,0.6201702284847029,2024-02-29,12.1,102.0,605.0,0,,0.0,1,0,
2025-03-01,a-8506-s,sakura filter,1292.0,0,203.0,33819.54,13745.4,,rojo,0,0.9890896220868274,2025-01-31,5.89,696.0,0.0,0,744.0,0.0,1,0,
2025-03-01,48540-0d570,ito koyama - amortiguadores,364.0,0,91.0,5580.38,1528.3433333333332,,rojo,0,0.8041852475506961,2024-11-29,6.4,650.0,0.0,0,,0.0,1,0,
2025-03-01,tto002,ito koyama - direccion,170.0,0,5.0,92.88000000000001,15.480000000000002,,rojo,0,0.660507724059563,2025-02-28,2.228275,202.0,0.0,0,,0.0,1,0,
2025-03-01,sfc-1902-30,sakura filter,242.0,0,10.0,398.18,138.65166666666667,,rojo,0,1.1149980969629854,2024-10-22,4.84,40.0,0.0,0,,0.0,1,0,
2025-02-01,ni-012,ito koyama - palieres,0.0,50,44.0,1277.7,540.6933333333333,,rojo,0,0.6256498971998298,2024-12-17,6.8,100.0,340.0,0,,0.0,1,0,
2025-04-01,ac-7901,sakura filter,385.0,0,85.0,4730.09,1662.2466666666667,,rojo,0,0.5823163602842583,2025-01-22,10.67,348.0,0.0,0,498.0,0.0,1,0,
2025-04-01,sf-1911-30,sakura filter,226.0,0,44.0,482.97,223.53333333333333,,rojo,0,0.7671573851702612,2024-11-11,1.47,400.0,0.0,0,150.0,0.0,1,0,
2025-02-01,dt-123v,aisin - japon,0.0,100,236.0,68109.41,26494.823333333334,,rojo,0,0.3925437373818564,2024-11-29,14.66,3000.0,1466.0,0,,0.0,1,0,
2025-03-01,sfc-8801-10b,sakura filter,74.0,0,14.0,748.34,191.44333333333336,,rojo,0,1.1445229057730055,2024-04-18,5.8,100.0,0.0,0,,0.0,1,0,
2025-02-01,42027,narva,2764.0,0,2.0,45.76,10.733333333333334,,rojo,0,0.4919060892169711,2018-05-11,0.8089619566440582,2000.0,0.0,0,,0.0,1,0,
2025-03-01,sf-1911-10,sakura filter,417.0,0,6.0,53.739999999999995,31.956666666666667,,rojo,0,0.9620559280420844,2024-11-11,1.29,100.0,0.0,0,,0.0,1,0,
2025-03-01,a-1165,sakura filter,127.0,0,8.0,69.34,21.006666666666668,,rojo,0,0.7181787126558419,2024-08-28,1.93,100.0,0.0,0,,0.0,1,0,
2025-03-01,efg-1002,sakura filter,1056.0,0,95.0,15549.24,4917.2699999999995,,rojo,0,0.7699491427156564,2025-02-28,3.77,500.0,0.0,0,150.0,0.0,1,0,
2025-03-01,a-65510,sakura filter,242.0,0,31.0,747.02,254.70666666666668,,rojo,0,0.9687756322472588,2024-09-30,3.3,144.0,0.0,0,153.0,0.0,1,0,
2025-03-01,wk-1060,mann - brasil,0.0,50,85.0,20207.78,5534.016666666666,,rojo,0,0.36868815401974087,2024-11-13,11.92,420.0,596.0,0,,0.0,1,0,
2025-03-01,sfc-5509-10,sakura filter,54.0,0,13.0,709.98,202.81166666666664,,rojo,0,0.7557258869075719,2023-11-27,10.4,60.0,0.0,0,0.0,0.0,1,0,
2025-03-01,a-28560,sakura filter,0.0,50,41.0,616.05,589.3883333333333,,rojo,0,1.042327552712751,2024-12-13,4.03,45.0,201.5,0,,0.0,1,0,
2025-02-01,bdd040,ishikawa - discos de freno,0.0,50,12.0,88.32,107.96,,rojo,0,0.629062038920544,2024-07-24,12.08,50.0,604.0,0,,0.0,1,0,
2025-03-01,d001,ito koyama - resortes,1140.0,0,58.0,21679.48,4849.713333333333,,rojo,0,0.699889389151119,2024-12-26,2.9,600.0,0.0,0,,0.0,1,0,
2025-03-01,485100d851,ito koyama - amortiguadores,573.0,0,148.0,11724.789999999999,4130.363333333334,,rojo,0,0.7567981344950928,2024-11-29,10.1,780.0,0.0,0,,0.0,1,0,
2025-03-01,to-808,ito koyama - palieres,64.0,0,22.0,875.04,314.8933333333333,,rojo,0,0.6270956714868942,2024-10-24,6.1,100.0,0.0,0,,0.0,1,0,
2025-04-01,ef-15130,sakura filter,5943.0,0,410.0,73008.0,24425.47666666667,,rojo,0,0.8593028461922421,2025-02-28,4.14,375.0,0.0,0,1825.0,0.0,1,0,
2025-01-01,48728,narva,0.0,250,132.0,106.78,10948.251666666665,inf,rojo,4,0.6248368924445735,2024-09-16,3.2968154595851895,16000.0,824.2038648962974,0,,0.0,1,0,1
2025-01-01,a-6006,sakura filter,103.0,0,3.0,40.93,16.876666666666665,,rojo,0,0.8503940272326284,2024-08-29,9.0,120.0,0.0,0,,0.0,1,0,
2025-03-01,fs-1804,sakura filter,114.0,0,4.0,41.85,16.145,,rojo,0,0.6056997565024204,2023-10-05,2.6,50.0,0.0,0,,0.0,1,0,
2025-04-01,fc-2801,sakura filter,1046.0,0,94.0,2646.58,883.8516666666666,,rojo,0,0.7772603540494284,2024-11-04,2.8,216.0,0.0,0,864.0,0.0,1,0,
2025-02-01,opt-076,aisin - japon,57.0,0,4.0,619.1700000000001,286.81,,rojo,0,0.36529372782316366,2023-08-10,37.45,50.0,0.0,0,,0.0,1,0,
2025-03-01,rni007,ito koyama - direccion,171.0,0,2.0,518.6600000000001,86.44333333333334,,rojo,0,0.7107057898460468,2025-02-28,4.419722,201.0,0.0,0,,0.0,1,0,
2025-03-01,96187438,ito koyama - amortiguadores,5.0,0,18.0,1840.77,531.24,,rojo,0,0.6880890581867,2024-11-29,7.4,48.0,0.0,0,,0.0,1,0,
2025-04-01,cf-1651,mann - brasil,28.0,0,11.0,593.22,440.4816666666666,,rojo,0,0.40930032470147953,2024-11-13,20.85,120.0,0.0,0,,0.0,1,0,
2025-01-01,774038,valvoline - usa,0.0,50,3.0,0.0,298.7283333333333,,rojo,0,0.7708573208493573,2023-04-10,21.133333,117.0,1056.6666500000001,0,,0.0,1,0,
2025-03-01,bto007,ito koyama - bocamazas,52.0,0,10.0,328.73,89.18833333333333,,rojo,0,0.6388397952732119,2024-11-13,4.42,100.0,0.0,0,,0.0,1,0,
2025-04-01,c-23610,mann - brasil,16.0,0,35.0,5016.9400000000005,1573.45,,rojo,0,0.4487241044867081,2025-01-18,16.59,200.0,0.0,0,,0.0,1,0,
2025-03-01,sdki-440,seco - embragues,40.0,0,11.0,340.51,136.69500000000002,,rojo,0,0.4545673943284207,2024-07-18,13.81,120.0,0.0,0,,0.0,1,0,
2024-08-01,sat-017,aisin - japon,0.0,200,0.0,0.0,0.0,0.8914917644858705,rojo,6,0.5172279170352656,2024-05-31,102.72,120.0,20544.0,0,,0.0,1,0,1
2025-03-01,100-2c,ishikawa - cigueñales-culatas-ejes de levas,47.0,0,3.0,1683.47,280.5783333333333,,rojo,0,0.27822240766103074,2025-01-13,90.0,60.0,0.0,0,,0.0,1,0,
2025-03-01,acb-003-cs,aisin - japon,23.0,0,9.0,984.87,232.365,,rojo,0,0.4291729087997416,2024-04-11,10.16,216.0,0.0,0,,0.0,1,0,
2025-03-01,hy045,ito koyama - resortes,630.0,0,105.0,20445.6,9171.201666666666,,rojo,0,0.840617176727896,2024-12-26,4.5,792.0,0.0,0,,0.0,1,0,
2025-03-01,bdd060,ishikawa - discos de freno,30.0,0,10.0,487.64,129.04333333333332,,rojo,0,0.8161642651299287,2023-03-31,16.53,150.0,0.0,0,,0.0,1,0,
2025-03-01,ef-65030-s,sakura filter,32.0,0,20.0,1267.47,373.65000000000003,,rojo,0,1.133090537865526,2024-12-13,5.31,50.0,0.0,0,0.0,0.0,1,0,
2024-10-01,cf-100/1,mann - brasil,0.0,50,1.0,0.0,142.62666666666667,inf,rojo,4,0.46230075468585696,2024-09-12,11.33,60.0,566.5,0,,0.0,1,0,1
2025-03-01,tto027,ito koyama - direccion,214.0,0,6.0,398.35999999999996,68.14999999999999,,rojo,0,0.6446071595468308,2025-02-28,2.506809,300.0,0.0,0,,0.0,1,0,
2025-03-01,hy049,ito koyama - resortes,116.0,0,33.0,2741.55,888.88,,rojo,0,0.8340610571784057,2024-12-26,6.5,56.0,0.0,0,,0.0,1,0,
2025-02-01,ch013,ito koyama - resortes,0.0,50,3.0,83.8,22.718333333333334,,rojo,0,0.7451253538632294,2024-01-22,6.0,96.0,300.0,0,,0.0,1,0,
2025-03-01,p1540ci5500,prextoline - lubricantes,13.0,0,42.0,89516.82,38148.26,,rojo,0,0.45776716124095407,2024-11-20,295.0,80.0,0.0,0,,0.0,1,0,
2025-03-01,fc-62110,sakura filter,34.0,0,7.0,177.13,40.87166666666666,,rojo,0,0.8029868646372048,2024-03-14,2.93,125.0,0.0,0,,0.0,1,0,
2025-02-01,da-014,ito koyama - palieres,15.0,0,7.0,174.43,55.173333333333325,,rojo,0,0.5511597107120688,2024-10-24,6.5,50.0,0.0,0,,0.0,1,0,
2025-04-01,41063007,monark - alemania,0.0,50,10.0,1056.54,224.62333333333333,,rojo,0,0.39953112649511957,,,,,0,,0.0,1,0,
2025-03-01,c004,ito koyama - resortes,46.0,0,15.0,238.51,93.10166666666667,,rojo,0,0.9436615280520921,2024-11-04,5.5,80.0,0.0,0,,0.0,1,0,
2024-02-01,sm028,ito koyama - torretas,1.0,150,0.0,0.0,0.0,1.1572264436699804,amarillo,6,0.6909467651502179,2023-05-19,4.52,300.0,677.9999999999999,0,,0.04166373520743288,0,0,1
2025-03-01,dt-072,aisin - japon,37.0,0,11.0,700.02,281.81,,rojo,0,0.38689841033460254,2022-11-08,28.91,200.0,0.0,0,,0.0,1,0,
2025-02-01,dt-063v,aisin - japon,55.0,0,3.0,185.58999999999997,41.586666666666666,,rojo,0,0.4086677625166577,2023-05-05,20.62,100.0,0.0,0,,0.0,1,0,
2025-03-01,183101006,monark - alemania,427.0,0,21.0,1305.68,398.15000000000003,,rojo,0,0.4616496385375992,2024-02-23,12.936681067943573,800.0,0.0,0,,0.0,1,0,
2025-02-01,a-gorros,sin definicion,0.0,50,14.0,0.0,0.0,,rojo,0,-1.0,2023-04-01,33.39094682746941,500.0,1669.5473413734708,0,,0.0,1,0,
2025-04-01,a-5541-s,sakura filter,2991.0,0,292.0,49363.64,19806.850000000002,,rojo,0,0.811557375738075,2025-01-31,5.7,324.0,0.0,0,1656.0,0.0,1,0,
2025-03-01,fs-29090,sakura filter,282.0,0,14.0,360.41999999999996,98.315,,rojo,0,0.6442673154382957,2024-04-18,5.8,100.0,0.0,0,,0.0,1,0,
2025-03-01,a-1840-s,sakura filter,162.0,0,23.0,2767.54,1735.4066666666668,,rojo,0,0.7650049636327451,2025-01-31,23.41,50.0,0.0,0,0.0,0.0,1,0,
2025-03-01,bdd062,ishikawa - discos de freno,0.0,50,9.0,615.74,161.105,,rojo,0,0.9268183101250153,2024-01-09,14.26,80.0,713.0,0,,0.0,1,0,
2025-03-01,t006,ito koyama - resortes,358.0,0,75.0,14922.67,4791.5233333333335,,rojo,0,0.6989393791912825,2024-12-26,4.65,400.0,0.0,0,,0.0,1,0,
2025-04-01,c-1012,sakura filter,339.0,0,36.0,1252.76,383.2966666666666,,rojo,0,0.7451097120511553,2024-11-11,3.56,240.0,0.0,0,,0.0,1,0,
2025-03-01,a-6611,sakura filter,3.0,0,7.0,123.15,56.63166666666667,,rojo,0,0.9386594125307884,2024-08-29,2.08,60.0,0.0,0,60.0,0.0,1,0,
2025-04-01,eo-17030,sakura filter,1314.0,0,179.0,2492.88,941.1750000000001,,rojo,0,1.060325447363898,2024-11-28,0.95,900.0,0.0,0,600.0,0.0,1,0,
2025-03-01,thy003,ito koyama - direccion,121.0,0,7.0,789.6,131.6,,rojo,0,0.6422192462163167,2025-02-28,2.576438,200.0,0.0,0,,0.0,1,0,
2025-03-01,pp05300100,valvoline,0.0,50,85.0,10263.76,3858.275,,rojo,0,0.45641231719683917,2024-11-12,16.31,600.0,815.4999999999999,0,,0.0,1,0,
2025-04-01,eo-66020,sakura filter,899.0,0,47.0,537.3199999999999,225.765,,rojo,0,0.9251606231147219,2025-01-22,1.2,150.0,0.0,0,0.0,0.0,1,0,
2025-03-01,c-58270,sakura filter,328.0,0,109.0,13656.6,4980.086666666667,,rojo,0,0.664742983318895,2024-12-26,5.2,600.0,0.0,0,300.0,0.0,1,0,
2025-03-01,a-8513,sakura filter,709.0,0,57.0,1725.11,753.6716666666666,,rojo,0,1.055197304916163,2024-11-11,2.1,450.0,0.0,0,,0.0,1,0,
2025-03-01,hy-823,ito koyama - palieres,6.0,0,15.0,387.17,135.09166666666667,,rojo,0,0.573805942593253,2024-10-24,9.2,50.0,0.0,0,,0.0,1,0,
2025-04-01,c-271340,mann - brasil,63.0,0,30.0,1960.1699999999998,1242.9116666666666,,rojo,0,0.38254966499935916,2025-02-24,32.5,100.0,0.0,0,,0.0,1,0,
2025-03-01,ek001,ito koyama - direccion,0.0,50,2.0,144.95999999999998,24.159999999999997,,rojo,0,0.6402190920154637,2025-02-28,1.531987,96.0,76.59935,0,,0.0,1,0,
2025-03-01,tni011,ito koyama - direccion,170.0,0,2.0,208.66,34.776666666666664,,rojo,0,0.6974951246270361,2025-02-28,2.089001,196.0,0.0,0,,0.0,1,0,
2025-03-01,n014,ito koyama - resortes,493.0,0,53.0,1149.37,326.0083333333333,,rojo,0,0.8116435639699433,2024-12-26,3.65,240.0,0.0,0,,0.0,1,0,
2025-01-01,di1540ci025,valvoline,278.0,0,6.0,187.32,104.065,1.4125998544225828,verde,2,0.4507917108054076,2024-11-12,2.96,180.0,0.0,0,,9.504273504273504,0,0,0
2025-03-01,sk21fa-e,plumillas - sakura,252.0,0,16.0,639.44,220.67999999999998,,rojo,0,0.8743447383826145,2024-02-28,1.31,995.0,0.0,0,,0.0,1,0,
2025-03-01,c-18360/2,mann - brasil,28.0,0,14.0,804.39,276.1033333333333,,rojo,0,0.7308906270251031,2024-09-12,11.71,100.0,0.0,0,,0.0,1,0,
2025-03-01,ss02,ito koyama - resortes,4.0,0,16.0,170.32999999999998,130.05333333333334,,rojo,0,0.7416663187973088,2023-08-31,7.98,100.0,0.0,0,,0.0,1,0,
2025-03-01,tto029,ito koyama - direccion,172.0,0,12.0,705.54,117.58999999999999,,rojo,0,0.6890560878635382,2025-02-28,2.646067,300.0,0.0,0,,0.0,1,0,
2024-04-01,50006626,ks - alemania,0.0,200,0.0,0.0,0.0,1.356713941875495,rojo,4,0.4117597682202977,2023-02-06,4.96379644870758,210.0,992.759289741516,0,,0.0,1,0,1
2025-02-01,as-7988,sakura filter,16.0,0,5.0,174.8,78.26833333333333,,rojo,0,0.9110482190861663,2024-08-29,11.29,40.0,0.0,0,40.0,0.0,1,0,
2025-04-01,ef-18050,sakura filter,2688.0,0,151.0,5111.77,1803.96,,rojo,0,0.7564955406752543,2025-01-31,3.7,600.0,0.0,0,1375.0,0.0,1,0,
2025-02-01,bto005,ito koyama - bocamazas,64.0,0,10.0,74.00999999999999,102.33333333333333,,rojo,0,0.7472712087023474,2024-11-13,7.96,100.0,0.0,0,,0.0,1,0,
2025-02-01,ami002,ito koyama - direccion,94.0,0,6.0,52.15,14.961666666666666,,rojo,0,0.6890747558775083,2023-05-19,2.08,300.0,0.0,0,,0.0,1,0,
2025-04-01,n009,ito koyama - resortes,162.0,0,31.0,444.08000000000004,268.5366666666667,,rojo,0,0.7743618036066333,2024-01-22,4.41,688.0,0.0,0,,0.0,1,0,
2025-03-01,7246302r,ito koyama - amortiguadores,121.0,0,35.0,743.02,377.32666666666665,,rojo,0,0.6362824954952503,2024-11-29,10.9,72.0,0.0,0,,0.0,1,0,
2025-03-01,efg-15010,sakura filter,2487.0,0,96.0,3416.47,1248.4883333333335,,rojo,0,0.8592856117241617,2025-01-31,2.0,400.0,0.0,0,300.0,0.0,1,0,
2025-03-01,k16hpr-u11,denso - bujias - japon,210.0,0,14.0,469.32,206.41166666666666,,rojo,0,0.3665814073134598,2025-03-11,3.23,192.0,0.0,0,,0.0,1,0,
2024-11-01,tis-162,toyo - japon,10.0,50,1.0,0.0,21.186666666666667,0.7272609964065624,verde,4,0.3443341837770786,2020-11-12,9.192239983007312,60.0,459.6119991503656,0,,2.0873766861284477,0,0,0
2025-03-01,a-6119m,sakura filter,45.0,0,22.0,587.71,229.0666666666667,,rojo,0,0.6750086818316368,2024-11-11,10.0,19.0,0.0,0,0.0,0.0,1,0,
2025-03-01,c-25011,sakura filter,56.0,0,2.0,39.480000000000004,6.580000000000001,,rojo,0,0.8808781061746024,2022-01-18,1.84,200.0,0.0,0,,0.0,1,0,
2025-03-01,tto030,ito koyama - direccion,366.0,0,9.0,446.27,74.37833333333333,,rojo,0,0.7123485234771749,2025-02-28,1.949733,486.0,0.0,0,,0.0,1,0,
2025-04-01,a-5101,sakura filter,192.0,0,32.0,720.6800000000001,267.05,,rojo,0,1.0141127256064302,2024-11-04,1.84,200.0,0.0,0,0.0,0.0,1,0,
2025-03-01,dttmlt265/70r16,deestone,103.0,0,13.0,17955.61,3643.5633333333335,,rojo,0,0.3873455919901833,2025-02-25,67.0,139.0,0.0,0,,0.0,1,0,
2025-04-01,c-1515,sakura filter,1619.0,0,289.0,94400.48,29582.173333333336,,rojo,0,0.6842198395969,2025-01-21,4.6,80.0,0.0,0,500.0,0.0,1,0,
2025-03-01,ef-2634,sakura filter,1656.0,0,40.0,2305.53,514.0600000000001,,rojo,0,0.8560408465579062,2025-02-28,4.89,250.0,0.0,0,0.0,0.0,1,0,
2025-03-01,a-1118,sakura filter,0.0,50,4.0,90.3,17.761666666666667,,rojo,0,0.956859265549472,2023-11-24,3.87,18.0,193.5,0,,0.0,1,0,
2025-03-01,fs-8901,sakura filter,33.0,0,3.0,116.55,25.42,,rojo,0,0.8445126614148903,2024-11-11,3.57,50.0,0.0,0,,0.0,1,0,
2025-04-01,c-1533,sakura filter,1537.0,0,190.0,20672.260000000002,7351.91,,rojo,0,0.673718378366084,2024-11-11,5.5,498.0,0.0,0,432.0,0.0,1,0,
2025-03-01,bdd033,ishikawa - discos de freno,28.0,0,9.0,318.28,76.645,,rojo,0,0.9354197337085376,2024-10-30,6.79,50.0,0.0,0,,0.0,1,0,
2025-03-01,a-2843,sakura filter,333.0,0,7.0,349.24,82.72666666666667,,rojo,0,0.7043389374525454,2024-09-26,2.96,114.0,0.0,0,180.0,0.0,1,0,
2025-03-01,54303-70n00,ito koyama - amortiguadores,43.0,0,27.0,473.21000000000004,189.3166666666667,,rojo,0,0.6766516357523775,2024-08-22,9.4,60.0,0.0,0,,0.0,1,0,
2025-04-01,eo-2404,sakura filter,1305.0,0,108.0,5012.64,1507.4666666666665,,rojo,0,1.1191328306944544,2025-01-10,1.7,150.0,0.0,0,,0.0,1,0,
2025-03-01,ho-054,ito koyama - palieres,69.0,0,13.0,569.6700000000001,169.52166666666668,,rojo,0,0.5865411433076684,2024-12-17,7.4,100.0,0.0,0,,0.0,1,0,
2024-04-01,rxfc123188b,wagner locked - usa,0.0,200,0.0,0.0,0.0,2.0220301800438887,rojo,2,0.24496566442441736,2023-04-29,7.19,1080.0,1438.0,0,,0.0,1,0,1
2025-03-01,fs-1150,sakura filter,177.0,0,3.0,43.22,19.419999999999998,,rojo,0,0.8072097747512387,2024-11-11,3.95,100.0,0.0,0,,0.0,1,0,
2025-02-01,fc-55014,sakura filter,0.0,50,8.0,428.54,108.65499999999999,,rojo,0,0.6901785906181354,2024-12-13,2.99,80.0,149.5,0,,0.0,1,0,
2025-03-01,bto010,ito koyama - bocamazas,30.0,0,6.0,265.67,53.968333333333334,,rojo,0,0.5068029514090834,2024-11-13,15.43,40.0,0.0,0,,0.0,1,0,
2025-03-01,dt195/55r15,deestone,0.0,50,11.0,917.29,323.955,,rojo,0,0.4242093327621819,2024-09-20,23.86,40.0,1193.0,0,,0.0,1,0,
2025-03-01,op-011,ito koyama - palieres,363.0,0,21.0,706.88,317.59166666666664,,rojo,0,0.5828087255755751,2024-12-17,5.9,100.0,0.0,0,,0.0,1,0,
2025-02-01,cac-1801,sakura filter,126.0,0,1.0,49.41,8.235,,rojo,0,0.9187982490415021,2024-11-11,2.65,120.0,0.0,0,0.0,0.0,1,0,
2025-04-01,wk-1040,mann - brasil,858.0,0,372.0,66315.92,24285.786666666667,,rojo,0,0.4189591531882123,2025-01-18,9.32,1398.0,0.0,0,,0.0,1,0,
2025-03-01,56110-01n00,ito koyama - amortiguadores,106.0,0,21.0,345.53999999999996,230.48666666666668,,rojo,0,0.6647464225099858,2024-11-29,5.6,50.0,0.0,0,,0.0,1,0,
2025-03-01,c-1202,sakura filter,393.0,0,8.0,111.53999999999999,41.044999999999995,,rojo,0,0.6430589902560422,2023-10-23,1.56,150.0,0.0,0,,0.0,1,0,
2025-02-01,18038,narva,0.0,50,48.0,3050.85,1716.84,,rojo,0,0.40703762543175637,2024-05-29,15.939012508153915,600.0,796.9506254076957,0,,0.0,1,0,
2025-04-01,a-1422,sakura filter,16.0,0,12.0,112.51,35.626666666666665,,rojo,0,0.7975915279166839,2023-10-23,2.03,100.0,0.0,0,,0.0,1,0,
2024-04-01,p1540cip500usr,prextoline - usa,0.0,200,0.0,0.0,0.0,0.9989207764041116,rojo,4,0.39873671471510075,2022-04-25,37.99,480.0,7598.0,0,,0.0,1,0,1
2025-03-01,48510-12550,ito koyama - amortiguadores,126.0,0,18.0,212.7,189.62333333333333,,rojo,0,0.7002284056715318,2024-11-29,7.5,50.0,0.0,0,,0.0,1,0,
2025-03-01,884721,valvoline - usa,1232.0,0,22.0,1962.85,526.2533333333333,,rojo,0,0.6720871273785097,2024-08-07,4.595,252.0,0.0,0,,0.0,1,0,
2025-04-01,c-65400,sakura filter,991.0,0,148.0,6338.58,2142.4966666666664,,rojo,0,0.740659692600772,2024-11-11,1.1,600.0,0.0,0,1350.0,0.0,1,0,
2025-03-01,rni008,ito koyama - direccion,11.0,0,5.0,67.0,24.788333333333338,,rojo,0,0.5750233320806717,2022-08-15,3.07,210.0,0.0,0,,0.0,1,0,
2024-10-01,dpp12r22.5,deruibo,0.0,50,1.0,0.0,129.94333333333333,1.2027328706012368,rojo,4,0.2788147350135784,2024-08-31,129.2,20.0,6459.999999999999,0,,0.0,1,0,1
2025-03-01,sk023,ito koyama - resortes,306.0,0,19.0,158.72,119.21,,rojo,0,0.6982204183671079,2024-01-22,4.3,448.0,0.0,0,,0.0,1,0,
2025-03-01,tni010,ito koyama - direccion,88.0,0,5.0,180.35999999999999,49.675000000000004,,rojo,0,0.6498518383762489,2025-02-28,2.646033,100.0,0.0,0,,0.0,1,0,
2025-03-01,tni009,ito koyama - direccion,104.0,0,5.0,190.08,51.29,,rojo,0,0.6476552281664041,2025-02-28,2.646033,100.0,0.0,0,,0.0,1,0,
2025-03-01,tni008,ito koyama - direccion,80.0,0,3.0,223.76999999999998,37.294999999999995,,rojo,0,0.6813328499502671,2025-02-28,1.949777,100.0,0.0,0,,0.0,1,0,
2025-03-01,c-15300,mann - brasil,0.0,50,3.0,125.14,26.676666666666666,,rojo,0,0.7287168659473793,2025-02-24,8.1,7.0,405.0,0,,0.0,1,0,
2025-03-01,ab3118045d,ito koyama - amortiguadores,14.0,0,14.0,256.75,161.935,,rojo,0,0.647550062030656,2024-11-08,8.0,59.0,0.0,0,,0.0,1,0,
2025-03-01,op-001,ito koyama - palieres,188.0,0,4.0,157.22,96.175,,rojo,0,0.5875193795348906,2024-12-17,6.5,200.0,0.0,0,,0.0,1,0,
2025-03-01,ety001,ito koyama - direccion,402.0,0,15.0,303.52,106.23666666666666,,rojo,0,0.7267146885178473,2025-02-28,1.671203,497.0,0.0,0,,0.0,1,0,
2025-03-01,v002,ito koyama - resortes,28.0,0,39.0,5395.74,1390.205,,rojo,0,0.6635559503363245,2024-12-26,5.7,200.0,0.0,0,,0.0,1,0,
2025-03-01,cst-007,aisin - japon,0.0,50,43.0,28171.48,5887.48,,rojo,0,0.4174826506028751,2025-01-31,35.25,200.0,1762.5,0,,0.0,1,0,
2025-01-01,48042,narva,0.0,50,14.0,0.0,494.82,,rojo,0,0.5079362985704016,2024-02-28,1.671619198536873,1000.0,83.58095992684365,0,,0.0,1,0,
2025-03-01,ehy007,ito koyama - direccion,0.0,50,3.0,58.68000000000001,10.853333333333333,,rojo,0,0.6587365421178634,2025-02-28,1.531933,202.0,76.59665,0,,0.0,1,0,
2025-03-01,48510-8z205ref,ito koyama - amortiguadores,351.0,0,55.0,15684.3,4027.98,,rojo,0,1.2869475512893593,2024-11-29,9.1,480.0,0.0,0,,0.0,1,0,
2025-03-01,wk-1080/7x,mann - brasil,40.0,0,21.0,1605.1,693.8016666666666,,rojo,0,0.41682926880146287,2025-01-18,23.0,80.0,0.0,0,,0.0,1,0,
2025-03-01,thy004,ito koyama - direccion,121.0,0,7.0,789.6,131.6,,rojo,0,0.639131360506007,2025-02-28,2.576438,200.0,0.0,0,,0.0,1,0,
2025-03-01,as-8801,sakura filter,12.0,0,5.0,110.85,24.834999999999997,,rojo,0,1.1109298768416607,2022-09-05,2.88,60.0,0.0,0,,0.0,1,0,
2025-03-01,ach001,ito koyama - direccion,87.0,0,5.0,76.74000000000001,18.68166666666667,,rojo,0,0.4776371642964347,2022-08-15,2.27,145.0,0.0,0,,0.0,1,0,
2025-03-01,ni-080,ito koyama - palieres,17.0,0,23.0,442.89000000000004,226.72666666666666,,rojo,0,0.626316786386567,2024-10-24,7.0,50.0,0.0,0,,0.0,1,0,
2023-11-01,rxfc113642b,wagner locked - usa,0.0,1800,0.0,0.0,0.0,0.6356734926599322,rojo,2,0.3279871586243521,2023-04-29,1.74,4944.0,3132.0,0,,0.0,1,0,1
2025-03-01,w20exr-u,denso - bujias - japon,192.0,0,7.0,219.86,40.305,,rojo,0,0.36611591248702335,2024-04-05,0.98,384.0,0.0,0,,0.0,1,0,
2025-04-01,c-1814,sakura filter,693.0,0,110.0,6439.14,1860.01,,rojo,0,0.6815974559078519,2024-12-13,1.17,450.0,0.0,0,1050.0,0.0,1,0,
2025-03-01,aty004,ito koyama - direccion,22.0,0,8.0,29.37,11.903333333333334,,rojo,0,0.5603723362398186,2022-08-15,1.82,210.0,0.0,0,,0.0,1,0,
2025-04-01,to-840,ito koyama - palieres,47.0,0,28.0,3807.46,815.3533333333334,,rojo,0,0.6017572877694868,2024-12-17,6.3,200.0,0.0,0,,0.0,1,0,
2024-12-01,tks58-31k,mrk - japon,0.0,50,1.0,0.0,3.0583333333333336,2.172131914296462,rojo,4,0.5518305482499277,2023-03-31,9.18911987543106,200.0,459.45599377155304,0,,0.0,1,0,1
2025-04-01,3410014a,ito koyama - amortiguadores,417.0,0,29.0,719.47,325.96666666666664,,rojo,0,0.6516906245993257,2024-11-29,7.3,240.0,0.0,0,,0.0,1,0,
2025-02-01,hu-721y,mann - brasil,2.0,0,7.0,57.96,62.26,,rojo,0,0.6318483201107103,2024-09-24,3.5557529449462892,60.0,0.0,0,,0.0,1,0,
2025-03-01,eo-2623,sakura filter,407.0,0,31.0,734.9399999999999,247.07000000000002,,rojo,0,0.8687123959006621,2024-12-13,1.78,350.0,0.0,0,0.0,0.0,1,0,
2025-03-01,mi-620a,ito koyama - palieres,38.0,0,15.0,269.52,97.04666666666667,,rojo,0,0.6314105463898857,2024-10-24,6.6,50.0,0.0,0,,0.0,1,0,
2025-03-01,90373164,ito koyama - amortiguadores,37.0,0,17.0,1421.9199999999998,514.16,,rojo,0,0.7034804158867684,2024-11-29,6.4,50.0,0.0,0,,0.0,1,0,
2025-03-01,1293,spaco - italia,0.0,50,1.0,6.1,1.0166666666666666,,rojo,0,0.5756957286330013,,,,,0,,0.0,1,0,
2025-03-01,ef-2636,sakura filter,874.0,0,76.0,9720.36,2424.63,,rojo,0,1.028784187378478,2025-01-31,3.61,50.0,0.0,0,300.0,0.0,1,0,
2025-03-01,scns-353,seco - embragues,10.0,0,4.0,187.41,51.82,,rojo,0,0.4235788503398484,2024-07-18,14.4,50.0,0.0,0,,0.0,1,0,
2025-03-01,sk22fa-e,plumillas - sakura,0.0,50,10.0,537.05,89.50833333333333,,rojo,0,0.9988337612764306,2024-12-26,1.31,200.0,65.5,0,,0.0,1,0,
2025-03-01,t009,ito koyama - resortes,394.0,0,65.0,2433.75,775.1866666666666,,rojo,0,0.7405817846832097,2024-12-26,5.05,400.0,0.0,0,,0.0,1,0,
2025-03-01,icd1571,ishikawa - pastillas de freno,70.0,0,11.0,82.25,25.820000000000004,,rojo,0,0.9360696371560708,2024-07-26,4.9,100.0,0.0,0,,0.0,1,0,
2024-02-01,a-14630,sakura filter,126.0,0,0.0,0.0,0.0,0.24094720491334934,verde,6,0.7053341566895013,2021-08-26,2.5,120.0,0.0,0,,12.6,0,0,0
2025-02-01,v4-075,aisin - japon,0.0,50,5.0,245.88,96.13499999999999,,rojo,0,0.43626728808833926,2024-01-11,26.83,20.0,1341.5,0,,0.0,1,0,
2025-03-01,17322,narva,150.0,0,2.0,37.38,6.23,,rojo,0,0.42506064957545603,2024-02-28,0.28239888367652893,200.0,0.0,0,,0.0,1,0,
2025-02-01,bmi002,ito koyama - bocamazas,36.0,0,4.0,30.590000000000003,8.293333333333335,,rojo,0,0.599614114385957,2024-11-13,5.3,40.0,0.0,0,,0.0,1,0,
2025-03-01,48004,narva,167.0,0,7.0,116.25999999999999,88.69833333333332,,rojo,0,0.4885207599017538,2024-05-29,2.102984268546104,300.0,0.0,0,,0.0,1,0,
2025-03-01,hy046,ito koyama - resortes,84.0,0,39.0,3238.9,778.5233333333334,,rojo,0,0.6470062202298654,2024-12-26,8.6,104.0,0.0,0,,0.0,1,0,
2025-03-01,eo-68040,sakura filter,30.0,0,13.0,152.2,89.12166666666667,,rojo,0,0.7896714777853252,2022-09-14,4.2,12.0,0.0,0,,0.0,1,0,
2025-03-01,c-5610,sakura filter,47.0,0,3.0,85.45,14.241666666666667,,rojo,0,1.0753198982189198,2024-11-11,3.14,60.0,0.0,0,,0.0,1,0,
2025-04-01,c-2505,sakura filter,2537.0,0,101.0,3742.84,1300.5566666666666,,rojo,0,1.0094648118854344,2025-01-28,1.15,150.0,0.0,0,675.0,0.0,1,0,
2025-03-01,sk14fa-e,plumillas - sakura,373.0,0,20.0,148.72,70.62666666666667,,rojo,0,0.8212389459113051,2024-02-28,1.29,500.0,0.0,0,,0.0,1,0,
2025-04-01,a-5801,sakura filter,114.0,0,34.0,827.6800000000001,464.4533333333333,,rojo,0,1.0572900680550352,2024-08-29,11.29,115.0,0.0,0,115.0,0.0,1,0,
2025-02-01,eo-3009,sakura filter,0.0,50,21.0,76.85,48.93666666666667,,rojo,0,1.0064961853959888,2024-11-04,1.35,50.0,67.5,0,,0.0,1,0,
2025-03-01,af9050m,prestone - mexico,144.0,0,8.0,2903.4,505.72333333333336,,rojo,0,0.44886066383961265,2025-02-07,7.39,240.0,0.0,0,,0.0,1,0,
2025-03-01,c-7955,sakura filter,146.0,0,14.0,575.02,186.11166666666668,,rojo,0,0.9936474815055619,2024-10-22,3.64,96.0,0.0,0,,0.0,1,0,
2025-03-01,a-8577-s,sakura filter,2033.0,0,80.0,3568.51,2723.3233333333333,,rojo,0,0.9075420586089812,2025-01-21,10.58,374.0,0.0,0,,0.0,1,0,
2025-03-01,c-2804,sakura filter,133.0,0,15.0,117.86,55.68166666666667,,rojo,0,0.7206780095031586,2024-11-11,1.07,150.0,0.0,0,150.0,0.0,1,0,
2025-03-01,dtt225/65r17,deestone,40.0,0,23.0,5332.82,1854.4566666666667,,rojo,0,0.25076298294978727,2024-10-28,36.58,200.0,0.0,0,,0.0,1,0,
2025-04-01,t008,ito koyama - resortes,680.0,0,67.0,4185.02,1220.07,,rojo,0,0.8143875740308003,2024-12-26,4.48,400.0,0.0,0,,0.0,1,0,
2025-03-01,ach002,ito koyama - direccion,165.0,0,3.0,6.98,4.656666666666667,,rojo,0,0.42604844297168387,2022-08-15,2.27,150.0,0.0,0,,0.0,1,0,
2025-03-01,48510-09k60ref,ito koyama - amortiguadores,288.0,0,54.0,5590.7,1964.92,,rojo,0,0.7751427505487903,2024-11-29,9.1,240.0,0.0,0,,0.0,1,0,
2025-03-01,a-1117,sakura filter,61.0,0,8.0,33.43,34.395,,rojo,0,0.9399433960657915,2023-11-24,2.9,54.0,0.0,0,0.0,0.0,1,0,
2025-04-01,by-001,ito koyama - palieres,155.0,0,25.0,1057.43,295.97166666666664,,rojo,0,0.43911689953789673,2021-06-10,8.15,700.0,0.0,0,,0.0,1,0,
2025-03-01,fs-18291,sakura filter,502.0,0,31.0,2438.17,575.6516666666666,,rojo,0,0.9107971584413589,2024-10-16,7.51,320.0,0.0,0,,0.0,1,0,
2025-03-01,dt225/45zr18,deestone,77.0,0,5.0,781.7,212.91,,rojo,0,0.4956976477812209,2025-02-25,33.07,60.0,0.0,0,,0.0,1,0,
2025-03-01,ety003,ito koyama - direccion,70.0,0,13.0,1720.56,286.76,,rojo,0,0.8052310865168903,2025-02-28,1.531939,398.0,0.0,0,,0.0,1,0,
2025-04-01,884656,valvoline - usa,593.0,0,43.0,3654.14,1169.2566666666667,,rojo,0,0.6529158563253564,2025-03-10,5.1617,126.0,0.0,0,,0.0,1,0,
2024-02-01,8.00028E+11,,,100,0.0,0.0,0.0,4.300168061058057,rojo,4,,,,,,0,,0.0,1,0,1
2025-03-01,eo-18060,sakura filter,342.0,0,6.0,127.57000000000001,105.52,,rojo,0,0.7968008707589549,2024-11-30,1.07,200.0,0.0,0,,0.0,1,0,
2025-02-01,bto003,ito koyama - bocamazas,0.0,50,17.0,574.0799999999999,322.33666666666664,,rojo,0,0.60529063181896,2024-11-13,8.11,120.0,405.5,0,,0.0,1,0,
2025-04-01,ca-18450,sakura filter,438.0,0,25.0,675.8100000000001,271.17,,rojo,0,1.0488062294791172,2024-11-28,2.31,200.0,0.0,0,,0.0,1,0,
2025-02-01,56210-0m011,ito koyama - amortiguadores,0.0,50,15.0,1851.3500000000001,333.77000000000004,,rojo,0,0.6440078229003527,2024-11-29,6.5,150.0,325.0,0,,0.0,1,0,
2025-03-01,a-61600,sakura filter,208.0,0,18.0,775.71,151.11333333333334,,rojo,0,0.7157487987762887,2024-11-11,2.37,100.0,0.0,0,,0.0,1,0,
2025-03-01,48076,narva,145.0,0,33.0,2699.98,1226.7433333333333,,rojo,0,0.5212223653183704,2024-09-16,5.184955296993256,600.0,0.0,0,,0.0,1,0,
2025-02-01,c-7105,sakura filter,0.0,50,9.0,573.53,95.58833333333332,,rojo,0,0.8683016800796458,2024-10-31,4.68,60.0,234.0,0,,0.0,1,0,
2025-02-01,a-3303,sakura filter,39.0,0,2.0,69.17,11.528333333333334,,rojo,0,0.7696538508148272,2024-10-31,1.58,60.0,0.0,0,,0.0,1,0,
2025-02-01,b10300025,valvoline,0.0,50,26.0,1469.47,451.44,,rojo,0,0.39430609887552304,2024-11-12,3.73,432.0,186.5,0,,0.0,1,0,
2025-02-01,dtx-133,aisin - japon,11.0,0,3.0,364.4,109.32166666666666,,rojo,0,0.3542827680577847,2023-05-05,48.37,80.0,0.0,0,,0.0,1,0,
2025-02-01,ef-1002,sakura filter,0.0,0,66.0,916.28,563.0933333333334,,rojo,0,0.6324967151086994,2024-10-22,3.45,396.0,0.0,0,168.0,0.0,1,0,
2025-04-01,c-1122,sakura filter,2447.0,0,206.0,15457.5,4735.133333333333,,rojo,0,0.9789984664152431,2025-01-22,1.84,2004.0,0.0,0,,0.0,1,0,
2025-03-01,ch001,ito koyama - resortes,408.0,0,56.0,7337.92,2317.82,,rojo,0,0.7820331870277162,2024-12-26,5.35,304.0,0.0,0,,0.0,1,0,
2025-03-01,fo-003,ito koyama - palieres,84.0,0,14.0,241.72,115.19333333333333,,rojo,0,0.5875214561649309,2024-10-24,6.5,100.0,0.0,0,,0.0,1,0,
2025-03-01,fm-1001,sakura filter,0.0,50,3.0,199.07,68.38166666666666,,rojo,0,0.7233085324539391,2021-02-24,12.06,264.0,603.0,0,,0.0,1,0,
2025-03-01,sk24fa-e,plumillas - sakura,0.0,50,24.0,349.84,113.11833333333334,,rojo,0,0.9469796023935362,2024-02-28,1.48,200.0,74.0,0,,0.0,1,0,
2025-02-01,ef-83020,sakura filter,256.0,0,6.0,277.96999999999997,78.44833333333334,,rojo,0,0.8918837887203117,2024-11-28,6.1,100.0,0.0,0,,0.0,1,0,
2025-03-01,ef-83030-s,sakura filter,285.0,0,25.0,2077.41,583.7483333333333,,rojo,0,0.8445761860930165,2025-01-21,11.5,48.0,0.0,0,,0.0,1,0,
2025-03-01,hd295/80r22.5,deruibo,14.0,0,2.0,913.56,152.26,,rojo,0,0.2580796692291077,2024-08-31,102.0,20.0,0.0,0,,0.0,1,0,
2025-03-01,41163068,monark - alemania,0.0,50,2.0,874.32,167.30833333333334,,rojo,0,0.35030123342830793,,,,,0,,0.0,1,0,
2025-03-01,ho-020,ito koyama - palieres,47.0,0,12.0,176.43,102.83333333333333,,rojo,0,0.5239375371682846,2024-12-17,6.8,50.0,0.0,0,,0.0,1,0,
2025-01-01,q16r-u11,denso - bujias - japon,480.0,0,6.0,0.0,44.915,inf,verde,3,0.360216975786267,2025-03-11,0.99,480.0,0.0,0,,inf,0,0,0
2025-04-01,wdk-11102/11,mann - brasil,64.0,0,9.0,472.34,179.86,,rojo,0,0.5167949969003623,2024-09-24,12.222900748252869,120.0,0.0,0,,0.0,1,0,
2025-02-01,op-004,ito koyama - palieres,13.0,0,15.0,367.54,103.61500000000001,,rojo,0,0.5458090720588897,2024-10-24,6.3,50.0,0.0,0,,0.0,1,0,
2025-03-01,a-83090,sakura filter,182.0,0,4.0,217.08,65.13333333333334,,rojo,0,0.6173920152607693,2024-11-30,7.12,4.0,0.0,0,,0.0,1,0,
2025-03-01,opt-025,aisin - japon,0.0,50,24.0,9081.01,2244.8700000000003,,rojo,0,0.4501742898138673,2025-01-31,43.38,135.0,2169.0,0,,0.0,1,0,
2024-09-01,d-lapiceros,sin definicion,0.0,50,0.0,0.0,0.0,,rojo,0,-1.0,2022-10-26,2.9887498895511073,2000.0,149.43749447755536,0,,0.0,1,0,
2025-04-01,c-1123,sakura filter,323.0,0,9.0,214.99,43.22666666666667,,rojo,0,0.9430238197627829,2025-01-22,1.11,400.0,0.0,0,0.0,0.0,1,0,
2024-10-01,c-281275,mann - brasil,0.0,50,1.0,0.0,31.78,3.037348711489045,rojo,4,0.5363425083741948,2024-09-24,40.26890210151672,3.0,2013.4451050758362,0,,0.0,1,0,1
2025-03-01,c-6210,sakura filter,90.0,0,17.0,602.25,191.24333333333334,,rojo,0,0.8742569481914619,2024-09-17,2.9,144.0,0.0,0,156.0,0.0,1,0,
2025-04-01,rp2050100,valvoline,124.0,0,79.0,11888.14,4114.526666666667,,rojo,0,0.3735581941949463,2024-11-12,11.47,600.0,0.0,0,,0.0,1,0,
2025-03-01,884646,valvoline - usa,890.0,0,43.0,4169.84,1341.7766666666666,,rojo,0,0.7527299118543249,2024-08-07,4.376667,504.0,0.0,0,,0.0,1,0,
2025-03-01,icd1887,ishikawa - pastillas de freno,133.0,0,9.0,155.63,34.39,,rojo,0,0.8738194028665099,2024-07-26,5.03,100.0,0.0,0,,0.0,1,0,
2025-03-01,ca-26080,sakura filter,67.0,0,7.0,265.04,57.07,,rojo,0,1.2089987647971436,2023-10-23,3.48,290.0,0.0,0,,0.0,1,0,
2025-03-01,atfd30025,valvoline,92.0,0,5.0,131.18,46.46,,rojo,0,0.45975075215698885,2024-11-12,3.37,156.0,0.0,0,,0.0,1,0,
2025-01-01,ca-18250,sakura filter,1716.0,0,7.0,69.44,19.67,,rojo,0,2.033482528040869,2024-06-13,0.9,600.0,0.0,0,0.0,0.0,1,0,
2025-02-01,rxfc113641bep,wagner locked - usa,0.0,100,92.0,17733.96,7049.953333333334,,rojo,0,0.3724400015076204,2025-01-10,2.88,1728.0,288.0,0,,0.0,1,0,
2025-02-01,wk-1156,mann - brasil,0.0,50,9.0,275.42,254.23833333333334,,rojo,0,0.5254878272628015,2024-09-12,14.18,30.0,709.0,0,,0.0,1,0,
2025-04-01,eo-28090,sakura filter,1008.0,0,240.0,9004.130000000001,2921.441666666667,,rojo,0,0.9232477367837327,2025-01-31,2.0,250.0,0.0,0,2200.0,0.0,1,0,
2025-04-01,c-1013,sakura filter,181.0,0,109.0,6630.28,1715.7,,rojo,0,0.6803817916892269,2025-01-31,1.37,500.0,0.0,0,1200.0,0.0,1,0,
2025-04-01,c-1314,sakura filter,3907.0,0,370.0,152267.46,53236.15,,rojo,0,0.7150569515931523,2025-01-31,4.14,498.0,0.0,0,1002.0,0.0,1,0,
2024-03-01,rto016,ito koyama - direccion,1.0,300,0.0,0.0,0.0,0.8555239913628863,amarillo,6,0.6909889506348059,2022-08-15,2.98,330.0,894.0,0,,0.022686170234647658,0,0,1
2025-03-01,hy-014,ito koyama - palieres,171.0,0,18.0,182.46,109.64666666666666,,rojo,0,0.6212095724178707,2024-12-17,7.4,50.0,0.0,0,,0.0,1,0,
2025-03-01,w-9023/1,mann - brasil,54.0,0,16.0,426.9,385.12000000000006,,rojo,0,0.5856427022343708,2025-02-24,17.71,72.0,0.0,0,,0.0,1,0,
2025-03-01,dt235/55r18,deestone,52.0,0,16.0,4136.02,1404.6083333333333,,rojo,0,0.4005546717640188,2025-02-25,45.18,80.0,0.0,0,,0.0,1,0,
2025-02-01,dt225/75r16c,deestone,82.0,0,7.0,281.36,574.7983333333333,,rojo,0,0.4493150383041052,2023-08-25,44.78,227.0,0.0,0,,0.0,1,0,
2025-03-01,f-1306,sakura filter,2.0,50,37.0,331.16,249.45166666666668,,rojo,0,0.8786472179075239,2024-09-17,1.63,300.0,81.5,0,0.0,0.0,1,0,
2025-03-01,t1005,ito koyama - trapecios,52.0,0,3.0,52.620000000000005,8.770000000000001,,rojo,0,0.6442762721888283,2024-03-19,10.434833,60.0,0.0,0,,0.0,1,0,
2025-03-01,56210-86425,ito koyama - amortiguadores,21.0,0,16.0,2121.0299999999997,1156.705,,rojo,0,0.65939125473417,2024-11-29,5.5,149.0,0.0,0,,0.0,1,0,
2024-07-01,48708,narva,1400.0,0,0.0,0.0,0.0,0.628539361054709,verde,4,0.46070137505512415,2019-08-08,1.8599230885505675,5100.0,0.0,0,,46.666666666666664,0,0,0
2025-04-01,5461-9836skr,sakura - radiadores,53.0,0,15.0,16529.5,3052.9383333333335,,rojo,0,1.1180092061910591,2025-01-31,30.0,5.0,0.0,0,,0.0,1,0,
2023-06-01,schd-423,seco - embragues,0.0,50,0.0,0.0,0.0,0.4522569440354981,rojo,4,0.38146984338131584,2022-02-05,15.2,60.0,760.0,0,,0.0,1,0,1
2024-02-01,thy005,ito koyama - direccion,0.0,100,0.0,0.0,0.0,0.41578122150774144,rojo,6,0.6288503125658957,2023-05-19,2.03,180.0,202.99999999999997,0,,0.0,1,0,1
2025-03-01,t1108,ito koyama - trapecios,77.0,0,7.0,281.49,84.96499999999999,,rojo,0,0.7317929718183406,2024-12-10,18.55,40.0,0.0,0,,0.0,1,0,
2025-03-01,c-5520,sakura filter,15.0,0,3.0,226.84,66.73333333333333,,rojo,0,0.7557735497988792,2015-04-27,5.72,48.0,0.0,0,,0.0,1,0,
2025-03-01,cu-1919,mann - brasil,0.0,50,4.0,158.17,47.54666666666666,,rojo,0,1.306629264799545,2024-09-24,1.6778709208965301,100.0,83.89354604482651,0,,0.0,1,0,
2025-03-01,p20500254t,prextoline - lubricantes,4524.0,0,4.0,56.95,56.27166666666667,,rojo,0,0.3581701062920203,2023-03-10,1.945833,9600.0,0.0,0,,0.0,1,0,
2025-02-01,hu-718/1k,mann - brasil,1.0,50,16.0,437.76,124.33833333333332,,rojo,0,0.552191281787782,2024-02-05,1.8433874559402466,50.0,92.16937279701233,0,,0.0,1,0,
2025-01-01,fc-7918,sakura filter,79.0,0,1.0,0.0,0.7916666666666666,,rojo,0,0.6274162007285229,2024-02-28,2.27,125.0,0.0,0,,0.0,1,0,
2025-04-01,ki-002,ito koyama - palieres,248.0,0,49.0,3304.22,802.4183333333334,,rojo,0,0.6077216741136577,2024-12-17,7.2,400.0,0.0,0,,0.0,1,0,
2025-03-01,tsz002,ito koyama - direccion,444.0,0,7.0,381.56,63.593333333333334,,rojo,0,0.6799733123443266,2025-02-28,1.810466,500.0,0.0,0,,0.0,1,0,
2025-03-01,48092,narva,182.0,0,5.0,437.59,89.45833333333333,,rojo,0,0.44255607726785,2024-02-28,5.592777584517002,200.0,0.0,0,,0.0,1,0,
2025-04-01,ca-18120,sakura filter,1028.0,0,99.0,1795.16,780.3216666666667,,rojo,0,0.9583749554001533,2024-11-28,1.35,240.0,0.0,0,340.0,0.0,1,0,
2025-02-01,sdgm-565,seco - embragues,0.0,50,2.0,111.86,24.886666666666667,,rojo,0,0.3626550652753649,2024-07-18,14.54,100.0,727.0,0,,0.0,1,0,
2025-02-01,to-721,ito koyama - palieres,149.0,0,10.0,543.68,196.04,,rojo,0,0.5937954511417491,2024-12-17,15.4,100.0,0.0,0,,0.0,1,0,
2025-03-01,pra500500,prextoline - lubricantes,55.0,0,13.0,1805.08,764.4050000000001,,rojo,0,0.5561257716583806,2025-02-27,38.0,60.0,0.0,0,,0.0,1,0,
2025-04-01,c-14200,mann - brasil,41.0,0,23.0,888.1600000000001,430.80333333333334,,rojo,0,0.7335798394511478,2025-01-18,6.11,102.0,0.0,0,,0.0,1,0,
2025-02-01,rov1040025,rover - usa,0.0,50,10.0,1707.12,744.7916666666666,,rojo,0,0.5456702560900789,2024-06-20,2.0825,1008.0,104.125,0,,0.0,1,0,
2025-02-01,wk-842,mann - brasil,8.0,0,2.0,35.71,16.715,,rojo,0,0.4934433664331209,2023-03-15,5.975304993391037,60.0,0.0,0,,0.0,1,0,
2025-03-01,eo-19050,sakura filter,6.0,0,6.0,189.32999999999998,43.935,,rojo,0,0.9399526503500486,2023-11-24,1.58,100.0,0.0,0,,0.0,1,0,
2025-03-01,c-31070,sakura filter,376.0,0,34.0,852.08,235.17333333333332,,rojo,0,0.8162986291667879,2024-11-11,4.23,240.0,0.0,0,,0.0,1,0,
2025-04-01,a-1129,sakura filter,215.0,0,21.0,230.43,77.06166666666667,,rojo,0,0.742184815539183,2024-11-11,1.75,100.0,0.0,0,100.0,0.0,1,0,
2025-03-01,a-19760,sakura filter,220.0,0,6.0,120.77000000000001,34.958333333333336,,rojo,0,0.8756153165320003,2025-01-22,3.05,20.0,0.0,0,,0.0,1,0,
2025-03-01,48511-35280,ito koyama - amortiguadores,57.0,0,12.0,520.04,239.95000000000002,,rojo,0,0.677442372659569,2024-11-29,6.0,50.0,0.0,0,,0.0,1,0,
2025-03-01,dt155r12c,deestone,0.0,50,8.0,840.6800000000001,493.70166666666665,,rojo,0,0.35653385375006647,2024-09-20,20.43,80.0,1021.5,0,,0.0,1,0,
2025-02-01,sk16fa-e,plumillas - sakura,0.0,50,18.0,94.19,82.715,,rojo,0,0.8839900410928047,2024-02-28,1.29,300.0,64.5,0,,0.0,1,0,
2025-03-01,a-8811-s,sakura filter,232.0,0,16.0,484.21,109.105,,rojo,0,0.9633388496744364,2025-01-28,2.71,180.0,0.0,0,,0.0,1,0,
2025-04-01,c-6804,sakura filter,805.0,0,55.0,1046.23,328.74333333333334,,rojo,0,0.5968847802159253,2024-11-30,1.88,600.0,0.0,0,0.0,0.0,1,0,
2025-03-01,af9033m1,prestone - mexico,132.0,0,7.0,180.0,116.61,,rojo,0,0.5585030796732385,2025-02-07,5.91,150.0,0.0,0,,0.0,1,0,
2025-03-01,fs-28250,sakura filter,38.0,0,3.0,59.73,12.459999999999999,,rojo,0,0.5144807831067578,2017-12-04,6.0,50.0,0.0,0,,0.0,1,0,
2025-03-01,as-87540-s,sakura filter,191.0,0,1.0,250.85,41.80833333333333,,rojo,0,0.9202707167093063,2025-02-28,12.98,72.0,0.0,0,0.0,0.0,1,0,
2025-02-01,bdd009,ishikawa - discos de freno,0.0,50,4.0,223.17000000000002,46.73166666666666,,rojo,0,0.6023872879086406,2024-01-09,13.55,50.0,677.5,0,,0.0,1,0,
2025-03-01,crt-005,aisin - japon,129.0,0,8.0,240.71,111.21,,rojo,0,0.5247546078471946,2025-02-24,9.64,135.0,0.0,0,,0.0,1,0,
2025-04-01,a-58370,sakura filter,372.0,0,192.0,21771.9,6403.53,,rojo,0,0.9213496266594018,2025-01-31,1.14,980.0,0.0,0,380.0,0.0,1,0,
2025-04-01,fc-1301,sakura filter,782.0,0,183.0,2598.65,1190.1166666666666,,rojo,0,0.842850576976494,2024-11-28,1.5,750.0,0.0,0,,0.0,1,0,
2025-03-01,a-25990,sakura filter,63.0,0,7.0,26.24,39.03666666666667,,rojo,0,0.8650814937084358,2024-09-17,2.37,100.0,0.0,0,,0.0,1,0,
2025-03-01,fs-26150,sakura filter,808.0,0,19.0,6592.16,2452.0066666666667,,rojo,0,0.7176437865357279,2025-02-28,14.5,100.0,0.0,0,,0.0,1,0,
2025-03-01,48531-26220,ito koyama - amortiguadores,241.0,0,11.0,123.13000000000001,126.79333333333334,,rojo,0,0.7360154260497004,2024-11-29,5.8,97.0,0.0,0,,0.0,1,0,
2025-03-01,880954,valvoline - usa,570.0,0,17.0,423.32,1000.6416666666665,,rojo,0,0.5731395157190883,2025-03-10,15.83,291.0,0.0,0,,0.0,1,0,
2025-03-01,h-601/10,mann - brasil,0.0,50,53.0,1047.19,383.00500000000005,,rojo,0,0.4491023499173185,2025-01-18,1.81,384.0,90.5,0,,0.0,1,0,
2025-03-01,a-3308,sakura filter,148.0,0,7.0,107.24000000000001,33.4,,rojo,0,1.3810655263179752,2024-11-30,2.54,100.0,0.0,0,100.0,0.0,1,0,
2025-02-01,eo-11060,sakura filter,37.0,0,6.0,70.48,23.588333333333335,,rojo,0,0.8407024203105292,2022-12-02,1.77,200.0,0.0,0,,0.0,1,0,
2025-04-01,eo-11050,sakura filter,688.0,0,77.0,1422.68,449.9883333333333,,rojo,0,0.806594642397188,2025-01-31,0.94,500.0,0.0,0,600.0,0.0,1,0,
2025-03-01,ahy002,ito koyama - direccion,108.0,0,8.0,339.96999999999997,56.66166666666666,,rojo,0,0.6646319749711775,2025-02-28,2.297905,200.0,0.0,0,,0.0,1,0,
2025-02-01,h85140025,valvoline,0.0,50,4.0,496.17,118.13499999999999,,rojo,0,0.48222323116035853,2024-11-12,3.51,120.0,175.5,0,,0.0,1,0,
2025-02-01,ca-14060,sakura filter,245.0,0,5.0,23.790000000000003,22.686666666666667,,rojo,0,0.8028366576422714,2024-09-17,1.84,200.0,0.0,0,,0.0,1,0,
2025-03-01,dt155/70r12,deestone,0.0,50,18.0,13128.98,6954.693333333333,,rojo,0,0.45471489608664833,2025-02-25,15.0,200.0,750.0,0,,0.0,1,0,
2025-03-01,zxed1,valvoline - usa,396.0,0,4.0,1131.35,188.5583333333333,,rojo,0,0.4193996788929999,2024-03-21,8.72,108.0,0.0,0,,0.0,1,0,
2025-03-01,48420,narva,256.0,0,8.0,149.49,41.86333333333334,,rojo,0,0.6381714308584595,2023-09-21,1.5105997776985167,400.0,0.0,0,,0.0,1,0,
2025-03-01,a-5904,sakura filter,180.0,0,17.0,650.74,207.31333333333336,,rojo,0,0.9052148784553999,2024-09-26,4.19,64.0,0.0,0,144.0,0.0,1,0,
2025-03-01,18107,narva,706.0,0,2.0,6.98,3.146666666666667,,rojo,0,0.4384936082444518,2021-09-10,2.275307532787323,210.0,0.0,0,,0.0,1,0,
2025-02-01,dt165/65r14,deestone,300.0,0,14.0,1358.98,558.5683333333333,,rojo,0,0.46047960097357243,2024-10-28,18.87,100.0,0.0,0,,0.0,1,0,
2025-03-01,bdd082,ishikawa - discos de freno,76.0,0,10.0,304.07,89.82666666666667,,rojo,0,0.6628410374015601,2024-07-24,10.44,100.0,0.0,0,,0.0,1,0,
2025-03-01,bfu-707,mann - brasil,0.0,50,3.0,219.69,36.615,,rojo,0,0.41388308082853303,2025-02-24,2.06,24.0,103.0,0,,0.0,1,0,
2025-03-01,56210-4m400,ito koyama - amortiguadores,198.0,0,38.0,1599.6,465.50333333333333,,rojo,0,0.778057344802876,2024-11-29,8.7,200.0,0.0,0,,0.0,1,0,
2025-03-01,fs-2301,sakura filter,271.0,0,6.0,54.239999999999995,25.99,,rojo,0,0.6400235611760703,2025-01-31,1.9,100.0,0.0,0,,0.0,1,0,
2025-04-01,ef-1509,sakura filter,10815.0,0,578.0,177165.24000000002,52763.486666666664,,rojo,0,1.2947579797632713,2025-01-31,2.07,1200.0,0.0,0,7500.0,0.0,1,0,
2025-02-01,48077,narva,89.0,0,5.0,152.97,138.97,,rojo,0,0.5376173172793928,2024-05-29,12.212588193297385,200.0,0.0,0,,0.0,1,0,
2025-02-01,wk-940/20,mann - brasil,0.0,50,8.0,274.06,115.31666666666666,,rojo,0,0.4092933478638486,2024-09-24,7.478192912340164,60.0,373.9096456170082,0,,0.0,1,0,
2025-03-01,ef-51040,sakura filter,158.0,0,22.0,624.41,246.58166666666668,,rojo,0,0.8814523069318515,2023-11-28,5.64,240.0,0.0,0,0.0,0.0,1,0,
2025-03-01,pu-707x,mann - brasil,861.0,0,12.0,160.0,110.86,,rojo,0,-0.16808536155448417,2024-02-03,7.23,60.0,0.0,0,,0.0,1,0,
2025-02-01,ixeh20ett,denso - bujias - japon,2.0,50,7.0,36.83,103.08666666666666,,rojo,0,0.3832772011650427,2024-08-26,6.55,96.0,327.5,0,,0.0,1,0,
2025-04-01,341166,ito koyama - amortiguadores,64.0,0,12.0,348.18,61.635,,rojo,0,0.7944136258818238,2024-11-29,5.6,100.0,0.0,0,,0.0,1,0,
2025-04-01,wk-1060/1,mann - brasil,5138.0,0,411.0,455858.3,144478.225,,rojo,0,0.2966618811960894,2025-01-18,12.21,2400.0,0.0,0,,0.0,1,0,
2025-04-01,139305037,monark - alemania,288.0,0,6.0,2928.8,488.1333333333334,,rojo,0,0.8520399557952715,2019-09-25,7.700781812667847,1320.0,0.0,0,,0.0,1,0,
2025-03-01,ema002,ito koyama - direccion,64.0,0,4.0,97.78,16.296666666666667,,rojo,0,0.6660036224085876,2025-02-28,1.531944,98.0,0.0,0,,0.0,1,0,
2025-03-01,183450001,monark - alemania,276.0,0,12.0,442.85,199.45166666666668,,rojo,0,0.4449401305846657,2024-02-23,16.17355775356293,500.0,0.0,0,,0.0,1,0,
2025-03-01,a-1517,sakura filter,669.0,0,117.0,3973.38,1483.1816666666666,,rojo,0,0.8803325911768103,2024-12-13,2.6,240.0,0.0,0,440.0,0.0,1,0,
2025-03-01,rhy008,ito koyama - direccion,176.0,0,4.0,88.47999999999999,14.746666666666664,,rojo,0,0.6558834446039995,2025-02-28,1.949727,200.0,0.0,0,,0.0,1,0,
2025-01-01,17037,narva,0.0,200,38.0,205.08,393.79,,rojo,0,0.49294661460533284,2024-05-29,0.1055887142419815,4000.0,21.1177428483963,0,,0.0,1,0,
2025-03-01,tto014,ito koyama - direccion,170.0,0,3.0,116.59,19.43166666666667,,rojo,0,0.7218940865000073,2025-02-28,2.089018,200.0,0.0,0,,0.0,1,0,
2025-03-01,icd233,ishikawa - pastillas de freno,4.0,0,28.0,297.96999999999997,85.78666666666668,,rojo,0,0.8653149015384514,2024-03-20,3.51,100.0,0.0,0,,0.0,1,0,
2025-03-01,wc-5705,sakura filter,451.0,0,22.0,1282.71,505.325,,rojo,0,0.7834926163155996,2025-01-22,2.99,96.0,0.0,0,0.0,0.0,1,0,
2025-04-01,a-1818,sakura filter,296.0,0,58.0,1409.03,399.3283333333333,,rojo,0,0.7713750847068792,2024-10-22,1.4,400.0,0.0,0,,0.0,1,0,
2025-03-01,cf-2631,mann - brasil,157.0,0,28.0,2272.3,1116.5783333333334,,rojo,0,0.44398733596908785,2025-02-24,11.76,200.0,0.0,0,,0.0,1,0,
2022-12-01,48531-09840,ito koyama - amortiguadores,0.0,350,0.0,0.0,0.0,0.548525119624286,rojo,6,1.2676744808992173,2022-02-07,8.6,109.0,3010.0,0,,0.0,1,0,1
2025-04-01,icd1434,ishikawa - pastillas de freno,27.0,0,34.0,516.8100000000001,243.06333333333336,,rojo,0,0.9377736520791443,2024-03-20,4.28,200.0,0.0,0,,0.0,1,0,
2025-03-01,c-17308,mann - brasil,26.0,0,5.0,225.51,79.53500000000001,,rojo,0,0.3780153347552913,2022-10-05,15.54,100.0,0.0,0,,0.0,1,0,
2025-03-01,g20w50025,valvoline,198.0,0,15.0,602.5699999999999,206.48166666666668,,rojo,0,0.5290880039850482,2024-06-12,3.08,240.0,0.0,0,,0.0,1,0,
2025-02-01,c-23750,mann - brasil,147.0,0,6.0,632.41,129.81333333333333,,rojo,0,0.4130824962173384,2024-02-05,26.540467348098755,30.0,0.0,0,,0.0,1,0,
2025-03-01,a-6814,sakura filter,63.0,0,2.0,11.47,3.8233333333333337,,rojo,0,0.7231166778653467,2019-12-06,3.47,200.0,0.0,0,,0.0,1,0,
2025-03-01,fc-1302,sakura filter,707.0,0,9.0,40.4,42.63666666666666,,rojo,0,0.702866738508355,2024-11-11,2.01,200.0,0.0,0,,0.0,1,0,
2022-11-01,sk24,sin definicion,0.0,50,0.0,0.0,0.0,,rojo,0,0.6394820703471312,2020-01-31,1.08,1200.0,54.0,0,,0.0,1,0,
2025-02-01,bhy003,ito koyama - bocamazas,48.0,0,8.0,277.84000000000003,80.65166666666667,,rojo,0,0.6514995006179861,2024-11-13,4.42,100.0,0.0,0,,0.0,1,0,
2024-06-01,rov1030100,rover - usa,0.0,350,0.0,0.0,0.0,0.5477602317996824,rojo,4,0.4944499067702935,2023-12-27,7.7475,1296.0,2711.625,0,,0.0,1,0,1
2023-07-01,tt-121,toyo - japon,0.0,450,0.0,0.0,0.0,1.1116606153763071,rojo,4,0.406511748861973,2023-03-31,4.744708955287933,300.0,2135.11902987957,0,,0.0,1,0,1
2025-03-01,r10300025,valvoline,96.0,0,8.0,306.65999999999997,132.905,,rojo,0,0.506000377916183,2024-11-12,3.17,108.0,0.0,0,,0.0,1,0,
2025-03-01,mi-016,ito koyama - palieres,196.0,0,21.0,372.94,133.495,,rojo,0,0.6483459939553653,2024-12-17,6.2,100.0,0.0,0,,0.0,1,0,
2025-03-01,ctx-124a,aisin - japon,246.0,0,11.0,4138.14,689.69,,rojo,0,0.45534977978003255,2024-12-17,47.99,300.0,0.0,0,,0.0,1,0,
2025-03-01,icd0012,ishikawa - pastillas de freno,58.0,0,11.0,124.3,31.45,,rojo,0,1.1630577484832922,2024-07-26,4.1,100.0,0.0,0,,0.0,1,0,
2025-03-01,eo-31070,sakura filter,37.0,0,25.0,271.69,96.84333333333332,,rojo,0,0.878867413267056,2024-08-29,1.84,100.0,0.0,0,200.0,0.0,1,0,
2025-02-01,hy-62026,ito koyama - palieres,0.0,50,17.0,388.65000000000003,159.49833333333333,,rojo,0,0.5898399573642578,2024-10-24,7.2,50.0,360.0,0,,0.0,1,0,
2025-03-01,op-620,ito koyama - palieres,176.0,0,8.0,138.03,51.90833333333333,,rojo,0,0.5731904628540655,2024-12-17,6.4,100.0,0.0,0,,0.0,1,0,
2025-03-01,dt195r15c,deestone,99.0,0,13.0,6249.58,2701.266666666667,,rojo,0,0.5146641089689682,2025-02-25,37.35,80.0,0.0,0,,0.0,1,0,
2024-09-01,q16pr-u11,denso - bujias - japon,96.0,150,0.0,0.0,0.0,0.7578351188439922,verde,3,0.43638549245257663,2025-03-11,0.99,96.0,148.5,0,,1.6316904438622846,0,0,0
2025-01-01,17035,narva,0.0,50,8.0,61.02,88.71499999999999,,rojo,0,0.42120164818376915,2024-09-16,0.3098110585927963,600.0,15.490552929639815,0,,0.0,1,0,
2025-03-01,f-5502,sakura filter,177.0,0,5.0,67.6,13.326666666666666,,rojo,0,0.7034572994945542,2024-11-11,1.35,100.0,0.0,0,,0.0,1,0,
2025-03-01,55310-2p000,ito koyama - amortiguadores,49.0,0,17.0,297.39,131.54666666666665,,rojo,0,0.6831222336853057,2024-11-29,6.3,48.0,0.0,0,,0.0,1,0,
2025-03-01,ur006,ito koyama - direccion,204.0,0,5.0,9.74,13.9,,rojo,0,0.5410289939529842,2021-12-27,2.42,510.0,0.0,0,,0.0,1,0,
2025-03-01,48007,narva,85.0,0,9.0,89.66,87.46666666666665,,rojo,0,0.43740001526851213,2024-09-16,3.521245517778397,200.0,0.0,0,,0.0,1,0,
2025-03-01,dt195/65r15,deestone,12.0,0,9.0,976.27,625.535,,rojo,0,0.47643480669303095,2024-09-20,24.63,100.0,0.0,0,,0.0,1,0,
2025-03-01,11345,marilia,377.0,0,3.0,94.49000000000001,15.748333333333335,,rojo,0,0.44432095045603903,2019-08-23,1.69,1500.0,0.0,0,,0.0,1,0,
2025-03-01,tto001,ito koyama - direccion,170.0,0,5.0,93.17,15.528333333333334,,rojo,0,0.6538172940148806,2025-02-28,2.22826,200.0,0.0,0,,0.0,1,0,
2024-09-01,ca-1807,sakura filter,0.0,50,0.0,0.0,0.0,0.532409946187673,rojo,6,0.706189741015784,2021-02-10,1.15,200.0,57.49999999999999,0,0.0,0.0,1,1,1
2025-04-01,a-1088-s,sakura filter,22.0,0,22.0,1535.38,679.0433333333334,,rojo,0,0.877239449467895,2024-02-28,9.21,60.0,0.0,0,,0.0,1,0,
2025-03-01,h-932/4,mann - brasil,32.0,0,13.0,335.09,125.61999999999999,,rojo,0,0.4373290280215801,2025-01-18,3.85,60.0,0.0,0,,0.0,1,0,
2025-03-01,c-6214,sakura filter,114.0,0,42.0,942.8199999999999,271.42,,rojo,0,0.9686035737113777,2024-11-28,1.88,200.0,0.0,0,0.0,0.0,1,0,
2025-03-01,a-31230,sakura filter,16.0,0,3.0,7.25,10.868333333333332,,rojo,0,0.627651760812173,2022-06-06,3.97,50.0,0.0,0,,0.0,1,0,
2025-03-01,48510-02150,ito koyama - amortiguadores,170.0,0,35.0,1303.47,462.075,,rojo,0,0.7107474058911286,2024-11-29,10.8,96.0,0.0,0,,0.0,1,0,
2025-04-01,bdd026,ishikawa - discos de freno,2.0,0,19.0,1794.58,497.25666666666666,,rojo,0,1.1284197939994352,2024-10-30,10.65,50.0,0.0,0,,0.0,1,0,
2025-03-01,c-5301,sakura filter,165.0,0,9.0,134.44,35.70166666666667,,rojo,0,0.6000551756545001,2024-09-17,3.79,186.0,0.0,0,,0.0,1,0,
2025-03-01,a-2625,sakura filter,132.0,0,16.0,1125.52,337.79833333333335,,rojo,0,0.9045532614313512,2024-02-28,4.57,200.0,0.0,0,0.0,0.0,1,0,
2025-03-01,ek002,ito koyama - direccion,62.0,0,5.0,101.75999999999999,16.959999999999997,,rojo,0,0.6389022354039091,2025-02-28,1.531903,100.0,0.0,0,,0.0,1,0,
2025-03-01,ek003,ito koyama - direccion,82.0,0,3.0,38.33,6.388333333333333,,rojo,0,0.576676093560389,2025-02-28,1.462308,100.0,0.0,0,,0.0,1,0,
2025-03-01,ek004,ito koyama - direccion,92.0,0,6.0,56.24,12.173333333333334,,rojo,0,0.6259483419046172,2025-02-28,1.531987,96.0,0.0,0,,0.0,1,0,
2025-03-01,b1001,ito koyama - trapecios,38.0,0,19.0,1158.06,249.50166666666667,,rojo,0,0.9310093365546521,2024-12-10,2.84,200.0,0.0,0,,0.0,1,0,
2025-03-01,a-65620,sakura filter,107.0,0,16.0,381.77,113.2,,rojo,0,0.8565834051474881,2024-11-11,2.13,120.0,0.0,0,100.0,0.0,1,0,
2025-03-01,a-26020,sakura filter,45.0,0,4.0,99.15,16.525000000000002,,rojo,0,0.8205670970338859,2023-10-23,1.41,100.0,0.0,0,,0.0,1,0,
2025-03-01,bdd081,ishikawa - discos de freno,6.0,0,7.0,274.33,83.27833333333334,,rojo,0,0.659551611558276,2023-03-31,15.35,100.0,0.0,0,,0.0,1,0,
2025-03-01,ca-1810,sakura filter,69.0,0,13.0,121.84,28.998333333333335,,rojo,0,1.1256763601583084,2023-12-04,1.22,40.0,0.0,0,,0.0,1,0,
2025-03-01,a-1421,sakura filter,259.0,0,3.0,34.05,5.675,,rojo,0,0.6830853768059509,2024-08-29,2.16,100.0,0.0,0,,0.0,1,0,
2025-03-01,dg001,ito koyama - resortes,174.0,0,27.0,644.53,214.23333333333335,,rojo,0,0.8193121015242835,2024-12-26,4.6,104.0,0.0,0,,0.0,1,0,
2025-02-01,82966304,monark - alemania,0.0,50,5.0,262.2,95.71166666666666,,rojo,0,0.47082363174829217,,,,,0,,0.0,1,0,
2025-03-01,pp10300025,valvoline,85.0,0,8.0,175.43,91.38666666666666,,rojo,0,0.49784932965661605,2024-11-12,4.99,72.0,0.0,0,,0.0,1,0,
2024-10-01,sk010,ito koyama - resortes,0.0,50,1.0,0.0,3.01,0.49690399499995336,rojo,6,0.8047283049839341,2024-01-22,4.94,78.0,247.00000000000003,0,,0.0,1,0,1
2025-02-01,48994,narva,40.0,0,4.0,195.6,70.85000000000001,,rojo,0,0.4409588969185703,2024-05-29,2.853825289964676,200.0,0.0,0,,0.0,1,0,
2025-02-01,ea-70010-s,sakura filter,78.0,0,2.0,18.61,8.06,,rojo,0,1.0402154730806403,2023-05-31,2.2,48.0,0.0,0,,0.0,1,0,
2025-03-01,ea-69220,sakura filter,312.0,0,4.0,116.78,31.911666666666665,,rojo,0,0.878455593486596,2024-10-22,2.77,100.0,0.0,0,150.0,0.0,1,0,
2025-03-01,ehy006,ito koyama - direccion,0.0,50,3.0,58.68000000000001,10.853333333333333,,rojo,0,0.6284849953001719,2025-02-28,1.531944,196.0,76.5972,0,,0.0,1,0,
2025-02-01,55300x100,ito koyama - amortiguadores,53.0,0,9.0,406.17,105.44,,rojo,0,0.5736109614444418,2024-11-29,7.8,80.0,0.0,0,,0.0,1,0,
2025-02-01,675130,valvoline - usa,432.0,0,32.0,1794.2900000000002,1237.465,,rojo,0,0.5241898202062146,2025-03-10,6.291667,216.0,0.0,0,,0.0,1,0,
2025-04-01,fc-1807,sakura filter,6321.0,0,289.0,25162.42,7384.983333333334,,rojo,0,0.7635481544601153,2025-01-31,1.84,75.0,0.0,0,300.0,0.0,1,0,
2025-03-01,tto008,ito koyama - direccion,198.0,0,9.0,5051.88,841.98,,rojo,0,0.7194494379237193,2025-02-28,1.810483,402.0,0.0,0,,0.0,1,0,
2025-04-01,vw-020,ito koyama - palieres,198.0,0,14.0,286.13,95.82,,rojo,0,0.5802534974802553,2024-12-17,6.91,100.0,0.0,0,,0.0,1,0,
2025-03-01,hu-12110x,mann - brasil,2.0,50,45.0,2208.29,688.725,,rojo,0,0.3766775438996513,2025-01-18,11.69,102.0,584.5,0,,0.0,1,0,
2025-01-01,schd-645,seco - embragues,0.0,50,7.0,0.0,58.910000000000004,1.4809858071562563,rojo,4,0.39364247641438904,2024-07-18,19.15,50.0,957.4999999999999,0,,0.0,1,0,1
2025-04-01,sk-1043,ito koyama - palieres,388.0,0,30.0,2501.9,843.9266666666667,,rojo,0,0.5870073630909932,2024-12-17,5.8,500.0,0.0,0,,0.0,1,0,
2023-10-01,p1540cip5500usr,prextoline - usa,0.0,50,0.0,0.0,0.0,0.9229582069908974,rojo,4,0.3776780047035354,2023-05-05,375.0,8.0,18750.0,0,,0.0,1,0,1
2025-03-01,48531-20111,ito koyama - amortiguadores,68.0,0,17.0,299.78,134.9283333333333,,rojo,0,0.6824862917549744,2024-11-08,6.0,60.0,0.0,0,,0.0,1,0,
2025-03-01,ch-005,ito koyama - palieres,505.0,0,24.0,1862.58,392.715,,rojo,0,0.5883341574214741,2024-12-17,6.5,500.0,0.0,0,,0.0,1,0,
2025-03-01,t1100,ito koyama - trapecios,8.0,0,9.0,181.61,68.8,,rojo,0,0.645976712213659,2024-03-19,8.405833,60.0,0.0,0,,0.0,1,0,
2025-03-01,a-22460,sakura filter,152.0,0,5.0,9.030000000000001,7.335,,rojo,0,0.6340611989196034,2024-11-11,2.26,20.0,0.0,0,,0.0,1,0,
2025-03-01,k20pr-u11,denso - bujias - japon,526.0,0,12.0,88.39999999999999,86.69,,rojo,0,0.39650178338805625,2025-03-11,0.99,384.0,0.0,0,,0.0,1,0,
2025-03-01,bdd014,ishikawa - discos de freno,78.0,0,12.0,763.72,202.38166666666666,,rojo,0,0.7609165025033942,2024-07-24,11.42,150.0,0.0,0,,0.0,1,0,
2025-03-01,a-1734,sakura filter,6.0,0,5.0,34.02,20.276666666666667,,rojo,0,1.7441090216810755,2023-09-15,1.47,100.0,0.0,0,,0.0,1,0,
2025-03-01,vw-011,ito koyama - palieres,36.0,0,10.0,660.5,154.095,,rojo,0,0.5639390633152374,2024-12-17,7.1,50.0,0.0,0,,0.0,1,0,
2025-03-01,ani007,ito koyama - direccion,284.0,0,12.0,144.58,52.57,,rojo,0,0.6084218196522223,2025-02-28,2.297922,300.0,0.0,0,,0.0,1,0,
2025-04-01,to-015,ito koyama - palieres,316.0,0,68.0,3167.61,904.1533333333333,,rojo,0,0.5941209134687797,2024-12-17,6.5,600.0,0.0,0,,0.0,1,0,
2025-02-01,fc-7913,sakura filter,0.0,50,17.0,92.31,118.58666666666666,,rojo,0,0.7334780612749047,2024-03-14,3.44,204.0,172.0,0,,0.0,1,0,
2023-06-01,thy009,ito koyama - direccion,0.0,50,0.0,0.0,0.0,inf,rojo,6,0.6051038439601398,2022-01-21,2.35,330.0,117.5,0,,0.0,1,0,1
2025-04-01,k16tr11,denso - bujias - japon,1299.0,0,69.0,3442.77,1009.0266666666666,,rojo,0,0.38148041260806576,2025-03-11,1.51,1152.0,0.0,0,,0.0,1,0,
2024-03-01,dtlt265/70r16,deestone,0.0,150,0.0,0.0,0.0,1.497243851986174,rojo,6,0.27825546834800596,2022-06-23,60.71,546.0,9106.5,0,,0.0,1,0,1
2025-03-01,a-1128,sakura filter,21.0,0,18.0,709.37,171.61333333333334,,rojo,0,0.847850132815353,2023-11-28,4.07,80.0,0.0,0,,0.0,1,0,
2025-04-01,pu-941x,mann - brasil,217.0,0,88.0,3883.56,2353.57,,rojo,0,0.4480763665893309,2025-01-18,9.67,500.0,0.0,0,,0.0,1,0,
2025-03-01,bto013,ito koyama - bocamazas,0.0,50,18.0,552.99,273.1383333333333,,rojo,0,0.595052883197242,2024-11-13,17.55,50.0,877.5,0,,0.0,1,0,
2025-03-01,eo-24070,sakura filter,79.0,0,58.0,2172.0,1077.45,,rojo,0,1.045750185269547,2024-11-04,1.0,400.0,0.0,0,,0.0,1,0,
2025-04-01,ef-18060,sakura filter,496.0,0,59.0,1083.86,869.6183333333333,,rojo,0,0.9810940477966482,2024-11-30,3.95,600.0,0.0,0,,0.0,1,0,
2023-04-01,skhd-322,seco - embragues,0.0,50,0.0,0.0,0.0,inf,rojo,4,0.40761822191645575,2022-02-05,41.17,200.0,2058.5,0,,0.0,1,0,1
2025-03-01,dttmlt265/70r17,deestone,0.0,50,11.0,3388.12,1282.99,,rojo,0,0.27821358730805024,2024-10-28,71.34,60.0,3567.0,0,,0.0,1,0,
2025-02-01,a-1703,sakura filter,91.0,0,3.0,5.73,5.785,,rojo,0,0.5801092801860575,2022-09-05,2.53,200.0,0.0,0,0.0,0.0,1,0,
2025-04-01,fc-10290,sakura filter,2654.0,0,104.0,3254.41,1919.115,,rojo,0,0.9658819550573041,2025-01-22,2.8,1075.0,0.0,0,,0.0,1,0,
2025-03-01,18032,narva,514.0,0,148.0,38812.26,9928.155,,rojo,0,0.34099609282750504,2024-09-16,20.025725548267364,1200.0,0.0,0,,0.0,1,0,
2025-03-01,mi-940l,ito koyama - palieres,45.0,0,15.0,395.62,173.36666666666667,,rojo,0,0.5995401026189594,2024-06-21,29.3,50.0,0.0,0,,0.0,1,0,
2025-03-01,724580413l,ito koyama - amortiguadores,18.0,0,13.0,146.34,76.89,,rojo,0,0.6493350965794535,2023-07-25,9.1,180.0,0.0,0,,0.0,1,0,
2025-04-01,ca-2808,sakura filter,588.0,0,32.0,265.23,85.78833333333334,,rojo,0,1.185705270918667,2024-11-30,1.13,180.0,0.0,0,,0.0,1,0,
2025-03-01,18044,narva,464.0,0,11.0,584.75,231.92333333333332,,rojo,0,0.4402991795352091,2023-04-18,16.43602912784588,408.0,0.0,0,,0.0,1,0,
2025-03-01,bdd019,ishikawa - discos de freno,58.0,0,19.0,404.75,206.67,,rojo,0,0.9906097391397233,2023-12-23,7.31,100.0,0.0,0,,0.0,1,0,
2025-03-01,af12035m,prestone - mexico,108.0,0,2.0,143.9,23.983333333333334,,rojo,0,0.3496874424275101,2025-02-07,4.9,120.0,0.0,0,,0.0,1,0,
2024-07-01,af12035mb,prestone - mexico,0.0,50,0.0,0.0,0.0,0.8613890717242425,rojo,3,0.38553383565717214,2022-06-08,22.25,30.0,1112.5,0,,0.0,1,0,1
2025-04-01,4851042080,ito koyama - amortiguadores,13.0,0,31.0,1212.88,241.44500000000002,,rojo,0,0.7416196418032615,2024-11-29,11.5,79.0,0.0,0,,0.0,1,0,
2025-04-01,f-1507,sakura filter,1068.0,0,144.0,9710.08,2842.0066666666667,,rojo,0,1.0097520031229485,2025-01-22,1.01,500.0,0.0,0,950.0,0.0,1,0,
2025-04-01,f-1111,sakura filter,7569.0,0,291.0,31258.3,8918.756666666666,,rojo,0,0.9589355868283794,2025-01-31,1.1,1200.0,0.0,0,3500.0,0.0,1,0,
2025-02-01,sfc-5304-10b,sakura filter,28.0,0,3.0,187.87,85.55666666666667,,rojo,0,0.6342422443263314,2023-02-17,13.65,132.0,0.0,0,,0.0,1,0,
2025-04-01,vw-005,ito koyama - palieres,208.0,0,19.0,2008.27,529.4433333333333,,rojo,0,0.587230528566368,2024-12-17,6.4,400.0,0.0,0,,0.0,1,0,
2025-03-01,a-6014-s,sakura filter,17.0,0,13.0,426.40999999999997,180.12833333333333,,rojo,0,0.7455118038819585,2023-10-19,20.04,25.0,0.0,0,,0.0,1,0,
2025-02-01,a-6012,sakura filter,0.0,50,5.0,157.69,71.71166666666666,,rojo,0,1.1579433243851989,2023-10-25,6.36,24.0,318.0,0,,0.0,1,0,
2025-03-01,mi-801,ito koyama - palieres,134.0,0,11.0,76.07,73.39666666666666,,rojo,0,0.5877944180943679,2024-06-21,7.02,100.0,0.0,0,,0.0,1,0,
2025-02-01,dtx-113,aisin - japon,0.0,50,8.0,1721.17,496.19666666666666,,rojo,0,0.36007327568514935,2023-05-05,56.04,20.0,2802.0,0,,0.0,1,0,
2024-11-01,hu-11002/x,mann - brasil,2.0,50,4.0,0.0,82.20333333333333,0.23433882094255257,verde,4,0.37557719842777854,2023-10-05,41.07214061021805,30.0,2053.6070305109024,0,,0.5221875192352669,0,0,0
2025-03-01,48034,narva,174.0,0,8.0,124.96000000000001,74.76833333333333,,rojo,0,0.4814396960123343,2024-05-29,2.6131307697296142,200.0,0.0,0,,0.0,1,0,
2025-03-01,ctx-125,aisin - japon,164.0,0,7.0,1823.83,546.2383333333333,,rojo,0,0.37285532796092624,2025-01-31,58.21,100.0,0.0,0,,0.0,1,0,
2025-03-01,ur004,ito koyama - direccion,127.0,0,3.0,44.099999999999994,8.83,,rojo,0,0.7993814202897459,2023-05-19,2.38,470.0,0.0,0,,0.0,1,0,
2025-03-01,w-1135/3,mann - brasil,24.0,0,20.0,3495.68,915.1983333333334,,rojo,0,0.4060410478690934,2024-02-03,10.28,240.0,0.0,0,,0.0,1,0,
2025-02-01,wk-950/21,mann - brasil,29.0,0,6.0,614.24,290.05833333333334,,rojo,0,0.2635801993957271,2022-09-05,13.14,60.0,0.0,0,,0.0,1,0,
2025-03-01,act-002-cs,aisin - japon,174.0,0,12.0,5465.28,1292.2366666666667,,rojo,0,0.3867017069680987,2025-02-24,10.7,120.0,0.0,0,,0.0,1,0,
2025-03-01,fc-2204,sakura filter,613.0,0,33.0,3267.87,1415.92,,rojo,0,0.9924078606968315,2025-01-10,2.48,150.0,0.0,0,,0.0,1,0,
2025-03-01,sk-610,ito koyama - palieres,44.0,0,30.0,599.33,266.78833333333336,,rojo,0,0.7043647561960691,2024-12-17,5.7,100.0,0.0,0,,0.0,1,0,
2025-04-01,ca-18280,sakura filter,545.0,0,69.0,1296.09,317.25333333333333,,rojo,0,0.8637525054091838,2024-11-30,1.27,600.0,0.0,0,300.0,0.0,1,0,
2025-03-01,341139,ito koyama - amortiguadores,0.0,50,17.0,176.96,70.405,,rojo,0,0.6730012410119441,2023-12-23,7.3,50.0,365.0,0,,0.0,1,0,
2025-03-01,884572,valvoline - usa,498.0,0,28.0,737.3299999999999,405.09833333333336,,rojo,0,0.679591964290409,2025-03-10,4.988333,252.0,0.0,0,,0.0,1,0,
2025-04-01,fc-1806,sakura filter,4584.0,0,288.0,19530.0,6435.63,,rojo,0,0.8217157893097274,2025-01-31,1.77,1000.0,0.0,0,0.0,0.0,1,0,
2025-03-01,wk-718,mann - brasil,397.0,0,12.0,1820.3,588.1683333333334,,rojo,0,0.5920998342378394,2024-02-03,4.83,480.0,0.0,0,,0.0,1,0,
2025-02-01,341193,ito koyama - amortiguadores,0.0,50,10.0,134.91,62.25333333333333,,rojo,0,0.6438045771965836,2023-12-23,7.2,50.0,360.0,0,,0.0,1,0,
2025-02-01,341138,ito koyama - amortiguadores,0.0,50,15.0,96.69,57.02666666666667,,rojo,0,0.6727747385801727,2023-12-23,7.3,50.0,365.0,0,,0.0,1,0,
2025-01-01,hy047,ito koyama - resortes,0.0,100,18.0,173.18,347.57666666666665,0.4018169521863458,rojo,6,0.8561167106700017,2024-01-22,10.61,120.0,1061.0,0,,0.0,1,0,1
2025-02-01,cf-1550,mann - brasil,4.0,0,5.0,75.42,58.88333333333333,,rojo,0,0.5274000430053232,2024-09-12,11.68,30.0,0.0,0,,0.0,1,0,
2025-03-01,bdd029,ishikawa - discos de freno,66.0,0,9.0,293.23,81.08833333333334,,rojo,0,0.7156276664393216,2023-12-23,6.06,150.0,0.0,0,,0.0,1,0,
2025-02-01,c-10028,sakura filter,361.0,0,2.0,56.34,14.058333333333335,,rojo,0,0.6656075956947868,2025-02-28,2.27,216.0,0.0,0,,0.0,1,0,
2025-02-01,vv630,valvoline - usa,34.0,0,3.0,847.46,197.74,,rojo,0,0.1939033970716197,2023-08-15,122.49,22.0,0.0,0,,0.0,1,0,
2025-03-01,mwmwd976,wagner - pastillas,2.0,50,78.0,16577.86,6250.098333333332,,rojo,0,1.4531704907921867,2024-07-20,6.6,2700.0,330.0,0,,0.0,1,0,
2025-03-01,c-11100,mann - brasil,102.0,0,9.0,601.63,855.0750000000002,,rojo,0,0.5195338437058773,2025-01-18,8.14,150.0,0.0,0,,0.0,1,0,
2025-03-01,48680,narva,1598.0,0,61.0,2721.35,1140.6983333333333,,rojo,0,0.5139319741645981,2022-06-21,4.48362771650219,160.0,0.0,0,,0.0,1,0,
2025-03-01,ch-004,ito koyama - palieres,615.0,0,21.0,599.58,195.1783333333333,,rojo,0,0.6177013412312805,2024-12-17,6.5,300.0,0.0,0,,0.0,1,0,
2025-03-01,ety004,ito koyama - direccion,0.0,50,4.0,931.88,155.31333333333333,,rojo,0,0.6331429150019687,2025-02-28,1.531928,400.0,76.5964,0,,0.0,1,0,
2025-03-01,a-8548,sakura filter,207.0,0,16.0,394.22,95.22833333333334,,rojo,0,1.3040907654966745,2024-08-29,2.61,36.0,0.0,0,306.0,0.0,1,0,
2025-03-01,bdd047,ishikawa - discos de freno,0.0,50,10.0,320.69,77.68666666666665,,rojo,0,0.732946770388546,2024-01-09,8.76,50.0,438.0,0,,0.0,1,0,
2025-03-01,48625,narva,99.0,0,10.0,788.9,167.305,,rojo,0,0.5052713557866974,2023-09-21,7.232981841087342,100.0,0.0,0,,0.0,1,0,
2025-01-01,tt-124,toyo - japon,0.0,50,1.0,175.47,29.245,,rojo,0,0.8107988730067657,2023-03-31,3.903874456882477,50.0,195.19372284412384,0,,0.0,1,0,
2025-03-01,hu-618x,mann - brasil,47.0,0,5.0,257.29,58.370000000000005,,rojo,0,0.8943088490245034,2024-09-24,2.122340039014816,100.0,0.0,0,,0.0,1,0,
2025-02-01,96207646,ito koyama - amortiguadores,15.0,0,6.0,93.85,48.33166666666667,,rojo,0,0.5322695771917817,2021-11-08,11.96,150.0,0.0,0,,0.0,1,0,
2025-02-01,96207647,ito koyama - amortiguadores,5.0,0,6.0,118.44,52.43,,rojo,0,0.536820813910911,2021-11-08,11.96,144.0,0.0,0,,0.0,1,0,
2025-02-01,icd1847,ishikawa - pastillas de freno,0.0,50,22.0,121.26,150.51166666666668,,rojo,0,1.26546340572606,2024-07-26,5.4,100.0,270.0,0,,0.0,1,0,
2025-02-01,48530-19265,ito koyama - amortiguadores,84.0,0,7.0,547.46,120.85000000000001,,rojo,0,0.7160556145263669,2024-11-29,6.8,50.0,0.0,0,,0.0,1,0,
2025-02-01,t1045,ito koyama - trapecios,68.0,0,6.0,59.67999999999999,22.021666666666665,,rojo,0,0.6119684497516676,2024-03-19,10.43475,80.0,0.0,0,,0.0,1,0,
2025-03-01,c-5715,sakura filter,121.0,0,8.0,559.6700000000001,154.27,,rojo,0,0.7548289628692252,2024-10-22,5.63,6.0,0.0,0,90.0,0.0,1,0,
2025-03-01,c-2105,sakura filter,203.0,0,82.0,4611.62,1348.0366666666666,,rojo,0,0.73753836592419,2024-11-30,1.56,500.0,0.0,0,450.0,0.0,1,0,
2025-03-01,w-962,mann - brasil,314.0,0,36.0,1525.46,1023.3866666666667,,rojo,0,0.4140522149182923,2025-01-18,8.09,396.0,0.0,0,,0.0,1,0,
2025-04-01,48328,narva,11502.0,0,260.0,54887.12,15012.21,,rojo,0,0.5070651375150974,2024-09-16,2.0117759613633157,10000.0,0.0,0,,0.0,1,0,
2025-03-01,aty013,ito koyama - direccion,324.0,0,18.0,785.84,181.11333333333334,,rojo,0,0.7446054838529279,2025-02-28,2.297905,400.0,0.0,0,,0.0,1,0,
2025-03-01,dttmlt265/75r16,deestone,50.0,0,1.0,237.29,39.54833333333333,,rojo,0,0.20620692582872216,2022-04-09,74.46,150.0,0.0,0,,0.0,1,0,
2025-03-01,fc-1804,sakura filter,2.0,0,10.0,95.3,64.07833333333333,,rojo,0,0.9757914365030532,2023-09-05,2.05,100.0,0.0,0,,0.0,1,0,
2025-03-01,pt16vr13,denso - bujias - japon,145.0,0,1.0,101.69,16.948333333333334,,rojo,0,0.3599970948816011,2018-05-10,4.23,4000.0,0.0,0,,0.0,1,0,
2025-03-01,rov85140025,rover - usa,560.0,0,1.0,330.51,55.085,,rojo,0,0.5279689075781289,2023-05-05,3.165833,1008.0,0.0,0,,0.0,1,0,
2025-02-01,c-1514,sakura filter,0.0,50,43.0,651.9399999999999,371.9766666666667,,rojo,0,0.7155450677294442,2024-11-04,1.62,200.0,81.0,0,0.0,0.0,1,0,
2025-04-01,wk-962/7,mann - brasil,157.0,0,46.0,1448.3600000000001,826.8266666666667,,rojo,0,0.4729533673932904,2025-01-18,8.79,198.0,0.0,0,,0.0,1,0,
2025-02-01,wk-11001x,mann - brasil,0.0,50,15.0,181.52,598.2066666666666,,rojo,0,0.5719895686888095,2024-11-13,20.53,120.0,1026.5,0,,0.0,1,0,
2025-02-01,48729,narva,248.0,0,2.0,86.78,29.265,,rojo,0,0.46843143808858095,2023-04-18,6.931388828027248,400.0,0.0,0,,0.0,1,0,
2025-03-01,fc-7905,sakura filter,399.0,0,33.0,551.1800000000001,212.0,,rojo,0,0.9431776880010465,2024-10-22,1.92,36.0,0.0,0,,0.0,1,0,
2025-03-01,m25600100,valvoline,85.0,0,25.0,1676.71,598.0933333333334,,rojo,0,0.40672140541707297,2024-06-12,11.14,240.0,0.0,0,,0.0,1,0,
2025-02-01,rto007,ito koyama - direccion,51.0,0,2.0,75.32,12.553333333333333,,rojo,0,0.7673643232774916,2023-05-19,3.55,120.0,0.0,0,,0.0,1,0,
2025-03-01,pu-999/1x,mann - brasil,249.0,0,60.0,2958.54,1612.1133333333335,,rojo,0,0.37949447398808184,2025-01-18,11.7,300.0,0.0,0,,0.0,1,0,
2025-03-01,ik20tt,denso - bujias - japon,152.0,0,4.0,177.56,49.526666666666664,,rojo,0,0.3628889188793111,2024-08-26,5.25,192.0,0.0,0,,0.0,1,0,
2025-03-01,n015,ito koyama - resortes,472.0,0,31.0,883.32,385.66,,rojo,0,0.7384351057270698,2024-12-26,8.4,200.0,0.0,0,,0.0,1,0,
2025-03-01,48531-36160,ito koyama - amortiguadores,175.0,0,13.0,781.42,299.51,,rojo,0,0.7039864538461434,2024-11-29,5.9,99.0,0.0,0,,0.0,1,0,
2025-03-01,a-28690,sakura filter,232.0,0,34.0,295.79,170.96166666666667,,rojo,0,1.1347097804620132,2024-11-11,1.0,40.0,0.0,0,200.0,0.0,1,0,
2025-03-01,eo-1701,sakura filter,93.0,0,4.0,41.36,7.678333333333334,,rojo,0,0.7936215180020161,2023-11-24,1.44,50.0,0.0,0,,0.0,1,0,
2025-04-01,dt-100v,aisin - japon,0.0,50,132.0,23035.09,6629.169999999999,,rojo,0,0.4003118789821441,2024-05-20,13.65,300.0,682.5,0,,0.0,1,0,
2025-03-01,pra300500,prextoline - lubricantes,79.0,0,30.0,16137.12,5050.183333333333,,rojo,0,0.5603358254693237,2024-11-20,35.0,80.0,0.0,0,,0.0,1,0,
2025-04-01,p80900500,prextoline - lubricantes,2.0,0,11.0,2176.27,578.8149999999999,,rojo,0,0.4048417153087629,2024-09-21,40.0,50.0,0.0,0,,0.0,1,0,
2025-04-01,g20w50100,valvoline,162.0,0,29.0,2065.67,614.5933333333334,,rojo,0,0.3836382944218655,2024-06-12,11.13,210.0,0.0,0,,0.0,1,0,
2025-02-01,17189,narva,230.0,0,6.0,24.07,10.438333333333334,,rojo,0,0.8221474138618248,2024-05-29,0.6183396646976471,400.0,0.0,0,,0.0,1,0,
2025-04-01,884559,valvoline - usa,676.0,0,38.0,14868.84,4101.413333333333,,rojo,0,1.1499968026181462,2025-03-10,5.7083,126.0,0.0,0,,0.0,1,0,
2025-03-01,a-1433,sakura filter,27.0,0,25.0,238.85999999999999,142.14000000000001,,rojo,0,1.1169670460008363,2024-11-11,1.75,120.0,0.0,0,0.0,0.0,1,0,
2025-02-01,tb-1394/3x,mann - brasil,0.0,50,5.0,76.27,82.18333333333334,,rojo,0,0.3721125110497337,2024-02-05,23.974816970825195,30.0,1198.7408485412598,0,,0.0,1,0,
2025-03-01,dt-124v,aisin - japon,0.0,50,34.0,12042.09,2007.015,,rojo,0,0.3876541535156095,2025-01-31,16.69,800.0,834.5000000000001,0,,0.0,1,0,
2025-03-01,zxru1,valvoline - usa,426.0,0,15.0,541.52,355.08166666666665,,rojo,0,0.5556437092657531,2025-03-10,5.825,216.0,0.0,0,,0.0,1,0,
2025-02-01,sdhd-646,seco - embragues,32.0,0,8.0,64.24,69.83166666666666,,rojo,0,0.38241543986363774,2024-07-18,24.97,50.0,0.0,0,,0.0,1,0,
2025-03-01,sdhn-095,seco - embragues,7.0,0,2.0,141.85,78.515,,rojo,0,0.36895295133519257,2023-05-23,48.25,50.0,0.0,0,,0.0,1,0,
2025-03-01,dt185/70r14,deestone,53.0,0,25.0,2245.29,1520.3,,rojo,0,0.4499203802107753,2024-09-20,23.0,250.0,0.0,0,,0.0,1,0,
2025-04-01,a-28520,sakura filter,6.0,0,6.0,61.19,37.81166666666667,,rojo,0,1.312466808272067,2023-11-24,2.93,54.0,0.0,0,,0.0,1,0,
2025-04-01,b10300100,valvoline,49.0,0,118.0,18234.09,6616.343333333333,,rojo,0,0.36856598904130317,2024-11-12,12.99,1050.0,0.0,0,,0.0,1,0,
2024-04-01,tkl22012d,tkl - taiwan,0.0,250,0.0,0.0,0.0,0.8099603358903276,rojo,4,0.40729101038056326,2022-10-20,15.5,600.0,3875.0,0,,0.0,1,0,1
2024-09-01,w-950/12,mann - brasil,0.0,100,0.0,0.0,0.0,0.40904314596433883,rojo,4,0.4678838047382216,2023-10-12,7.73,36.0,773.0,0,,0.0,1,0,1
2025-04-01,h-5902,sakura filter,218.0,0,17.0,360.32,270.385,,rojo,0,0.8575336543480546,2024-10-31,4.15,200.0,0.0,0,,0.0,1,0,
2025-03-01,c-5713,sakura filter,124.0,0,22.0,776.75,227.71166666666667,,rojo,0,0.8517902123055989,2024-10-22,5.44,240.0,0.0,0,0.0,0.0,1,0,
2025-03-01,ety005,ito koyama - direccion,220.0,0,3.0,544.53,90.755,,rojo,0,0.7393831584296572,2025-02-28,1.396012,300.0,0.0,0,,0.0,1,0,
2025-03-01,ki-003,ito koyama - palieres,322.0,0,19.0,703.65,151.60833333333332,,rojo,0,0.6171789509593346,2024-12-17,5.9,300.0,0.0,0,,0.0,1,0,
2025-03-01,ety002,ito koyama - direccion,382.0,0,13.0,364.77,60.794999999999995,,rojo,0,0.7287518024461671,2025-02-28,1.531928,494.0,0.0,0,,0.0,1,0,
2025-03-01,41602a78b01,ito koyama - amortiguadores,226.0,0,14.0,84.06,186.37166666666667,,rojo,0,0.7876042928234712,2024-11-29,8.1,200.0,0.0,0,,0.0,1,0,
2025-03-01,18036,narva,228.0,0,22.0,1818.24,513.5066666666667,,rojo,0,0.4138188497392641,2024-05-29,15.939012508153915,402.0,0.0,0,,0.0,1,0,
2025-03-01,c-5707,sakura filter,233.0,0,20.0,1273.8999999999999,445.955,,rojo,0,0.8095138420201162,2024-08-29,8.84,96.0,0.0,0,,0.0,1,0,
2025-03-01,95270169,monark - alemania,0.0,50,1.0,52.07,8.678333333333333,,rojo,0,0.3537117857697104,,,,,0,,0.0,1,0,
2025-03-01,cf-1150,mann - brasil,174.0,0,14.0,1217.8,281.9916666666667,,rojo,0,0.5702171021650494,2024-02-03,10.56,228.0,0.0,0,,0.0,1,0,
2025-03-01,e4303-5ha3a,ito koyama - amortiguadores,69.0,0,36.0,609.61,253.85666666666668,,rojo,0,0.6695068424390613,2024-11-29,10.8,80.0,0.0,0,,0.0,1,0,
2025-02-01,fc-2205,sakura filter,0.0,50,21.0,217.19,253.09333333333333,,rojo,0,0.8020761019385508,2023-10-05,5.2,96.0,260.0,0,0.0,0.0,1,0,
2025-03-01,a-1876,sakura filter,0.0,0,51.0,946.33,456.73499999999996,,rojo,0,0.9992179188015593,2024-12-13,2.02,80.0,0.0,0,160.0,0.0,1,0,
2025-03-01,96424026,ito koyama - amortiguadores,89.0,0,7.0,36.599999999999994,33.68,,rojo,0,0.6579696024913,2024-08-22,9.85,60.0,0.0,0,,0.0,1,0,
2025-03-01,v-ambientadores,sin definicion,0.0,50,77.0,0.0,0.0,,rojo,0,-1.0,2023-05-24,1.6882000005031228,10000.0,84.41000002515614,0,,0.0,1,0,
2025-03-01,ema001,ito koyama - direccion,0.0,50,2.0,117.92,19.653333333333332,,rojo,0,0.7043282904886979,2025-02-28,1.531925,94.0,76.59625,0,,0.0,1,0,
2025-03-01,dt185r14c,deestone,61.0,0,12.0,789.91,617.265,,rojo,0,0.4231046030131533,2025-02-25,30.47,60.0,0.0,0,,0.0,1,0,
2025-02-01,a-1092,sakura filter,69.0,0,7.0,110.64,49.38666666666666,,rojo,0,1.3067964237126237,2024-11-11,2.37,60.0,0.0,0,,0.0,1,0,
2025-03-01,ik16tt#4,denso - bujias - japon,44.0,0,6.0,155.05,66.56333333333333,,rojo,0,0.35658971566684666,2024-08-26,5.33,96.0,0.0,0,,0.0,1,0,
2025-03-01,ca-11380,sakura filter,8469.0,0,193.0,48529.02,16611.75,,rojo,0,1.4943659186396614,2025-01-31,0.83,2000.0,0.0,0,4000.0,0.0,1,0,
2025-04-01,rxfc113661bep,wagner locked - usa,2608.0,0,150.0,82944.12,19468.8,,rojo,0,0.3551874435357634,2025-01-10,1.77,10368.0,0.0,0,,0.0,1,0,
2024-02-01,sdsz-240,seco - embragues,0.0,50,0.0,0.0,0.0,inf,rojo,4,0.41323254143472743,2022-08-08,10.44,50.0,522.0,0,,0.0,1,0,1
2025-03-01,eo-30150,sakura filter,101.0,0,5.0,5.46,6.723333333333333,,rojo,0,0.6147347813576035,2023-10-05,1.3,150.0,0.0,0,,0.0,1,0,
2025-03-01,48350,narva,0.0,50,29.0,1593.4,573.6666666666666,,rojo,0,0.4817619261242766,2024-05-29,1.3598480762243272,600.0,67.99240381121636,0,,0.0,1,0,
2025-03-01,c-2810,sakura filter,0.0,50,11.0,421.40000000000003,111.89999999999999,,rojo,0,0.7651568919290397,2023-01-09,2.01,150.0,100.49999999999999,0,0.0,0.0,1,0,
2025-02-01,rov1030sn100,rover - usa,121.0,0,9.0,2730.04,633.9466666666666,,rojo,0,0.6556521838140351,2023-12-27,11.4975,432.0,0.0,0,,0.0,1,0,
2025-03-01,17315,narva,0.0,50,8.0,56.0,64.01833333333333,,rojo,0,0.4927256649414124,2025-02-21,3.7454268639528023,20.0,187.2713431976401,0,,0.0,1,0,
2024-08-01,f-1804,sakura filter,0.0,50,0.0,0.0,0.0,1.357544249853047,rojo,6,0.6931543326649908,2020-03-28,1.26,50.0,63.0,0,,0.0,1,0,1
2025-03-01,ctx-065,aisin - japon,64.0,0,3.0,111.00999999999999,54.376666666666665,,rojo,0,0.37102849978050995,2024-12-17,36.65,40.0,0.0,0,,0.0,1,0,
2025-03-01,eo-25030,sakura filter,130.0,0,21.0,210.14,282.16333333333336,,rojo,0,1.0626727355205174,2024-11-11,4.29,25.0,0.0,0,,0.0,1,0,
2023-11-01,bto019,ito koyama - bocamazas,1.0,50,0.0,0.0,0.0,1.8805473493994598,amarillo,6,0.6533922437219817,2023-04-13,11.52,24.0,576.0,0,,0.25,0,0,1
2025-03-01,17172,narva,100.0,0,4.0,11.02,15.988333333333332,,rojo,0,0.4479348233433835,2024-02-28,0.3542999819397926,400.0,0.0,0,,0.0,1,0,
2025-03-01,as-1014,sakura filter,91.0,0,12.0,295.1,88.94,,rojo,0,0.8199518121226502,2024-03-18,3.24,81.0,0.0,0,0.0,0.0,1,0,
2025-03-01,a-17861,sakura filter,43.0,0,9.0,412.71000000000004,97.19333333333333,,rojo,0,0.7656969974755627,2022-06-17,6.59,200.0,0.0,0,0.0,0.0,1,0,
2025-03-01,c-1404,sakura filter,230.0,0,14.0,85.18,58.343333333333334,,rojo,0,0.6887861952815384,2024-09-17,1.3,300.0,0.0,0,0.0,0.0,1,0,
2025-03-01,hu-947/2x,mann - brasil,3.0,0,10.0,126.95,166.98,,rojo,0,0.47423715565774077,2024-09-12,5.02,102.0,0.0,0,,0.0,1,0,
2025-04-01,ef-10050,sakura filter,226.0,0,73.0,1271.46,831.3516666666666,,rojo,0,0.9950246576800365,2025-01-10,2.93,200.0,0.0,0,,0.0,1,0,
2024-04-01,pglaz5003,prextoline - grasas,0.0,50,0.0,0.0,0.0,1.6351976474390633,rojo,2,0.3658098427092797,2021-12-20,50.51,120.0,2525.5,0,,0.0,1,0,1
2025-03-01,17632,narva,0.0,50,41.0,1783.45,469.785,,rojo,0,0.5224482400054309,2024-09-16,0.7220793176651001,1000.0,36.10396588325501,0,,0.0,1,0,
2025-02-01,bto011,ito koyama - bocamazas,0.0,50,19.0,254.54000000000002,411.93666666666667,,rojo,0,0.6680240561410394,2024-11-13,12.3,100.0,615.0,0,,0.0,1,0,
2025-03-01,bto012,ito koyama - bocamazas,0.0,50,18.0,543.87,266.785,,rojo,0,0.6302082899929052,2024-11-13,17.55,50.0,877.5,0,,0.0,1,0,
2025-03-01,c-29003/1,mann - brasil,0.0,50,1.0,24.14,4.023333333333333,,rojo,0,0.4387764197938457,2021-08-09,3.19,60.0,159.5,0,,0.0,1,0,
2025-03-01,r20500025,valvoline,0.0,50,20.0,1224.48,379.335,,rojo,0,0.4703676599558068,2024-11-12,3.17,360.0,158.5,0,,0.0,1,0,
2025-01-01,cf-1200,mann - brasil,0.0,50,4.0,0.0,24.501666666666665,0.707029563064542,rojo,4,0.46369835907192125,2024-01-25,11.93,30.0,596.5,0,,0.0,1,0,1
2025-02-01,49531,narva,12280.0,0,4.0,16.69,32.28666666666667,,rojo,0,0.4253679040244685,2024-09-16,1.1309101598381996,5700.0,0.0,0,,0.0,1,0,
2025-03-01,sk015,ito koyama - resortes,352.0,0,27.0,1014.34,358.78999999999996,,rojo,0,0.6569707679063382,2024-12-26,4.9,56.0,0.0,0,,0.0,1,0,
2025-03-01,ni-020,ito koyama - palieres,0.0,50,47.0,4971.68,1231.97,,rojo,0,0.6438555174215865,2024-12-17,6.7,400.0,335.0,0,,0.0,1,0,
2025-01-01,w16exr-u,denso - bujias - japon,384.0,0,6.0,0.0,44.69333333333333,,rojo,0,0.3810465247150816,2025-03-11,0.99,384.0,0.0,0,,0.0,1,0,
2025-03-01,17059,narva,10.0,0,4.0,6.1,2.0900000000000003,,rojo,0,0.4897472532897819,2024-05-29,0.22311448764801026,400.0,0.0,0,,0.0,1,0,
2025-04-01,f-17011,sakura filter,3266.0,0,93.0,2454.33,1055.0916666666667,,rojo,0,1.0651231876767742,2024-11-30,1.8,384.0,0.0,0,1184.0,0.0,1,0,
2023-07-01,zd976,wagner - pastillas,0.0,1000,0.0,0.0,0.0,0.42282913240753195,rojo,3,0.7390250305578687,2022-08-26,12.33,1000.0,12330.0,0,,0.0,1,0,1
2025-03-01,rov1540100,rover - usa,0.0,50,6.0,3039.84,589.3566666666667,,rojo,0,0.5595062819557096,2023-12-27,8.125,648.0,406.25,0,,0.0,1,0,
2025-03-01,rxfc113640bep,wagner locked - usa,0.0,250,158.0,19068.48,5782.901666666668,,rojo,0,0.39098053522474296,2025-01-10,1.29,8640.0,322.5,0,,0.0,1,0,
2024-11-01,2376,spaco - italia,0.0,650,1.0,0.0,1.0283333333333333,0.830698055408377,rojo,4,0.591462380721727,,,,,0,,0.0,1,0,1
2025-04-01,ca-1114,sakura filter,13909.0,0,162.0,20236.36,7552.490000000001,,rojo,0,1.8991810229905022,2025-01-31,0.92,2000.0,0.0,0,4000.0,0.0,1,0,
2025-03-01,crt-006,aisin - japon,9.0,0,4.0,176.01000000000002,58.64166666666667,,rojo,0,0.4189808495962428,2025-02-24,15.38,15.0,0.0,0,,0.0,1,0,
2024-03-01,a-1009,sakura filter,0.0,50,0.0,0.0,0.0,0.3118890930524637,rojo,6,0.5067463946691413,2016-12-13,7.42,95.0,371.0,0,,0.0,1,0,1
2025-03-01,ch-006,ito koyama - palieres,98.0,0,12.0,725.51,190.02833333333334,,rojo,0,0.5912016446878674,2024-12-17,6.6,100.0,0.0,0,,0.0,1,0,
2025-04-01,sf-1911-2,sakura filter,3140.0,0,18.0,3272.98,1088.0866666666668,,rojo,0,1.4961620455294726,2025-02-28,1.33,1500.0,0.0,0,750.0,0.0,1,0,
2025-03-01,98014,narva,2.0,0,9.0,219.23,79.55333333333333,,rojo,0,0.4505732315670508,2023-09-21,4.993714751720428,100.0,0.0,0,,0.0,1,0,
2025-03-01,17027,narva,130.0,0,3.0,17.08,6.3066666666666675,,rojo,0,0.45094574928702985,2024-09-16,0.31546616381406783,200.0,0.0,0,,0.0,1,0,
2025-02-01,dt175/65r14,deestone,200.0,0,16.0,405.76,1120.9583333333333,,rojo,0,0.49124465201138295,2025-02-25,18.49,200.0,0.0,0,,0.0,1,0,
2025-03-01,884558,valvoline - usa,336.0,0,6.0,49.83,116.27,,rojo,0,0.656679512046335,2025-03-10,5.3867,126.0,0.0,0,,0.0,1,0,
2025-03-01,fc-1702,sakura filter,115.0,0,31.0,530.5699999999999,254.5533333333333,,rojo,0,0.8651941893412131,2024-11-04,1.62,200.0,0.0,0,300.0,0.0,1,0,
2025-03-01,fc-62150,sakura filter,186.0,0,13.0,682.64,277.1666666666667,,rojo,0,0.7768612921378996,2024-04-18,4.39,120.0,0.0,0,,0.0,1,0,
2025-02-01,ca-1806,sakura filter,0.0,50,10.0,123.68,34.61,,rojo,0,0.819522977932876,2024-03-14,0.97,100.0,48.5,0,0.0,0.0,1,0,
2025-02-01,c-1204,sakura filter,0.0,50,2.0,279.66,61.525000000000006,,rojo,0,0.6709098170526029,2025-01-10,1.51,100.0,75.5,0,0.0,0.0,1,0,
2025-02-01,48904,narva,0.0,50,11.0,19.92,123.46333333333332,,rojo,0,0.4723363276388587,2023-04-18,1.7970065010070801,1000.0,89.850325050354,0,,0.0,1,0,
2025-03-01,a-8553-s,sakura filter,255.0,0,43.0,2780.16,1509.2066666666667,,rojo,0,1.086557861624791,2025-02-28,4.14,156.0,0.0,0,,0.0,1,0,
2025-03-01,a-14460,sakura filter,94.0,0,18.0,246.97,121.46833333333332,,rojo,0,0.9959279991896328,2024-09-17,1.9,20.0,0.0,0,100.0,0.0,1,0,
2025-02-01,884530,valvoline - usa,2055.0,0,122.0,37083.57,26118.48,,rojo,0,0.5187584752522706,2025-03-10,21.46,1149.0,0.0,0,,0.0,1,0,
2024-10-01,pu-966/1x,mann - brasil,0.0,50,1.0,0.0,54.025,0.8309935986590322,rojo,4,0.4602441995466673,2023-06-07,11.436213179826735,100.0,571.8106589913367,0,,0.0,1,0,1
2025-04-01,op-013,ito koyama - palieres,4.0,0,28.0,1788.3799999999999,412.18,,rojo,0,0.6480632123046975,2024-12-17,7.2,100.0,0.0,0,,0.0,1,0,
2025-03-01,48720,narva,110.0,0,8.0,425.25,101.99166666666667,,rojo,0,0.46101208690021994,2024-02-28,2.2047501171827317,800.0,0.0,0,,0.0,1,0,
2025-03-01,ur009,ito koyama - direccion,344.0,0,3.0,26.380000000000003,5.998333333333334,,rojo,0,0.6017437912840856,2022-01-21,2.42,540.0,0.0,0,,0.0,1,0,
2025-04-01,m-polos,sin definicion,0.0,50,29.0,0.0,0.0,,rojo,0,-0.991015200330293,2025-01-11,18.48614554117971,500.0,924.3072770589855,0,,0.0,1,0,
2025-03-01,dt-094l,aisin - japon,454.0,0,15.0,941.28,867.1433333333333,,rojo,0,0.3508551593900788,2023-05-05,33.82,100.0,0.0,0,,0.0,1,0,
2025-03-01,sk17fa-e,plumillas - sakura,494.0,0,14.0,507.87,162.95,,rojo,0,0.7800788757045973,2024-02-28,1.29,1000.0,0.0,0,,0.0,1,0,
2025-03-01,op-100,ito koyama - palieres,87.0,0,12.0,160.51,191.79333333333332,,rojo,0,0.599480090169575,2024-10-24,7.73,100.0,0.0,0,,0.0,1,0,
2025-04-01,s-agenda,sin definicion,0.0,50,115.0,0.0,0.0,,rojo,0,-1.0,2024-07-09,54.24314007091667,500.0,2712.1570035458335,0,,0.0,1,0,
2025-02-01,a-6509,sakura filter,9.0,0,3.0,3.94,8.356666666666667,,rojo,0,0.5989056815882935,2017-09-06,1.6,20.0,0.0,0,,0.0,1,0,
2025-03-01,v001,ito koyama - resortes,85.0,0,25.0,896.0600000000001,229.37166666666667,,rojo,0,0.7816326621396038,2024-01-22,5.04,160.0,0.0,0,,0.0,1,0,
2025-02-01,fc-6501,sakura filter,124.0,0,7.0,304.62,103.37333333333333,,rojo,0,0.8020026815910941,2024-08-29,2.93,204.0,0.0,0,,0.0,1,0,
2023-02-01,c-13330,sakura filter,0.0,100,0.0,0.0,0.0,1.2401751580861595,rojo,6,0.6159723853062664,2021-02-10,3.5,252.0,350.0,0,,0.0,1,0,1
2025-04-01,po-83010,sakura filter,149.0,0,16.0,105.13000000000001,68.855,,rojo,0,0.7805659825261544,2025-01-22,0.94,200.0,0.0,0,,0.0,1,0,
2025-02-01,xu22hdr9,denso - bujias - japon,198.0,0,15.0,283.93,195.09833333333333,,rojo,0,0.36974482526935687,2025-03-11,3.35,192.0,0.0,0,,0.0,1,0,
2025-03-01,w-920/7,mann - brasil,198.0,0,19.0,584.47,330.9683333333333,,rojo,0,0.4346579716734406,2025-02-24,5.97,300.0,0.0,0,,0.0,1,0,
2025-03-01,cf-2135,mann - brasil,12.0,0,32.0,1738.79,572.155,,rojo,0,0.4341712275528653,2024-04-09,7.126562118530273,600.0,0.0,0,,0.0,1,0,
2025-03-01,c-5710,sakura filter,0.0,50,21.0,2181.11,593.6433333333333,,rojo,0,0.8949515527800989,2024-02-28,9.75,198.0,487.5,0,0.0,0.0,1,0,
2025-03-01,wk-613/3,mann - brasil,0.0,50,3.0,142.37,33.32,,rojo,0,0.429835347480115,2023-04-12,4.18,60.0,209.0,0,,0.0,1,0,
2025-03-01,w-917,mann - brasil,0.0,50,11.0,64.41,118.07833333333333,,rojo,0,0.758785803534181,2025-02-24,9.23,10.0,461.5,0,,0.0,1,0,
2025-03-01,p00100500,prextoline - lubricantes,359.0,0,56.0,17734.75,7686.428333333333,,rojo,0,0.4967391397113671,2025-02-27,29.0,300.0,0.0,0,,0.0,1,0,
2024-01-01,e11228700d,ito koyama - amortiguadores,0.0,50,0.0,0.0,0.0,1.1780602227804384,rojo,6,0.6080543076153961,2023-03-06,7.7,7.0,385.0,0,,0.0,1,0,1
2025-02-01,ca-65180,sakura filter,1.0,50,4.0,79.83000000000001,18.92,,rojo,0,0.77392690304508,2022-09-14,1.98,240.0,99.0,0,0.0,0.0,1,0,
2025-03-01,4tp20500025,valvoline,60.0,0,9.0,647.4,257.25666666666666,,rojo,0,0.46363465079461447,2024-11-12,2.83,180.0,0.0,0,,0.0,1,0,
2025-02-01,o-13270,sakura filter,74.0,0,5.0,60.93,14.385,,rojo,0,0.8952789012036532,2023-11-24,3.38,100.0,0.0,0,,0.0,1,0,
2025-02-01,ef-15131,sakura filter,231.0,0,14.0,852.96,250.49833333333333,,rojo,0,0.7682340849716451,2024-09-17,4.52,200.0,0.0,0,,0.0,1,0,
2025-03-01,hy-010,ito koyama - palieres,45.0,0,29.0,1279.8799999999999,293.215,,rojo,0,0.6476128659100197,2024-12-17,7.0,100.0,0.0,0,,0.0,1,0,
2025-04-01,c-1110,sakura filter,4136.0,0,144.0,4490.87,1513.015,,rojo,0,0.7923257113150104,2025-01-31,1.05,950.0,0.0,0,850.0,0.0,1,0,
2025-03-01,ct-011u,aisin - japon,188.0,0,94.0,42839.24,8968.351666666667,,rojo,0,0.48324650270567904,2025-02-24,18.75,200.0,0.0,0,,0.0,1,0,
2025-03-01,mr-151227,ito koyama - amortiguadores,64.0,0,10.0,673.04,174.88166666666666,,rojo,0,0.649516227248506,2024-11-29,5.6,50.0,0.0,0,,0.0,1,0,
2025-03-01,884577,valvoline - usa,11.0,0,11.0,829.3199999999999,209.40666666666667,,rojo,0,0.657308479184574,2023-09-07,5.486667,126.0,0.0,0,,0.0,1,0,
2025-01-01,17104,narva,70.0,0,6.0,0.0,19.351666666666667,,rojo,0,0.516121848803388,2024-05-29,0.5187194800376892,200.0,0.0,0,,0.0,1,0,
2025-03-01,44209,versachem - usa,102.0,0,37.0,3875.01,1012.7633333333333,,rojo,0,0.3721619447619852,2023-04-18,2.28,4320.0,0.0,0,,0.0,1,0,
2025-02-01,w-11102/36,mann - brasil,0.0,50,75.0,2389.7599999999998,2393.6233333333334,,rojo,0,0.3608210468589771,2024-09-24,9.156063833236695,960.0,457.8031916618348,0,,0.0,1,0,
2025-01-01,w16ex-u11,denso - bujias - japon,288.0,0,4.0,76.19,33.98666666666667,,rojo,0,0.3670016511476697,2025-03-11,0.93,288.0,0.0,0,,0.0,1,0,
2025-03-01,hu-12103/x,mann - brasil,0.0,50,8.0,250.57,67.87666666666667,,rojo,0,0.4381523125261156,2023-03-15,6.9837047588825225,60.0,349.18523794412613,0,,0.0,1,0,
2025-03-01,ef-11010,sakura filter,135.0,0,3.0,32.0,16.463333333333335,,rojo,0,0.8653313636000995,2022-12-31,2.0,300.0,0.0,0,0.0,0.0,1,0,
2025-04-01,884569,valvoline - usa,2695.0,0,32.0,14525.74,4265.9766666666665,,rojo,0,0.6045583407580593,2024-08-07,5.386667,504.0,0.0,0,,0.0,1,0,
2025-03-01,17945,narva,520.0,0,27.0,645.02,579.1566666666666,,rojo,0,0.44157183215251405,2024-05-29,0.640477483510971,1000.0,0.0,0,,0.0,1,0,
2025-03-01,vv975,valvoline - usa,123.0,0,19.0,2541.54,765.735,,rojo,0,0.7879201732058104,2025-03-11,122.44767514753677,120.0,0.0,0,,0.0,1,0,
2025-03-01,48321,narva,610.0,0,99.0,2926.93,1035.5133333333333,,rojo,0,0.543039108843985,2024-09-16,0.7700922698378563,2000.0,0.0,0,,0.0,1,0,
2025-03-01,sc20hr11,denso - bujias - japon,94.0,0,13.0,479.47,299.4583333333333,,rojo,0,0.38555249433738176,2024-04-05,7.92,576.0,0.0,0,,0.0,1,0,
2025-04-01,c-10026,sakura filter,475.0,0,43.0,1671.78,451.3183333333333,,rojo,0,0.657858245956759,2024-11-11,1.56,300.0,0.0,0,,0.0,1,0,
2025-03-01,98016,narva,156.0,0,18.0,838.12,307.065,,rojo,0,0.4690447091194919,2024-05-29,6.953228444337845,300.0,0.0,0,,0.0,1,0,
2025-04-01,c-6526,sakura filter,732.0,0,52.0,1567.73,381.03833333333336,,rojo,0,0.9246848945031299,2024-11-11,1.36,150.0,0.0,0,750.0,0.0,1,0,
2025-03-01,17638,narva,460.0,0,140.0,4117.58,1328.0833333333333,,rojo,0,0.4913034568142618,2024-09-16,0.34518318732976916,20000.0,0.0,0,,0.0,1,0,
2025-03-01,ef-25010,sakura filter,320.0,0,4.0,473.3,78.88333333333334,,rojo,0,0.8896490803332179,2025-01-22,7.68,350.0,0.0,0,,0.0,1,0,
2025-03-01,17051,narva,570.0,0,6.0,101.19,17.36,,rojo,0,0.49804221118856834,2023-03-29,0.2178743659257889,1000.0,0.0,0,,0.0,1,0,
2025-02-01,48530-02130,ito koyama - amortiguadores,0.0,50,29.0,388.06,247.8033333333333,,rojo,0,0.6658830166018004,2024-09-19,11.3,60.0,565.0,0,,0.0,1,0,
2025-03-01,82933005,monark - alemania,0.0,50,11.0,896.72,343.2833333333333,,rojo,0,0.4309432027825889,,,,,0,,0.0,1,0,
2025-04-01,af6210/fh,prestone - usa,558.0,0,130.0,10232.36,5693.1016666666665,,rojo,0,0.31475017738410677,2025-02-20,6.9,1134.0,0.0,0,,0.0,1,0,
2025-03-01,k16r-u11,denso - bujias - japon,3910.0,0,86.0,3456.69,1197.1566666666665,,rojo,0,0.3863738104347096,2025-03-11,0.99,3360.0,0.0,0,,0.0,1,0,
2024-10-01,48329,narva,90.0,100,1.0,0.0,14.491666666666667,0.409606463571208,verde,4,0.5020752320585226,2023-09-21,3.1289016975164414,200.0,312.8901697516441,0,,5.364584621702904,0,0,0
2024-02-01,zx275,wagner - pastillas,0.0,50,0.0,0.0,0.0,0.5251125089230039,rojo,3,0.26240520377059395,2016-04-20,8.65,60.0,432.5,0,,0.0,1,0,1
2025-03-01,q20r-u11,denso - bujias - japon,476.0,0,3.0,11.52,24.971666666666668,,rojo,0,0.3930667247270833,2024-08-26,0.99,576.0,0.0,0,,0.0,1,0,
2025-03-01,af9033mv,prestone - mexico,0.0,50,45.0,4663.4,2897.523333333333,,rojo,0,0.3281283335147329,2025-02-07,4.95,300.0,247.5,0,,0.0,1,0,
2025-03-01,48702,narva,2068.0,0,72.0,4122.53,1762.51,,rojo,0,0.42463406989419467,2024-09-16,1.4518096600413322,6000.0,0.0,0,,0.0,1,0,
2025-03-01,as-51540,sakura filter,158.0,0,15.0,647.4,174.99833333333333,,rojo,0,0.8352908417719713,2024-06-13,4.74,9.0,0.0,0,,0.0,1,0,
2025-03-01,dt5.00r12lt,deestone,760.0,0,45.0,3783.4,3470.4516666666664,,rojo,0,0.44493394619982635,2025-02-25,20.5,350.0,0.0,0,,0.0,1,0,
2025-03-01,48358,narva,200.0,0,25.0,552.79,384.03999999999996,,rojo,0,0.473913931158075,2024-05-29,3.0859468313455585,600.0,0.0,0,,0.0,1,0,
2025-03-01,dt5.50r12lt,deestone,297.0,0,26.0,4857.8,1975.3666666666668,,rojo,0,0.3790746552958517,2024-10-28,25.5,200.0,0.0,0,,0.0,1,0,
2025-03-01,17941,narva,550.0,0,8.0,137.97,33.61666666666667,,rojo,0,0.43515418111440546,2024-05-29,0.6234400445222855,600.0,0.0,0,,0.0,1,0,
2025-03-01,82953005,monark - alemania,0.0,50,24.0,2193.84,1218.7050000000002,,rojo,0,0.49367106795764504,,,,,0,,0.0,1,0,
2025-04-01,m-franelas,sin definicion,0.0,50,24.0,0.0,0.0,,rojo,0,-1.0,2024-12-13,7.487999784024872,1000.0,374.3999892012436,0,,0.0,1,0,
2025-03-01,h80900025,valvoline,9.0,0,17.0,1741.4899999999998,428.55999999999995,,rojo,0,0.40601296731734693,2025-03-12,19.067797,24.0,0.0,0,,0.0,1,0,
2025-03-01,vv982,valvoline - usa,618.0,0,5.0,931.12,329.7716666666667,,rojo,0,0.7514440058040338,2024-08-07,9.911667,204.0,0.0,0,,0.0,1,0,
2025-02-01,ef-5103,sakura filter,351.0,0,4.0,181.49,43.086666666666666,,rojo,0,0.9254189380013242,2023-11-28,6.21,240.0,0.0,0,,0.0,1,0,
2025-03-01,96407819,ito koyama - amortiguadores,30.0,0,21.0,720.6,293.55333333333334,,rojo,0,0.6406473431612221,2024-11-29,11.1,48.0,0.0,0,,0.0,1,0,
2025-03-01,h-71180,sakura filter,2.0,0,8.0,37.85,7.706666666666667,,rojo,0,0.6004617447571797,2019-11-22,1.1,150.0,0.0,0,,0.0,1,0,
2025-02-01,w-719/45,mann - brasil,40.0,0,4.0,272.37,61.754999999999995,,rojo,0,0.4594749831989815,2024-09-24,6.189232469797135,60.0,0.0,0,,0.0,1,0,
2025-03-01,ctx-170a,aisin - japon,1.0,50,5.0,169.5,633.0516666666666,,rojo,0,0.42460678009364494,2024-01-23,60.66,200.0,3033.0,0,,0.0,1,0,
2025-03-01,c-1160,sakura filter,16781.0,0,68.0,17310.9,5568.02,,rojo,0,0.8704851921790381,2025-01-22,1.2,2000.0,0.0,0,7350.0,0.0,1,0,
2025-04-01,m-lapiceros,sin definicion,0.0,50,25.0,0.0,0.0,,rojo,0,-1.0,2024-12-05,2.541839877886597,2000.0,127.09199389432986,0,,0.0,1,0,
2025-03-01,17326,narva,190.0,0,5.0,38.56,11.793333333333335,,rojo,0,0.5088644316982442,2024-05-29,0.18665219783782958,400.0,0.0,0,,0.0,1,0,
2025-02-01,17948,narva,0.0,50,32.0,440.69000000000005,601.8466666666667,,rojo,0,0.4379248195930976,2024-05-29,0.9064568654298782,2000.0,45.32284327149391,0,,0.0,1,0,
2025-02-01,schd-514,seco - embragues,0.0,50,18.0,21.25,251.74666666666667,,rojo,0,0.3848961603473553,2024-07-18,16.24,200.0,811.9999999999999,0,,0.0,1,0,
2025-03-01,c-1318,sakura filter,0.0,0,81.0,2518.82,855.0066666666667,,rojo,0,1.0086515460131136,2024-10-22,2.75,204.0,0.0,0,504.0,0.0,1,0,
2025-01-01,17063,narva,1340.0,0,6.0,174.92,48.36333333333332,,rojo,0,0.43073678247355823,2024-02-28,0.16408199347257613,4000.0,0.0,0,,0.0,1,0,
2025-02-01,98015,narva,0.0,50,56.0,1282.56,1347.8500000000001,,rojo,0,0.4646932465947601,2024-09-16,6.570677845036983,1000.0,328.5338922518492,0,,0.0,1,0,
2025-03-01,tt-123,toyo - japon,643.0,0,7.0,310.75,156.185,,rojo,0,0.4436626665258842,2020-11-12,5.236446306109428,2000.0,0.0,0,,0.0,1,0,
2025-04-01,sfc-5708,sakura filter,65.0,0,15.0,289.14,123.91166666666668,,rojo,0,1.113273574472941,2024-09-17,2.84,100.0,0.0,0,100.0,0.0,1,0,
2025-03-01,rovatfd025,rover - usa,654.0,0,13.0,673.18,303.49666666666667,,rojo,0,0.5711944877598746,2023-12-27,2.165833,1008.0,0.0,0,,0.0,1,0,
2025-03-01,w-1170/7,mann - brasil,212.0,0,20.0,1196.93,483.77833333333336,,rojo,0,0.3892265867139492,2024-04-09,12.058664560317993,320.0,0.0,0,,0.0,1,0,
2025-02-01,c-6519,sakura filter,359.0,0,1.0,27.2,4.533333333333333,,rojo,0,0.6154847664950162,2022-03-31,1.93,500.0,0.0,0,0.0,0.0,1,0,
2024-03-01,eh-55040,sakura filter,0.0,50,0.0,0.0,0.0,0.8884867096194289,rojo,6,0.8632502062068618,2022-06-17,15.44,25.0,772.0,0,,0.0,1,0,1
2025-02-01,48078,narva,0.0,50,14.0,1431.3200000000002,456.9016666666667,,rojo,0,0.46927279030102476,2024-09-16,5.554533055865765,400.0,277.7266527932882,0,,0.0,1,0,
2025-03-01,17040,narva,0.0,50,32.0,217.51999999999998,102.17,,rojo,0,0.4397495866964632,2024-02-28,0.14814012100696564,6000.0,7.407006050348282,0,,0.0,1,0,
2025-02-01,68191,narva,200.0,0,5.0,331.36,66.95,,rojo,0,0.6074893844314201,2024-05-29,1.678241999745369,200.0,0.0,0,,0.0,1,0,
2025-04-01,17181,narva,8340.0,0,143.0,10113.48,3398.6233333333334,,rojo,0,0.4485786644047752,2024-09-16,0.1832919398188591,15000.0,0.0,0,,0.0,1,0,
2025-03-01,82952014,monark - alemania,0.0,50,9.0,97.88,95.99333333333334,,rojo,0,0.4144488628239686,,,,,0,,0.0,1,0,
2024-04-01,rxfc113640b,wagner locked - usa,6.0,2900,0.0,0.0,0.0,1.2282221519165264,amarillo,2,0.35484673688474744,2023-04-29,2.1,7344.0,6090.0,0,,0.004442228330203133,0,0,1
2025-03-01,kn44041,tkl - taiwan,17.0,0,1.0,7.2,1.2,,rojo,0,0.676047417338972,2022-10-20,4.4,100.0,0.0,0,,0.0,1,0,
2025-03-01,96407820,ito koyama - amortiguadores,33.0,0,20.0,787.22,290.82,,rojo,0,0.6383355699565553,2024-11-29,11.1,48.0,0.0,0,,0.0,1,0,
2025-02-01,17316,narva,0.0,50,13.0,5.08,26.516666666666666,,rojo,0,0.4717049437394111,2024-02-28,0.19477280917167664,600.0,9.738640458583832,0,,0.0,1,0,
2025-02-01,17317,narva,140.0,0,5.0,11.35,128.58,,rojo,0,0.4420178681811668,2024-05-29,0.43331524765491486,2000.0,0.0,0,,0.0,1,0,
2025-03-01,48320,narva,865.0,0,123.0,4698.64,1499.7466666666667,,rojo,0,0.45854496175807374,2024-09-16,0.8464916325330734,6000.0,0.0,0,,0.0,1,0,
2025-03-01,48750,narva,850.0,0,9.0,232.63,95.41000000000001,,rojo,0,0.46060950146453544,2024-09-16,2.826776419723034,1000.0,0.0,0,,0.0,1,0,
2025-04-01,99939,versachem - usa,31202.0,0,149.0,166248.33000000002,53199.420000000006,,rojo,0,0.3346508548468942,2025-03-10,1.8,28800.0,0.0,0,,0.0,1,0,
2025-04-01,17629,narva,1000.0,0,44.0,1603.49,588.155,,rojo,0,0.44889237232054857,2024-09-16,1.4446021729946137,2000.0,0.0,0,,0.0,1,0,
2025-03-01,17649,narva,160.0,0,62.0,3263.62,1348.14,,rojo,0,0.5121685447083242,2024-05-29,0.628648943066597,2000.0,0.0,0,,0.0,1,0,
2024-10-01,17102,narva,80.0,450,2.0,0.0,7.84,0.4568088537445907,verde,4,0.4549421712414973,2024-05-29,0.3812262622117996,200.0,171.55181799530982,0,,0.8408553538022402,0,0,0
2025-04-01,c-1147,sakura filter,1968.0,0,47.0,1320.3700000000001,401.7383333333334,,rojo,0,0.6775938509729872,2025-01-22,1.14,1000.0,0.0,0,1200.0,0.0,1,0,
2025-03-01,rov530sn5500,rover - usa,13.0,0,3.0,624.0,360.675,,rojo,0,0.5037296328274055,2023-12-27,369.0,16.0,0.0,0,,0.0,1,0,
2025-03-01,dtxlt265/70r16,deestone,254.0,0,23.0,10216.98,8216.28,,rojo,0,0.3823388868943033,2025-02-25,68.79,250.0,0.0,0,,0.0,1,0,
2025-03-01,48351,narva,462.0,0,37.0,4729.4400000000005,1592.16,,rojo,0,0.4783269531530918,2024-02-28,0.9856848900675774,2000.0,0.0,0,,0.0,1,0,
2025-04-01,17925,narva,410.0,50,143.0,11972.66,5492.903333333333,,rojo,0,0.4563345756747819,2024-09-16,0.35438659386634824,17600.0,17.719329693317412,0,,0.0,1,0,
2025-04-01,17643,narva,0.0,250,139.0,4416.64,1474.5133333333333,,rojo,0,0.4536711962103042,2024-09-16,0.2397321076154709,30000.0,59.93302690386773,0,,0.0,1,0,
2025-03-01,h80900100,valvoline,18.0,0,7.0,185.35,147.01666666666668,,rojo,0,0.4853575378819729,2023-07-11,13.1,201.0,0.0,0,,0.0,1,0,
2025-03-01,17631,narva,0.0,100,75.0,1283.59,782.3016666666667,,rojo,0,0.5216510296179472,2024-09-16,0.5289186648130416,6000.0,52.89186648130416,0,,0.0,1,0,
2025-03-01,bf6000m3,prestone - mexico,144.0,0,21.0,3370.87,1009.5500000000001,,rojo,0,0.3888279617491746,2025-02-07,2.25,1200.0,0.0,0,,0.0,1,0,
2025-04-01,48881,narva,13029.0,0,365.0,85210.3,23127.716666666664,,rojo,0,0.4492452384975756,2024-09-16,1.2620864240884782,100.0,0.0,0,,0.0,1,0,
2025-03-01,di1540ci100,valvoline,104.0,0,15.0,2672.03,747.8216666666667,,rojo,0,0.4261161764809428,2024-11-12,10.78,204.0,0.0,0,,0.0,1,0,
2025-02-01,rto001,ito koyama - direccion,0.0,50,3.0,52.239999999999995,8.706666666666665,,rojo,0,0.5681172607191954,2022-08-15,2.65,24.0,132.5,0,,0.0,1,0,
2025-02-01,c-6001,sakura filter,108.0,0,9.0,233.89999999999998,311.0166666666667,,rojo,0,0.6465635307857706,2023-12-05,6.5,120.0,0.0,0,0.0,0.0,1,0,
2025-03-01,t017,ito koyama - resortes,76.0,0,10.0,406.24,134.025,,rojo,0,0.9047770653346061,2024-12-26,8.4,104.0,0.0,0,,0.0,1,0,
2025-03-01,c-7984,sakura filter,266.0,0,14.0,249.11,105.94833333333334,,rojo,0,0.9181468322297461,2024-10-22,2.71,120.0,0.0,0,,0.0,1,0,
2025-03-01,rp1030100,valvoline,15.0,0,30.0,2413.56,1542.3149999999998,,rojo,0,0.3765276883131826,2024-11-12,11.47,270.0,0.0,0,,0.0,1,0,
2025-02-01,wp-11102/3,mann - brasil,0.0,50,55.0,216.09999999999997,805.9783333333334,,rojo,0,0.40073484475154164,2024-09-24,7.733762655258179,400.0,386.68813276290894,0,,0.0,1,0,
2025-03-01,re-016,ito koyama - palieres,461.0,0,16.0,5709.82,1790.705,,rojo,0,0.5470076852929409,2024-12-17,9.2,800.0,0.0,0,,0.0,1,0,
2025-03-01,c-5705,sakura filter,190.0,0,7.0,253.54000000000002,80.985,,rojo,0,0.6643020456857408,2024-08-29,6.5,198.0,0.0,0,198.0,0.0,1,0,
2025-03-01,48222,narva,13780.0,0,12.0,1736.71,404.75499999999994,,rojo,0,0.4581287820521987,2024-09-16,1.4538055795311926,5300.0,0.0,0,,0.0,1,0,
2025-03-01,afc11100/1f,prestone - mexico,1870.0,0,97.0,27114.22,9017.916666666666,,rojo,0,0.5201648639362438,2025-02-07,7.19,3084.0,0.0,0,,0.0,1,0,
2025-02-01,c-2107,sakura filter,84.0,0,3.0,40.58,6.763333333333333,,rojo,0,0.7655291790630013,2024-03-14,2.37,100.0,0.0,0,,0.0,1,0,
2025-03-01,h-12110/2x,mann - brasil,262.0,0,20.0,1094.1200000000001,553.8533333333334,,rojo,0,0.3657557319223161,2025-02-24,9.02,300.0,0.0,0,,0.0,1,0,
2025-02-01,vw-802,ito koyama - palieres,105.0,0,9.0,190.64,53.48,,rojo,0,0.5743986231582415,2024-12-17,6.8,50.0,0.0,0,,0.0,1,0,
2025-04-01,48700,narva,4690.0,0,130.0,9910.93,3155.7566666666667,,rojo,0,0.46516705761509514,2024-09-16,1.1563026911258696,18000.0,0.0,0,,0.0,1,0,
2025-03-01,884544,valvoline - usa,1758.0,0,269.0,317969.05,118065.67499999999,,rojo,0,0.5278089216725658,2025-03-10,21.46,1149.0,0.0,0,,0.0,1,0,
2025-03-01,96316781,ito koyama - amortiguadores,459.0,0,32.0,242.32,338.01,,rojo,0,0.7990362593973247,2024-11-29,5.6,399.0,0.0,0,,0.0,1,0,
2025-03-01,96407821,ito koyama - amortiguadores,27.0,0,22.0,115.61999999999999,117.63666666666667,,rojo,0,0.5966643694782383,2024-08-22,10.85,52.0,0.0,0,,0.0,1,0,
2025-03-01,paw68a500,prextoline - lubricantes,1170.0,0,142.0,44466.93,15453.231666666667,,rojo,0,0.4367084492446974,2025-02-27,19.0,1335.0,0.0,0,,0.0,1,0,
2025-03-01,48040,narva,0.0,50,22.0,618.65,372.93,,rojo,0,0.47036106580305503,2024-09-16,1.715381917119026,1000.0,85.7690958559513,0,,0.0,1,0,
2024-10-01,48884,narva,0.0,250,1.0,0.0,2.6133333333333333,0.8831833546760413,rojo,4,0.4768180858650895,2024-05-29,1.2606619664430618,300.0,315.16549161076546,0,,0.0,1,0,1
2025-03-01,w-1265,mann - brasil,49.0,0,8.0,608.82,280.62666666666667,,rojo,0,0.4040349825613186,2022-10-05,17.84,120.0,0.0,0,,0.0,1,0,
2025-02-01,c-1316,sakura filter,247.0,0,5.0,123.32,31.086666666666662,,rojo,0,0.8752658312643203,2024-08-29,5.75,200.0,0.0,0,,0.0,1,0,
2025-03-01,h80900500,valvoline,7.0,0,5.0,487.78999999999996,135.94166666666666,,rojo,0,0.4034485306544341,2023-05-06,58.2,50.0,0.0,0,,0.0,1,0,
2025-04-01,48892,narva,2375.0,0,156.0,56445.270000000004,18756.05,,rojo,0,0.4381319988009627,2024-09-16,1.9298323778629303,1300.0,0.0,0,,0.0,1,0,
2025-03-01,17311,narva,270.0,0,4.0,26.689999999999998,4.801666666666667,,rojo,0,0.6148196640240553,2024-02-28,0.1541047671675682,400.0,0.0,0,,0.0,1,0,
2025-03-01,17197,narva,3340.0,0,62.0,1110.44,623.8433333333334,,rojo,0,0.4872702611575488,2024-05-29,0.15735214352607726,8000.0,0.0,0,,0.0,1,0,
2025-04-01,af2033,prestone - usa,4382.0,0,136.0,14781.11,4738.108333333334,,rojo,0,0.24341080141854649,2025-02-20,5.12,3240.0,0.0,0,,0.0,1,0,
2025-03-01,48041,narva,197.0,0,7.0,92.53999999999999,36.91166666666667,,rojo,0,0.46840045910713624,2023-09-21,1.4207947274446489,400.0,0.0,0,,0.0,1,0,
2025-02-01,17169,narva,0.0,50,16.0,133.48000000000002,56.45666666666667,,rojo,0,0.42812727406952245,2024-05-29,0.36180141139030453,1000.0,18.090070569515227,0,,0.0,1,0,
2025-03-01,r20500500,valvoline,1.0,0,4.0,64.41,75.98833333333333,,rojo,0,0.4409613488615453,2022-06-18,45.0,50.0,0.0,0,,0.0,1,0,
2025-03-01,c-1002,sakura filter,0.0,50,8.0,63.13,94.42500000000001,,rojo,0,1.1805359370601767,2024-09-17,1.2,100.0,60.0,0,,0.0,1,0,
2025-02-01,dtc195/50r15,deestone,80.0,0,2.0,145.76,36.63833333333333,,rojo,0,0.5469260174158092,2024-09-20,21.57,60.0,0.0,0,,0.0,1,0,
2025-03-01,48894,narva,378.0,0,8.0,151.1,83.31333333333333,,rojo,0,0.46913798254308,2024-02-28,1.8955645498394966,600.0,0.0,0,,0.0,1,0,
2025-02-01,48901,narva,0.0,450,227.0,14203.36,11678.158333333333,,rojo,0,0.4485201125050892,2024-09-16,1.6327730271220207,1500.0,734.7478622049093,0,,0.0,1,0,
2025-02-01,c-1317,sakura filter,66.0,0,6.0,110.6,67.17166666666667,,rojo,0,0.8664013164169779,2023-10-25,4.74,72.0,0.0,0,,0.0,1,0,
2025-03-01,ikh16tt,denso - bujias - japon,243.0,0,6.0,120.67999999999999,142.68333333333334,,rojo,0,0.3628791480399943,2025-03-11,6.95,192.0,0.0,0,,0.0,1,0,
2025-03-01,48006,narva,418.0,0,70.0,9397.83,3587.7549999999997,,rojo,0,0.5354395665594442,2023-04-18,1.784442314016819,15000.0,0.0,0,,0.0,1,0,
2025-03-01,17094,narva,70.0,0,1.0,9.83,1.6383333333333334,,rojo,0,0.5146889872525001,2023-09-21,0.2972195613384247,200.0,0.0,0,,0.0,1,0,
2025-03-01,17171,narva,14000.0,0,95.0,2645.7099999999996,1010.7633333333333,,rojo,0,0.4680996672584391,2024-09-16,0.16022798126935958,25000.0,0.0,0,,0.0,1,0,
2025-02-01,17919,narva,0.0,150,76.0,139.67000000000002,1318.0933333333332,,rojo,0,0.5365679852992485,2025-01-08,20.436610949959483,50.0,3065.4916424939224,0,,0.0,1,0,
2025-03-01,48005,narva,0.0,100,118.0,5793.43,2708.7533333333336,,rojo,0,0.4662716270834467,2025-02-21,39.326963656504354,20.0,3932.6963656504354,0,,0.0,1,0,
2025-03-01,17097,narva,650.0,0,33.0,576.62,240.01666666666668,,rojo,0,0.4561802920237252,2024-05-29,0.11427021181583405,6000.0,0.0,0,,0.0,1,0,
2025-02-01,re-017,ito koyama - palieres,38.0,0,4.0,74.79,24.708333333333332,,rojo,0,0.5641396560884132,2024-10-24,7.2,50.0,0.0,0,,0.0,1,0,
2025-03-01,48709,narva,260.0,0,2.0,76.95,12.825000000000001,,rojo,0,0.5212460669506869,2024-05-29,1.8861638666391372,300.0,0.0,0,,0.0,1,0,
2025-03-01,17635,narva,0.0,750,193.0,2203.68,1614.8166666666666,,rojo,0,0.4718234165555849,2025-02-21,5.149975749185154,20.0,3862.4818118888656,0,,0.0,1,0,
2025-04-01,op-705,ito koyama - palieres,63.0,0,8.0,81.06,90.83333333333333,,rojo,0,0.558340135691151,2023-12-07,8.2,150.0,0.0,0,,0.0,1,0,
2025-04-01,a-68510-s,sakura filter,56.0,0,2.0,206.58,34.43,,rojo,0,0.7677411977415997,2025-02-28,25.64,60.0,0.0,0,,0.0,1,0,
2025-04-01,a-68580-s,sakura filter,33.0,0,13.0,1464.57,398.80833333333334,,rojo,0,0.8791801328585741,2025-02-28,21.8,60.0,0.0,0,,0.0,1,0,
2023-11-01,00046br,sabo- brasil,40.0,,0.0,0.0,0.0,,rojo,4,0.6704285598513907,2017-06-01,2.4363,66.0,,0,,0.0,1,0,
2021-08-01,00051br,sabo- brasil,0.0,,0.0,0.0,0.0,,rojo,4,0.33227344992050867,2017-06-01,2.142,20.0,,0,,0.0,1,0,
2023-06-01,00259n,corteco - brasil,38.0,,0.0,0.0,0.0,,rojo,4,0.5186823237189493,2013-04-22,1.42,50.0,,0,,0.0,1,0,
2025-02-01,00359br,sabo- brasil,0.0,,1.0,0.34,0.05666666666666667,,rojo,0,0.11523476146757186,2017-06-01,0.675,100.0,,0,,0.0,1,0,
2022-08-01,00726br,sabo- brasil,0.0,,0.0,0.0,0.0,,rojo,4,0.7319442220937984,2016-06-21,0.86,500.0,,0,,0.0,1,0,
2024-07-01,00979brge,sabo- brasil,0.0,,0.0,0.0,0.0,,rojo,4,0.4452736196404409,2019-12-16,1.55,500.0,,0,,0.0,1,0,
2024-04-01,01017572b,corteco - brasil,23.0,,0.0,0.0,0.0,,rojo,4,0.30148515439734197,2013-04-22,18.46,43.0,,0,,0.0,1,0,
2024-07-01,01095jg2,sabo- brasil,0.0,,0.0,0.0,0.0,,rojo,4,0.41500465462067865,2017-06-01,1.575,1980.0,,0,,0.0,1,0,
2021-09-01,01135brg,sabo- brasil,0.0,,0.0,0.0,0.0,,rojo,4,0.43590712245173757,2019-12-16,1.1,1200.0,,0,,0.0,1,0,
2021-09-01,01276gre,sabo- brasil,0.0,,0.0,0.0,0.0,,rojo,4,0.47482307677613855,2019-12-16,1.1,250.0,,0,,0.0,1,0,
2021-09-01,01289gre,sabo- brasil,0.0,,0.0,0.0,0.0,,rojo,4,0.5236188848236175,2019-12-16,0.9,200.0,,0,,0.0,1,0,
2021-09-01,01543br,sabo- brasil,0.0,,0.0,0.0,0.0,,rojo,4,1.090341319128914,2019-12-16,0.51,100.0,,0,,0.0,1,0,
2024-05-01,01884brag,sabo- brasil,0.0,,0.0,0.0,0.0,,rojo,4,0.2558123446173699,2017-06-01,2.7,200.0,,0,,0.0,1,0,
2022-11-01,01974brg,sabo- brasil,0.0,,0.0,0.0,0.0,,rojo,4,0.6073601605694073,2019-12-16,2.22,300.0,,0,,0.0,1,0,
2022-06-01,01988brg,sabo- brasil,0.0,,0.0,0.0,0.0,,rojo,4,0.5910942010730285,2019-12-16,0.39,100.0,,0,,0.0,1,0,
2021-08-01,02049bg,sabo- brasil,0.0,,0.0,0.0,0.0,,rojo,4,0.3853305785123966,2017-06-01,2.0604,50.0,,0,,0.0,1,0,
2025-02-01,02208bag,sabo- brasil,9.0,,1.0,17.8,2.966666666666667,,rojo,0,0.24057882767540653,2017-06-01,3.15,50.0,,0,,0.0,1,0,
2023-05-01,02219bag,sabo- brasil,0.0,,0.0,0.0,0.0,,rojo,4,0.31940151056200744,2017-06-01,11.25,50.0,,0,,0.0,1,0,
2021-04-01,02246bag,sabo- brasil,0.0,,0.0,0.0,0.0,,rojo,4,0.3788782940376848,2019-12-16,3.9,50.0,,0,,0.0,1,0,
2023-04-01,02544bre,sabo- brasil,0.0,,0.0,0.0,0.0,,rojo,4,0.36571580009253324,2017-06-01,0.2564,1200.0,,0,,0.0,1,0,
2023-03-01,02753brg,sabo- brasil,0.0,,0.0,0.0,0.0,,rojo,4,1.3764870538838352,2017-06-01,2.0272,50.0,,0,,0.0,1,0,
2023-11-01,03750bray,sabo- brasil,42.0,,0.0,0.0,0.0,,rojo,4,0.19907367265733328,2019-12-16,10.26,5.0,,0,,0.0,1,0,
2023-11-01,03778brg,sabo- brasil,16.0,,0.0,0.0,0.0,,rojo,4,0.3115034168564922,2019-12-16,5.01,20.0,,0,,0.0,1,0,
2023-11-01,03815brage,sabo- brasil,40.0,,1.0,8.47,1.4116666666666668,,rojo,4,0.42946848687624,2019-12-16,6.33,50.0,,0,,0.0,1,0,
2023-06-01,04247brgf,sabo- brasil,62.0,,0.0,0.0,0.0,,rojo,4,0.5218199320118585,2019-12-16,1.12,90.0,,0,,0.0,1,0,
2023-11-01,05916brgf,sabo- brasil,6.0,,0.0,0.0,0.0,,rojo,4,0.5182605318128768,2019-12-16,2.34,30.0,,0,,0.0,1,0,
2023-04-01,05917brg,sabo- brasil,0.0,,0.0,0.0,0.0,,rojo,4,0.5248833988287513,2019-12-16,2.19,60.0,,0,,0.0,1,0,
2023-11-01,08312brf,sabo- brasil,8.0,,0.0,0.0,0.0,,rojo,4,0.36960807507294374,2019-12-16,2.01,20.0,,0,,0.0,1,0,
2023-03-01,08458brgef,sabo- brasil,0.0,,0.0,0.0,0.0,,rojo,4,0.5470979846274889,2019-12-16,2.04,20.0,,0,,0.0,1,0,
2023-03-01,08459baef,sabo- brasil,0.0,,0.0,0.0,0.0,,rojo,4,0.5209446190729298,2019-12-16,1.85,20.0,,0,,0.0,1,0,
2022-09-01,090140-0061,denso - elementos - valvulas,0.0,,0.0,0.0,0.0,,rojo,4,0.30406911928651037,2013-05-08,4.46,12.0,,0,,0.0,1,0,
2021-09-01,090140-1350,denso - elementos - valvulas,0.0,,0.0,0.0,0.0,,rojo,4,0.7813126970478645,2018-02-22,4.21,20.0,,0,,0.0,1,0,
2021-07-01,090140-2220,denso - elementos - valvulas,0.0,,0.0,0.0,0.0,,rojo,4,0.6360877547696839,2016-02-18,4.84,20.0,,0,,0.0,1,0,
2022-09-01,090150-3050,denso - elementos - valvulas,0.0,,0.0,0.0,0.0,,rojo,4,0.33231584839590467,2019-11-12,10.69,20.0,,0,,0.0,1,0,
2023-06-01,090150-6002,denso - elementos - valvulas,0.0,,0.0,0.0,0.0,,rojo,4,-0.0845079658031892,2017-10-19,61.09,6.0,,0,,0.0,1,0,
2021-09-01,09203bref,sabo- brasil,0.0,,0.0,0.0,0.0,,rojo,4,0.6496095947128739,2019-12-16,0.44,80.0,,0,,0.0,1,0,
2023-04-01,09314bref,sabo- brasil,0.0,,0.0,0.0,0.0,,rojo,4,0.5529714613004681,2019-12-16,0.69,800.0,,0,,0.0,1,0,
2021-07-01,093400-5640,denso - elementos - valvulas,1.0,,0.0,0.0,0.0,,rojo,4,0.43290434014843704,2021-03-05,5.15,80.0,,0,,0.0,1,0,
2021-06-01,093400-5760,denso - elementos - valvulas,10.0,,0.0,0.0,0.0,,rojo,4,0.6477679637144902,2018-02-22,18.79,12.0,,0,,0.0,1,0,
2021-06-01,096400-1441,denso - elementos - valvulas,0.0,,0.0,0.0,0.0,,rojo,4,0.5858533080791586,2017-03-23,92.14,5.0,,0,,0.0,1,0,
2022-09-01,096400-1700,denso - elementos - valvulas,0.0,,0.0,0.0,0.0,,rojo,4,0.30470021821204685,2019-02-08,958.5233530578847,1.0,,0,,0.0,1,0,
2021-04-01,096417-0040,denso - elementos - valvulas,0.0,,0.0,0.0,0.0,,rojo,4,0.3583748887144771,2021-03-05,2.97,40.0,,0,,0.0,1,0,
2025-02-01,100-1gd,ishikawa - cigueñales-culatas-ejes de levas,8.0,,1.0,694.92,115.82,,rojo,0,0.37319381899387083,2025-01-13,240.0,10.0,,0,,0.0,1,0,
2025-02-01,100-1kd-2kd,ishikawa - cigueñales-culatas-ejes de levas,19.0,,1.0,256.02,42.669999999999995,,rojo,0,0.3265257461189212,2025-01-13,165.0,20.0,,0,,0.0,1,0,
2024-06-01,100-1kz-t,birene - cigueñales-culatas-ejes de levas,5.0,,0.0,0.0,0.0,,rojo,4,0.30002330383908854,2025-01-13,140.0,5.0,,0,,0.0,1,0,
2022-06-01,100-22r,birene - cigueñales-culatas-ejes de levas,0.0,,0.0,0.0,0.0,,rojo,4,0.35574263324850636,2019-06-28,103.0,3.0,,0,,0.0,1,0,
2025-03-01,100-2400,ishikawa - cigueñales-culatas-ejes de levas,9.0,,1.0,127.12,21.186666666666667,,rojo,0,0.46682138001671863,2025-01-13,78.0,10.0,,0,,0.0,1,0,
2023-12-01,100-2l-new,birene - cigueñales-culatas-ejes de levas,11.0,,0.0,0.0,0.0,,rojo,4,0.20865465632685165,2025-01-13,105.0,10.0,,0,,0.0,1,0,
2025-03-01,100-2l-old,ishikawa - cigueñales-culatas-ejes de levas,10.0,,3.0,1557.79,259.63166666666666,,rojo,0,0.49995255030838814,2025-01-13,105.0,20.0,,0,,0.0,1,0,
2022-01-01,100-4e,birene - cigueñales-culatas-ejes de levas,0.0,,0.0,0.0,0.0,,rojo,4,0.44752588264453286,2025-01-13,128.0,20.0,,0,,0.0,1,0,
2025-03-01,100-4y,ishikawa - cigueñales-culatas-ejes de levas,4.0,,2.0,1305.0900000000001,217.51500000000001,,rojo,0,0.42115008082143895,2025-01-13,58.0,20.0,,0,,0.0,1,0,
2025-02-01,100-5l,ishikawa - cigueñales-culatas-ejes de levas,15.0,,2.0,786.1,131.01666666666668,,rojo,0,0.2363289559500097,2025-01-13,105.0,20.0,,0,,0.0,1,0,
2025-02-01,100-alto,ishikawa - cigueñales-culatas-ejes de levas,3.0,,2.0,754.5799999999999,125.76333333333332,,rojo,0,0.3779039212018104,2025-01-13,75.0,10.0,,0,,0.0,1,0,
2025-03-01,100-f8cv,ishikawa - cigueñales-culatas-ejes de levas,20.0,,1.0,74.58,12.43,,rojo,0,0.5250371839365393,2025-01-13,46.0,20.0,,0,,0.0,1,0,
2025-02-01,100-g16b,ishikawa - cigueñales-culatas-ejes de levas,9.0,,1.0,93.22,15.536666666666667,,rojo,0,0.360258859303731,2025-01-13,65.0,10.0,,0,,0.0,1,0,
2022-10-01,100-ka24de,birene - cigueñales-culatas-ejes de levas,10.0,,0.0,0.0,0.0,,rojo,4,0.29166790612646537,2025-01-13,155.0,10.0,,0,,0.0,1,0,
2025-03-01,100-l200,ishikawa - cigueñales-culatas-ejes de levas,0.0,,2.0,1176.1,196.01666666666665,,rojo,0,0.3021946605370711,2025-01-13,168.0,5.0,,0,,0.0,1,0,
2025-02-01,100-n300,ishikawa - cigueñales-culatas-ejes de levas,39.0,,1.0,85.34,14.223333333333334,,rojo,0,0.3903240338543448,2025-01-13,55.0,40.0,,0,,0.0,1,0,
2025-02-01,100-navara,ishikawa - cigueñales-culatas-ejes de levas,9.0,,1.0,211.86,35.31,,rojo,0,0.45484656601028667,2025-01-13,140.0,10.0,,0,,0.0,1,0,
2024-11-01,100-spark,birene - cigueñales-culatas-ejes de levas,10.0,,1.0,0.0,8.63,,rojo,4,0.3348462159072218,2020-02-25,50.0,30.0,,0,,0.0,1,0,
2025-02-01,100-td27,ishikawa - cigueñales-culatas-ejes de levas,9.0,,1.0,127.12,21.186666666666667,,rojo,0,0.3397060479783758,2025-01-13,90.0,10.0,,0,,0.0,1,0,
2025-02-01,100-yd25,ishikawa - cigueñales-culatas-ejes de levas,9.0,,1.0,211.86,35.31,,rojo,0,0.3213142691813735,2025-01-13,155.0,10.0,,0,,0.0,1,0,
2022-02-01,100-z20,birene - cigueñales-culatas-ejes de levas,0.0,,0.0,0.0,0.0,,rojo,4,0.4104413708371337,2021-12-16,122.0,2.0,,0,,0.0,1,0,
2024-12-01,10231905,ito koyama - amortiguadores,0.0,,21.0,0.0,465.715,,rojo,6,0.7090736482071713,2024-08-22,7.54,100.0,,0,,0.0,1,0,
2022-08-01,10244011s,trw - brasil,0.0,,0.0,0.0,0.0,,rojo,4,0.526787630370402,2018-10-03,34.03,25.0,,0,,0.0,1,0,
2021-09-01,10324013s,trw - brasil,0.0,,0.0,0.0,0.0,,rojo,4,0.17039442033683283,2018-08-09,57.3,10.0,,0,,0.0,1,0,
2024-11-01,10481745,ito koyama - amortiguadores,0.0,,17.0,0.0,224.37333333333333,,rojo,6,0.7286779117608156,2024-08-22,11.16,56.0,,0,,0.0,1,0,
2024-11-01,10481746,ito koyama - amortiguadores,1.0,,17.0,0.0,224.37,,rojo,6,0.7308680683466239,2024-08-22,11.16,56.0,,0,,0.0,1,0,
2021-06-01,10620,marilia,0.0,,0.0,0.0,0.0,,rojo,4,0.5216653454293615,2019-08-23,1.48,50.0,,0,,0.0,1,0,
2024-08-01,10635,marilia,0.0,,0.0,0.0,0.0,,rojo,4,0.3219291524047934,2019-08-23,1.47,200.0,,0,,0.0,1,0,
2024-09-01,1069888,cei - italia,0.0,,0.0,0.0,0.0,,rojo,4,-0.615542913203426,2016-09-02,3.43,6.0,,0,,0.0,1,0,
2022-06-01,11009,spaco - italia,0.0,,0.0,0.0,0.0,,rojo,4,0.6049109699636451,2021-05-06,9.005979895591736,20.0,,0,,0.0,1,0,
2022-04-01,11011,marilia,0.0,,0.0,0.0,0.0,,rojo,4,0.6268454254935522,2019-08-23,2.0,400.0,,0,,0.0,1,0,
2021-12-01,11031,marilia,0.0,,0.0,0.0,0.0,,rojo,4,0.538061116830245,2019-08-23,3.4,1500.0,,0,,0.0,1,0,
2021-10-01,11038,marilia,0.0,,0.0,0.0,0.0,,rojo,4,0.4384510482487256,2019-08-23,0.97,1000.0,,0,,0.0,1,0,
2021-08-01,110415,sealco - usa,0.0,,0.0,0.0,0.0,,rojo,3,0.7970813377803129,2020-12-30,27.2,20.0,,0,,0.0,1,0,
2022-04-01,110500,sealco - usa,72.0,,0.0,0.0,0.0,,rojo,3,0.370757197491657,2020-08-25,30.2,80.0,,0,,0.0,1,0,
2022-02-01,11052,marilia,0.0,,0.0,0.0,0.0,,rojo,4,0.519589629218438,2019-08-23,1.76,500.0,,0,,0.0,1,0,
2022-07-01,11076,spaco - italia,0.0,,0.0,0.0,0.0,,rojo,4,0.7016272163931547,2017-10-16,4.642920509576798,50.0,,0,,0.0,1,0,
2022-08-01,1108n,corteco - brasil,0.0,,0.0,0.0,0.0,,rojo,4,-0.03000318325349538,2015-09-23,2.07,200.0,,0,,0.0,1,0,
2022-09-01,11090,spaco - italia,0.0,,0.0,0.0,0.0,,rojo,4,0.8424261864365045,2019-12-06,7.929280514717101,40.0,,0,,0.0,1,0,
2022-06-01,11130,spaco - italia,0.0,,0.0,0.0,0.0,,rojo,4,1.0722744475644,2013-01-31,0.312071750164032,100.0,,0,,0.0,1,0,
2021-07-01,11159,marilia,0.0,,0.0,0.0,0.0,,rojo,4,0.5661997763859185,2019-08-23,3.09,100.0,,0,,0.0,1,0,
2023-03-01,11166,marilia,0.0,,0.0,0.0,0.0,,rojo,4,0.6019426787390203,2019-08-23,2.62,100.0,,0,,0.0,1,0,
2025-01-01,11175,marilia,78.0,,1.0,16.07,2.6783333333333332,,rojo,0,0.3942781346368728,2019-08-23,1.76,300.0,,0,,0.0,1,0,
2022-12-01,11194,marilia,0.0,,0.0,0.0,0.0,,rojo,4,0.4995227191517213,2019-08-23,3.24,50.0,,0,,0.0,1,0,
2021-10-01,11209,marilia,0.0,,0.0,0.0,0.0,,rojo,4,0.5252732462909027,2019-08-23,4.44,50.0,,0,,0.0,1,0,
2021-10-01,11251,marilia,0.0,,0.0,0.0,0.0,,rojo,4,0.1421864520456071,2019-08-23,4.5,50.0,,0,,0.0,1,0,
2021-02-01,11254,marilia,0.0,,0.0,0.0,0.0,,rojo,4,0.44793396440755373,2019-08-23,1.92,200.0,,0,,0.0,1,0,
2025-02-01,113388901,victor reinz - alemania,0.0,,2.0,177.97,50.848333333333336,,rojo,0,-0.07662568836290067,2015-03-13,37.6915388739109,30.0,,0,,0.0,1,0,
2021-10-01,11353,marilia,0.0,,0.0,0.0,0.0,,rojo,4,0.47764250575289224,2019-08-23,1.76,50.0,,0,,0.0,1,0,
2023-04-01,11385,marilia,0.0,,0.0,0.0,0.0,,rojo,4,0.4056140350877193,2019-08-23,2.15,200.0,,0,,0.0,1,0,
2023-04-01,11401,marilia,0.0,,0.0,0.0,0.0,,rojo,4,0.5782455711428751,2019-08-23,6.55,100.0,,0,,0.0,1,0,
2021-10-01,11420,marilia,0.0,,0.0,0.0,0.0,,rojo,4,0.31840875222222054,2019-08-23,0.9,500.0,,0,,0.0,1,0,
2023-06-01,11448,spaco - italia,0.0,,0.0,0.0,0.0,,rojo,4,0.4673316117596711,2021-05-06,6.772496881484985,50.0,,0,,0.0,1,0,
2024-03-01,11794,spaco - italia,0.0,,0.0,0.0,0.0,,rojo,4,0.4722553618966773,2022-05-25,4.713334500789642,50.0,,0,,0.0,1,0,
2022-09-01,11811,spaco - italia,0.0,,0.0,0.0,0.0,,rojo,4,0.549750994375281,2022-05-25,0.5582993030548096,1000.0,,0,,0.0,1,0,
2022-09-01,11813,spaco - italia,0.0,,0.0,0.0,0.0,,rojo,4,0.5983914985817481,2022-05-25,5.185741603374481,50.0,,0,,0.0,1,0,
2022-07-01,11844,spaco - italia,0.0,,0.0,0.0,0.0,,rojo,4,0.6839416132359598,2019-05-15,5.154061865806579,200.0,,0,,0.0,1,0,
2024-09-01,11845,spaco - italia,10.0,,0.0,0.0,0.0,,rojo,4,0.4805568676993109,2019-05-15,0.28011205792427063,1000.0,,0,,0.0,1,0,
2021-03-01,11853,spaco - italia,1.0,,0.0,0.0,0.0,,rojo,4,0.5978813659927129,2017-10-16,0.508004025220871,500.0,,0,,0.0,1,0,
2024-11-01,11855,spaco - italia,36.0,,1.0,0.0,0.9816666666666666,,rojo,4,0.5988699496005639,2018-02-07,1.0276474821567534,100.0,,0,,0.0,1,0,
2024-02-01,1191915,cei - italia,0.0,,0.0,0.0,0.0,,rojo,4,-0.9153378977776767,2013-07-11,39.9,10.0,,0,,0.0,1,0,
2022-08-01,1194401,lemforder - brasil,0.0,,0.0,0.0,0.0,,rojo,4,0.06344834739769815,2010-08-16,22.84,10.0,,0,,0.0,1,0,
2024-02-01,1194718,cei - italia,0.0,,0.0,0.0,0.0,,rojo,4,-0.9438242968976515,2013-07-11,60.1,5.0,,0,,0.0,1,0,
2022-12-01,11979,spaco - italia,0.0,,0.0,0.0,0.0,,rojo,4,0.5666489235027795,2022-05-25,0.601245403289795,4000.0,,0,,0.0,1,0,
2021-08-01,12015509b,corteco - brasil,0.0,,0.0,0.0,0.0,,rojo,4,0.3247939079071539,2015-09-25,20.04,50.0,,0,,0.0,1,0,
2025-03-01,12015881,corteco - brasil,0.0,,1.0,56.76,9.459999999999999,,rojo,0,-0.002964314173699578,2015-09-25,0.57,100.0,,0,,0.0,1,0,
2023-12-01,12051,marilia,0.0,,0.0,0.0,0.0,,rojo,4,0.18925281051119197,2019-08-23,30.14,30.0,,0,,0.0,1,0,
2023-03-01,12053,marilia,10.0,,0.0,0.0,0.0,,rojo,4,0.49863804049416605,2019-08-23,35.18,20.0,,0,,0.0,1,0,
2022-06-01,12123,spaco - italia,0.0,,0.0,0.0,0.0,,rojo,4,0.6234163456109026,2019-12-06,7.163005506992341,100.0,,0,,0.0,1,0,
2022-04-01,12128,spaco - italia,0.0,,0.0,0.0,0.0,,rojo,4,0.5867716110231362,2021-05-06,2.5456903171539307,60.0,,0,,0.0,1,0,
2021-03-01,12315504,victor reinz - alemania,0.0,,0.0,0.0,0.0,,rojo,4,0.19293397746027818,,,,,0,,0.0,1,0,
2021-03-01,12316004,victor reinz - alemania,0.0,,0.0,0.0,0.0,,rojo,4,0.19267833989416983,,,,,0,,0.0,1,0,
2021-11-01,12502507,victor reinz - alemania,0.0,,0.0,0.0,0.0,,rojo,4,0.28327023616369196,,,,,0,,0.0,1,0,
2024-02-01,1268304537,cei - italia,0.0,,0.0,0.0,0.0,,rojo,4,-0.8764344915524387,2014-04-14,25.59,10.0,,0,,0.0,1,0,
2021-11-01,12710-78b00-000,birene - cigueñales-culatas-ejes de levas,0.0,,0.0,0.0,0.0,,rojo,4,0.7769303455723544,2020-02-25,10.0,20.0,,0,,0.0,1,0,
2023-09-01,12744,spaco - italia,0.0,,0.0,0.0,0.0,,rojo,4,0.566711520486423,2019-05-15,6.778711801767349,300.0,,0,,0.0,1,0,
2024-06-01,12747,spaco - italia,0.0,,0.0,0.0,0.0,,rojo,4,0.2854251123245067,2017-05-02,9.73076795578003,40.0,,0,,0.0,1,0,
2024-09-01,12871,spaco - italia,0.0,,0.0,0.0,0.0,,rojo,4,-0.650473542508785,2007-05-04,7.854434826374054,1000.0,,0,,0.0,1,0,
2022-08-01,12880,spaco - italia,0.0,,0.0,0.0,0.0,,rojo,4,0.7083582176292054,2018-02-07,2.8972230219841,100.0,,0,,0.0,1,0,
2023-01-01,12909501,victor reinz - alemania,0.0,,0.0,0.0,0.0,,rojo,4,-0.20890334264821864,,,,,0,,0.0,1,0,
2021-06-01,12awgfbblanco,indeco - cables,0.0,,0.0,0.0,0.0,,rojo,4,-0.14101343488839524,2016-10-19,29.159722,5.0,,0,,0.0,1,0,
2021-03-01,13109001,victor reinz - alemania,0.0,,0.0,0.0,0.0,,rojo,4,0.20146798958285017,,,,,0,,0.0,1,0,
2023-01-01,13626001,victor reinz - alemania,0.0,,0.0,0.0,0.0,,rojo,4,0.16382251201768286,,,,,0,,0.0,1,0,
2023-10-01,13721,spaco - italia,0.0,,0.0,0.0,0.0,,rojo,4,0.49538333716698707,2021-05-06,24.4842573428154,40.0,,0,,0.0,1,0,
2022-03-01,13754,spaco - italia,0.0,,0.0,0.0,0.0,,rojo,4,0.554448778973938,2021-05-06,17.48360897064209,30.0,,0,,0.0,1,0,
2023-09-01,1391,spaco - italia,0.0,,0.0,0.0,0.0,,rojo,4,0.8424443037789449,,,,,0,,0.0,1,0,
2024-04-01,139305009,monark - alemania,0.0,,0.0,0.0,0.0,,rojo,4,0.5444673902885149,2023-01-25,8.710516929626465,100.0,,0,,0.0,1,0,
2023-11-01,140280,sealco - usa,12.0,,0.0,0.0,0.0,,rojo,3,0.3582977676953468,2021-09-27,7.75,80.0,,0,,0.0,1,0,
2021-02-01,1404582000,goetze,0.0,,0.0,0.0,0.0,,rojo,4,0.5020917942346382,2019-04-11,9.62562059211731,240.0,,0,,0.0,1,0,
2022-07-01,14066,spaco - italia,0.0,,0.0,0.0,0.0,,rojo,4,0.5736107721578069,2022-05-25,5.432681679725647,50.0,,0,,0.0,1,0,
2024-04-01,14099,spaco - italia,0.0,,0.0,0.0,0.0,,rojo,4,0.5563032531480191,2019-12-06,1.4992337107658387,150.0,,0,,0.0,1,0,
2024-02-01,141,marilia,0.0,,0.0,0.0,0.0,,rojo,4,0.4456901237208221,2019-08-23,8.35,50.0,,0,,0.0,1,0,
2023-04-01,14386,spaco - italia,205.0,,0.0,0.0,0.0,,rojo,4,0.5765478620063409,2022-05-25,4.874382376670837,200.0,,0,,0.0,1,0,
2025-01-01,14401,marilia,43.0,,1.0,20.34,3.39,,rojo,0,0.5821539260855387,2019-08-23,6.73,150.0,,0,,0.0,1,0,
2023-02-01,14767,spaco - italia,0.0,,0.0,0.0,0.0,,rojo,4,0.5868183614931668,2023-01-10,10.035526686906815,70.0,,0,,0.0,1,0,
2021-10-01,14803,spaco - italia,0.0,,0.0,0.0,0.0,,rojo,4,0.6052794989807395,2019-05-15,10.509804413318635,150.0,,0,,0.0,1,0,
2022-07-01,15131,spaco - italia,0.0,,0.0,0.0,0.0,,rojo,4,0.740529866716151,2019-12-06,11.327543592453003,100.0,,0,,0.0,1,0,
2024-02-01,1521241,cei - italia,0.0,,0.0,0.0,0.0,,rojo,4,16.258358908962805,2016-09-02,0.08,600.0,,0,,0.0,1,0,
2024-02-01,1521414,cei - italia,0.0,,0.0,0.0,0.0,,rojo,4,-0.9673477564102564,2016-09-02,152.25,2.0,,0,,0.0,1,0,
2024-02-01,1521421,cei - italia,0.0,,0.0,0.0,0.0,,rojo,4,-0.9774647205480115,2016-09-02,126.0,4.0,,0,,0.0,1,0,
2024-02-01,1521423,cei - italia,0.0,,0.0,0.0,0.0,,rojo,4,-0.9682750630409596,2016-09-02,89.5,2.0,,0,,0.0,1,0,
2024-02-01,1521870,cei - italia,0.0,,0.0,0.0,0.0,,rojo,4,10.347971942665446,2016-09-02,0.25,300.0,,0,,0.0,1,0,
2024-02-01,1521886,cei - italia,0.0,,0.0,0.0,0.0,,rojo,4,-0.04570230607966452,2016-09-02,3.43,10.0,,0,,0.0,1,0,
2023-07-01,1521890,cei - italia,0.0,,0.0,0.0,0.0,,rojo,4,-0.7767012804440612,2016-09-02,79.38,5.0,,0,,0.0,1,0,
2024-02-01,1521907,cei - italia,0.0,,0.0,0.0,0.0,,rojo,4,-0.3054886368591983,2016-09-02,120.0,3.0,,0,,0.0,1,0,
2024-02-01,1521910,cei - italia,0.0,,0.0,0.0,0.0,,rojo,4,-0.9449021932424422,2016-09-02,51.45,3.0,,0,,0.0,1,0,
2024-02-01,1521913,cei - italia,0.0,,0.0,0.0,0.0,,rojo,4,-0.9830985404110086,2016-09-02,168.0,2.0,,0,,0.0,1,0,
2024-02-01,1521930,cei - italia,0.0,,0.0,0.0,0.0,,rojo,4,-0.9939906794211429,2016-09-02,472.5,1.0,,0,,0.0,1,0,
2024-02-01,1521979,cei - italia,0.0,,0.0,0.0,0.0,,rojo,4,-0.9764857424292173,2016-09-02,120.75,2.0,,0,,0.0,1,0,
2024-02-01,1523185,cei - italia,0.0,,0.0,0.0,0.0,,rojo,4,0.12600211768265002,2013-07-11,3.0,90.0,,0,,0.0,1,0,
2024-02-01,1523318,cei - italia,0.0,,0.0,0.0,0.0,,rojo,4,-0.6136929460580913,2016-09-02,7.35,1.0,,0,,0.0,1,0,
2023-05-01,15392,spaco - italia,0.0,,0.0,0.0,0.0,,rojo,4,0.5591787354741664,2019-12-06,6.2967815852165225,20.0,,0,,0.0,1,0,
2023-04-01,15411,marilia,0.0,,0.0,0.0,0.0,,rojo,4,0.8075000000000001,2019-08-23,3.11,200.0,,0,,0.0,1,0,
2021-12-01,15421,marilia,0.0,,0.0,0.0,0.0,,rojo,4,0.5983135707661826,2019-08-23,3.3,400.0,,0,,0.0,1,0,
2023-09-01,15452,spaco - italia,0.0,,0.0,0.0,0.0,,rojo,4,0.5274345946966622,2022-05-25,4.2087178230285645,400.0,,0,,0.0,1,0,
2022-07-01,15665,spaco - italia,0.0,,0.0,0.0,0.0,,rojo,4,0.6262285616397543,2015-03-06,2.6807877767086032,120.0,,0,,0.0,1,0,
2022-07-01,15684,spaco - italia,0.0,,0.0,0.0,0.0,,rojo,4,0.5506622618282768,2022-01-20,5.4675184559822085,50.0,,0,,0.0,1,0,
2023-02-01,15721,spaco - italia,0.0,,0.0,0.0,0.0,,rojo,4,0.5435450611633753,2023-01-10,5.0231299352645875,100.0,,0,,0.0,1,0,
2022-01-01,16011,marilia,0.0,,0.0,0.0,0.0,,rojo,4,0.6439306989811755,2019-08-23,1.92,200.0,,0,,0.0,1,0,
2024-04-01,160677033,monark - alemania,0.0,,0.0,0.0,0.0,,rojo,4,0.44612203354686525,2023-01-25,5.117428696155549,100.0,,0,,0.0,1,0,
2023-10-01,16276,spaco - italia,0.0,,0.0,0.0,0.0,,rojo,4,0.4957115707028487,2022-01-20,4.684823905229568,100.0,,0,,0.0,1,0,
2023-04-01,16421,marilia,0.0,,0.0,0.0,0.0,,rojo,4,0.3760355032145391,2019-08-23,2.69,300.0,,0,,0.0,1,0,
2024-02-01,1652539,cei - italia,0.0,,0.0,0.0,0.0,,rojo,4,-0.9420551440841476,2016-09-02,49.0,2.0,,0,,0.0,1,0,
2024-02-01,1652578,cei - italia,0.0,,0.0,0.0,0.0,,rojo,4,-0.8938237929204449,2016-09-02,25.2,20.0,,0,,0.0,1,0,
2024-02-01,1652617,cei - italia,0.0,,0.0,0.0,0.0,,rojo,4,-0.982886732249125,2016-09-02,125.08,2.0,,0,,0.0,1,0,
2023-11-01,16532,spaco - italia,67.0,,0.0,0.0,0.0,,rojo,4,0.6150688704821506,2019-12-06,6.2967815852165225,50.0,,0,,0.0,1,0,
2021-03-01,1653922,cei - italia,0.0,,0.0,0.0,0.0,,rojo,4,0.30210443336349124,2016-09-02,31.11,18.0,,0,,0.0,1,0,
2023-11-01,16546-1hk0a,sin definicion,0.0,,0.0,0.0,0.0,,rojo,0,-0.03209385839978901,,,,,0,,0.0,1,0,
2024-02-01,1656209,cei - italia,0.0,,0.0,0.0,0.0,,rojo,4,-0.9792925319364767,2016-09-02,129.17,3.0,,0,,0.0,1,0,
2023-03-01,1656226,cei - italia,0.0,,0.0,0.0,0.0,,rojo,4,-0.6074182326293438,2016-09-02,32.99,6.0,,0,,0.0,1,0,
2024-02-01,1656232,cei - italia,0.0,,0.0,0.0,0.0,,rojo,4,-0.8648609396557985,2016-09-02,21.0,8.0,,0,,0.0,1,0,
2023-03-01,1656264,cei - italia,0.0,,0.0,0.0,0.0,,rojo,4,-0.6645170213869535,2016-09-02,44.1,16.0,,0,,0.0,1,0,
2024-02-01,1668148,cei - italia,0.0,,0.0,0.0,0.0,,rojo,4,-0.9871678244569412,2016-09-02,233.73,2.0,,0,,0.0,1,0,
2024-02-01,1668213,cei - italia,0.0,,0.0,0.0,0.0,,rojo,4,-0.9640582171949195,2016-09-02,79.0,2.0,,0,,0.0,1,0,
2024-02-01,1668242,cei - italia,0.0,,0.0,0.0,0.0,,rojo,4,-0.9524335929762232,2016-09-02,65.1,3.0,,0,,0.0,1,0,
2024-02-01,1673434,cei - italia,0.0,,0.0,0.0,0.0,,rojo,4,-0.9702221723878326,2016-09-02,95.2,2.0,,0,,0.0,1,0,
2024-02-01,1673445,cei - italia,0.0,,0.0,0.0,0.0,,rojo,4,-0.994849182286941,2016-09-02,551.25,1.0,,0,,0.0,1,0,
2024-02-01,1698992,cei - italia,0.0,,0.0,0.0,0.0,,rojo,4,-0.8680219608733277,2013-07-11,25.59,10.0,,0,,0.0,1,0,
2024-11-01,17032,narva,0.0,,1.0,0.0,9.718333333333334,,rojo,4,0.45659223193029025,2019-02-22,0.2783575109481812,600.0,,0,,0.0,1,0,
2023-03-01,17058,narva,0.0,,0.0,0.0,0.0,,rojo,4,0.4670233279413722,2019-02-22,0.2860707590103149,200.0,,0,,0.0,1,0,
2024-08-01,17076,narva,90.0,,0.0,0.0,0.0,,rojo,4,0.5143115422504456,2024-02-28,0.3708925430774689,200.0,,0,,0.0,1,0,
2025-03-01,17186,narva,0.0,,3.0,89.64,14.94,,rojo,0,0.4861004208137055,2023-01-17,0.18746953965425492,200.0,,0,,0.0,1,0,
2021-05-01,17483,spaco - italia,0.0,,0.0,0.0,0.0,,rojo,4,0.5325436216596946,2019-12-06,15.725295810699462,200.0,,0,,0.0,1,0,
2023-04-01,17521,narva,0.0,,0.0,0.0,0.0,,rojo,4,0.6105389610552397,2016-12-02,0.3694778360724449,200.0,,0,,0.0,1,0,
2023-11-01,1795,spaco - italia,0.0,,0.0,0.0,0.0,,rojo,4,0.4175705937577672,,,,,0,,0.0,1,0,
2022-08-01,18015,narva,0.0,,0.0,0.0,0.0,,rojo,4,0.39540287391954315,2020-01-27,29.217199862003326,18.0,,0,,0.0,1,0,
2022-07-01,1829,spaco - italia,0.0,,0.0,0.0,0.0,,rojo,4,0.9031611571582052,,,,,0,,0.0,1,0,
2024-11-01,184059033,monark - alemania,9.0,,2.0,0.0,41.151666666666664,,rojo,4,0.4185482008048546,2023-01-25,41.04831103086472,30.0,,0,,0.0,1,0,
2023-03-01,1862176034,sachs - brasil,2.0,,0.0,0.0,0.0,,rojo,4,0.682509126540239,2016-07-15,171.05,5.0,,0,,0.0,1,0,
2024-10-01,1862248033,sachs - brasil,0.0,,1.0,0.0,78.39,,rojo,4,0.15251753926224895,2015-09-09,199.27,10.0,,0,,0.0,1,0,
2024-05-01,1878002518,sachs - brasil,0.0,,0.0,0.0,0.0,,rojo,4,-0.127808171887983,2015-09-09,320.0,10.0,,0,,0.0,1,0,
2024-05-01,1878006084,sachs - brasil,0.0,,0.0,0.0,0.0,,rojo,4,-0.04140858830321059,2016-07-15,334.01,5.0,,0,,0.0,1,0,
2025-03-01,1878006184,sachs - brasil,0.0,,1.0,236.71,39.45166666666667,,rojo,0,0.01438169221079133,2015-09-09,81.97,5.0,,0,,0.0,1,0,
2022-02-01,1878007253,zf - alemania,0.0,,0.0,0.0,0.0,,rojo,4,0.10805484530645593,2018-09-13,256.26,30.0,,0,,0.0,1,0,
2024-04-01,1878008093,sachs - brasil,0.0,,0.0,0.0,0.0,,rojo,4,-0.10034908648574681,2018-10-03,173.96,10.0,,0,,0.0,1,0,
2022-07-01,1878654433,sachs - brasil,0.0,,0.0,0.0,0.0,,rojo,4,0.12821909623680927,2017-01-17,66.49,12.0,,0,,0.0,1,0,
2023-08-01,1882250143,zf - alemania,0.0,,0.0,0.0,0.0,,rojo,4,-0.3932426137828986,2016-06-15,372.94520666599277,5.0,,0,,0.0,1,0,
2021-03-01,1882280213,zf - alemania,0.0,,0.0,0.0,0.0,,rojo,4,-0.22185440873195517,2017-01-23,464.1196553707123,5.0,,0,,0.0,1,0,
2024-05-01,1884pro,corteco - brasil,0.0,,0.0,0.0,0.0,,rojo,4,0.2345443167415034,2016-09-22,2.35,100.0,,0,,0.0,1,0,
2024-03-01,1k4713,vkntech,0.0,,0.0,0.0,0.0,,rojo,4,0.10191574923800242,2016-06-06,26.5,230.0,,0,,0.0,1,0,
2024-03-01,1k7804,vkntech,0.0,,0.0,0.0,0.0,,rojo,4,-0.12022484388562232,2016-06-06,44.0,50.0,,0,,0.0,1,0,
2024-12-01,1k9371,vkntech,0.0,,1.0,0.0,23.728333333333335,,rojo,4,-0.0008849170431323161,2016-06-06,45.0,110.0,,0,,0.0,1,0,
2024-12-01,1s0219,vkntech,0.0,,1.0,0.0,12.711666666666666,,rojo,4,-0.8223040342711933,2015-10-16,26.5,20.0,,0,,0.0,1,0,
2024-12-01,1s2919,vkntech,0.0,,1.0,0.0,10.593333333333334,,rojo,4,-0.8222983616723711,2015-10-16,26.5,20.0,,0,,0.0,1,0,
2024-12-01,1s6415-3,vkntech,0.0,,1.0,0.0,4.236666666666667,,rojo,4,-0.2251455120817642,2015-10-16,26.5,20.0,,0,,0.0,1,0,
2024-12-01,1s9840-2,vkntech,0.0,,1.0,0.0,1.4116666666666668,,rojo,4,-0.8225573915936564,2015-10-16,26.5,20.0,,0,,0.0,1,0,
2024-12-01,1s9840-3,vkntech,0.0,,1.0,0.0,9.886666666666667,,rojo,4,-0.822466035287307,2015-10-16,26.5,20.0,,0,,0.0,1,0,
2023-12-01,20-100-td27,birene - cigueñales-culatas-ejes de levas,0.0,,0.0,0.0,0.0,,rojo,4,0.2668831785928395,2021-12-16,92.0,15.0,,0,,0.0,1,0,
2024-02-01,20366731,cei - italia,0.0,,0.0,0.0,0.0,,rojo,4,-0.9084022038567493,2016-09-02,31.0,2.0,,0,,0.0,1,0,
2024-02-01,20366733,cei - italia,0.0,,0.0,0.0,0.0,,rojo,4,-0.9933967416359909,2016-09-02,430.0,1.0,,0,,0.0,1,0,
2024-02-01,20366735,cei - italia,0.0,,0.0,0.0,0.0,,rojo,4,-0.9205962754143174,2016-09-02,35.7,2.0,,0,,0.0,1,0,
2024-02-01,20366756,cei - italia,0.0,,0.0,0.0,0.0,,rojo,4,-0.9054532145907039,2016-09-02,30.0,6.0,,0,,0.0,1,0,
2024-02-01,20366826,cei - italia,0.0,,0.0,0.0,0.0,,rojo,4,-0.937821063806319,2016-09-02,45.63,7.0,,0,,0.0,1,0,
2024-02-01,20776785,cei - italia,0.0,,0.0,0.0,0.0,,rojo,4,-0.978401552206899,2016-09-02,131.25,3.0,,0,,0.0,1,0,
2024-02-01,20781951,cei - italia,0.0,,0.0,0.0,0.0,,rojo,4,-0.9857546801124912,2016-09-02,199.0,3.0,,0,,0.0,1,0,
2024-02-01,20854441,cei - italia,0.0,,0.0,0.0,0.0,,rojo,4,-0.9815625309436578,2016-09-02,154.0,2.0,,0,,0.0,1,0,
2022-10-01,215950004501f,vdo - brasil,0.0,,0.0,0.0,0.0,,rojo,4,0.34944679003397405,2018-06-06,60.8,10.0,,0,,0.0,1,0,
2023-03-01,21979473,philips,0.0,,0.0,0.0,0.0,,rojo,4,0.4372022390888154,2019-01-17,0.1253789782524109,200.0,,0,,0.0,1,0,
2023-03-01,21985573,philips,0.0,,0.0,0.0,0.0,,rojo,4,0.3547149832942913,2019-01-17,0.15957324504852297,600.0,,0,,0.0,1,0,
2023-03-01,21997828,philips,0.0,,0.0,0.0,0.0,,rojo,4,0.45910103259769186,2019-01-17,0.1481751561164856,200.0,,0,,0.0,1,0,
2023-03-01,22003528,philips,0.0,,0.0,0.0,0.0,,rojo,4,0.19647395171537485,2020-10-14,0.17096627082824709,200.0,,0,,0.0,1,0,
2022-08-01,221030003r,vdo - brasil,0.0,,0.0,0.0,0.0,,rojo,4,0.7308457029734199,2018-06-06,9.14,20.0,,0,,0.0,1,0,
2023-05-01,221036003r,vdo - brasil,17.0,,0.0,0.0,0.0,,rojo,4,0.4552466730287281,2018-06-06,9.5,100.0,,0,,0.0,1,0,
2025-03-01,22150404,trw - brasil,0.0,,2.0,7.8,2.7116666666666664,,rojo,0,0.3205625733715622,2013-09-11,2.48,10.0,,0,,0.0,1,0,
2024-12-01,22150579,trw - brasil,4.0,,1.0,0.0,1.6383333333333334,,rojo,4,0.4811022308244204,2013-09-11,2.86,10.0,,0,,0.0,1,0,
2023-03-01,22150652,trw - brasil,0.0,,0.0,0.0,0.0,,rojo,4,0.8859957583336316,2013-09-11,10.92,10.0,,0,,0.0,1,0,
2024-12-01,22150783,trw - brasil,1.0,,1.0,0.0,5.988333333333333,,rojo,4,0.47948164146868255,2013-09-11,20.96,4.0,,0,,0.0,1,0,
2024-12-01,22150903,trw - brasil,6.0,,1.0,0.0,3.475,,rojo,4,0.6323962765867308,2013-09-11,12.09,20.0,,0,,0.0,1,0,
2021-03-01,22719002,victor reinz - alemania,0.0,,0.0,0.0,0.0,,rojo,4,0.3378778564027341,,,,,0,,0.0,1,0,
2023-01-01,2279,spaco - italia,0.0,,0.0,0.0,0.0,,rojo,4,0.5213877561960305,,,,,0,,0.0,1,0,
2024-10-01,23622390,ito koyama - amortiguadores,2.0,,16.0,0.0,311.31333333333333,,rojo,6,0.811938559409085,2024-08-22,10.72,88.0,,0,,0.0,1,0,
2024-10-01,23622391,ito koyama - amortiguadores,2.0,,16.0,0.0,311.30333333333334,,rojo,6,0.8119066605574436,2024-08-22,10.72,88.0,,0,,0.0,1,0,
2025-01-01,23628770,ito koyama - amortiguadores,0.0,,22.0,0.0,239.715,,rojo,6,0.798368059941626,2024-08-22,5.65,200.0,,0,,0.0,1,0,
2023-09-01,2364,spaco - italia,0.0,,0.0,0.0,0.0,,rojo,4,0.5480930338888033,,,,,0,,0.0,1,0,
2022-11-01,2371,spaco - italia,0.0,,0.0,0.0,0.0,,rojo,4,0.6211373580185571,,,,,0,,0.0,1,0,
2022-11-01,2374,spaco - italia,0.0,,0.0,0.0,0.0,,rojo,4,0.866507196320094,,,,,0,,0.0,1,0,
2022-07-01,24072,wix filters,2.0,,0.0,0.0,0.0,,rojo,4,0.31079510243567726,2019-07-25,5.05,48.0,,0,,0.0,1,0,
2022-07-01,24073,wix filters,0.0,,0.0,0.0,0.0,,rojo,4,0.3151465473167383,2019-07-25,6.26,120.0,,0,,0.0,1,0,
2024-01-01,24074,wix filters,1.0,,0.0,0.0,0.0,,rojo,4,0.288012497266113,2019-07-25,7.33,84.0,,0,,0.0,1,0,
2023-05-01,24112,wix filters,17.0,,0.0,0.0,0.0,,rojo,4,-0.0694127263902726,2019-07-25,18.93,60.0,,0,,0.0,1,0,
2022-09-01,24113,wix filters,0.0,,0.0,0.0,0.0,,rojo,4,0.3486292698347948,2019-07-25,12.4,120.0,,0,,0.0,1,0,
2025-02-01,24546807,ito koyama - amortiguadores,0.0,,30.0,525.03,268.56166666666667,,rojo,0,0.8362613721541553,2024-08-22,4.64,200.0,,0,,0.0,1,0,
2022-11-01,246082003001r,vdo - brasil,0.0,,0.0,0.0,0.0,,rojo,4,0.5763623824189353,2019-09-06,4.7,50.0,,0,,0.0,1,0,
2021-09-01,246082003021r,vdo - brasil,0.0,,0.0,0.0,0.0,,rojo,4,0.5001879373215693,2019-09-06,4.39,30.0,,0,,0.0,1,0,
2021-12-01,24687530,philips,0.0,,0.0,0.0,0.0,,rojo,4,0.5490475533665766,2019-08-08,1.915944868326187,400.0,,0,,0.0,1,0,
2021-10-01,24689930,philips,0.0,,0.0,0.0,0.0,,rojo,4,0.44079170833928294,2019-08-08,1.915944868326187,400.0,,0,,0.0,1,0,
2025-03-01,25995943,ito koyama - amortiguadores,0.0,,25.0,753.25,447.4433333333333,,rojo,0,0.7505312272919491,2024-08-22,12.75,112.0,,0,,0.0,1,0,
2022-04-01,266984,cei - italia,0.0,,0.0,0.0,0.0,,rojo,4,0.12034554661900487,2016-09-02,43.0,6.0,,0,,0.0,1,0,
2021-05-01,2680,spaco - italia,0.0,,0.0,0.0,0.0,,rojo,4,0.41106574395133555,,,,,0,,0.0,1,0,
2023-11-01,27100,versachem - usa,0.0,,0.0,0.0,0.0,,rojo,1,0.3557719668858992,2023-04-18,2.96,144.0,,0,,0.0,1,0,
2022-09-01,2734,spaco - italia,0.0,,0.0,0.0,0.0,,rojo,4,0.6436943413542499,,,,,0,,0.0,1,0,
2023-03-01,276115,cei - italia,0.0,,0.0,0.0,0.0,,rojo,4,0.1548981628220929,2016-09-02,245.0,1.0,,0,,0.0,1,0,
2021-06-01,276146,cei - italia,0.0,,0.0,0.0,0.0,,rojo,4,0.6134773045390922,2016-09-02,3.05,12.0,,0,,0.0,1,0,
2021-12-01,287070079,monark - alemania,0.0,,0.0,0.0,0.0,,rojo,4,0.5435140719892878,2021-03-11,8.658318493366242,50.0,,0,,0.0,1,0,
2021-03-01,2duf050n-7,zsg - taiwan,0.0,,0.0,0.0,0.0,,rojo,4,0.351550649174033,2016-07-19,35.6,20.0,,0,,0.0,1,0,
2022-10-01,300-1kd,birene - cigueñales-culatas-ejes de levas,10.0,,0.0,0.0,0.0,,rojo,4,0.2673375885171915,2025-01-13,46.5,10.0,,0,,0.0,1,0,
2025-03-01,300-3l,ishikawa - cigueñales-culatas-ejes de levas,0.0,,5.0,1252.21,208.70166666666668,,rojo,0,0.385187975172527,2025-01-13,43.5,20.0,,0,,0.0,1,0,
2025-03-01,300-4d31,ishikawa - cigueñales-culatas-ejes de levas,9.0,,1.0,91.53,15.255,,rojo,0,0.4260946628727219,2025-01-13,55.8,10.0,,0,,0.0,1,0,
2025-03-01,300-4d55,ishikawa - cigueñales-culatas-ejes de levas,0.0,,2.0,614.4100000000001,102.40166666666669,,rojo,0,0.41107603616750793,2025-01-13,42.5,10.0,,0,,0.0,1,0,
2025-02-01,300-4jb1,ishikawa - cigueñales-culatas-ejes de levas,2.0,,1.0,144.92,24.153333333333332,,rojo,0,0.4829525841607814,2025-01-13,46.5,4.0,,0,,0.0,1,0,
2025-03-01,300-aveo,ishikawa - cigueñales-culatas-ejes de levas,10.0,,1.0,50.85,8.475,,rojo,0,0.3309762188773363,2025-01-13,31.5,10.0,,0,,0.0,1,0,
2024-12-01,30003602,ito koyama - amortiguadores,0.0,,17.0,0.0,144.60333333333332,,rojo,6,0.7284018993072381,2024-08-22,10.87,72.0,,0,,0.0,1,0,
2025-03-01,30003617,ito koyama - amortiguadores,38.0,,23.0,112.53,149.35666666666665,,rojo,0,0.6936120866772438,2024-08-22,6.53,140.0,,0,,0.0,1,0,
2021-02-01,3000954318,sachs - brasil,0.0,,0.0,0.0,0.0,,rojo,4,0.25202080084226686,2018-10-03,296.88,5.0,,0,,0.0,1,0,
2024-12-01,30009866,ito koyama - amortiguadores,0.0,,17.0,0.0,143.65,,rojo,6,0.7266276061450717,2024-08-22,10.87,72.0,,0,,0.0,1,0,
2024-02-01,307870902,monark - alemania,0.0,,0.0,0.0,0.0,,rojo,4,0.5767818897724661,,,,,0,,0.0,1,0,
2024-09-01,3081-1008skr,sakura - radiadores,7.0,,0.0,0.0,0.0,,rojo,6,0.8724372183874615,2020-05-22,30.0,25.0,,0,,0.0,1,0,
2022-12-01,30bcs19-2nslnr,nachi - koyo - ntn - nsk - japon,0.0,,0.0,0.0,0.0,,rojo,4,0.5144615303727054,2017-09-22,7.2,10.0,,0,,0.0,1,0,
2023-11-01,30bg05s2g-2ds,nachi - koyo - ntn - nsk - japon,0.0,,0.0,0.0,0.0,,rojo,4,0.4347857599540067,2019-10-07,6.3,20.0,,0,,0.0,1,0,
2023-08-01,3100002255,zf - alemania,0.0,,0.0,0.0,0.0,,rojo,4,-0.4425267221718463,2018-01-23,120.7853827536106,10.0,,0,,0.0,1,0,
2021-03-01,3100026531,zf - alemania,0.0,,0.0,0.0,0.0,,rojo,4,0.14812880335514267,2018-09-13,119.99,30.0,,0,,0.0,1,0,
2023-03-01,31029330,philips,0.0,,0.0,0.0,0.0,,rojo,4,-0.18257401072728563,2019-01-17,1.1967993378639221,50.0,,0,,0.0,1,0,
2024-05-01,31250-22240,aisin - japon,2.0,,0.0,0.0,0.0,,rojo,6,0.46955519485007075,2016-01-26,55.51,30.0,,0,,0.0,1,0,
2024-11-01,3141-1010skr,sakura - radiadores,57.0,,2.0,0.0,10.691666666666668,,rojo,6,0.5966067864271456,2024-08-29,14.0,59.0,,0,,0.0,1,0,
2021-03-01,314971,sachs - argentina,0.0,,0.0,0.0,0.0,,rojo,4,-0.19942908839679963,2016-10-05,49.51,60.0,,0,,0.0,1,0,
2021-03-01,3151106041,zf - alemania,0.0,,0.0,0.0,0.0,,rojo,4,-0.47190771506599904,2016-06-15,98.7306838452816,5.0,,0,,0.0,1,0,
2024-02-01,3152722,cei - italia,0.0,,0.0,0.0,0.0,,rojo,4,-0.9842509679004396,2016-09-02,180.0,2.0,,0,,0.0,1,0,
2024-02-01,3152730,cei - italia,0.0,,0.0,0.0,0.0,,rojo,4,-0.9797509993791323,2016-09-02,140.0,2.0,,0,,0.0,1,0,
2024-02-01,3152798,cei - italia,0.0,,0.0,0.0,0.0,,rojo,4,-0.9742461964038728,2016-09-02,110.25,1.0,,0,,0.0,1,0,
2021-05-01,3182009938,zf - alemania,0.0,,0.0,0.0,0.0,,rojo,4,0.0738618695804793,2018-09-13,220.33,20.0,,0,,0.0,1,0,
2025-03-01,3192-1006skr,sakura - radiadores,1.0,,8.0,1146.27,377.7583333333334,,rojo,0,0.96241060375916,2024-12-26,46.5,7.0,,0,,0.0,1,0,
2024-02-01,3192293,cei - italia,0.0,,0.0,0.0,0.0,,rojo,4,-0.9341145132266886,2016-09-02,43.05,5.0,,0,,0.0,1,0,
2022-03-01,3192951,cei - italia,0.0,,0.0,0.0,0.0,,rojo,4,-0.4562789717656974,2016-09-02,68.25,10.0,,0,,0.0,1,0,
2023-08-01,3210a2rs1tn9,skf - rodajes,0.0,,0.0,0.0,0.0,,rojo,4,1.1967115454094903,2023-04-21,13.5,20.0,,0,,0.0,1,0,
2025-03-01,3221-3002skr,sakura - radiadores,27.0,,2.0,286.02,47.669999999999995,,rojo,0,0.5445790442019486,2024-09-30,43.5,2.0,,0,,0.0,1,0,
2025-03-01,3221-8506skr,sakura - radiadores,22.0,,5.0,251.95,68.76833333333333,,rojo,0,0.49588170436739487,2024-08-29,24.0,30.0,,0,,0.0,1,0,
2021-05-01,328731,philips,0.0,,0.0,0.0,0.0,,rojo,4,0.38159773639485617,,,,,0,,0.0,1,0,
2025-03-01,3301-8513skr,sakura - radiadores,27.0,,3.0,96.78,23.646666666666665,,rojo,0,0.6305113004816599,2024-08-29,20.5,30.0,,0,,0.0,1,0,
2024-04-01,3306a2rs1tn9,skf - rodajes,0.0,,0.0,0.0,0.0,,rojo,4,1.2207963481078508,2023-04-21,9.0,20.0,,0,,0.0,1,0,
2021-06-01,33109,wix filters,0.0,,0.0,0.0,0.0,,rojo,4,0.346755061583959,2019-07-25,2.48,108.0,,0,,0.0,1,0,
2022-02-01,33118mp,wix filters,0.0,,0.0,0.0,0.0,,rojo,4,0.645013723696249,2019-07-25,3.17,12.0,,0,,0.0,1,0,
2023-05-01,33120,wix filters,0.0,,0.0,0.0,0.0,,rojo,4,0.17728366421768735,2019-07-25,4.31,120.0,,0,,0.0,1,0,
2025-03-01,3321-8507skr,sakura - radiadores,0.0,,11.0,2322.88,557.77,,rojo,0,0.8965915390605751,2024-05-31,25.0,50.0,,0,,0.0,1,0,
2022-11-01,33218,wix filters,7.0,,0.0,0.0,0.0,,rojo,4,0.1422100205902539,2018-12-17,4.87,36.0,,0,,0.0,1,0,
2022-04-01,33231,wix filters,0.0,,0.0,0.0,0.0,,rojo,4,0.30265567023377227,2019-07-25,8.71,96.0,,0,,0.0,1,0,
2024-06-01,333,precision - usa,0.0,,0.0,0.0,0.0,,rojo,4,-0.6686046511627908,2014-03-31,26.58,183.0,,0,,0.0,1,0,
2023-02-01,33405,wix filters,0.0,,0.0,0.0,0.0,,rojo,4,0.19506857696977858,2019-07-25,5.14,108.0,,0,,0.0,1,0,
2024-01-01,33412,wix filters,0.0,,0.0,0.0,0.0,,rojo,4,0.20685410778188654,2019-07-25,13.92,102.0,,0,,0.0,1,0,
2021-11-01,33416,wix filters,0.0,,0.0,0.0,0.0,,rojo,4,0.40418569143075755,2018-12-17,21.46,30.0,,0,,0.0,1,0,
2022-05-01,33437,wix filters,0.0,,0.0,0.0,0.0,,rojo,4,0.40646020230939683,2019-07-25,8.03,80.0,,0,,0.0,1,0,
2021-05-01,33472,wix filters,0.0,,0.0,0.0,0.0,,rojo,4,0.2540055151410874,2019-07-25,4.44,84.0,,0,,0.0,1,0,
2023-09-01,33547,wix filters,0.0,,0.0,0.0,0.0,,rojo,4,0.3813777538130254,2018-12-17,6.77,180.0,,0,,0.0,1,0,
2022-04-01,33628,wix filters,0.0,,0.0,0.0,0.0,,rojo,4,0.45937487036330005,2019-07-25,7.82,120.0,,0,,0.0,1,0,
2021-02-01,33649,wix filters,0.0,,0.0,0.0,0.0,,rojo,4,0.3323624334502424,2018-12-17,8.67,18.0,,0,,0.0,1,0,
2023-11-01,33651mp,wix filters,0.0,,0.0,0.0,0.0,,rojo,4,0.34826550811032,2019-07-25,4.36,108.0,,0,,0.0,1,0,
2022-07-01,33651xe,wix filters,0.0,,0.0,0.0,0.0,,rojo,4,0.2225470750903714,2019-07-25,6.64,204.0,,0,,0.0,1,0,
2022-02-01,33654,wix filters,0.0,,0.0,0.0,0.0,,rojo,4,0.48274310234644674,2019-07-25,6.23,120.0,,0,,0.0,1,0,
2023-11-01,33656,wix filters,0.0,,0.0,0.0,0.0,,rojo,4,0.3651993132283767,2019-07-25,7.81,250.0,,0,,0.0,1,0,
2024-07-01,33657,wix filters,0.0,,0.0,0.0,0.0,,rojo,4,0.2135300274102547,2019-07-25,6.78,250.0,,0,,0.0,1,0,
2022-07-01,33682,wix filters,0.0,,0.0,0.0,0.0,,rojo,4,0.4443815142409752,2019-07-25,6.32,132.0,,0,,0.0,1,0,
2024-01-01,33691,wix filters,0.0,,0.0,0.0,0.0,,rojo,4,0.2855908395737462,2018-12-17,8.1,24.0,,0,,0.0,1,0,
2021-04-01,33697,wix filters,0.0,,0.0,0.0,0.0,,rojo,4,0.45392326971274355,2019-07-25,4.3,84.0,,0,,0.0,1,0,
2022-05-01,33721,wix filters,0.0,,0.0,0.0,0.0,,rojo,4,0.33471635223761687,2019-07-25,6.95,156.0,,0,,0.0,1,0,
2024-04-01,33727,wix filters,0.0,,0.0,0.0,0.0,,rojo,4,-0.4157072475042137,2019-07-25,12.42,150.0,,0,,0.0,1,0,
2022-05-01,33744,wix filters,0.0,,0.0,0.0,0.0,,rojo,4,0.4079784843226936,2019-07-25,14.2,12.0,,0,,0.0,1,0,
2022-05-01,33752,wix filters,0.0,,0.0,0.0,0.0,,rojo,4,0.3315091606408537,2018-12-17,15.07,60.0,,0,,0.0,1,0,
2024-04-01,33812,wix filters,0.0,,0.0,0.0,0.0,,rojo,4,0.31769189363150113,2019-07-25,12.42,102.0,,0,,0.0,1,0,
2025-03-01,3421-1029skr,sakura - radiadores,24.0,,3.0,152.39,50.14833333333333,,rojo,0,0.5982783357245337,2024-08-29,22.5,30.0,,0,,0.0,1,0,
2025-03-01,3431-1006skr,sakura - radiadores,22.0,,5.0,265.76,66.97666666666667,,rojo,0,0.9458817184243211,2024-01-18,19.5,50.0,,0,,0.0,1,0,
2025-03-01,3451-1020skr,sakura - radiadores,29.0,,8.0,793.21,194.70166666666668,,rojo,0,0.5384443529430485,2024-10-31,22.5,60.0,,0,,0.0,1,0,
2023-03-01,3461-7008skr,sakura - radiadores,0.0,,0.0,0.0,0.0,,rojo,6,0.732103364448131,2020-05-22,19.3,60.0,,0,,0.0,1,0,
2025-03-01,3461-8558skr,sakura - radiadores,57.0,,10.0,478.81,183.75833333333333,,rojo,0,0.8568643128932475,2024-05-31,19.5,120.0,,0,,0.0,1,0,
2025-03-01,3461-8572skr,sakura - radiadores,17.0,,21.0,520.45,287.46999999999997,,rojo,0,0.46521494571209965,2024-08-29,19.0,60.0,,0,,0.0,1,0,
2023-02-01,3482,spaco - italia,0.0,,0.0,0.0,0.0,,rojo,4,0.7345784876212783,,,,,0,,0.0,1,0,
2024-05-01,3482000187,sachs - brasil,0.0,,0.0,0.0,0.0,,rojo,4,-0.20690383714362043,2016-07-15,338.73,6.0,,0,,0.0,1,0,
2022-08-01,3482000257,sachs - brasil,0.0,,0.0,0.0,0.0,,rojo,4,0.22258942245726346,2018-10-03,226.18,10.0,,0,,0.0,1,0,
2022-08-01,3482001234,sachs - brasil,0.0,,0.0,0.0,0.0,,rojo,4,0.08926558547674657,2015-09-09,281.87,2.0,,0,,0.0,1,0,
2023-08-01,3482001308,zf - alemania,0.0,,0.0,0.0,0.0,,rojo,4,-0.29124270534337104,2018-01-23,375.7032088208199,20.0,,0,,0.0,1,0,
2023-08-01,3482056031,zf - alemania,0.0,,0.0,0.0,0.0,,rojo,4,-0.3086933046666657,2016-06-15,329.0013622605801,2.0,,0,,0.0,1,0,
2023-08-01,3482119034,zf - alemania,0.0,,0.0,0.0,0.0,,rojo,4,-0.05861632340604913,2016-06-15,212.4643949460983,5.0,,0,,0.0,1,0,
2023-08-01,3482124549,zf - alemania,0.0,,0.0,0.0,0.0,,rojo,4,-0.745876806190809,2016-12-22,230.26383705139162,5.0,,0,,0.0,1,0,
2021-03-01,3482602002,zf - alemania,0.0,,0.0,0.0,0.0,,rojo,4,0.18158110274203176,2016-12-22,134.5291439294815,5.0,,0,,0.0,1,0,
2021-03-01,3482602008,zf - alemania,0.0,,0.0,0.0,0.0,,rojo,4,-0.028311812029248706,2016-09-07,142.47130193710328,5.0,,0,,0.0,1,0,
2024-05-01,3482654119,sachs - brasil,0.0,,0.0,0.0,0.0,,rojo,4,0.10452005340474355,2018-10-03,162.37,10.0,,0,,0.0,1,0,
2023-04-01,3483000058,sachs - brasil,0.0,,0.0,0.0,0.0,,rojo,4,-0.034772302637068465,2015-09-09,349.73,5.0,,0,,0.0,1,0,
2022-08-01,3483030032,sachs - brasil,0.0,,0.0,0.0,0.0,,rojo,4,0.09061989800212089,2015-09-09,361.29,2.0,,0,,0.0,1,0,
2022-06-01,3500,spaco - italia,0.0,,0.0,0.0,0.0,,rojo,4,0.633460747217745,,,,,0,,0.0,1,0,
2023-04-01,3502,spaco - italia,0.0,,0.0,0.0,0.0,,rojo,4,0.4809207015301447,,,,,0,,0.0,1,0,
2023-03-01,35024128,philips,0.0,,0.0,0.0,0.0,,rojo,4,0.5529679635295854,2016-05-25,8.030473426580429,200.0,,0,,0.0,1,0,
2022-09-01,355,moog - usa,0.0,,0.0,0.0,0.0,,rojo,3,0.6412927422740634,2013-05-08,6.8966,50.0,,0,,0.0,1,0,
2024-04-01,35bcd07s1cs46,nachi - koyo - ntn - nsk - japon,0.0,,0.0,0.0,0.0,,rojo,4,0.37829511624702233,2018-09-13,4.56,60.0,,0,,0.0,1,0,
2022-09-01,360004002r,vdo - brasil,0.0,,0.0,0.0,0.0,,rojo,4,0.06170185474890921,2017-08-28,15.92,50.0,,0,,0.0,1,0,
2021-10-01,3611,spaco - italia,0.0,,0.0,0.0,0.0,,rojo,4,0.6788076332267158,,,,,0,,0.0,1,0,
2023-03-01,36194030,philips,0.0,,0.0,0.0,0.0,,rojo,4,0.3099134713304628,2019-01-17,6.861649537086486,50.0,,0,,0.0,1,0,
2023-03-01,36229930,philips,0.0,,0.0,0.0,0.0,,rojo,4,-0.5944781360453861,2016-05-25,4.020805696249008,50.0,,0,,0.0,1,0,
2021-09-01,36430930,philips,0.0,,0.0,0.0,0.0,,rojo,4,0.6184498071858889,2020-10-14,3.2849947751998902,200.0,,0,,0.0,1,0,
2023-03-01,36473633,philips,0.0,,0.0,0.0,0.0,,rojo,4,0.5205009543840788,2019-08-08,34.150876951217654,200.0,,0,,0.0,1,0,
2023-03-01,36563430,philips,0.0,,0.0,0.0,0.0,,rojo,4,-0.6394561932749423,2016-05-25,4.522014162540436,100.0,,0,,0.0,1,0,
2023-03-01,36908328,philips,0.0,,0.0,0.0,0.0,,rojo,4,0.4886934405144201,2019-01-17,8.559964787960052,50.0,,0,,0.0,1,0,
2023-03-01,37123930,philips,0.0,,0.0,0.0,0.0,,rojo,4,-0.034712717930703074,2016-05-25,3.7534945142269134,200.0,,0,,0.0,1,0,
2022-01-01,37150600,ks - alemania,0.0,,0.0,0.0,0.0,,rojo,4,0.4013138913634935,2021-08-09,26.095639580488207,20.0,,0,,0.0,1,0,
2023-03-01,37170328,philips,0.0,,0.0,0.0,0.0,,rojo,4,0.29666833813488463,2020-10-14,9.898665268421173,100.0,,0,,0.0,1,0,
2022-12-01,376,moog - usa,0.0,,0.0,0.0,0.0,,rojo,3,0.5465196879888509,2015-11-25,40.84,10.0,,0,,0.0,1,0,
2022-11-01,3806,spaco - italia,0.0,,0.0,0.0,0.0,,rojo,4,0.6538541027168521,,,,,0,,0.0,1,0,
2024-02-01,382248,cei - italia,0.0,,0.0,0.0,0.0,,rojo,4,-0.9324679725608539,2013-07-11,50.0,12.0,,0,,0.0,1,0,
2024-02-01,382255,cei - italia,0.0,,0.0,0.0,0.0,,rojo,4,-0.9661983081000617,2016-09-02,84.0,1.0,,0,,0.0,1,0,
2024-02-01,382801,cei - italia,0.0,,0.0,0.0,0.0,,rojo,4,-0.9510895288661002,2016-09-02,59.0,5.0,,0,,0.0,1,0,
2024-02-01,384094,cei - italia,0.0,,0.0,0.0,0.0,,rojo,4,-0.41297965961049843,2013-07-11,39.9,10.0,,0,,0.0,1,0,
2024-01-01,384098,cei - italia,0.0,,0.0,0.0,0.0,,rojo,4,0.36510264468309234,2013-07-11,0.94,600.0,,0,,0.0,1,0,
2022-10-01,3921,spaco - italia,0.0,,0.0,0.0,0.0,,rojo,4,0.5775577565861537,,,,,0,,0.0,1,0,
2023-03-01,39863231,philips,0.0,,0.0,0.0,0.0,,rojo,4,-0.6205678201750531,2021-02-26,50.33401089942455,12.0,,0,,0.0,1,0,
2023-03-01,39896030,philips,0.0,,0.0,0.0,0.0,,rojo,4,-0.46378627681817897,2016-05-25,3.0406646955013277,100.0,,0,,0.0,1,0,
2022-01-01,3dacf041d-3dr,zsg - taiwan,0.0,,0.0,0.0,0.0,,rojo,4,-0.12264191056622498,2018-06-15,34.72,2.0,,0,,0.0,1,0,
2024-09-01,40051961,ks - alemania,0.0,,0.0,0.0,0.0,,rojo,4,0.17558564082330055,2021-08-09,126.7653558909893,20.0,,0,,0.0,1,0,
2021-10-01,40177930,philips,0.0,,0.0,0.0,0.0,,rojo,4,0.47893265699574394,2020-10-14,1.338609538078308,300.0,,0,,0.0,1,0,
2024-03-01,40265960,ks - alemania,0.0,,0.0,0.0,0.0,,rojo,4,0.2684408475601665,2023-02-06,220.69470645427705,24.0,,0,,0.0,1,0,
2023-04-01,40308960,ks - alemania,0.0,,0.0,0.0,0.0,,rojo,4,0.33181142563450955,2021-12-27,102.58646266818047,12.0,,0,,0.0,1,0,
2024-09-01,40338960,ks - alemania,0.0,,0.0,0.0,0.0,,rojo,4,0.03144103111049259,2023-02-06,254.88015677928922,12.0,,0,,0.0,1,0,
2022-05-01,40434330,philips,0.0,,0.0,0.0,0.0,,rojo,4,0.33944479123193355,2019-01-17,2.2112292528152464,100.0,,0,,0.0,1,0,
2021-06-01,408237730002r,vdo - brasil,0.0,,0.0,0.0,0.0,,rojo,4,0.35341672245561173,2017-05-10,89.77,30.0,,0,,0.0,1,0,
2024-09-01,40834961,ks - alemania,0.0,,0.0,0.0,0.0,,rojo,4,-0.7510012518675103,2023-02-06,220.8889419674873,12.0,,0,,0.0,1,0,
2021-07-01,40bcv09s1-2nsl,nachi - koyo - ntn - nsk - japon,0.0,,0.0,0.0,0.0,,rojo,4,0.3697692707475267,2019-10-07,7.2,20.0,,0,,0.0,1,0,
2023-09-01,41058239,monark - alemania,0.0,,0.0,0.0,0.0,,rojo,4,0.5147796241887748,,,,,0,,0.0,1,0,
2024-12-01,4170060k00,ito koyama - amortiguadores,0.0,,32.0,0.0,274.58,,rojo,6,0.7881760073836799,2024-08-22,5.14,200.0,,0,,0.0,1,0,
2024-12-01,41800-m60m00,ito koyama - amortiguadores,0.0,,17.0,0.0,697.355,,rojo,6,0.7365186880996872,2024-08-22,10.14,100.0,,0,,0.0,1,0,
2023-08-01,42017,narva,0.0,,0.0,0.0,0.0,,rojo,4,0.5060792143887871,2016-10-18,0.6051431746375561,600.0,,0,,0.0,1,0,
2021-02-01,42808,wix filters,0.0,,0.0,0.0,0.0,,rojo,4,0.266699678138153,2018-12-17,27.0,20.0,,0,,0.0,1,0,
2024-04-01,42809,wix filters,0.0,,0.0,0.0,0.0,,rojo,4,0.10638072357263972,2018-12-17,37.84,20.0,,0,,0.0,1,0,
2024-12-01,44365004,monark - alemania,0.0,,3.0,0.0,23.22,,rojo,4,0.39028893136739706,,,,,0,,0.0,1,0,
2022-05-01,44365011,monark - alemania,0.0,,0.0,0.0,0.0,,rojo,4,0.9711935733566661,,,,,0,,0.0,1,0,
2025-03-01,444139,ito koyama - amortiguadores,0.0,,6.0,376.0,429.8733333333334,,rojo,0,0.6566512957279359,2024-11-29,6.2,50.0,,0,,0.0,1,0,
2022-11-01,452164-5001,garrett - brasil,0.0,,0.0,0.0,0.0,,rojo,4,0.24827841613484422,2016-04-25,503.5,9.0,,0,,0.0,1,0,
2021-06-01,452174-5005,garrett - brasil,0.0,,0.0,0.0,0.0,,rojo,4,0.32411023987581866,2020-01-24,415.0,20.0,,0,,0.0,1,0,
2023-08-01,4609,kawe - embragues,0.0,,0.0,0.0,0.0,,rojo,4,0.05772656423959027,2019-11-04,92.68254244327545,5.0,,0,,0.0,1,0,
2023-08-01,4620,kawe - embragues,0.0,,0.0,0.0,0.0,,rojo,4,0.33167078550693635,2019-11-04,74.81602823734283,10.0,,0,,0.0,1,0,
2022-03-01,4625,kawe - embragues,0.0,,0.0,0.0,0.0,,rojo,4,0.5021236296848993,2019-11-04,102.73245668411255,10.0,,0,,0.0,1,0,
2022-05-01,46489,wix filters,0.0,,0.0,0.0,0.0,,rojo,4,0.025143016599856516,2019-07-25,10.16,20.0,,0,,0.0,1,0,
2023-03-01,465590-5005,garrett - brasil,0.0,,0.0,0.0,0.0,,rojo,4,0.3355573248379454,2018-03-06,246.86,10.0,,0,,0.0,1,0,
2023-04-01,46560ef,sabo- brasil,0.0,,0.0,0.0,0.0,,rojo,4,0.5162681056551104,2019-12-16,1.25,100.0,,0,,0.0,1,0,
2021-09-01,46606ef,sabo- brasil,1.0,,0.0,0.0,0.0,,rojo,4,0.4569960727393895,2019-12-16,3.74,1200.0,,0,,0.0,1,0,
2022-02-01,46626ef,sabo- brasil,0.0,,0.0,0.0,0.0,,rojo,4,0.5673230858113132,2019-12-16,0.54,200.0,,0,,0.0,1,0,
2022-04-01,46628,wix filters,0.0,,0.0,0.0,0.0,,rojo,4,0.3452326355903516,2019-07-25,12.64,70.0,,0,,0.0,1,0,
2022-06-01,46870p,wix filters,0.0,,0.0,0.0,0.0,,rojo,4,0.32983805328247356,2019-07-25,16.74,33.0,,0,,0.0,1,0,
2023-10-01,46871p,wix filters,0.0,,0.0,0.0,0.0,,rojo,4,0.3020062350632143,2019-07-25,16.5,40.0,,0,,0.0,1,0,
2023-03-01,47135228,philips,0.0,,0.0,0.0,0.0,,rojo,4,0.9062604805237608,2019-08-08,0.47058295011520385,400.0,,0,,0.0,1,0,
2021-10-01,47138328,philips,0.0,,0.0,0.0,0.0,,rojo,4,0.667186503765005,2020-10-14,0.7205007127761841,200.0,,0,,0.0,1,0,
2022-05-01,47582430,philips,0.0,,0.0,0.0,0.0,,rojo,4,0.636755317296458,2019-08-08,4.582581585645675,100.0,,0,,0.0,1,0,
2021-05-01,47799660,philips,0.0,,0.0,0.0,0.0,,rojo,4,0.5188022284122562,2019-01-17,0.8206624031066895,400.0,,0,,0.0,1,0,
2022-05-01,47898630,philips,0.0,,0.0,0.0,0.0,,rojo,4,0.4528867741615648,2019-01-17,1.1512069821357727,200.0,,0,,0.0,1,0,
2024-04-01,48046,narva,0.0,,0.0,0.0,0.0,,rojo,4,0.5042523966377817,2019-02-22,1.4767467135429384,100.0,,0,,0.0,1,0,
2024-11-01,48054,narva,110.0,,1.0,0.0,8.39,,rojo,4,0.4360408339844262,2023-04-18,1.707199877476692,100.0,,0,,0.0,1,0,
2024-10-01,48055,narva,70.0,,1.0,0.0,3.9683333333333333,,rojo,4,0.47877260851401865,2021-09-10,1.77377014991045,100.0,,0,,0.0,1,0,
2024-10-01,48060,narva,189.0,,1.0,0.0,10.451666666666666,,rojo,4,0.39805846122249644,2024-02-28,2.498752948844433,200.0,,0,,0.0,1,0,
2021-10-01,48095,narva,0.0,,0.0,0.0,0.0,,rojo,4,0.5324210547191326,2019-10-24,2.264215933775902,100.0,,0,,0.0,1,0,
2022-05-01,48138273,philips,0.0,,0.0,0.0,0.0,,rojo,4,0.5505678696596024,2019-01-17,0.1481751561164856,1600.0,,0,,0.0,1,0,
2023-03-01,48141228,philips,0.0,,0.0,0.0,0.0,,rojo,4,0.4107228338918141,2019-01-17,0.1253789782524109,300.0,,0,,0.0,1,0,
2023-03-01,48144328,philips,0.0,,0.0,0.0,0.0,,rojo,4,0.6933552631578948,2019-01-17,0.11398088932037354,100.0,,0,,0.0,1,0,
2023-03-01,48153573,philips,0.0,,0.0,0.0,0.0,,rojo,4,0.5480562456647057,2019-01-17,0.1253789782524109,400.0,,0,,0.0,1,0,
2022-05-01,48159773,philips,0.0,,0.0,0.0,0.0,,rojo,4,0.57482197511967,2019-01-17,0.2165636897087097,3000.0,,0,,0.0,1,0,
2023-03-01,48248828,philips,0.0,,0.0,0.0,0.0,,rojo,4,0.6339424516047185,2019-01-17,0.2165636897087097,100.0,,0,,0.0,1,0,
2022-05-01,48269373,philips,0.0,,0.0,0.0,0.0,,rojo,4,0.5775246625191608,2019-01-17,0.1481751561164856,2000.0,,0,,0.0,1,0,
2021-12-01,48272328,philips,0.0,,0.0,0.0,0.0,,rojo,4,0.4714342794032066,2019-08-08,0.4369698822498322,400.0,,0,,0.0,1,0,
2023-03-01,48306573,philips,0.0,,0.0,0.0,0.0,,rojo,4,0.3926595094126162,2019-01-17,0.1481751561164856,400.0,,0,,0.0,1,0,
2022-04-01,48338673,philips,0.0,,0.0,0.0,0.0,,rojo,4,0.6801353585083865,2019-01-17,0.19148789405822755,1000.0,,0,,0.0,1,0,
2023-02-01,48339,narva,0.0,,0.0,0.0,0.0,,rojo,4,0.4622846003449353,2019-10-24,7.661530507612229,100.0,,0,,0.0,1,0,
2023-03-01,48341673,philips,0.0,,0.0,0.0,0.0,,rojo,4,0.627690238223014,2019-01-17,0.1481751561164856,200.0,,0,,0.0,1,0,
2022-05-01,48415473,philips,0.0,,0.0,0.0,0.0,,rojo,4,0.5650932900918813,2019-01-17,0.2507579565048218,2000.0,,0,,0.0,1,0,
2022-05-01,48424673,philips,0.0,,0.0,0.0,0.0,,rojo,4,0.602431387507086,2019-01-17,0.31914649009704593,2000.0,,0,,0.0,1,0,
2024-10-01,48510-0r110,ito koyama - amortiguadores,2.0,,4.0,0.0,44.22666666666667,,rojo,6,0.8554133145573023,2024-08-22,14.0,52.0,,0,,0.0,1,0,
2024-09-01,48510-0r330,ito koyama - amortiguadores,0.0,,0.0,0.0,0.0,,rojo,6,0.8305293448268922,2024-08-22,15.71,4.0,,0,,0.0,1,0,
2022-02-01,48510-16290,ito koyama - amortiguadores,0.0,,0.0,0.0,0.0,,rojo,6,1.1203626958949748,2019-03-15,9.8,213.0,,0,,0.0,1,0,
2025-01-01,48510-80a86,ito koyama - amortiguadores,6.0,,13.0,0.0,204.875,,rojo,0,0.8083041532331827,2024-08-22,21.43,52.0,,0,,0.0,1,0,
2024-10-01,48510-bze50,ito koyama - amortiguadores,0.0,,0.0,0.0,0.0,,rojo,6,0.8580088639065016,2024-08-22,12.75,52.0,,0,,0.0,1,0,
2021-08-01,48511-36110,ito koyama - amortiguadores,0.0,,0.0,0.0,0.0,,rojo,6,0.7825924353300812,2019-03-15,7.2,116.0,,0,,0.0,1,0,
2024-11-01,48511-80107,ito koyama - amortiguadores,0.0,,15.0,0.0,144.01666666666668,,rojo,6,0.7974960345102345,2024-08-22,5.8,100.0,,0,,0.0,1,0,
2024-10-01,48520-0r110,ito koyama - amortiguadores,2.0,,4.0,0.0,44.22666666666667,,rojo,6,0.8652655187597427,2024-08-22,14.0,52.0,,0,,0.0,1,0,
2024-09-01,48520-0r330,ito koyama - amortiguadores,0.0,,0.0,0.0,0.0,,rojo,6,0.8305293448268922,2024-08-22,15.71,4.0,,0,,0.0,1,0,
2023-09-01,48520-16070,ito koyama - amortiguadores,0.0,,0.0,0.0,0.0,,rojo,6,0.594344950727788,2022-09-23,9.8,3.0,,0,,0.0,1,0,
2025-01-01,48520-80646,ito koyama - amortiguadores,2.0,,13.0,0.0,204.875,,rojo,0,0.8091486856735532,2024-08-22,21.43,52.0,,0,,0.0,1,0,
2024-10-01,48520-bza80,ito koyama - amortiguadores,0.0,,0.0,0.0,0.0,,rojo,6,0.8484432305630843,2024-08-22,12.75,52.0,,0,,0.0,1,0,
2024-10-01,48530-19805,ito koyama - amortiguadores,0.0,,6.0,0.0,126.27499999999999,,rojo,6,0.6976475980752919,2024-08-22,5.22,100.0,,0,,0.0,1,0,
2024-09-01,48530-80895,ito koyama - amortiguadores,0.0,,0.0,0.0,0.0,,rojo,6,0.8660427481910287,2024-08-22,7.14,30.0,,0,,0.0,1,0,
2025-01-01,48531-26a30a,ito koyama - amortiguadores,2.0,,20.0,0.0,235.455,,rojo,0,0.8054661142613427,2024-08-22,10.15,100.0,,0,,0.0,1,0,
2025-02-01,48531-80736,ito koyama - amortiguadores,0.0,,23.0,208.13,309.99,,rojo,0,0.8043157529071101,2024-08-22,6.3,160.0,,0,,0.0,1,0,
2024-12-01,48531-bz490,ito koyama - amortiguadores,0.0,,18.0,0.0,132.93666666666667,,rojo,6,0.8235836334712646,2024-08-22,5.65,100.0,,0,,0.0,1,0,
2024-11-01,48531-bzb10,ito koyama - amortiguadores,0.0,,7.0,0.0,63.528333333333336,,rojo,6,0.8403816967370134,2024-08-22,6.09,100.0,,0,,0.0,1,0,
2025-03-01,4853109450ref,ito koyama - amortiguadores,0.0,,12.0,518.47,158.82,,rojo,0,0.7913047727577217,2024-11-08,7.7,60.0,,0,,0.0,1,0,
2023-02-01,48613,narva,18.0,,0.0,0.0,0.0,,rojo,4,0.44146961110025407,2018-02-13,3.27661306951046,100.0,,0,,0.0,1,0,
2025-03-01,48633,narva,142.0,,2.0,6.37,3.6750000000000003,,rojo,0,0.3260040979754608,2016-12-13,2.6497818231582646,300.0,,0,,0.0,1,0,
2025-01-01,48882,narva,20.0,,1.0,0.0,3.686666666666667,,rojo,4,0.5058494682116438,2023-01-17,1.63599934489727,100.0,,0,,0.0,1,0,
2022-06-01,48889,narva,0.0,,0.0,0.0,0.0,,rojo,4,0.47527547196832126,2021-06-03,1.7927741065621374,200.0,,0,,0.0,1,0,
2023-03-01,48981428,philips,0.0,,0.0,0.0,0.0,,rojo,4,-0.24634270451476314,2020-10-14,8.254758818149567,100.0,,0,,0.0,1,0,
2023-03-01,48983828,philips,0.0,,0.0,0.0,0.0,,rojo,4,0.24008601889860917,2019-08-08,8.336040830612182,60.0,,0,,0.0,1,0,
2021-02-01,49078073,philips,0.0,,0.0,0.0,0.0,,rojo,4,0.4411065775944219,2019-01-17,0.15957324504852297,2000.0,,0,,0.0,1,0,
2022-05-01,49088p,wix filters,0.0,,0.0,0.0,0.0,,rojo,4,0.11156125296611863,2019-07-25,24.19,250.0,,0,,0.0,1,0,
2023-05-01,49089,wix filters,0.0,,0.0,0.0,0.0,,rojo,4,1.906364016021005,2019-07-25,14.72,100.0,,0,,0.0,1,0,
2022-12-01,49211,narva,42.0,,0.0,0.0,0.0,,rojo,4,0.4745625970596575,2016-02-29,0.753752349615097,600.0,,0,,0.0,1,0,
2022-11-01,49247,wix filters,0.0,,0.0,0.0,0.0,,rojo,4,0.40110413121192634,2018-12-17,4.2,147.0,,0,,0.0,1,0,
2024-09-01,49321,narva,37.0,,0.0,0.0,0.0,,rojo,4,0.4811060266732885,2016-08-23,0.8489445447921753,2500.0,,0,,0.0,1,0,
2024-07-01,49711,wix filters,3.0,,0.0,0.0,0.0,,rojo,4,0.26219242906959184,2019-07-25,24.52,12.0,,0,,0.0,1,0,
2021-09-01,49783,wix filters,0.0,,0.0,0.0,0.0,,rojo,4,0.5907458296951202,2019-07-25,21.95,12.0,,0,,0.0,1,0,
2022-06-01,500-22r,birene - cigueñales-culatas-ejes de levas,2.0,,0.0,0.0,0.0,,rojo,4,0.43588789388026844,2021-12-16,17.0,10.0,,0,,0.0,1,0,
2025-03-01,500-2e,ishikawa - cigueñales-culatas-ejes de levas,39.0,,4.0,236.78,39.46333333333333,,rojo,0,0.45624804648361983,2025-01-13,13.2,50.0,,0,,0.0,1,0,
2022-08-01,500-2lt,birene - cigueñales-culatas-ejes de levas,20.0,,0.0,0.0,0.0,,rojo,4,0.44618498067128304,2025-01-13,17.5,20.0,,0,,0.0,1,0,
2025-02-01,500-3l,ishikawa - cigueñales-culatas-ejes de levas,144.0,,1.0,164.24,27.373333333333335,,rojo,0,0.5846133478750363,2025-01-13,17.5,150.0,,0,,0.0,1,0,
2025-03-01,500-3y,ishikawa - cigueñales-culatas-ejes de levas,37.0,,2.0,58.980000000000004,9.83,,rojo,0,0.7489050683132528,2025-01-13,12.8,40.0,,0,,0.0,1,0,
2024-11-01,500-4d31,birene - cigueñales-culatas-ejes de levas,0.0,,1.0,0.0,6.976666666666667,,rojo,4,0.414101237879859,2020-02-25,19.8,30.0,,0,,0.0,1,0,
2024-07-01,500-4d32,birene - cigueñales-culatas-ejes de levas,0.0,,0.0,0.0,0.0,,rojo,4,0.3514141339451508,2020-02-25,17.5,20.0,,0,,0.0,1,0,
2025-02-01,500-6d16,ishikawa - cigueñales-culatas-ejes de levas,8.0,,1.0,122.37,20.395,,rojo,0,0.4392714648611238,2025-01-13,39.7,10.0,,0,,0.0,1,0,
2025-02-01,500-cielo,ishikawa - cigueñales-culatas-ejes de levas,14.0,,2.0,120.0,20.0,,rojo,0,0.4940641209553429,2025-01-13,12.2,20.0,,0,,0.0,1,0,
2025-03-01,500-d4bh,ishikawa - cigueñales-culatas-ejes de levas,99.0,,1.0,16.95,2.8249999999999997,,rojo,0,0.5105006859064691,2025-01-13,10.0,100.0,,0,,0.0,1,0,
2021-05-01,500-h100,birene - cigueñales-culatas-ejes de levas,20.0,,0.0,0.0,0.0,,rojo,4,0.4749063576349656,2025-01-13,10.0,20.0,,0,,0.0,1,0,
2025-03-01,500-h100/h1,ishikawa - cigueñales-culatas-ejes de levas,5.0,,2.0,84.75,14.125,,rojo,0,0.6125327110708884,2025-01-13,10.0,10.0,,0,,0.0,1,0,
2022-10-01,500-l200,birene - cigueñales-culatas-ejes de levas,10.0,,0.0,0.0,0.0,,rojo,4,0.3961136594195922,2025-01-13,10.0,10.0,,0,,0.0,1,0,
2025-03-01,500-n300,ishikawa - cigueñales-culatas-ejes de levas,18.0,,2.0,29.490000000000002,4.915,,rojo,0,0.394801051051051,2025-01-13,6.75,20.0,,0,,0.0,1,0,
2025-03-01,500-navara,ishikawa - cigueñales-culatas-ejes de levas,9.0,,1.0,25.42,4.236666666666667,,rojo,0,0.4941504370449229,2025-01-13,15.4,10.0,,0,,0.0,1,0,
2025-02-01,500-tico,ishikawa - cigueñales-culatas-ejes de levas,49.0,,2.0,123.98,20.663333333333334,,rojo,0,0.4625724026193667,2025-01-13,11.5,40.0,,0,,0.0,1,0,
2022-12-01,500-triton,birene - cigueñales-culatas-ejes de levas,0.0,,0.0,0.0,0.0,,rojo,4,0.2903813351065369,2020-02-25,20.0,10.0,,0,,0.0,1,0,
2025-03-01,500-z24,ishikawa - cigueñales-culatas-ejes de levas,9.0,,1.0,22.03,3.671666666666667,,rojo,0,0.6167292310722157,2025-01-13,13.2,10.0,,0,,0.0,1,0,
2022-01-01,50006635,ks - alemania,0.0,,0.0,0.0,0.0,,rojo,4,0.37163949826023124,2021-12-27,5.367698786258698,10.0,,0,,0.0,1,0,
2022-08-01,50009016,ks - brasil,0.0,,0.0,0.0,0.0,,rojo,4,0.06419589210210463,2015-12-29,3.91,120.0,,0,,0.0,1,0,
2022-08-01,50009017,ks - brasil,0.0,,0.0,0.0,0.0,,rojo,4,-0.254535533070632,2015-12-29,6.0,120.0,,0,,0.0,1,0,
2023-06-01,50017385,ks - brasil,36.0,,0.0,0.0,0.0,,rojo,4,0.39821992770105985,2016-10-31,2.56,56.0,,0,,0.0,1,0,
2023-06-01,50017386,ks - brasil,40.0,,0.0,0.0,0.0,,rojo,4,0.35872699693945787,2016-10-31,2.73,60.0,,0,,0.0,1,0,
2021-09-01,50017715,ks - brasil,0.0,,0.0,0.0,0.0,,rojo,4,0.6080694143148324,2019-07-23,1.59,320.0,,0,,0.0,1,0,
2022-08-01,50017716,ks - brasil,212.0,,0.0,0.0,0.0,,rojo,4,0.595810522448447,2019-07-23,1.58,480.0,,0,,0.0,1,0,
2022-08-01,50017738,ks - brasil,4.0,,0.0,0.0,0.0,,rojo,4,0.63442251755244,2019-07-23,2.13,360.0,,0,,0.0,1,0,
2021-09-01,50017788,ks - brasil,0.0,,0.0,0.0,0.0,,rojo,4,0.4733708726323144,2019-07-23,2.57,420.0,,0,,0.0,1,0,
2021-10-01,50017792,ks - brasil,0.0,,0.0,0.0,0.0,,rojo,4,0.13318284424379234,2018-09-04,1.96,248.0,,0,,0.0,1,0,
2022-04-01,5031130,philips,0.0,,0.0,0.0,0.0,,rojo,4,0.2612905260532292,,,,,0,,0.0,1,0,
2023-03-01,5039730,philips,0.0,,0.0,0.0,0.0,,rojo,4,0.1598383482987188,,,,,0,,0.0,1,0,
2025-02-01,507460,valvoline - usa,106.0,,1.0,7.12,1.1866666666666668,,rojo,0,0.5352894005509733,2016-11-21,6.88,144.0,,0,,0.0,1,0,
2022-05-01,51243mp,wix filters,0.0,,0.0,0.0,0.0,,rojo,4,0.5049832495812396,2019-07-25,2.31,24.0,,0,,0.0,1,0,
2022-01-01,513303,zsg - taiwan,0.0,,0.0,0.0,0.0,,rojo,4,-0.10657079632710076,2016-07-19,25.52,30.0,,0,,0.0,1,0,
2022-05-01,51361,wix filters,0.0,,0.0,0.0,0.0,,rojo,4,0.5092365252287874,2018-12-17,2.7,108.0,,0,,0.0,1,0,
2021-06-01,51459,wix filters,0.0,,0.0,0.0,0.0,,rojo,4,0.27411575562700974,2019-07-25,3.61,60.0,,0,,0.0,1,0,
2022-07-01,51748mp,wix filters,0.0,,0.0,0.0,0.0,,rojo,4,0.3535291057676095,2019-07-25,11.21,84.0,,0,,0.0,1,0,
2021-07-01,51748xd,wix filters,0.0,,0.0,0.0,0.0,,rojo,4,-0.0644246324431472,2019-07-25,16.01,102.0,,0,,0.0,1,0,
2024-05-01,51792,wix filters,0.0,,0.0,0.0,0.0,,rojo,4,0.28318326496799756,2019-07-25,8.45,84.0,,0,,0.0,1,0,
2022-07-01,51970,wix filters,0.0,,0.0,0.0,0.0,,rojo,4,0.3913512824393646,2019-07-25,6.04,84.0,,0,,0.0,1,0,
2021-03-01,51971mp,wix filters,0.0,,0.0,0.0,0.0,,rojo,4,0.24065458239445836,2019-07-25,6.21,102.0,,0,,0.0,1,0,
2021-02-01,52534173,philips,0.0,,0.0,0.0,0.0,,rojo,4,0.027384663189818914,2020-10-14,0.38831418793201444,200.0,,0,,0.0,1,0,
2023-03-01,52646128,philips,0.0,,0.0,0.0,0.0,,rojo,4,0.3068032929026291,2019-08-08,11.786982464790343,60.0,,0,,0.0,1,0,
2023-03-01,52910330,philips,0.0,,0.0,0.0,0.0,,rojo,4,0.6597998506601939,2019-01-17,2.5987642765045162,500.0,,0,,0.0,1,0,
2021-06-01,53002428,philips,0.0,,0.0,0.0,0.0,,rojo,4,0.3491938074143719,2020-10-14,0.42271880149841307,100.0,,0,,0.0,1,0,
2024-07-01,5341-9816skr,sakura - radiadores,34.0,,0.0,0.0,0.0,,rojo,6,0.726856644661058,2023-07-27,29.0,50.0,,0,,0.0,1,0,
2024-05-01,543020634r,ito koyama - amortiguadores,0.0,,0.0,0.0,0.0,,rojo,6,0.6905234138893598,2022-09-23,11.46,2.0,,0,,0.0,1,0,
2025-03-01,543029774r,ito koyama - amortiguadores,36.0,,19.0,452.69,327.86,,rojo,0,0.7569750619430039,2024-08-22,18.12,100.0,,0,,0.0,1,0,
2024-10-01,54650-h7100,ito koyama - amortiguadores,0.0,,0.0,0.0,0.0,,rojo,6,0.8963533888390306,2024-08-22,11.16,80.0,,0,,0.0,1,0,
2024-10-01,54660-h7100,ito koyama - amortiguadores,0.0,,0.0,0.0,0.0,,rojo,6,0.8940251113484194,2024-08-22,11.16,80.0,,0,,0.0,1,0,
2021-10-01,54kwh01,zsg - taiwan,0.0,,0.0,0.0,0.0,,rojo,4,0.5300704664367551,2017-08-17,14.28,400.0,,0,,0.0,1,0,
2025-01-01,55300-h7100,ito koyama - amortiguadores,0.0,,6.0,0.0,76.18666666666665,,rojo,6,0.8352016271580002,2024-08-22,8.7,160.0,,0,,0.0,1,0,
2024-10-01,55310-b4050,ito koyama - amortiguadores,0.0,,3.0,0.0,42.12166666666667,,rojo,6,0.8756387755229394,2024-08-22,7.68,120.0,,0,,0.0,1,0,
2021-09-01,5615,spaco - italia,0.0,,0.0,0.0,0.0,,rojo,4,0.7635692778400509,,,,,0,,0.0,1,0,
2021-12-01,56200-ax602,ito koyama - amortiguadores,0.0,,0.0,0.0,0.0,,rojo,6,0.8641171369932633,2021-04-22,5.9,30.0,,0,,0.0,1,0,
2025-03-01,562100015r,ito koyama - amortiguadores,8.0,,19.0,524.42,206.41166666666666,,rojo,0,0.7550111251422131,2024-08-22,8.41,100.0,,0,,0.0,1,0,
2024-06-01,5641921,delphi - cav - brasil,0.0,,0.0,0.0,0.0,,rojo,4,-0.4553560193424292,2015-08-05,13.741887533664702,12.0,,0,,0.0,1,0,
2024-06-01,5641934,delphi - cav - brasil,0.0,,0.0,0.0,0.0,,rojo,4,-0.44838228466484154,2015-08-05,13.56766391992569,24.0,,0,,0.0,1,0,
2022-05-01,57191,wix filters,0.0,,0.0,0.0,0.0,,rojo,4,0.05257452677740698,2018-12-17,9.89,48.0,,0,,0.0,1,0,
2022-11-01,57213,wix filters,0.0,,0.0,0.0,0.0,,rojo,4,0.27512322266300965,2019-07-25,9.24,60.0,,0,,0.0,1,0,
2024-10-01,57746xd,wix filters,0.0,,1.0,0.0,14.83,,rojo,4,0.013314419499513397,2019-07-25,16.0,402.0,,0,,0.0,1,0,
2022-06-01,57901,wix filters,0.0,,0.0,0.0,0.0,,rojo,4,0.22862863205484704,2018-12-17,9.43,48.0,,0,,0.0,1,0,
2022-07-01,6060,spaco - italia,0.0,,0.0,0.0,0.0,,rojo,4,0.5707518944657108,,,,,0,,0.0,1,0,
2024-01-01,6104,spaco - italia,0.0,,0.0,0.0,0.0,,rojo,4,0.45486193353202165,,,,,0,,0.0,1,0,
2021-03-01,612315510,victor reinz - alemania,0.0,,0.0,0.0,0.0,,rojo,4,0.45862884160756523,2019-06-06,11.397450822591782,30.0,,0,,0.0,1,0,
2024-09-01,613108510,victor reinz - alemania,0.0,,0.0,0.0,0.0,,rojo,4,0.20974358974358975,2019-06-06,4.895850796699524,200.0,,0,,0.0,1,0,
2021-03-01,613626010,victor reinz - alemania,1.0,,0.0,0.0,0.0,,rojo,4,0.17064482705362882,2019-06-06,47.1843235039711,100.0,,0,,0.0,1,0,
2022-10-01,6149,spaco - italia,0.0,,0.0,0.0,0.0,,rojo,4,0.5124512186721859,,,,,0,,0.0,1,0,
2025-03-01,624380211,ito koyama - amortiguadores,141.0,,4.0,139.02,27.80333333333333,,rojo,0,0.6856229334938517,2024-11-29,7.2,149.0,,0,,0.0,1,0,
2021-12-01,63696kit,sabo- brasil,0.0,,0.0,0.0,0.0,,rojo,4,0.09534978326720189,2019-12-16,17.0,30.0,,0,,0.0,1,0,
2021-12-01,63726kit,sabo- brasil,0.0,,0.0,0.0,0.0,,rojo,4,0.2115698129098238,2019-12-16,15.81,20.0,,0,,0.0,1,0,
2021-12-01,63727kit,sabo- brasil,0.0,,0.0,0.0,0.0,,rojo,4,0.14393420919624197,2019-12-16,18.14,10.0,,0,,0.0,1,0,
2023-01-01,67109,contitech - bolsas de aire,1.0,,0.0,0.0,0.0,,rojo,4,0.10325454087223429,2019-07-08,19.2068,288.0,,0,,0.0,1,0,
2022-08-01,67473,contitech - bolsas de aire,0.0,,0.0,0.0,0.0,,rojo,4,0.3446654812191811,2019-07-08,56.9481,60.0,,0,,0.0,1,0,
2024-09-01,679082,valvoline - usa,384.0,,0.0,0.0,0.0,,rojo,3,0.5201362099561396,2023-09-07,5.7,252.0,,0,,0.0,1,0,
2025-02-01,679083,valvoline - usa,198.0,,4.0,1230.51,279.6616666666667,,rojo,0,0.3598433846132912,2023-09-07,5.7,252.0,,0,,0.0,1,0,
2024-10-01,68167,narva,120.0,,1.0,0.0,4.236666666666667,,rojo,4,0.42845544793726104,2016-01-10,1.0270417475700377,200.0,,0,,0.0,1,0,
2023-01-01,68461,contitech - bolsas de aire,0.0,,0.0,0.0,0.0,,rojo,4,0.03486391917937304,2019-07-08,22.9521,288.0,,0,,0.0,1,0,
2023-03-01,69573428,philips,0.0,,0.0,0.0,0.0,,rojo,4,0.23998636644924964,2019-01-17,7.727904295921326,300.0,,0,,0.0,1,0,
2022-05-01,69639730,philips,0.0,,0.0,0.0,0.0,,rojo,4,0.4858824593102703,2019-01-17,1.3449744939804076,200.0,,0,,0.0,1,0,
2022-04-01,69676930,philips,0.0,,0.0,0.0,0.0,,rojo,4,0.45669081692477365,2020-10-14,2.301469030380249,200.0,,0,,0.0,1,0,
2022-05-01,69741430,philips,0.0,,0.0,0.0,0.0,,rojo,4,1.1887905465787383,2020-10-14,1.3311767324852943,60.0,,0,,0.0,1,0,
2022-05-01,69964728,philips,0.0,,0.0,0.0,0.0,,rojo,4,1.2353440040751387,2019-08-08,0.42576552629470826,200.0,,0,,0.0,1,0,
2021-09-01,70106efpsd,sabo- brasil,0.0,,0.0,0.0,0.0,,rojo,4,0.39833290002020716,2017-06-01,28.8,35.0,,0,,0.0,1,0,
2022-01-01,70401,marilia,0.0,,0.0,0.0,0.0,,rojo,4,0.6047429778886579,2019-08-23,5.66,150.0,,0,,0.0,1,0,
2022-04-01,705399-0003,garrett - brasil,0.0,,0.0,0.0,0.0,,rojo,4,0.6468040919949182,2018-03-06,17.34,300.0,,0,,0.0,1,0,
2022-10-01,707994110,ks - brasil,0.0,,0.0,0.0,0.0,,rojo,4,0.40856166523424653,2018-09-04,9.41,120.0,,0,,0.0,1,0,
2024-01-01,709,spaco - italia,0.0,,0.0,0.0,0.0,,rojo,4,0.736477171111172,,,,,0,,0.0,1,0,
2024-03-01,7090,spaco - italia,0.0,,0.0,0.0,0.0,,rojo,4,0.6258596316625192,,,,,0,,0.0,1,0,
2021-02-01,71-1227/6 050,glyco - alemania,0.0,,0.0,0.0,0.0,,rojo,4,0.26997738409347916,2019-04-11,28.854985365915297,15.0,,0,,0.0,1,0,
2021-02-01,71-1227/6 std,glyco - alemania,0.0,,0.0,0.0,0.0,,rojo,4,0.3180440097799513,2020-02-21,27.604977682757376,43.0,,0,,0.0,1,0,
2023-11-01,71-3446/6 025,glyco - alemania,8.0,,0.0,0.0,0.0,,rojo,4,0.11493066752660419,2013-07-12,29.20863195580244,20.0,,0,,0.0,1,0,
2023-11-01,71-3446/6 std,glyco - alemania,0.0,,0.0,0.0,0.0,,rojo,4,0.11529248948741144,2013-08-19,29.523883914947508,30.0,,0,,0.0,1,0,
2021-08-01,71-3601/6 025,glyco - alemania,0.0,,0.0,0.0,0.0,,rojo,4,0.5190318985051219,2019-04-11,31.130132051324846,80.0,,0,,0.0,1,0,
2021-02-01,71-3623/6 std,glyco - alemania,0.0,,0.0,0.0,0.0,,rojo,4,0.4109322106120663,2016-04-01,24.416677492141723,100.0,,0,,0.0,1,0,
2021-11-01,71-4236/6 std,glyco - alemania,0.0,,0.0,0.0,0.0,,rojo,4,0.5006497725795971,2020-02-21,34.207987886631486,3.0,,0,,0.0,1,0,
2022-02-01,7123-490,delphi - cav - brasil,0.0,,0.0,0.0,0.0,,rojo,4,0.09962043432269296,2013-10-21,10.71,12.0,,0,,0.0,1,0,
2022-05-01,713593600,victor reinz - alemania,0.0,,0.0,0.0,0.0,,rojo,4,0.40783268923251415,2019-06-06,28.903486125469207,30.0,,0,,0.0,1,0,
2023-08-01,7151,kawe - embragues,0.0,,0.0,0.0,0.0,,rojo,4,-0.6944711131191055,2019-11-04,208.81488478183746,3.0,,0,,0.0,1,0,
2023-08-01,71511,kawe - embragues,0.0,,0.0,0.0,0.0,,rojo,4,-0.8833949678027999,2019-11-04,547.1619975566864,5.0,,0,,0.0,1,0,
2022-07-01,7180-589n,delphi - cav - brasil,0.0,,0.0,0.0,0.0,,rojo,4,0.3484025998465571,2013-06-25,124.54,20.0,,0,,0.0,1,0,
2021-06-01,7185,spaco - italia,0.0,,0.0,0.0,0.0,,rojo,4,0.7182192168281722,,,,,0,,0.0,1,0,
2023-08-01,71870,kawe - embragues,0.0,,0.0,0.0,0.0,,rojo,4,-0.8833967337130172,2019-11-04,547.1619975566864,5.0,,0,,0.0,1,0,
2023-04-01,7191,spaco - italia,0.0,,0.0,0.0,0.0,,rojo,4,0.4980947832797371,,,,,0,,0.0,1,0,
2021-03-01,7206-0379,delphi - cav - brasil,0.0,,0.0,0.0,0.0,,rojo,4,0.282522396839798,2020-09-28,85.0,60.0,,0,,0.0,1,0,
2022-01-01,73009,versachem - usa,40.0,,0.0,0.0,0.0,,rojo,1,0.9470634291067397,2018-02-28,1.37,288.0,,0,,0.0,1,0,
2024-02-01,735320418,cei - italia,0.0,,0.0,0.0,0.0,,rojo,4,-0.6493114506696849,,,,,0,,0.0,1,0,
2022-02-01,738v7761,denso - elementos - valvulas,0.0,,0.0,0.0,0.0,,rojo,4,-0.29691736800036506,2015-09-17,48.8,40.0,,0,,0.0,1,0,
2021-06-01,7397,spaco - italia,0.0,,0.0,0.0,0.0,,rojo,4,0.6953621105835983,,,,,0,,0.0,1,0,
2023-05-01,7435,spaco - italia,0.0,,0.0,0.0,0.0,,rojo,4,0.4854815293029586,,,,,0,,0.0,1,0,
2021-05-01,7438,spaco - italia,0.0,,0.0,0.0,0.0,,rojo,4,0.3891830522555364,,,,,0,,0.0,1,0,
2022-07-01,75296,sabo- brasil,0.0,,0.0,0.0,0.0,,rojo,4,0.5744935743846658,2019-12-16,2.62,10.0,,0,,0.0,1,0,
2023-04-01,75297,sabo- brasil,0.0,,0.0,0.0,0.0,,rojo,4,0.6266608351083469,2019-12-16,1.28,60.0,,0,,0.0,1,0,
2021-08-01,75943,sabo- brasil,0.0,,0.0,0.0,0.0,,rojo,4,0.5208735508023764,2019-12-16,3.5,100.0,,0,,0.0,1,0,
2021-11-01,75944,sabo- brasil,38.0,,0.0,0.0,0.0,,rojo,4,0.89899013668113,2016-06-21,5.85,100.0,,0,,0.0,1,0,
2023-03-01,7631,spaco - italia,0.0,,0.0,0.0,0.0,,rojo,4,0.6728760498409064,,,,,0,,0.0,1,0,
2023-06-01,7635,spaco - italia,0.0,,0.0,0.0,0.0,,rojo,4,0.47444922894918695,,,,,0,,0.0,1,0,
2025-03-01,7689,spaco - italia,0.0,,1.0,1.22,0.20333333333333334,,rojo,0,0.6521622979059547,,,,,0,,0.0,1,0,
2021-06-01,7693,spaco - italia,0.0,,0.0,0.0,0.0,,rojo,4,0.7506510416666667,,,,,0,,0.0,1,0,
2021-06-01,77005,sabo- brasil,0.0,,0.0,0.0,0.0,,rojo,4,0.3436207002403102,2019-12-16,3.21,100.0,,0,,0.0,1,0,
2022-10-01,77137600,ks - alemania,0.0,,0.0,0.0,0.0,,rojo,4,0.2741818905261632,2021-08-09,26.342379081249238,10.0,,0,,0.0,1,0,
2022-01-01,77137610,ks - alemania,0.0,,0.0,0.0,0.0,,rojo,4,0.7851700706881184,2018-07-05,19.744360061883928,5.0,,0,,0.0,1,0,
2024-09-01,77137630,ks - alemania,0.0,,0.0,0.0,0.0,,rojo,4,-0.1712560756738578,2020-01-15,19.200801104307175,1.0,,0,,0.0,1,0,
2022-10-01,77138600,ks - alemania,0.0,,0.0,0.0,0.0,,rojo,4,0.44287028282751467,2022-06-23,21.15994154214859,10.0,,0,,0.0,1,0,
2024-09-01,77138610,ks - alemania,0.0,,0.0,0.0,0.0,,rojo,4,0.30044571082666977,2022-06-23,21.15994154214859,40.0,,0,,0.0,1,0,
2023-03-01,77138620,ks - alemania,0.0,,0.0,0.0,0.0,,rojo,4,0.49131602759448684,2022-06-23,21.15994154214859,10.0,,0,,0.0,1,0,
2022-10-01,77139620,ks - alemania,0.0,,0.0,0.0,0.0,,rojo,4,0.3694967578041724,2021-12-27,33.92748009204865,10.0,,0,,0.0,1,0,
2024-04-01,77157600,ks - alemania,0.0,,0.0,0.0,0.0,,rojo,4,0.3170132719643589,2023-02-06,16.542391208410262,60.0,,0,,0.0,1,0,
2021-03-01,77157690,ks - alemania,0.0,,0.0,0.0,0.0,,rojo,4,0.3395235196760046,2021-01-15,16.185477232933046,20.0,,0,,0.0,1,0,
2021-05-01,7719,spaco - italia,0.0,,0.0,0.0,0.0,,rojo,4,0.5153942464104742,,,,,0,,0.0,1,0,
2021-08-01,7723,spaco - italia,0.0,,0.0,0.0,0.0,,rojo,4,0.5516010808014891,,,,,0,,0.0,1,0,
2023-02-01,7742,spaco - italia,0.0,,0.0,0.0,0.0,,rojo,4,0.5751771283217535,,,,,0,,0.0,1,0,
2021-03-01,77460660,philips,0.0,,0.0,0.0,0.0,,rojo,4,0.49897797380623043,2019-01-17,1.5045477390289308,200.0,,0,,0.0,1,0,
2024-10-01,77462030,philips,0.0,,1.0,0.0,9.886666666666667,,rojo,4,0.11729999999999996,,,,,0,,0.0,1,0,
2022-12-01,7759,spaco - italia,0.0,,0.0,0.0,0.0,,rojo,4,0.6505424675340383,,,,,0,,0.0,1,0,
2022-11-01,7760,spaco - italia,0.0,,0.0,0.0,0.0,,rojo,4,0.4934680974815731,,,,,0,,0.0,1,0,
2021-08-01,77634630,ks - brasil,0.0,,0.0,0.0,0.0,,rojo,4,0.44442229752175955,2018-12-26,7.24,30.0,,0,,0.0,1,0,
2021-04-01,77635600,ks - brasil,0.0,,0.0,0.0,0.0,,rojo,4,0.4082043225360238,2018-12-26,12.48,20.0,,0,,0.0,1,0,
2021-08-01,77635620,ks - brasil,0.0,,0.0,0.0,0.0,,rojo,4,0.3823923655261187,2019-07-23,11.92,20.0,,0,,0.0,1,0,
2021-08-01,77635630,ks - brasil,0.0,,0.0,0.0,0.0,,rojo,4,0.3274371541702322,2018-12-26,12.48,30.0,,0,,0.0,1,0,
2021-04-01,77636600,ks - brasil,0.0,,0.0,0.0,0.0,,rojo,4,0.4794462816742885,2019-07-23,9.65,20.0,,0,,0.0,1,0,
2021-08-01,77636630,ks - brasil,0.0,,0.0,0.0,0.0,,rojo,4,0.2811231194447492,2019-07-23,9.65,10.0,,0,,0.0,1,0,
2022-09-01,77749600,ks - alemania,0.0,,0.0,0.0,0.0,,rojo,4,0.33150907319433165,2015-06-11,36.70731478333474,5.0,,0,,0.0,1,0,
2024-03-01,77750610,ks - alemania,0.0,,0.0,0.0,0.0,,rojo,4,0.31333589971786824,2022-06-23,31.18529577255249,10.0,,0,,0.0,1,0,
2022-07-01,77751600,ks - alemania,0.0,,0.0,0.0,0.0,,rojo,4,0.3492069686135366,2022-06-23,29.135855603218076,20.0,,0,,0.0,1,0,
2024-03-01,77751610,ks - alemania,0.0,,0.0,0.0,0.0,,rojo,4,0.37198562720285655,2018-07-05,31.290087445974347,20.0,,0,,0.0,1,0,
2021-09-01,77751620,ks - alemania,0.0,,0.0,0.0,0.0,,rojo,4,0.7515657027083948,2015-06-11,35.06708037853241,5.0,,0,,0.0,1,0,
2021-09-01,77833610,ks - alemania,0.0,,0.0,0.0,0.0,,rojo,4,0.35232464184321866,2016-12-16,22.296311330795287,5.0,,0,,0.0,1,0,
2022-10-01,77842600,ks - alemania,0.0,,0.0,0.0,0.0,,rojo,4,0.3115836248708234,2021-12-27,31.75322235584259,12.0,,0,,0.0,1,0,
2022-08-01,77842610,ks - alemania,0.0,,0.0,0.0,0.0,,rojo,4,0.444090279790077,2018-07-05,31.616633270978927,5.0,,0,,0.0,1,0,
2021-10-01,77990860,philips,0.0,,0.0,0.0,0.0,,rojo,4,0.6022573544330523,2019-01-17,1.2537897825241089,4000.0,,0,,0.0,1,0,
2022-09-01,78745600,ks - alemania,0.0,,0.0,0.0,0.0,,rojo,4,0.49083283733437205,2022-06-23,5.926473891735077,25.0,,0,,0.0,1,0,
2022-10-01,79361600,ks - alemania,0.0,,0.0,0.0,0.0,,rojo,4,0.4291278163197527,2021-08-09,8.365644025802613,30.0,,0,,0.0,1,0,
2024-09-01,8.00011E+11,,,,0.0,0.0,0.0,,rojo,4,,,,,,0,,0.0,1,0,
2022-07-01,8.00042E+11,,,,0.0,0.0,0.0,,rojo,4,,,,,,0,,0.0,1,0,
2022-12-01,8.00044E+11,,,,0.0,0.0,0.0,,rojo,4,,,,,,0,,0.0,1,0,
2024-03-01,8.00045E+11,,,,0.0,0.0,0.0,,rojo,4,,,,,,0,,0.0,1,0,
2023-04-01,8.0005E+11,,,,0.0,0.0,0.0,,rojo,4,,,,,,0,,0.0,1,0,
2023-04-01,8.00076E+11,,,,0.0,0.0,0.0,,rojo,4,,,,,,0,,0.0,1,0,
2021-09-01,80002,sabo- brasil,0.0,,0.0,0.0,0.0,,rojo,4,0.4781135359184935,2019-12-16,14.26,200.0,,0,,0.0,1,0,
2025-03-01,80270,sabo- brasil,60.0,,1.0,333.69,55.615,,rojo,0,0.017911825657534464,2017-06-01,32.4,100.0,,0,,0.0,1,0,
2023-04-01,80382,sabo- brasil,0.0,,0.0,0.0,0.0,,rojo,4,0.49284089465722913,2019-12-16,24.71,30.0,,0,,0.0,1,0,
2021-03-01,80434,sabo- brasil,0.0,,0.0,0.0,0.0,,rojo,4,0.5552249618379861,2019-12-16,55.14,5.0,,0,,0.0,1,0,
2021-11-01,80534,sabo- brasil,0.0,,0.0,0.0,0.0,,rojo,4,0.5597381655340791,2019-12-16,93.55,5.0,,0,,0.0,1,0,
2024-01-01,8130,spaco - italia,0.0,,0.0,0.0,0.0,,rojo,4,0.7469014657322174,,,,,0,,0.0,1,0,
2022-10-01,81387004,monark - alemania,0.0,,0.0,0.0,0.0,,rojo,4,0.7921811398606415,,,,,0,,0.0,1,0,
2025-03-01,81466005,monark - alemania,0.0,,3.0,652.2,160.25333333333333,,rojo,0,0.3869692968589829,,,,,0,,0.0,1,0,
2024-11-01,81467041,monark - alemania,0.0,,1.0,0.0,56.49666666666667,,rojo,4,0.3926454071994805,,,,,0,,0.0,1,0,
2023-04-01,8171338,cei - italia,0.0,,0.0,0.0,0.0,,rojo,4,-0.24990713182465352,2016-09-02,13.0,50.0,,0,,0.0,1,0,
2024-02-01,8172218,cei - italia,0.0,,0.0,0.0,0.0,,rojo,4,-0.5449184683677928,2016-09-02,5.88,20.0,,0,,0.0,1,0,
2021-07-01,817430910,goetze,0.0,,0.0,0.0,0.0,,rojo,4,0.15183542377504944,,,,,0,,0.0,1,0,
2024-10-01,81768107,monark - alemania,0.0,,1.0,0.0,18.66,,rojo,4,0.4886116716820445,,,,,0,,0.0,1,0,
2024-12-01,81768135,monark - alemania,0.0,,3.0,0.0,101.52666666666666,,rojo,4,0.3989551030667831,,,,,0,,0.0,1,0,
2022-04-01,81768143,monark - alemania,0.0,,0.0,0.0,0.0,,rojo,4,0.726697098932119,,,,,0,,0.0,1,0,
2021-11-01,82054,sabo- brasil,0.0,,0.0,0.0,0.0,,rojo,4,0.5286776764067163,2019-12-16,2.88,400.0,,0,,0.0,1,0,
2024-06-01,82207,sabo- brasil,11.0,,0.0,0.0,0.0,,rojo,4,0.5039114661369937,2019-12-16,4.09,20.0,,0,,0.0,1,0,
2023-04-01,82208,sabo- brasil,0.0,,0.0,0.0,0.0,,rojo,4,2.263723184532147,2019-12-16,3.46,50.0,,0,,0.0,1,0,
2024-06-01,82384,sabo- brasil,28.0,,0.0,0.0,0.0,,rojo,4,0.3446888412017167,2019-12-16,2.66,30.0,,0,,0.0,1,0,
2021-06-01,82452,sabo- brasil,0.0,,0.0,0.0,0.0,,rojo,4,0.5130544875268758,2019-12-16,14.76,20.0,,0,,0.0,1,0,
2022-05-01,82577360,philips,0.0,,0.0,0.0,0.0,,rojo,4,0.5234097027223343,2019-01-17,1.3563725829124451,200.0,,0,,0.0,1,0,
2021-10-01,82579760,philips,0.0,,0.0,0.0,0.0,,rojo,4,0.4077153730826894,2019-01-17,1.8578884959220885,1000.0,,0,,0.0,1,0,
2022-05-01,82581060,philips,0.0,,0.0,0.0,0.0,,rojo,4,0.8739568326448396,2019-08-08,2.722658497095108,2000.0,,0,,0.0,1,0,
2024-10-01,82933004,monark - alemania,0.0,,0.0,0.0,0.0,,rojo,4,0.3730488757236325,,,,,0,,0.0,1,0,
2025-01-01,82966030,monark - alemania,0.0,,2.0,71.19,17.796666666666667,,rojo,0,0.43682942430462124,,,,,0,,0.0,1,0,
2025-02-01,82966301,monark - alemania,0.0,,2.0,109.24,54.61833333333333,,rojo,0,0.47090356215884577,,,,,0,,0.0,1,0,
2024-03-01,82966316,monark - alemania,0.0,,0.0,0.0,0.0,,rojo,4,0.4651565151559597,,,,,0,,0.0,1,0,
2021-10-01,831900010,goetze,0.0,,0.0,0.0,0.0,,rojo,4,0.44547665003358256,,,,,0,,0.0,1,0,
2022-02-01,831900510,goetze,0.0,,0.0,0.0,0.0,,rojo,4,0.4938354672751725,,,,,0,,0.0,1,0,
2022-01-01,83402013,monark - alemania,0.0,,0.0,0.0,0.0,,rojo,4,0.6201196885816348,,,,,0,,0.0,1,0,
2024-06-01,83402015,monark - alemania,0.0,,0.0,0.0,0.0,,rojo,4,0.4866991947015083,,,,,0,,0.0,1,0,
2021-05-01,8358,spaco - italia,0.0,,0.0,0.0,0.0,,rojo,4,0.5479086754662847,,,,,0,,0.0,1,0,
2023-07-01,8376,spaco - italia,0.0,,0.0,0.0,0.0,,rojo,4,0.525372457770986,,,,,0,,0.0,1,0,
2021-12-01,83865758,monark - alemania,0.0,,0.0,0.0,0.0,,rojo,4,1.0239088048645886,,,,,0,,0.0,1,0,
2022-09-01,84002,narva,0.0,,0.0,0.0,0.0,,rojo,4,0.4529025814571004,2021-06-03,22.920353829860684,20.0,,0,,0.0,1,0,
2025-03-01,84060022,monark - alemania,0.0,,3.0,301.16999999999996,61.11666666666667,,rojo,0,0.5435193596227792,,,,,0,,0.0,1,0,
2023-01-01,84060023,monark - alemania,0.0,,0.0,0.0,0.0,,rojo,4,0.7729989408382508,,,,,0,,0.0,1,0,
2025-01-01,84180036,monark - alemania,0.0,,1.0,40.68,6.78,,rojo,0,0.636282930750538,,,,,0,,0.0,1,0,
2022-01-01,84180078,monark - alemania,0.0,,0.0,0.0,0.0,,rojo,4,0.5783918629531107,,,,,0,,0.0,1,0,
2025-01-01,84180083,monark - alemania,0.0,,2.0,35.61,14.666666666666666,,rojo,0,0.46879707161683504,,,,,0,,0.0,1,0,
2022-09-01,8423,spaco - italia,0.0,,0.0,0.0,0.0,,rojo,4,0.5568401733154711,,,,,0,,0.0,1,0,
2021-03-01,850050000,goetze,0.0,,0.0,0.0,0.0,,rojo,4,0.35109100197037124,,,,,0,,0.0,1,0,
2023-06-01,8542,spaco - italia,0.0,,0.0,0.0,0.0,,rojo,4,0.6494419322853984,,,,,0,,0.0,1,0,
2025-01-01,855460,valvoline - usa,0.0,,1.0,0.0,66.66833333333334,,rojo,3,0.5173755815136466,2023-12-20,32.15,18.0,,0,,0.0,1,0,
2024-09-01,85580127,monark - alemania,0.0,,0.0,0.0,0.0,,rojo,4,0.5473654768714237,,,,,0,,0.0,1,0,
2024-05-01,85768013,monark - alemania,0.0,,0.0,0.0,0.0,,rojo,4,0.32806153420089057,,,,,0,,0.0,1,0,
2025-03-01,85836031,monark - alemania,0.0,,1.0,23.98,3.9966666666666666,,rojo,0,0.38443892039674377,,,,,0,,0.0,1,0,
2023-09-01,85881000,monark - alemania,0.0,,0.0,0.0,0.0,,rojo,4,0.3806183222399267,,,,,0,,0.0,1,0,
2022-09-01,85910166,monark - alemania,0.0,,0.0,0.0,0.0,,rojo,4,0.7365247811288825,,,,,0,,0.0,1,0,
2023-02-01,85910377,monark - alemania,0.0,,0.0,0.0,0.0,,rojo,4,0.5749639054322326,,,,,0,,0.0,1,0,
2022-04-01,85988021,monark - alemania,0.0,,0.0,0.0,0.0,,rojo,4,0.446540609493082,,,,,0,,0.0,1,0,
2024-11-01,86437176,monark - alemania,0.0,,3.0,0.0,23.128333333333334,,rojo,4,0.37856473430472953,,,,,0,,0.0,1,0,
2024-09-01,87065040,monark - alemania,0.0,,0.0,0.0,0.0,,rojo,4,0.7797367490214056,,,,,0,,0.0,1,0,
2024-09-01,87065803,monark - alemania,0.0,,0.0,0.0,0.0,,rojo,4,0.461933390467526,,,,,0,,0.0,1,0,
2025-01-01,87065805,monark - alemania,0.0,,1.0,0.0,9.356666666666667,,rojo,0,0.45462259730274945,2012-03-14,9.417919921875,20.0,,0,,0.0,1,0,
2022-09-01,87065826,monark - alemania,0.0,,0.0,0.0,0.0,,rojo,4,0.46164890799978403,,,,,0,,0.0,1,0,
2024-12-01,87065827,monark - alemania,0.0,,3.0,0.0,14.216666666666667,,rojo,4,0.33084742964556557,,,,,0,,0.0,1,0,
2021-03-01,87066970,monark - alemania,0.0,,0.0,0.0,0.0,,rojo,4,1.109278059785674,,,,,0,,0.0,1,0,
2023-06-01,87228600,ks - alemania,0.0,,0.0,0.0,0.0,,rojo,4,0.3435809627027636,2022-06-23,30.424678802490234,60.0,,0,,0.0,1,0,
2024-09-01,87229600,ks - alemania,0.0,,0.0,0.0,0.0,,rojo,4,0.19723914853920405,2022-06-23,26.663850450515746,20.0,,0,,0.0,1,0,
2023-03-01,87269600,ks - alemania,0.0,,0.0,0.0,0.0,,rojo,4,0.357627495947695,2023-02-06,23.88017726302147,30.0,,0,,0.0,1,0,
2022-09-01,8727,spaco - italia,0.0,,0.0,0.0,0.0,,rojo,4,0.5561097412607652,,,,,0,,0.0,1,0,
2022-10-01,87271610,ks - alemania,0.0,,0.0,0.0,0.0,,rojo,4,0.3615414625423278,2022-06-23,25.64969449043274,40.0,,0,,0.0,1,0,
2022-05-01,87271620,ks - alemania,0.0,,0.0,0.0,0.0,,rojo,4,0.5893828525271143,2021-12-27,30.82463311433792,10.0,,0,,0.0,1,0,
2021-09-01,87271630,ks - alemania,0.0,,0.0,0.0,0.0,,rojo,4,0.7654007366950337,2015-06-11,25.678152406215666,20.0,,0,,0.0,1,0,
2021-10-01,8740,spaco - italia,0.0,,0.0,0.0,0.0,,rojo,4,0.506790577433238,,,,,0,,0.0,1,0,
2025-03-01,874000700,goetze,0.0,,1.0,65.57,10.928333333333333,,rojo,0,0.02327754651261582,,,,,0,,0.0,1,0,
2023-08-01,87515610,ks - alemania,0.0,,0.0,0.0,0.0,,rojo,4,0.34521780836854193,2023-02-06,30.818701429367064,44.0,,0,,0.0,1,0,
2023-03-01,87515620,ks - alemania,0.0,,0.0,0.0,0.0,,rojo,4,0.33683116708679883,2023-02-06,30.818701429367064,20.0,,0,,0.0,1,0,
2023-01-01,87515630,ks - alemania,0.0,,0.0,0.0,0.0,,rojo,4,0.3814501337297524,2021-01-15,32.16438305974007,12.0,,0,,0.0,1,0,
2023-02-01,8752,spaco - italia,0.0,,0.0,0.0,0.0,,rojo,4,0.5956891686666239,,,,,0,,0.0,1,0,
2024-04-01,87561620,ks - alemania,0.0,,0.0,0.0,0.0,,rojo,4,0.37923662602965946,2022-06-23,33.097402322292325,20.0,,0,,0.0,1,0,
2023-04-01,87562600,ks - alemania,0.0,,0.0,0.0,0.0,,rojo,4,0.36157633934603894,2023-02-06,25.995186184644698,40.0,,0,,0.0,1,0,
2023-04-01,87562610,ks - alemania,0.0,,0.0,0.0,0.0,,rojo,4,0.3464059192015057,2023-02-06,25.995186184644698,20.0,,0,,0.0,1,0,
2022-09-01,87562630,ks - alemania,0.0,,0.0,0.0,0.0,,rojo,4,0.5367715607161406,2015-06-11,31.368068996667862,20.0,,0,,0.0,1,0,
2024-11-01,8779,spaco - italia,0.0,,1.0,0.0,0.8466666666666667,,rojo,4,0.5939398362958729,,,,,0,,0.0,1,0,
2022-05-01,87908060,philips,0.0,,0.0,0.0,0.0,,rojo,4,-0.04874421304168419,2020-10-14,1.9961721181869507,300.0,,0,,0.0,1,0,
2021-10-01,8793,spaco - italia,0.0,,0.0,0.0,0.0,,rojo,4,0.5781159372932545,,,,,0,,0.0,1,0,
2022-09-01,87978620,ks - brasil,0.0,,0.0,0.0,0.0,,rojo,4,0.3232068908573891,2015-12-29,11.46,20.0,,0,,0.0,1,0,
2021-03-01,87978743,ks - brasil,0.0,,0.0,0.0,0.0,,rojo,4,0.29476705674541837,2019-02-08,150.35660596358971,1.0,,0,,0.0,1,0,
2021-11-01,87978815,ks - brasil,0.0,,0.0,0.0,0.0,,rojo,4,0.6404065566046238,2015-12-29,11.46,20.0,,0,,0.0,1,0,
2023-04-01,87978816,ks - brasil,7.0,,0.0,0.0,0.0,,rojo,4,0.4062247412820469,2015-12-29,11.46,20.0,,0,,0.0,1,0,
2023-04-01,87978836,ks - brasil,0.0,,0.0,0.0,0.0,,rojo,4,0.34871524948173765,2015-12-29,11.46,10.0,,0,,0.0,1,0,
2021-09-01,87978846,ks - brasil,0.0,,0.0,0.0,0.0,,rojo,4,0.5598210080075365,2019-02-08,140.9593164308654,1.0,,0,,0.0,1,0,
2024-05-01,87987560,philips,0.0,,0.0,0.0,0.0,,rojo,4,0.7063765628535585,2019-08-08,2.0167840719223022,2000.0,,0,,0.0,1,0,
2023-04-01,87998604,ks - brasil,0.0,,0.0,0.0,0.0,,rojo,4,0.5678189615764598,2018-09-04,3.04,40.0,,0,,0.0,1,0,
2021-09-01,87998634,ks - brasil,0.0,,0.0,0.0,0.0,,rojo,4,0.7336825209621959,2018-09-04,3.04,40.0,,0,,0.0,1,0,
2021-09-01,87998644,ks - brasil,0.0,,0.0,0.0,0.0,,rojo,4,0.7334989431971156,2018-09-04,3.04,40.0,,0,,0.0,1,0,
2023-04-01,87998664,ks - brasil,15.0,,0.0,0.0,0.0,,rojo,4,0.37513321682885603,2017-12-11,3.1,80.0,,0,,0.0,1,0,
2022-01-01,88090168,monark - alemania,0.0,,0.0,0.0,0.0,,rojo,4,0.7217629066413158,,,,,0,,0.0,1,0,
2022-04-01,88097045,monark - alemania,0.0,,0.0,0.0,0.0,,rojo,4,0.570510414897283,,,,,0,,0.0,1,0,
2024-11-01,88269009,monark - alemania,0.0,,1.0,0.0,7.796666666666667,,rojo,4,0.4098819054406456,,,,,0,,0.0,1,0,
2023-05-01,88373095,monark - alemania,0.0,,0.0,0.0,0.0,,rojo,4,0.39015991018539037,,,,,0,,0.0,1,0,
2022-01-01,88375018,monark - alemania,0.0,,0.0,0.0,0.0,,rojo,4,0.70539610096096,,,,,0,,0.0,1,0,
2024-11-01,883792,valvoline - usa,0.0,,1.0,0.0,6.78,,rojo,3,0.390770946544057,,,,,0,,0.0,1,0,
2023-06-01,88868810,ks - alemania,0.0,,0.0,0.0,0.0,,rojo,4,0.36771099135981966,2023-02-06,22.239966262578964,36.0,,0,,0.0,1,0,
2021-06-01,8897,spaco - italia,0.0,,0.0,0.0,0.0,,rojo,4,0.7232195258396454,,,,,0,,0.0,1,0,
2023-04-01,89328810,ks - alemania,0.0,,0.0,0.0,0.0,,rojo,4,0.37836371576885686,2023-02-06,29.44826197504997,12.0,,0,,0.0,1,0,
2024-09-01,89352110,ks - alemania,0.0,,0.0,0.0,0.0,,rojo,4,0.29287218737077664,2023-02-06,25.29378016471863,24.0,,0,,0.0,1,0,
2024-01-01,89370810,ks - alemania,0.0,,0.0,0.0,0.0,,rojo,4,0.32405415397249426,2022-06-23,23.12486871480942,30.0,,0,,0.0,1,0,
2023-05-01,89427810,ks - alemania,0.0,,0.0,0.0,0.0,,rojo,4,0.3533092457178525,2023-02-06,25.56355171084404,24.0,,0,,0.0,1,0,
2023-08-01,89460110,ks - alemania,0.0,,0.0,0.0,0.0,,rojo,4,0.33961490667776495,2023-02-06,33.25743620634079,12.0,,0,,0.0,1,0,
2022-03-01,89483190,ks - brasil,0.0,,0.0,0.0,0.0,,rojo,4,0.6207650595098958,2016-05-29,7.72,60.0,,0,,0.0,1,0,
2023-12-01,89532110,ks - alemania,0.0,,0.0,0.0,0.0,,rojo,4,0.309892171738911,2022-06-23,25.48066849708557,30.0,,0,,0.0,1,0,
2024-03-01,89549110,ks - alemania,0.0,,0.0,0.0,0.0,,rojo,4,0.38956960445990785,2023-02-06,39.85065279364586,12.0,,0,,0.0,1,0,
2024-01-01,89561810,ks - alemania,0.0,,0.0,0.0,0.0,,rojo,4,0.3566581709468397,2023-02-06,30.43023040294647,12.0,,0,,0.0,1,0,
2023-03-01,89570110,ks - alemania,0.0,,0.0,0.0,0.0,,rojo,4,0.3436506782262285,2020-01-15,36.208815068006516,6.0,,0,,0.0,1,0,
2024-09-01,89585110,ks - alemania,0.0,,0.0,0.0,0.0,,rojo,4,-0.774115291357591,2017-06-14,38.96205841064453,18.0,,0,,0.0,1,0,
2022-10-01,89593110,ks - alemania,0.0,,0.0,0.0,0.0,,rojo,4,0.39450630775693657,2022-06-23,36.646948182582854,24.0,,0,,0.0,1,0,
2023-07-01,8965,spaco - italia,0.0,,0.0,0.0,0.0,,rojo,4,0.4766089734873228,,,,,0,,0.0,1,0,
2024-09-01,896679,valvoline - usa,72.0,,0.0,0.0,0.0,,rojo,3,0.3647081673834975,2025-03-10,23.1767,39.0,,0,,0.0,1,0,
2025-03-01,896705,valvoline - usa,234.0,,11.0,3270.8999999999996,900.9233333333333,,rojo,0,0.19375095799121245,2025-03-05,92.11962146219201,300.0,,0,,0.0,1,0,
2024-09-01,8989,spaco - italia,0.0,,0.0,0.0,0.0,,rojo,4,0.4140847490903633,,,,,0,,0.0,1,0,
2022-03-01,9009,kawe - embragues,0.0,,0.0,0.0,0.0,,rojo,4,0.4191070836556525,2019-11-04,53.59954261779785,5.0,,0,,0.0,1,0,
2022-02-01,90215143,monark - alemania,0.0,,0.0,0.0,0.0,,rojo,4,0.7369552328653304,,,,,0,,0.0,1,0,
2022-10-01,90290008,monark - alemania,0.0,,0.0,0.0,0.0,,rojo,4,0.5627627367012392,,,,,0,,0.0,1,0,
2025-04-01,90491016,monark - alemania,0.0,,4.0,63.62,43.69833333333333,,rojo,0,0.34834714822196444,,,,,0,,0.0,1,0,
2023-07-01,90741961,ks - alemania,0.0,,0.0,0.0,0.0,,rojo,4,0.2943382285209806,2023-02-06,99.01694828987122,18.0,,0,,0.0,1,0,
2023-06-01,90870960,ks - alemania,0.0,,0.0,0.0,0.0,,rojo,4,0.2563738311712854,2023-02-06,226.78075253486634,12.0,,0,,0.0,1,0,
2025-03-01,90873217,ito koyama - amortiguadores,32.0,,25.0,437.57,167.215,,rojo,0,0.7908539310248143,2024-08-22,6.67,120.0,,0,,0.0,1,0,
2022-09-01,9114,spaco - italia,0.0,,0.0,0.0,0.0,,rojo,4,0.595115185652241,,,,,0,,0.0,1,0,
2021-09-01,91322960,ks - brasil,0.0,,0.0,0.0,0.0,,rojo,4,0.650278427418947,2019-03-27,80.96,50.0,,0,,0.0,1,0,
2022-10-01,91353960,ks - alemania,0.0,,0.0,0.0,0.0,,rojo,4,0.3867481106002118,2022-06-23,80.05493609905243,24.0,,0,,0.0,1,0,
2023-08-01,91359960,ks - alemania,0.0,,0.0,0.0,0.0,,rojo,4,0.3460008901072319,2023-02-06,89.3807086622715,30.0,,0,,0.0,1,0,
2024-03-01,92827960,ks - alemania,0.0,,0.0,0.0,0.0,,rojo,4,0.2744346736774082,2023-02-06,94.88404820322991,30.0,,0,,0.0,1,0,
2024-09-01,9313,spaco - italia,0.0,,0.0,0.0,0.0,,rojo,4,0.4854256181136909,,,,,0,,0.0,1,0,
2023-11-01,93162202,monark - alemania,0.0,,0.0,0.0,0.0,,rojo,4,0.7539209937171399,,,,,0,,0.0,1,0,
2021-04-01,93166960,ks - alemania,0.0,,0.0,0.0,0.0,,rojo,4,1.329704926508605,2018-10-31,52.647101402282715,18.0,,0,,0.0,1,0,
2024-12-01,93249960,ks - alemania,0.0,,1.0,0.0,84.745,,rojo,4,0.23531651044422014,2022-06-23,117.01880801916123,18.0,,0,,0.0,1,0,
2023-11-01,93369970,ks - alemania,0.0,,0.0,0.0,0.0,,rojo,4,0.28158112385176254,2023-02-06,88.81958384633064,18.0,,0,,0.0,1,0,
2023-09-01,93369971,ks - alemania,0.0,,0.0,0.0,0.0,,rojo,4,0.2845764181933605,2023-02-06,83.78025136470795,24.0,,0,,0.0,1,0,
2023-01-01,9339,kawe - embragues,0.0,,0.0,0.0,0.0,,rojo,4,0.46961325683023236,2019-11-04,50.249571204185486,120.0,,0,,0.0,1,0,
2023-08-01,9341,kawe - embragues,0.0,,0.0,0.0,0.0,,rojo,4,0.12032786691919273,2019-11-04,56.94951403141022,5.0,,0,,0.0,1,0,
2022-02-01,93474970,ks - alemania,0.0,,0.0,0.0,0.0,,rojo,4,0.4248049761687064,2018-10-31,78.63026136159897,12.0,,0,,0.0,1,0,
2023-04-01,93474971,ks - alemania,0.0,,0.0,0.0,0.0,,rojo,4,0.26798727423911417,2023-02-06,78.56826509356499,12.0,,0,,0.0,1,0,
2022-06-01,93494,spaco - italia,0.0,,0.0,0.0,0.0,,rojo,4,0.6313488459084922,2022-05-25,5.851406157016754,100.0,,0,,0.0,1,0,
2021-09-01,9365,spaco - italia,0.0,,0.0,0.0,0.0,,rojo,4,0.6446364506452812,,,,,0,,0.0,1,0,
2023-03-01,93734961,ks - alemania,0.0,,0.0,0.0,0.0,,rojo,4,0.2964322645242033,2023-02-06,111.44802113533021,12.0,,0,,0.0,1,0,
2021-10-01,93751960,ks - alemania,0.0,,0.0,0.0,0.0,,rojo,4,0.47893014045083804,2018-10-31,84.5303675532341,18.0,,0,,0.0,1,0,
2022-09-01,9551,kawe - embragues,0.0,,0.0,0.0,0.0,,rojo,4,0.4946275071633237,2019-11-04,36.01219269633293,10.0,,0,,0.0,1,0,
2022-11-01,9582,spaco - italia,0.0,,0.0,0.0,0.0,,rojo,4,0.5776265281565568,,,,,0,,0.0,1,0,
2025-02-01,95948811,ito koyama - amortiguadores,0.0,,19.0,415.95,192.67499999999998,,rojo,0,0.7709819371351827,2024-08-22,15.94,52.0,,0,,0.0,1,0,
2025-02-01,95948812,ito koyama - amortiguadores,0.0,,18.0,316.2,182.12333333333333,,rojo,0,0.7763385775987438,2024-08-22,15.94,52.0,,0,,0.0,1,0,
2023-12-01,96171,narva,12.0,,0.0,0.0,0.0,,rojo,4,-0.2995211389128559,2016-04-30,78.75312219858169,41.0,,0,,0.0,1,0,
2025-03-01,96392790,ito koyama - amortiguadores,54.0,,15.0,111.24000000000001,81.405,,rojo,0,0.7912358583187299,2024-08-22,5.66,100.0,,0,,0.0,1,0,
2025-03-01,96626214,ito koyama - amortiguadores,57.0,,8.0,389.7,98.67166666666667,,rojo,0,0.7839259154331042,2024-08-22,9.28,100.0,,0,,0.0,1,0,
2022-09-01,9667,spaco - italia,0.0,,0.0,0.0,0.0,,rojo,4,0.5598921916434787,,,,,0,,0.0,1,0,
2025-02-01,9678808180,ito koyama - amortiguadores,9.0,,23.0,110.23,145.95666666666668,,rojo,0,0.7005376230607092,2024-08-22,11.02,56.0,,0,,0.0,1,0,
2025-02-01,9678808280,ito koyama - amortiguadores,8.0,,24.0,110.23,149.375,,rojo,0,0.6980849544592628,2024-08-22,11.02,56.0,,0,,0.0,1,0,
2021-08-01,97020800,ks - brasil,0.0,,0.0,0.0,0.0,,rojo,4,0.409823816031914,2016-09-09,19.81,12.0,,0,,0.0,1,0,
2023-04-01,97169960,ks - brasil,0.0,,0.0,0.0,0.0,,rojo,4,0.17948609696002338,2021-10-05,111.068,10.0,,0,,0.0,1,0,
2023-06-01,9725,spaco - italia,0.0,,0.0,0.0,0.0,,rojo,4,0.5528879816247857,,,,,0,,0.0,1,0,
2024-09-01,9752,spaco - italia,0.0,,0.0,0.0,0.0,,rojo,4,0.37136842650906254,,,,,0,,0.0,1,0,
2025-03-01,9802909980,ito koyama - amortiguadores,18.0,,21.0,236.95999999999998,176.57500000000002,,rojo,0,0.6902423328430096,2024-08-22,7.11,100.0,,0,,0.0,1,0,
2023-01-01,98180115,laso,0.0,,0.0,0.0,0.0,,rojo,4,0.1011272528521952,2015-07-21,134.58663203835488,30.0,,0,,0.0,1,0,
2023-11-01,98183403,laso,93.0,,0.0,0.0,0.0,,rojo,4,0.22450923373534648,2015-07-21,4.074114294052124,100.0,,0,,0.0,1,0,
2022-03-01,98183404,laso,40.0,,0.0,0.0,0.0,,rojo,4,0.34390771449170887,2015-07-21,2.0478925573825837,100.0,,0,,0.0,1,0,
2024-09-01,98200100,laso,0.0,,0.0,0.0,0.0,,rojo,4,0.3570616528202888,2019-04-03,135.92515774726866,20.0,,0,,0.0,1,0,
2024-11-01,98200114a,laso,0.0,,1.0,0.0,70.62166666666667,,rojo,4,0.5894554020602092,2017-01-16,144.3056853449345,20.0,,0,,0.0,1,0,
2021-08-01,98200144,laso,0.0,,0.0,0.0,0.0,,rojo,4,0.36855060728744937,2017-11-09,91.61544585227966,10.0,,0,,0.0,1,0,
2021-05-01,98200146a,laso,0.0,,0.0,0.0,0.0,,rojo,4,0.2729899770035147,2018-08-16,170.16448974609375,5.0,,0,,0.0,1,0,
2022-09-01,98260100,laso,0.0,,0.0,0.0,0.0,,rojo,4,0.14789536628773137,2013-06-28,215.2494401550293,5.0,,0,,0.0,1,0,
2021-06-01,98581802,laso,0.0,,0.0,0.0,0.0,,rojo,4,0.36821056811413344,2017-11-09,27.22950213432312,20.0,,0,,0.0,1,0,
2022-07-01,98581803,laso,0.0,,0.0,0.0,0.0,,rojo,4,0.3318461969179654,2017-11-09,33.99049010038376,80.0,,0,,0.0,1,0,
2023-01-01,98581804,laso,14.0,,0.0,0.0,0.0,,rojo,4,0.16055876032123062,2014-04-30,31.35705723762512,20.0,,0,,0.0,1,0,
2024-09-01,98581806,laso,0.0,,0.0,0.0,0.0,,rojo,4,0.41842399925352236,2019-04-03,31.52764539241791,40.0,,0,,0.0,1,0,
2023-04-01,99748960,ks - alemania,0.0,,0.0,0.0,0.0,,rojo,4,0.39403821168333575,2022-06-23,90.10141857862473,60.0,,0,,0.0,1,0,
2023-11-01,99748961,ks - alemania,0.0,,0.0,0.0,0.0,,rojo,4,0.33434643999519553,2021-08-09,103.24285681843759,12.0,,0,,0.0,1,0,
2023-02-01,99749960,ks - alemania,0.0,,0.0,0.0,0.0,,rojo,4,0.31907433653102957,2022-06-23,106.94063316583633,12.0,,0,,0.0,1,0,
2022-12-01,99749961,ks - alemania,0.0,,0.0,0.0,0.0,,rojo,4,0.2934383315585896,2021-01-15,113.86944981217384,24.0,,0,,0.0,1,0,
2024-03-01,99750960,ks - alemania,0.0,,0.0,0.0,0.0,,rojo,4,0.20987374649483925,2021-12-27,129.24376845479011,18.0,,0,,0.0,1,0,
2024-06-01,99830025,monark - alemania,0.0,,0.0,0.0,0.0,,rojo,4,0.35764795437951946,,,,,0,,0.0,1,0,
2021-12-01,99832008,monark - alemania,0.0,,0.0,0.0,0.0,,rojo,4,-0.3097239712982526,,,,,0,,0.0,1,0,
2024-04-01,99991970,ks - alemania,0.0,,0.0,0.0,0.0,,rojo,4,0.27940463906724217,2020-01-15,104.63045239448547,30.0,,0,,0.0,1,0,
2025-03-01,a-1008,sakura filter,8.0,,4.0,60.73,19.93,,rojo,0,1.0231104819228043,2024-02-28,3.47,36.0,,0,,0.0,1,0,
2024-11-01,a-1010,sakura filter,56.0,,1.0,0.0,5.503333333333334,,rojo,6,0.9687002230009557,2023-11-24,7.85,60.0,,0,,0.0,1,0,
2024-08-01,a-1012,sakura filter,52.0,,0.0,0.0,0.0,,rojo,6,0.7982474783811335,2023-12-05,10.0,60.0,,0,,0.0,1,0,
2025-03-01,a-1015,sakura filter,57.0,,1.0,5.21,0.8683333333333333,,rojo,0,0.7968107942348973,2023-10-19,2.69,40.0,,0,,0.0,1,0,
2025-03-01,a-1019-s,sakura filter,382.0,,6.0,153.19,71.855,,rojo,0,1.1992932621213708,2025-01-31,11.04,20.0,,0,,0.0,1,0,
2021-12-01,a-1023,sakura filter,0.0,,0.0,0.0,0.0,,rojo,6,0.8512211469043662,2018-02-05,2.5,100.0,,0,,0.0,1,0,
2025-03-01,a-1044,sakura filter,99.0,,1.0,6.24,1.04,,rojo,0,0.8314696485623003,2024-11-11,2.96,60.0,,0,,0.0,1,0,
2025-03-01,a-1047,sakura filter,90.0,,6.0,24.18,23.555000000000003,,rojo,0,0.8811802028133164,2024-08-29,2.26,40.0,,0,,0.0,1,0,
2025-02-01,a-1050-s,sakura filter,91.0,,2.0,216.69,36.115,,rojo,0,0.9356751648328323,2025-01-10,11.0,37.0,,0,,0.0,1,0,
2025-03-01,a-1152,sakura filter,33.0,,8.0,181.35000000000002,88.67833333333333,,rojo,0,0.8506790984108138,2024-11-11,2.37,60.0,,0,,0.0,1,0,
2025-03-01,a-1189,sakura filter,70.0,,3.0,40.24,15.113333333333335,,rojo,0,0.8045862045965532,2024-08-29,2.13,100.0,,0,,0.0,1,0,
2025-02-01,a-1195,sakura filter,52.0,,5.0,173.57999999999998,34.968333333333334,,rojo,0,0.9841481031227454,2024-11-11,2.19,100.0,,0,,0.0,1,0,
2024-09-01,a-1228,sakura filter,54.0,,0.0,0.0,0.0,,rojo,6,0.7451367388788273,2021-08-26,1.97,80.0,,0,,0.0,1,0,
2025-03-01,a-12340,sakura filter,80.0,,5.0,40.1,9.858333333333333,,rojo,0,0.9242166821813645,2023-10-23,2.37,40.0,,0,,0.0,1,0,
2024-06-01,a-13620,sakura filter,39.0,,0.0,0.0,0.0,,rojo,6,0.5008711539656283,2020-01-31,22.0,50.0,,0,,0.0,1,0,
2025-02-01,a-13680,sakura filter,93.0,,3.0,55.57,10.886666666666665,,rojo,0,0.795704323534595,2024-11-28,4.8,28.0,,0,,0.0,1,0,
2024-09-01,a-1415,sakura filter,0.0,,0.0,0.0,0.0,,rojo,6,1.4151336593915171,2023-10-23,2.25,20.0,,0,,0.0,1,0,
2022-07-01,a-1420,sakura filter,0.0,,0.0,0.0,0.0,,rojo,6,0.7641207175125486,2019-09-27,2.2,20.0,,0,,0.0,1,0,
2025-03-01,a-1432,sakura filter,91.0,,4.0,45.25,7.541666666666667,,rojo,0,0.9225468256071725,2024-09-17,2.93,100.0,,0,,0.0,1,0,
2025-02-01,a-14570,sakura filter,188.0,,1.0,33.9,5.6499999999999995,,rojo,0,0.8524257442883065,2022-11-22,4.41,100.0,,0,,0.0,1,0,
2021-12-01,a-1612,sakura filter,0.0,,0.0,0.0,0.0,,rojo,6,1.0140241281603515,2016-03-14,3.21,40.0,,0,,0.0,1,0,
2025-03-01,a-1625,sakura filter,90.0,,4.0,7.09,6.401666666666666,,rojo,0,0.9060117128625209,2024-09-17,1.69,100.0,,0,,0.0,1,0,
2024-10-01,a-1632,sakura filter,97.0,,1.0,0.0,2.921666666666667,,rojo,6,1.3520747321846769,2024-11-11,2.49,30.0,,0,,0.0,1,0,
2024-01-01,a-1633,sakura filter,46.0,,0.0,0.0,0.0,,rojo,6,0.6690591559591285,2017-01-26,3.8,99.0,,0,,0.0,1,0,
2022-11-01,a-1648,sakura filter,0.0,,0.0,0.0,0.0,,rojo,6,0.7536380750833737,2017-12-11,1.53,100.0,,0,,0.0,1,0,
2022-09-01,a-1674,sakura filter,0.0,,0.0,0.0,0.0,,rojo,6,0.7092862481315396,2019-01-17,1.24,75.0,,0,,0.0,1,0,
2024-02-01,a-16860,sakura filter,76.0,,0.0,0.0,0.0,,rojo,6,0.758309048564958,2021-07-27,3.3,40.0,,0,,0.0,1,0,
2024-02-01,a-16930,sakura filter,76.0,,0.0,0.0,0.0,,rojo,6,0.7861118509728751,2021-08-26,1.6,100.0,,0,,0.0,1,0,
2024-05-01,a-1701,sakura filter,197.0,,0.0,0.0,0.0,,rojo,6,0.9778739778739778,2023-12-05,3.45,100.0,,0,,0.0,1,0,
2024-10-01,a-1718,sakura filter,80.0,,1.0,0.0,2.231666666666667,,rojo,6,0.8671653946590193,2023-10-23,3.14,48.0,,0,,0.0,1,0,
2025-03-01,a-1724,sakura filter,189.0,,2.0,40.68,6.78,,rojo,0,0.8577902599950438,2023-11-28,4.84,54.0,,0,,0.0,1,0,
2024-08-01,a-1732,sakura filter,98.0,,0.0,0.0,0.0,,rojo,6,0.9799446667261283,2014-07-24,3.52,200.0,,0,,0.0,1,0,
2025-03-01,a-1831,sakura filter,16.0,,3.0,18.39,13.658333333333333,,rojo,0,0.465229332361139,2020-04-17,5.04,20.0,,0,,0.0,1,0,
2024-04-01,a-1836,sakura filter,0.0,,0.0,0.0,0.0,,rojo,6,0.8071338275426683,2019-11-22,2.26,100.0,,0,,0.0,1,0,
2024-05-01,a-1853,sakura filter,9.0,,0.0,0.0,0.0,,rojo,6,0.6614878369082482,2020-04-17,4.77,32.0,,0,,0.0,1,0,
2024-04-01,a-1858,sakura filter,78.0,,0.0,0.0,0.0,,rojo,6,0.5031860478935173,2019-10-09,3.93,90.0,,0,,0.0,1,0,
2021-11-01,a-1931,sakura filter,0.0,,0.0,0.0,0.0,,rojo,6,1.0559926429693691,2019-07-17,2.02,100.0,,0,,0.0,1,0,
2024-12-01,a-1961,sakura filter,171.0,,2.0,0.0,2.09,,rojo,6,0.597414444705085,2020-02-06,4.0,50.0,,0,,0.0,1,0,
2025-03-01,a-21130,sakura filter,182.0,,5.0,195.26000000000002,43.27666666666667,,rojo,0,0.8308646855181806,2024-08-29,3.44,200.0,,0,,0.0,1,0,
2025-03-01,a-21940,sakura filter,139.0,,7.0,108.78999999999999,31.041666666666668,,rojo,0,0.9632259502116803,2024-06-13,2.85,180.0,,0,,0.0,1,0,
2025-03-01,a-22490,sakura filter,180.0,,5.0,182.41,30.401666666666667,,rojo,0,0.7776003354324897,2025-01-10,3.45,70.0,,0,,0.0,1,0,
2025-03-01,a-22570,sakura filter,91.0,,3.0,51.910000000000004,8.651666666666667,,rojo,0,0.8236153350524691,2025-01-10,2.62,100.0,,0,,0.0,1,0,
2021-12-01,a-2412,sakura filter,0.0,,0.0,0.0,0.0,,rojo,6,0.7087248507249715,2019-09-27,2.36,40.0,,0,,0.0,1,0,
2024-05-01,a-2419,sakura filter,23.0,,0.0,0.0,0.0,,rojo,6,0.6065880696398277,2017-07-11,1.6,100.0,,0,,0.0,1,0,
2024-10-01,a-2505-s,sakura filter,51.0,,1.0,0.0,170.08666666666667,,rojo,6,1.0862648929013217,2024-01-18,22.0,1.0,,0,,0.0,1,0,
2025-03-01,a-26530,sakura filter,169.0,,3.0,145.12,34.10333333333333,,rojo,0,0.8484380534742376,2025-02-28,13.8,174.0,,0,,0.0,1,0,
2022-02-01,a-2804,sakura filter,0.0,,0.0,0.0,0.0,,rojo,6,1.2046835133294571,2020-02-18,1.48,20.0,,0,,0.0,1,0,
2025-01-01,a-2808,sakura filter,67.0,,1.0,0.0,4.243333333333333,,rojo,6,0.817715345070264,2023-10-25,2.13,100.0,,0,,0.0,1,0,
2022-01-01,a-2809,sakura filter,0.0,,0.0,0.0,0.0,,rojo,6,0.9437537711478227,2016-11-21,3.18,90.0,,0,,0.0,1,0,
2024-08-01,a-2816,sakura filter,80.0,,0.0,0.0,0.0,,rojo,6,0.8764844861257179,2023-10-23,2.39,40.0,,0,,0.0,1,0,
2024-11-01,a-2818,sakura filter,150.0,,2.0,0.0,2.061666666666667,,rojo,6,0.8850418450124776,2024-04-18,2.08,80.0,,0,,0.0,1,0,
2025-01-01,a-2820,sakura filter,182.0,,3.0,0.0,7.445,,rojo,6,0.9012486257206305,2023-11-28,3.67,100.0,,0,,0.0,1,0,
2024-08-01,a-2822,sakura filter,36.0,,0.0,0.0,0.0,,rojo,6,0.530843729096528,2014-12-11,2.54,100.0,,0,,0.0,1,0,
2024-06-01,a-2840,sakura filter,169.0,,0.0,0.0,0.0,,rojo,6,0.8694606537233374,2024-06-13,2.49,60.0,,0,,0.0,1,0,
2024-10-01,a-2845,sakura filter,188.0,,0.0,0.0,0.0,,rojo,6,0.8578196182895015,2023-10-25,2.14,100.0,,0,,0.0,1,0,
2024-06-01,a-28580,sakura filter,70.0,,0.0,0.0,0.0,,rojo,6,0.8597174123025062,2022-01-13,1.45,40.0,,0,,0.0,1,0,
2025-02-01,a-28980,sakura filter,389.0,,2.0,29.34,9.176666666666668,,rojo,0,0.8563558856515293,2024-11-11,2.4,300.0,,0,,0.0,1,0,
2025-03-01,a-2928,sakura filter,82.0,,5.0,116.24,28.855,,rojo,0,0.8232632741149942,2024-11-11,3.39,54.0,,0,,0.0,1,0,
2025-03-01,a-29420,sakura filter,28.0,,7.0,19.259999999999998,13.195,,rojo,0,0.9251769907064322,2024-03-18,2.3,60.0,,0,,0.0,1,0,
2025-01-01,a-29470,sakura filter,84.0,,3.0,0.0,22.751666666666665,,rojo,6,0.8850738732993199,2024-01-18,11.0,75.0,,0,,0.0,1,0,
2021-10-01,a-3003,sakura filter,0.0,,0.0,0.0,0.0,,rojo,6,0.7013617215818175,2016-03-14,2.0,40.0,,0,,0.0,1,0,
2025-02-01,a-31960,sakura filter,23.0,,7.0,31.21,38.833333333333336,,rojo,0,0.8996404405572905,2024-02-28,3.08,20.0,,0,,0.0,1,0,
2025-03-01,a-33430,sakura filter,16.0,,11.0,110.75999999999999,62.48666666666667,,rojo,0,0.9619266980361662,2024-09-17,1.85,20.0,,0,,0.0,1,0,
2024-05-01,a-3364-s,sakura filter,324.0,,0.0,0.0,0.0,,rojo,6,1.2293998994043431,2025-02-28,4.14,108.0,,0,,0.0,1,0,
2025-03-01,a-33720,sakura filter,283.0,,5.0,74.05,12.341666666666667,,rojo,0,1.0695825426944974,2024-12-13,1.5,280.0,,0,,0.0,1,0,
2024-05-01,a-38270,sakura filter,68.0,,0.0,0.0,0.0,,rojo,6,0.9513233926633988,2023-07-26,5.01,100.0,,0,,0.0,1,0,
2025-03-01,a-38370,sakura filter,71.0,,3.0,46.25,7.708333333333333,,rojo,0,0.8735494337568878,2024-12-13,2.97,80.0,,0,,0.0,1,0,
2025-02-01,a-38400,sakura filter,46.0,,4.0,38.58,10.723333333333334,,rojo,0,0.9273737231947939,2024-02-27,1.6,40.0,,0,,0.0,1,0,
2025-04-01,a-38600,sakura filter,5.0,,15.0,229.04,80.46833333333333,,rojo,0,1.1367332851195258,2024-06-13,1.8,80.0,,0,,0.0,1,0,
2025-01-01,a-38670,sakura filter,55.0,,1.0,32.63,5.4383333333333335,,rojo,0,0.7906259183073758,2024-11-30,3.3,20.0,,0,,0.0,1,0,
2025-03-01,a-39040,sakura filter,382.0,,4.0,71.53999999999999,13.468333333333334,,rojo,0,0.9481305249534078,2024-11-30,2.1,20.0,,0,,0.0,1,0,
2025-02-01,a-44210,sakura filter,50.0,,2.0,232.29000000000002,38.715,,rojo,0,0.934288260021711,2023-08-04,19.2,38.0,,0,,0.0,1,0,
2025-02-01,a-44300,sakura filter,63.0,,2.0,71.86,38.321666666666665,,rojo,0,0.8564149239301628,2022-05-27,16.55,80.0,,0,,0.0,1,0,
2025-03-01,a-49400-s,sakura filter,99.0,,1.0,305.08,50.846666666666664,,rojo,0,0.32130142949735085,2022-02-03,26.5,50.0,,0,,0.0,1,0,
2025-02-01,a-49540-s,sakura filter,37.0,,2.0,477.18,79.53,,rojo,0,0.8507731168566439,2022-05-27,26.5,1.0,,0,,0.0,1,0,
2025-03-01,a-49870,sakura filter,171.0,,6.0,121.56,20.26,,rojo,0,0.7315026935699563,2024-12-13,2.6,200.0,,0,,0.0,1,0,
2025-02-01,a-5005-s,sakura filter,54.0,,3.0,91.66,19.513333333333332,,rojo,0,0.8568284653293591,2023-02-17,11.29,27.0,,0,,0.0,1,0,
2025-03-01,a-50370,sakura filter,196.0,,17.0,570.17,129.21833333333333,,rojo,0,0.8455541856862163,2024-11-11,4.7,80.0,,0,,0.0,1,0,
2025-02-01,a-53900,sakura filter,71.0,,3.0,30.15,10.5,,rojo,0,0.8122689910417887,2023-08-04,2.88,100.0,,0,,0.0,1,0,
2022-04-01,a-5408,sakura filter,0.0,,0.0,0.0,0.0,,rojo,6,0.7393695231932076,2017-03-28,5.36,45.0,,0,,0.0,1,0,
2025-03-01,a-5504,sakura filter,35.0,,2.0,56.54,28.47,,rojo,0,0.780804221487295,2022-08-15,8.5,26.0,,0,,0.0,1,0,
2025-02-01,a-5511-s,sakura filter,56.0,,1.0,58.8,9.799999999999999,,rojo,0,0.8389109176093633,2023-02-17,13.5,20.0,,0,,0.0,1,0,
2025-02-01,a-5531-s,sakura filter,259.0,,3.0,72.03,44.61166666666666,,rojo,0,0.5879003558718859,2025-01-10,51.05,149.0,,0,,0.0,1,0,
2024-02-01,a-5547,sakura filter,86.0,,0.0,0.0,0.0,,rojo,6,0.9074522138882166,2023-02-17,4.65,18.0,,0,,0.0,1,0,
2024-12-01,a-5562-s,sakura filter,39.0,,1.0,0.0,18.41,,rojo,6,0.6668456462036291,2023-01-10,27.48,7.0,,0,,0.0,1,0,
2023-04-01,a-5566,sakura filter,52.0,,0.0,0.0,0.0,,rojo,6,0.6258505746190063,2022-06-06,11.69,28.0,,0,,0.0,1,0,
2025-02-01,a-5572-s,sakura filter,45.0,,1.0,65.13,10.854999999999999,,rojo,0,0.9485321351951489,2022-05-27,28.5,60.0,,0,,0.0,1,0,
2025-03-01,a-5579-s,sakura filter,92.0,,4.0,96.87,29.705,,rojo,0,0.8781242835074673,2022-09-05,8.25,18.0,,0,,0.0,1,0,
2023-10-01,a-5583-s,sakura filter,96.0,,0.0,0.0,0.0,,rojo,6,1.1654146630327764,2023-12-05,8.03,54.0,,0,,0.0,1,0,
2024-12-01,a-5622-s,sakura filter,30.0,,1.0,0.0,5.638333333333333,,rojo,6,0.9023550479613679,2023-09-28,16.32,44.0,,0,,0.0,1,0,
2022-01-01,a-5635,sin definicion,0.0,,0.0,0.0,0.0,,rojo,0,0.9398646302931131,2019-07-26,4.75,36.0,,0,,0.0,1,0,
2025-04-01,a-58400,sakura filter,48.0,,7.0,187.62,58.69,,rojo,0,0.8499291762696384,2022-12-31,3.79,100.0,,0,,0.0,1,0,
2023-04-01,a-58420,sin definicion,0.0,,0.0,0.0,0.0,,rojo,0,0.4714357626864661,2019-12-31,7.35,15.0,,0,,0.0,1,0,
2025-02-01,a-61590-s,sakura filter,86.0,,2.0,49.99,26.69333333333333,,rojo,0,0.8081922925832664,2023-08-04,27.36,100.0,,0,,0.0,1,0,
2025-02-01,a-6517,sakura filter,2.0,,3.0,21.770000000000003,5.718333333333334,,rojo,0,1.5507629575199093,2022-09-30,1.38,20.0,,0,,0.0,1,0,
2024-12-01,a-6522,sakura filter,177.0,,1.0,0.0,0.9550000000000001,,rojo,6,0.4277060899282407,2019-12-06,2.25,200.0,,0,,0.0,1,0,
2025-03-01,a-6530,sakura filter,177.0,,4.0,102.8,19.185,,rojo,0,0.8773528306280898,2024-09-17,2.37,200.0,,0,,0.0,1,0,
2025-03-01,a-6533,sakura filter,0.0,,5.0,406.42,75.19500000000001,,rojo,0,0.9422806166488799,2023-10-23,2.82,40.0,,0,,0.0,1,0,
2025-02-01,a-65750,sakura filter,138.0,,4.0,60.35,13.353333333333333,,rojo,0,0.8830712889153401,2024-01-18,3.45,80.0,,0,,0.0,1,0,
2023-08-01,a-6607,sakura filter,0.0,,0.0,0.0,0.0,,rojo,6,0.7447033570230067,2015-11-23,3.0,108.0,,0,,0.0,1,0,
2022-03-01,a-6708,sin definicion,1.0,,0.0,0.0,0.0,,rojo,0,0.9814894009223409,2019-06-28,3.97,100.0,,0,,0.0,1,0,
2025-03-01,a-6711,sakura filter,46.0,,1.0,57.97,9.661666666666667,,rojo,0,0.638857505274003,2024-11-28,14.67,48.0,,0,,0.0,1,0,
2025-03-01,a-68010-s,sakura filter,214.0,,7.0,976.15,201.96166666666667,,rojo,0,0.9043900987465282,2024-04-18,37.68,26.0,,0,,0.0,1,0,
2022-11-01,a-6816,sakura filter,0.0,,0.0,0.0,0.0,,rojo,6,1.3155288397955842,2013-06-12,2.89,120.0,,0,,0.0,1,0,
2025-03-01,a-68530,sakura filter,57.0,,2.0,162.92000000000002,27.153333333333336,,rojo,0,0.7416102839115418,2025-01-22,14.0,5.0,,0,,0.0,1,0,
2025-01-01,a-68540-s,sakura filter,45.0,,1.0,0.0,10.058333333333334,,rojo,0,0.8208740263246359,2024-01-18,31.43,11.0,,0,,0.0,1,0,
2025-03-01,a-68560-s,sakura filter,107.0,,2.0,186.44,42.214999999999996,,rojo,0,0.8538399353468227,2022-06-06,28.5,36.0,,0,,0.0,1,0,
2024-02-01,a-69190-s,sakura filter,59.0,,0.0,0.0,0.0,,rojo,6,0.9565900790532107,2022-11-22,49.5,18.0,,0,,0.0,1,0,
2025-01-01,a-7003-s,sakura filter,28.0,,11.0,0.0,101.23833333333333,,rojo,6,0.8793732964658276,2025-02-28,4.14,30.0,,0,,0.0,1,0,
2021-04-01,a-7102,sin definicion,0.0,,0.0,0.0,0.0,,rojo,0,0.5339017542250162,2019-11-22,6.09,9.0,,0,,0.0,1,0,
2024-12-01,a-7127,sakura filter,58.0,,1.0,0.0,1.83,,rojo,6,0.8631107768980315,2020-04-17,2.23,75.0,,0,,0.0,1,0,
2022-04-01,a-7128,sin definicion,0.0,,0.0,0.0,0.0,,rojo,0,1.043301101574569,2020-03-09,8.16,130.0,,0,,0.0,1,0,
2024-04-01,a-71320,sakura filter,58.0,,0.0,0.0,0.0,,rojo,6,0.723737053477066,2023-10-05,12.14,19.0,,0,,0.0,1,0,
2025-02-01,a-7202,sakura filter,195.0,,1.0,87.34,14.556666666666667,,rojo,0,0.8685435350210012,2023-09-15,22.56,11.0,,0,,0.0,1,0,
2025-02-01,a-7630-s,sakura filter,54.0,,2.0,66.27,47.876666666666665,,rojo,0,1.038574788076834,2023-02-17,14.5,30.0,,0,,0.0,1,0,
2025-02-01,a-76520,sakura filter,48.0,,4.0,141.01,31.243333333333336,,rojo,0,0.7994208476376963,2024-09-17,7.68,36.0,,0,,0.0,1,0,
2024-03-01,a-7949,sakura filter,8.0,,0.0,0.0,0.0,,rojo,6,1.5075827672759572,2013-06-25,8.0,54.0,,0,,0.0,1,0,
2024-10-01,a-83050,sakura filter,18.0,,1.0,49.14,8.19,,rojo,6,0.453983206383123,2019-12-06,19.96,2.0,,0,,0.0,1,0,
2024-07-01,a-85134-s,sakura filter,200.0,,0.0,0.0,0.0,,rojo,6,0.9842299445343564,2025-02-28,3.0,200.0,,0,,0.0,1,0,
2025-03-01,a-8665m-s,sakura filter,32.0,,2.0,386.84,64.47333333333333,,rojo,0,0.8009878296382095,2023-01-31,32.0,42.0,,0,,0.0,1,0,
2021-09-01,a-8686,sakura filter,0.0,,0.0,0.0,0.0,,rojo,6,0.5719720103859217,2019-11-15,28.0,20.0,,0,,0.0,1,0,
2025-02-01,a-87970kit,sakura filter,324.0,,3.0,134.28,22.38,,rojo,0,0.8415716622578497,2024-11-30,7.5,12.0,,0,,0.0,1,0,
2025-04-01,a-8807-s,sakura filter,53.0,,4.0,147.77,34.095,,rojo,0,0.8448910196889643,2023-10-25,4.74,75.0,,0,,0.0,1,0,
2025-02-01,a-89340,sakura filter,177.0,,1.0,17.36,2.893333333333333,,rojo,0,0.8033600056006613,2024-11-30,2.9,180.0,,0,,0.0,1,0,
2025-02-01,a-90320,sakura filter,72.0,,4.0,28.28,8.94,,rojo,0,0.8363147642375807,2023-08-04,1.97,100.0,,0,,0.0,1,0,
2024-10-01,ac-71010,sakura filter,0.0,,1.0,0.0,30.791666666666668,,rojo,6,0.8456080573545063,2023-09-05,10.08,128.0,,0,,0.0,1,0,
2024-11-01,acg-004,aisin - japon,90.0,,1.0,0.0,29.661666666666665,,rojo,6,0.36745275601888866,2025-02-24,13.57,90.0,,0,,0.0,1,0,
2025-03-01,af12050mc-p,prestone - mexico,36.0,,18.0,3101.7000000000003,516.95,,rojo,0,0.4241623140565385,2025-02-07,7.39,300.0,,0,,0.0,1,0,
2022-03-01,af12070m,prestone - mexico,0.0,,0.0,0.0,0.0,,rojo,3,0.5054482408224272,2020-02-06,7.9,24.0,,0,,0.0,1,0,
2025-03-01,af1420-6/2,prestone - usa,89.0,,3.0,54.66,9.11,,rojo,0,0.4904878414137691,2025-02-20,2.5,102.0,,0,,0.0,1,0,
2024-11-01,af2000l/2f,prestone - usa,12.0,,1.0,0.0,10.846666666666666,,rojo,3,0.38828765250565617,2019-06-14,4.0,120.0,,0,,0.0,1,0,
2024-04-01,af2033l/4,sin definicion,0.0,,0.0,0.0,0.0,,rojo,0,0.3055336442239082,2021-09-23,2.5,120.0,,0,,0.0,1,0,
2021-03-01,af6100/1f,sin definicion,0.0,,0.0,0.0,0.0,,rojo,0,0.4813056247924701,2020-04-23,6.5,60.0,,0,,0.0,1,0,
2021-06-01,af6300/f,sin definicion,0.0,,0.0,0.0,0.0,,rojo,0,0.27732664950351005,2019-06-14,7.1,150.0,,0,,0.0,1,0,
2024-03-01,af6400/1f,prestone - usa,1.0,,0.0,0.0,0.0,,rojo,3,0.3648413373850981,2023-04-20,7.39,324.0,,0,,0.0,1,0,
2021-04-01,af6600/f,sin definicion,0.0,,0.0,0.0,0.0,,rojo,0,0.46810434191447126,2021-02-27,6.5,24.0,,0,,0.0,1,0,
2025-04-01,af6610/fh,prestone - usa,498.0,,3.0,460.18,76.69666666666667,,rojo,0,0.42538979660954973,2025-02-20,6.9,540.0,,0,,0.0,1,0,
2022-12-01,af850-55/f-m1,prestone - mexico,0.0,,0.0,0.0,0.0,,rojo,3,0.4390895657901764,2021-11-17,248.33,4.0,,0,,0.0,1,0,
2021-10-01,af888/2f,sin definicion,0.0,,0.0,0.0,0.0,,rojo,0,0.44191720213466246,2019-06-14,10.2,240.0,,0,,0.0,1,0,
2022-07-01,af888/xf,prestone - usa,0.0,,0.0,0.0,0.0,,rojo,3,0.41279925139815,2019-10-31,10.6,240.0,,0,,0.0,1,0,
2025-03-01,afc10000mb-m2,prestone - usa,22.0,,3.0,338.98,84.745,,rojo,0,0.5304948216340621,2024-06-14,52.03,32.0,,0,,0.0,1,0,
2021-10-01,afc10100mb-m1,sin definicion,0.0,,0.0,0.0,0.0,,rojo,0,0.5763651291220405,2021-05-31,24.38,45.0,,0,,0.0,1,0,
2021-11-01,afc11100/f,sin definicion,0.0,,0.0,0.0,0.0,,rojo,0,0.5075579964220457,2021-07-31,6.08,1686.0,,0,,0.0,1,0,
2024-04-01,afloja,novaquimica - peru,0.0,,0.0,0.0,0.0,,rojo,1,0.43128395845053263,2022-04-07,11.78415,20.0,,0,,0.0,1,0,
2025-02-01,ah-7914,sakura filter,69.0,,2.0,30.06,5.01,,rojo,0,0.8437086367212487,2016-12-14,9.0,54.0,,0,,0.0,1,0,
2025-02-01,ah-79160,sakura filter,43.0,,3.0,22.03,17.061666666666667,,rojo,0,0.8176916833741047,2023-12-04,5.28,72.0,,0,,0.0,1,0,
2022-08-01,as-1216k,nas - pfi - zkl - mba,13.0,,0.0,0.0,0.0,,rojo,4,0.5348164163750151,2014-04-30,5.69,50.0,,0,,0.0,1,0,
2024-04-01,as-22211cakw33,nas - pfi - zkl - mba,0.0,,0.0,0.0,0.0,,rojo,4,0.22030381652647762,2018-08-07,8.95,100.0,,0,,0.0,1,0,
2024-04-01,as-22217cak/w33,nas - pfi - zkl - mba,0.0,,0.0,0.0,0.0,,rojo,4,-0.004864717361646842,2018-08-07,20.52,50.0,,0,,0.0,1,0,
2022-04-01,as-30204,nas - pfi - zkl - mba,0.0,,0.0,0.0,0.0,,rojo,4,0.6841988950276242,2017-09-14,0.67,500.0,,0,,0.0,1,0,
2023-11-01,as-30205,nas - pfi - zkl - mba,0.0,,0.0,0.0,0.0,,rojo,4,0.7570320362481072,2019-11-21,0.66,500.0,,0,,0.0,1,0,
2024-04-01,as-30307,nas - pfi - zkl - mba,0.0,,0.0,0.0,0.0,,rojo,4,0.15658225248515076,2014-12-26,2.8,50.0,,0,,0.0,1,0,
2023-07-01,as-368a/362a,nas - pfi - zkl - mba,0.0,,0.0,0.0,0.0,,rojo,4,0.28089544160187907,2018-09-13,6.37,30.0,,0,,0.0,1,0,
2021-12-01,as-47890/20,nas - pfi - zkl - mba,0.0,,0.0,0.0,0.0,,rojo,4,0.4092648450707914,2019-11-21,8.25,1000.0,,0,,0.0,1,0,
2022-08-01,as-51206,nas - pfi - zkl - mba,0.0,,0.0,0.0,0.0,,rojo,4,0.48279732883489396,2013-04-30,0.82,100.0,,0,,0.0,1,0,
2025-02-01,as-5643-s,sakura filter,3.0,,3.0,217.11,39.84166666666667,,rojo,0,0.8493895964002628,2023-02-17,5.5,64.0,,0,,0.0,1,0,
2025-01-01,as-6000-2rsc3,nas - pfi - zkl - mba,16.0,,1.0,0.0,0.5783333333333334,,rojo,0,0.6792207792207792,2019-11-21,0.22,200.0,,0,,0.0,1,0,
2024-06-01,as-6003-2rsc3,nas - pfi - zkl - mba,0.0,,0.0,0.0,0.0,,rojo,4,0.49639059398156715,2019-11-21,0.32,300.0,,0,,0.0,1,0,
2024-06-01,as-6004-2rs,nas - pfi - zkl - mba,0.0,,0.0,0.0,0.0,,rojo,4,1.1403508771929824,2013-04-30,0.46,140.0,,0,,0.0,1,0,
2022-11-01,as-6005-2rsc3,nas - pfi - zkl - mba,0.0,,0.0,0.0,0.0,,rojo,4,0.4247897177690099,2019-11-21,0.51,150.0,,0,,0.0,1,0,
2022-01-01,as-6006-2rsc3,nas - pfi - zkl - mba,0.0,,0.0,0.0,0.0,,rojo,4,0.6074575741510689,2019-11-21,0.59,100.0,,0,,0.0,1,0,
2022-04-01,as-6007-2rs,nas - pfi - zkl - mba,0.0,,0.0,0.0,0.0,,rojo,4,0.19972197577921635,2017-09-14,0.65,300.0,,0,,0.0,1,0,
2021-07-01,as-6007-2rsc3,nas - pfi - zkl - mba,0.0,,0.0,0.0,0.0,,rojo,4,0.4428730538809771,2019-11-21,0.89,500.0,,0,,0.0,1,0,
2023-11-01,as-6008-2rsc3,nas - pfi - zkl - mba,76.0,,0.0,0.0,0.0,,rojo,4,0.23437118927270767,2019-11-21,0.91,100.0,,0,,0.0,1,0,
2023-11-01,as-6009-2rsc3,nas - pfi - zkl - mba,0.0,,0.0,0.0,0.0,,rojo,4,0.2834901277584205,2013-04-25,1.12,0.0,,0,,0.0,1,0,
2023-11-01,as-6011-2rsc3,nas - pfi - zkl - mba,0.0,,0.0,0.0,0.0,,rojo,4,0.46093668956582057,2013-04-25,1.57,0.0,,0,,0.0,1,0,
2024-06-01,as-6012-zzc3,nas - pfi - zkl - mba,6.0,,0.0,0.0,0.0,,rojo,4,0.6956520234558985,2013-04-25,1.73,0.0,,0,,0.0,1,0,
2024-08-01,as-6013-zzc3,nas - pfi - zkl - mba,14.0,,0.0,0.0,0.0,,rojo,4,0.6808408982322025,2013-04-25,2.33,0.0,,0,,0.0,1,0,
2022-04-01,as-608-2rs,nas - pfi - zkl - mba,0.0,,0.0,0.0,0.0,,rojo,4,0.6684135599121908,2018-06-15,0.16,2170.0,,0,,0.0,1,0,
2022-05-01,as-608-2rsc3,nas - pfi - zkl - mba,0.0,,0.0,0.0,0.0,,rojo,4,0.5772425945529422,2018-08-07,0.19,2000.0,,0,,0.0,1,0,
2022-03-01,as-608-zz,nas - pfi - zkl - mba,0.0,,0.0,0.0,0.0,,rojo,4,-0.3194915254237289,2017-09-14,0.16,600.0,,0,,0.0,1,0,
2023-11-01,as-609-2rs,nas - pfi - zkl - mba,0.0,,0.0,0.0,0.0,,rojo,4,0.2881847099533899,2017-09-14,0.2,100.0,,0,,0.0,1,0,
2021-12-01,as-609-2rsc3,nas - pfi - zkl - mba,0.0,,0.0,0.0,0.0,,rojo,4,0.642211055276382,2014-12-26,0.2,500.0,,0,,0.0,1,0,
2024-04-01,as-6201-2rsc3,nas - pfi - zkl - mba,0.0,,0.0,0.0,0.0,,rojo,4,0.7883858267716537,2019-11-21,0.29,600.0,,0,,0.0,1,0,
2021-10-01,as-6203-2rs,nas - pfi - zkl - mba,0.0,,0.0,0.0,0.0,,rojo,4,0.5253464556765366,2017-09-14,0.34,1000.0,,0,,0.0,1,0,
2022-01-01,as-6206-2rsc3,nas - pfi - zkl - mba,0.0,,0.0,0.0,0.0,,rojo,4,0.5139689205023014,2019-11-21,0.95,1200.0,,0,,0.0,1,0,
2024-08-01,as-6207-2rs,nas - pfi - zkl - mba,1373.0,,0.0,0.0,0.0,,rojo,4,0.5357840766508005,2018-08-07,1.48,1500.0,,0,,0.0,1,0,
2023-04-01,as-6207-2rsc3,nas - pfi - zkl - mba,0.0,,0.0,0.0,0.0,,rojo,4,0.49377439130797884,2018-08-07,1.48,100.0,,0,,0.0,1,0,
2024-06-01,as-6208-2rsc3,nas - pfi - zkl - mba,12.0,,0.0,0.0,0.0,,rojo,4,0.5244392757898582,2018-08-07,1.74,100.0,,0,,0.0,1,0,
2023-11-01,as-6209-2rsc3,nas - pfi - zkl - mba,5.0,,0.0,0.0,0.0,,rojo,4,0.4658972897784948,2019-11-21,1.31,50.0,,0,,0.0,1,0,
2023-11-01,as-6209-zzc3,nas - pfi - zkl - mba,94.0,,0.0,0.0,0.0,,rojo,4,0.19186622311384238,2013-04-25,2.15,30.0,,0,,0.0,1,0,
2023-11-01,as-6210-zzc3,nas - pfi - zkl - mba,8.0,,0.0,0.0,0.0,,rojo,4,0.1355802108804922,2013-04-25,1.96,20.0,,0,,0.0,1,0,
2022-04-01,as-6211-2rs,nas - pfi - zkl - mba,0.0,,0.0,0.0,0.0,,rojo,4,0.14859154929577456,2013-04-30,2.48,20.0,,0,,0.0,1,0,
2023-11-01,as-6211-zzc3,nas - pfi - zkl - mba,40.0,,0.0,0.0,0.0,,rojo,4,0.21948540210144762,2012-04-25,2.7,40.0,,0,,0.0,1,0,
2022-04-01,as-6214-zzc3,nas - pfi - zkl - mba,0.0,,0.0,0.0,0.0,,rojo,4,0.1898306980492071,2013-04-25,3.85,0.0,,0,,0.0,1,0,
2023-11-01,as-627-2rs,nas - pfi - zkl - mba,378.0,,0.0,0.0,0.0,,rojo,4,0.5169108873400229,2018-08-07,0.19,1000.0,,0,,0.0,1,0,
2023-11-01,as-6300-2rsc3,nas - pfi - zkl - mba,162.0,,0.0,0.0,0.0,,rojo,4,0.3771052979513631,2019-11-21,0.32,300.0,,0,,0.0,1,0,
2024-04-01,as-6301-2rsc3,nas - pfi - zkl - mba,0.0,,0.0,0.0,0.0,,rojo,4,0.7375099127676448,2019-11-21,0.36,500.0,,0,,0.0,1,0,
2023-06-01,as-6302-2rsc3,nas - pfi - zkl - mba,0.0,,0.0,0.0,0.0,,rojo,4,0.6061906885980847,2019-11-21,0.44,500.0,,0,,0.0,1,0,
2023-11-01,as-6304-2rsc3,nas - pfi - zkl - mba,0.0,,0.0,0.0,0.0,,rojo,4,0.380264921816747,2018-08-07,0.89,500.0,,0,,0.0,1,0,
2024-05-01,as-6305-2rsc3,nas - pfi - zkl - mba,0.0,,0.0,0.0,0.0,,rojo,4,0.7057133737631662,2019-11-21,1.12,400.0,,0,,0.0,1,0,
2024-01-01,as-6307-2rsc3,nas - pfi - zkl - mba,182.0,,0.0,0.0,0.0,,rojo,4,0.4749229859785826,2018-08-07,2.15,300.0,,0,,0.0,1,0,
2023-11-01,as-6308-zz,nas - pfi - zkl - mba,0.0,,0.0,0.0,0.0,,rojo,4,0.10818713450292394,2013-04-21,2.7,0.0,,0,,0.0,1,0,
2023-04-01,as-6308-zzc3,nas - pfi - zkl - mba,63.0,,0.0,0.0,0.0,,rojo,4,0.5040642534291762,2012-04-25,2.7,200.0,,0,,0.0,1,0,
2023-01-01,as-6309-2rsc3,nas - pfi - zkl - mba,1.0,,0.0,0.0,0.0,,rojo,4,0.6304170330423474,2019-11-21,2.23,100.0,,0,,0.0,1,0,
2024-05-01,as-6309-zz,nas - pfi - zkl - mba,9.0,,0.0,0.0,0.0,,rojo,4,0.32115917496820434,2013-04-21,3.3,0.0,,0,,0.0,1,0,
2024-04-01,as-6313-zz,nas - pfi - zkl - mba,68.0,,0.0,0.0,0.0,,rojo,4,-0.014849401698143897,2014-04-30,6.69,200.0,,0,,0.0,1,0,
2022-12-01,as-69349/10,nas - pfi - zkl - mba,0.0,,0.0,0.0,0.0,,rojo,4,0.6179643569160929,2014-12-26,2.12,100.0,,0,,0.0,1,0,
2024-09-01,as-7918,sakura filter,22.0,,0.0,0.0,0.0,,rojo,6,0.9709285112630488,2017-03-28,4.93,9.0,,0,,0.0,1,0,
2024-07-01,as-88240,sakura filter,159.0,,0.0,0.0,0.0,,rojo,6,0.6903503940339744,2023-12-05,2.02,60.0,,0,,0.0,1,0,
2024-12-01,as-l44649/10,nas - pfi - zkl - mba,177.0,,1.0,0.0,2.9949999999999997,,rojo,4,0.8068590667364139,2018-08-07,1.2,300.0,,0,,0.0,1,0,
2022-01-01,as-lm11749/10,nas - pfi - zkl - mba,0.0,,0.0,0.0,0.0,,rojo,4,0.49549972126790714,2017-08-17,1.32,300.0,,0,,0.0,1,0,
2024-01-01,as-lm48548/10,nas - pfi - zkl - mba,0.0,,0.0,0.0,0.0,,rojo,4,0.39308214610758513,2019-11-21,1.32,200.0,,0,,0.0,1,0,
2023-11-01,as-lm67048/10,nas - pfi - zkl - mba,0.0,,0.0,0.0,0.0,,rojo,4,0.8418663478157894,2016-11-30,0.86,400.0,,0,,0.0,1,0,
2023-11-01,as-m12649/10,nas - pfi - zkl - mba,0.0,,0.0,0.0,0.0,,rojo,4,0.5556136214497817,2014-12-26,1.16,300.0,,0,,0.0,1,0,
2023-04-01,as105y/2,prestone - usa,0.0,,0.0,0.0,0.0,,rojo,3,0.46010022414247675,2021-02-27,1.55,60.0,,0,,0.0,1,0,
2022-08-01,as145y,prestone - usa,0.0,,0.0,0.0,0.0,,rojo,3,0.47078512964620545,2022-03-03,1.67,120.0,,0,,0.0,1,0,
2022-05-01,as237sp-m2,sin definicion,0.0,,0.0,0.0,0.0,,rojo,0,0.4325137650440437,2021-11-17,1.75,3756.0,,0,,0.0,1,0,
2021-06-01,as237sp/1,sin definicion,0.0,,0.0,0.0,0.0,,rojo,0,0.28788346636462553,2020-10-14,1.85,1800.0,,0,,0.0,1,0,
2023-10-01,as261psp-m1,prestone - mexico,0.0,,0.0,0.0,0.0,,rojo,3,0.5194745941512671,2023-07-27,2.78,96.0,,0,,0.0,1,0,
2021-06-01,as335sp/2,sin definicion,0.0,,0.0,0.0,0.0,,rojo,0,0.5029594903772648,2019-10-31,2.35,300.0,,0,,0.0,1,0,
2021-12-01,as657/2,sin definicion,0.0,,0.0,0.0,0.0,,rojo,0,0.5119726171174286,2021-09-23,1.5,390.0,,0,,0.0,1,0,
2021-03-01,as661y-6,sin definicion,0.0,,0.0,0.0,0.0,,rojo,0,0.5042476325880492,2019-06-14,6.49,12.0,,0,,0.0,1,0,
2021-09-01,as663y-6,sin definicion,0.0,,0.0,0.0,0.0,,rojo,0,0.5396969239289131,2019-06-14,8.49,24.0,,0,,0.0,1,0,
2022-05-01,as730/5,prestone - usa,0.0,,0.0,0.0,0.0,,rojo,3,0.36263988938009434,2021-09-23,2.09,120.0,,0,,0.0,1,0,
2024-05-01,as770dm,prestone - mexico,0.0,,0.0,0.0,0.0,,rojo,3,0.5360074395681048,2023-07-27,2.57,120.0,,0,,0.0,1,0,
2022-08-01,atf-0t4,aisin - japon,0.0,,0.0,0.0,0.0,,rojo,6,0.5010234931793719,2021-01-07,4.08,60.0,,0,,0.0,1,0,
2025-03-01,aty015,ito koyama - direccion,232.0,,5.0,1500.95,250.15833333333333,,rojo,0,0.7456614965755821,2025-02-28,2.297922,300.0,,0,,0.0,1,0,
2024-01-01,b10-al,baldwin filters,0.0,,0.0,0.0,0.0,,rojo,4,0.1777951282444243,2017-11-15,18.294,400.0,,0,,0.0,1,0,
2025-03-01,b1006,ito koyama - trapecios,138.0,,8.0,418.85,69.80833333333334,,rojo,0,0.882012190602774,2024-12-10,1.26,297.0,,0,,0.0,1,0,
2025-03-01,b1007,ito koyama - trapecios,158.0,,6.0,141.34,23.55666666666667,,rojo,0,0.8894743565711518,2024-12-10,1.4,200.0,,0,,0.0,1,0,
2025-03-01,b1008,ito koyama - trapecios,54.0,,8.0,541.05,90.175,,rojo,0,0.8365526742639104,2024-12-10,1.7,209.0,,0,,0.0,1,0,
2025-03-01,b1009,ito koyama - trapecios,21.0,,8.0,172.92000000000002,28.820000000000004,,rojo,0,0.6035250431743412,2024-06-11,1.447071,198.0,,0,,0.0,1,0,
2025-03-01,b1010,ito koyama - trapecios,31.0,,10.0,557.85,98.46,,rojo,0,0.8596681004476074,2024-12-10,1.51,200.0,,0,,0.0,1,0,
2025-03-01,b1011,ito koyama - trapecios,155.0,,6.0,180.27,30.045,,rojo,0,0.8508671999062345,2024-12-10,1.68,200.0,,0,,0.0,1,0,
2025-03-01,b1012,ito koyama - trapecios,103.0,,14.0,1027.65,171.275,,rojo,0,0.8477114069397406,2024-12-10,1.74,400.0,,0,,0.0,1,0,
2025-03-01,b1013,ito koyama - trapecios,209.0,,12.0,1279.84,213.30666666666664,,rojo,0,0.8904569564618725,2024-12-10,1.59,402.0,,0,,0.0,1,0,
2025-03-01,b1014,ito koyama - trapecios,150.0,,10.0,189.4,43.721666666666664,,rojo,0,0.8692554047297028,2024-12-10,1.59,200.0,,0,,0.0,1,0,
2025-03-01,b1015,ito koyama - trapecios,187.0,,9.0,807.16,134.52666666666667,,rojo,0,0.8279937114691569,2024-12-10,1.84,400.0,,0,,0.0,1,0,
2025-03-01,b1016,ito koyama - trapecios,97.0,,5.0,147.34,27.590000000000003,,rojo,0,0.8428981420351433,2024-03-19,2.432347,196.0,,0,,0.0,1,0,
2025-03-01,b1017,ito koyama - trapecios,261.0,,6.0,312.17,52.028333333333336,,rojo,0,0.8453994547314382,2024-12-10,1.08,400.0,,0,,0.0,1,0,
2025-03-01,b1018,ito koyama - trapecios,301.0,,11.0,326.51,54.41833333333333,,rojo,0,1.2371684466415402,2024-12-10,1.3,398.0,,0,,0.0,1,0,
2025-03-01,b1019,ito koyama - trapecios,125.0,,9.0,647.78,107.96333333333332,,rojo,0,0.8539647870906639,2024-12-10,1.8,300.0,,0,,0.0,1,0,
2025-03-01,b1020,ito koyama - trapecios,227.0,,12.0,300.92,59.82,,rojo,0,0.913243811193632,2024-12-10,1.8,300.0,,0,,0.0,1,0,
2025-03-01,b1021,ito koyama - trapecios,206.0,,9.0,370.89,61.815,,rojo,0,0.8731033898509317,2024-12-10,1.59,300.0,,0,,0.0,1,0,
2025-04-01,b10405500,valvoline,5.0,,5.0,6823.96,1137.3266666666666,,rojo,0,0.3442926509347653,2023-07-11,593.9,15.0,,0,,0.0,1,0,
2022-04-01,b43-s,baldwin filters,0.0,,0.0,0.0,0.0,,rojo,4,0.7479165209233791,2014-12-16,1.898056,72.0,,0,,0.0,1,0,
2022-04-01,b7030,baldwin filters,0.0,,0.0,0.0,0.0,,rojo,4,0.15694376856466388,2016-09-20,9.033,210.0,,0,,0.0,1,0,
2024-07-01,b7577,baldwin filters,136.0,,0.0,0.0,0.0,,rojo,4,0.03304590964351206,2016-09-20,7.188,210.0,,0,,0.0,1,0,
2022-03-01,b7685,baldwin filters,0.0,,0.0,0.0,0.0,,rojo,4,0.10871360278139952,2016-09-20,8.076,180.0,,0,,0.0,1,0,
2022-04-01,bb-121j 150,ks - brasil,0.0,,0.0,0.0,0.0,,rojo,4,0.13256749045118,2012-11-16,3.93,200.0,,0,,0.0,1,0,
2022-04-01,bc-174j 075,ks - brasil,0.0,,0.0,0.0,0.0,,rojo,4,0.4664750957854406,2011-06-04,13.44,30.0,,0,,0.0,1,0,
2025-02-01,bcg001,ito koyama - bocamazas,0.0,,12.0,68.18,79.25,,rojo,0,0.7275738123046808,2024-11-13,7.26,30.0,,0,,0.0,1,0,
2025-03-01,bcg002,ito koyama - bocamazas,1.0,,16.0,201.0,131.0,,rojo,0,0.7379625062317676,2024-11-13,8.32,50.0,,0,,0.0,1,0,
2025-03-01,bch005,ito koyama - bocamazas,0.0,,27.0,2396.31,736.16,,rojo,0,0.7695606986052416,2024-11-13,8.18,80.0,,0,,0.0,1,0,
2025-03-01,bch006,ito koyama - bocamazas,36.0,,11.0,1116.98,261.1333333333333,,rojo,0,0.6433051888518175,2024-11-13,15.31,60.0,,0,,0.0,1,0,
2025-03-01,bch007,ito koyama - bocamazas,13.0,,8.0,828.4,174.97333333333333,,rojo,0,0.6379813631375035,2024-11-13,15.13,30.0,,0,,0.0,1,0,
2025-03-01,bch008,ito koyama - bocamazas,27.0,,8.0,233.03,43.843333333333334,,rojo,0,0.6931898658182944,2024-11-13,8.66,40.0,,0,,0.0,1,0,
2025-03-01,bch009,ito koyama - bocamazas,45.0,,5.0,89.21000000000001,37.75833333333333,,rojo,0,0.6786676188851356,2024-11-13,7.92,60.0,,0,,0.0,1,0,
2025-02-01,bdd010s,ishikawa - discos de freno,0.0,,7.0,354.17,118.52,,rojo,0,1.2359497117165636,2024-07-24,11.09,50.0,,0,,0.0,1,0,
2025-01-01,bdd020s,ishikawa - discos de freno,0.0,,9.0,203.39,308.4733333333333,,rojo,0,1.0846012452063425,2024-10-30,12.7,50.0,,0,,0.0,1,0,
2025-01-01,bdd107,ishikawa - discos de freno,20.0,,2.0,69.09,11.515,,rojo,0,0.7344175843056384,2023-07-05,9.52,50.0,,0,,0.0,1,0,
2025-02-01,bdd108,ishikawa - discos de freno,0.0,,10.0,268.63,77.85666666666667,,rojo,0,0.7567083192983427,2023-07-05,8.34,50.0,,0,,0.0,1,0,
2025-02-01,bdd111,ishikawa - discos de freno,50.0,,4.0,131.77,29.811666666666667,,rojo,0,0.8330594413996909,2024-01-09,11.16,50.0,,0,,0.0,1,0,
2025-01-01,bdd114,ishikawa - discos de freno,26.0,,3.0,28.56,15.071666666666667,,rojo,0,0.7555114977928344,2023-07-05,8.31,50.0,,0,,0.0,1,0,
2024-08-01,bdd115,ishikawa - discos de freno,0.0,,0.0,0.0,0.0,,rojo,6,0.7546844756089007,2023-07-05,7.49,50.0,,0,,0.0,1,0,
2025-01-01,bdd116,ishikawa - discos de freno,20.0,,3.0,23.73,16.911666666666665,,rojo,0,0.7678240250105978,2023-07-05,6.9,50.0,,0,,0.0,1,0,
2025-03-01,bdd118,ishikawa - discos de freno,24.0,,9.0,70.47,47.71,,rojo,0,0.6864414000176905,2024-07-24,6.39,50.0,,0,,0.0,1,0,
2025-02-01,bdd125,ishikawa - discos de freno,14.0,,2.0,51.75,16.463333333333335,,rojo,0,0.7207339370952514,2023-07-05,13.55,50.0,,0,,0.0,1,0,
2025-01-01,bdd126,ishikawa - discos de freno,12.0,,2.0,28.66,9.818333333333333,,rojo,0,0.7294731595634016,2023-07-05,8.34,50.0,,0,,0.0,1,0,
2025-02-01,bdd127,ishikawa - discos de freno,28.0,,4.0,143.48000000000002,30.316666666666666,,rojo,0,0.7326540876034695,2023-07-05,10.06,50.0,,0,,0.0,1,0,
2025-01-01,bdd128,ishikawa - discos de freno,28.0,,3.0,24.1,12.660000000000002,,rojo,0,0.7353180845052709,2023-07-05,6.79,50.0,,0,,0.0,1,0,
2025-03-01,bdd130,ishikawa - discos de freno,14.0,,3.0,131.96,21.993333333333336,,rojo,0,0.7774253701314732,2023-07-05,7.35,50.0,,0,,0.0,1,0,
2025-01-01,bdd131,ishikawa - discos de freno,42.0,,1.0,36.37,6.0616666666666665,,rojo,0,0.7084373256354844,2023-07-05,10.58,50.0,,0,,0.0,1,0,
2024-11-01,bdd133,ishikawa - discos de freno,26.0,,3.0,0.0,22.588333333333335,,rojo,6,0.7599231264058123,2023-07-05,12.45,50.0,,0,,0.0,1,0,
2025-01-01,bdd135,ishikawa - discos de freno,24.0,,2.0,84.53999999999999,14.089999999999998,,rojo,0,0.7712371719383267,2023-07-05,11.65,50.0,,0,,0.0,1,0,
2024-08-01,bdd138,ishikawa - discos de freno,0.0,,0.0,0.0,0.0,,rojo,6,0.7648505822207523,2023-07-05,6.68,50.0,,0,,0.0,1,0,
2025-01-01,bdd140,ishikawa - discos de freno,28.0,,2.0,28.19,14.518333333333333,,rojo,0,0.6845126927643611,2023-07-05,8.25,50.0,,0,,0.0,1,0,
2025-02-01,bdd144,ishikawa - discos de freno,18.0,,3.0,121.15,20.191666666666666,,rojo,0,0.75211915848469,2023-07-05,8.35,50.0,,0,,0.0,1,0,
2024-07-01,bdd145,ishikawa - discos de freno,0.0,,0.0,0.0,0.0,,rojo,6,0.7985749985438678,2023-07-05,10.96,50.0,,0,,0.0,1,0,
2024-11-01,bdd154,ishikawa - discos de freno,0.0,,11.0,0.0,340.36333333333334,,rojo,6,0.6116396591520983,2024-07-24,10.27,150.0,,0,,0.0,1,0,
2025-03-01,bdd155,ishikawa - discos de freno,26.0,,3.0,81.36,56.55166666666667,,rojo,0,0.9629500690001256,2024-01-09,20.36,46.0,,0,,0.0,1,0,
2025-03-01,bdd156,ishikawa - discos de freno,30.0,,3.0,79.66,55.15,,rojo,0,0.9616510308208639,2024-01-09,19.83,48.0,,0,,0.0,1,0,
2024-11-01,bdd157,ishikawa - discos de freno,0.0,,3.0,0.0,32.095,,rojo,6,0.9541675836152809,2024-01-09,15.2,50.0,,0,,0.0,1,0,
2024-12-01,bdd158,ishikawa - discos de freno,0.0,,5.0,0.0,56.595,,rojo,6,0.9417341085532138,2024-01-09,14.23,50.0,,0,,0.0,1,0,
2025-01-01,bdd160,ishikawa - discos de freno,26.0,,5.0,87.34,46.91,,rojo,0,0.9396965005315199,2024-01-09,12.05,50.0,,0,,0.0,1,0,
2025-03-01,bdd163,ishikawa - discos de freno,12.0,,9.0,127.00999999999999,72.39333333333333,,rojo,0,0.9434792816058224,2024-01-09,10.88,50.0,,0,,0.0,1,0,
2025-02-01,bdd164,ishikawa - discos de freno,28.0,,5.0,118.10999999999999,47.660000000000004,,rojo,0,0.9191652961869806,2024-01-09,10.66,50.0,,0,,0.0,1,0,
2025-03-01,bdd166,ishikawa - discos de freno,0.0,,5.0,126.22999999999999,35.39833333333333,,rojo,0,0.960807735561179,2024-01-09,10.2,50.0,,0,,0.0,1,0,
2025-01-01,bdd167,ishikawa - discos de freno,32.0,,1.0,35.41,5.901666666666666,,rojo,0,0.9430060340098738,2024-01-09,9.3132,50.0,,0,,0.0,1,0,
2025-01-01,bdd168,ishikawa - discos de freno,30.0,,3.0,33.56,22.973333333333333,,rojo,0,0.785362672567705,2024-01-09,9.49,50.0,,0,,0.0,1,0,
2025-03-01,bdd169,ishikawa - discos de freno,16.0,,4.0,139.88,29.423333333333332,,rojo,0,0.9115956629670123,2024-01-09,9.14,50.0,,0,,0.0,1,0,
2024-09-01,bdd171,ishikawa - discos de freno,0.0,,0.0,0.0,0.0,,rojo,6,0.9398474744433173,2024-01-09,7.74,50.0,,0,,0.0,1,0,
2024-11-01,bdd172,ishikawa - discos de freno,0.0,,2.0,0.0,16.17833333333333,,rojo,6,0.9689972608721924,2024-01-09,7.66,50.0,,0,,0.0,1,0,
2025-01-01,bdd173,ishikawa - discos de freno,16.0,,7.0,27.63,39.528333333333336,,rojo,0,0.937751552099135,2024-01-09,7.48,50.0,,0,,0.0,1,0,
2025-02-01,bdd174,ishikawa - discos de freno,12.0,,4.0,58.68,19.663333333333334,,rojo,0,0.9549075480003744,2024-01-09,7.2,50.0,,0,,0.0,1,0,
2024-11-01,bdd175,ishikawa - discos de freno,32.0,,1.0,0.0,4.748333333333333,,rojo,6,0.948913053992939,2024-01-09,7.1,50.0,,0,,0.0,1,0,
2025-02-01,bdd176,ishikawa - discos de freno,26.0,,4.0,51.4,22.643333333333334,,rojo,0,0.9644926542894351,2024-01-09,6.78,50.0,,0,,0.0,1,0,
2025-02-01,bdd177,ishikawa - discos de freno,2.0,,8.0,73.01,32.51833333333334,,rojo,0,0.9447622997564652,2024-01-09,5.9,50.0,,0,,0.0,1,0,
2024-10-01,bdd178,ishikawa - discos de freno,0.0,,1.0,0.0,24.581666666666667,,rojo,6,0.9486158723067241,2024-01-09,17.46,50.0,,0,,0.0,1,0,
2025-03-01,bdd179,ishikawa - discos de freno,22.0,,4.0,298.07,72.25833333333334,,rojo,0,0.996663113255252,2024-01-09,16.04,50.0,,0,,0.0,1,0,
2024-09-01,bdd180,ishikawa - discos de freno,0.0,,0.0,0.0,0.0,,rojo,6,0.9613493813053692,2024-01-09,14.17,50.0,,0,,0.0,1,0,
2025-02-01,bdd182,ishikawa - discos de freno,32.0,,3.0,159.99,36.18833333333333,,rojo,0,0.9394049042434922,2024-01-09,13.53,50.0,,0,,0.0,1,0,
2024-10-01,bdd183,ishikawa - discos de freno,0.0,,1.0,0.0,18.078333333333333,,rojo,6,0.9730757769949016,2024-01-09,12.99,50.0,,0,,0.0,1,0,
2024-10-01,bdd184,ishikawa - discos de freno,36.0,,1.0,0.0,8.485,,rojo,6,0.979008294573,2024-01-09,12.69,50.0,,0,,0.0,1,0,
2024-11-01,bdd187,ishikawa - discos de freno,0.0,,4.0,0.0,29.69333333333333,,rojo,6,0.9342033337746593,2024-01-09,10.9,50.0,,0,,0.0,1,0,
2024-12-01,bdd189,ishikawa - discos de freno,14.0,,5.0,0.0,47.32833333333334,,rojo,6,0.9838197314049587,2024-01-09,9.89,50.0,,0,,0.0,1,0,
2025-02-01,bdd190,ishikawa - discos de freno,4.0,,2.0,36.95,12.450000000000001,,rojo,0,0.9279509260103301,2024-01-09,9.41,50.0,,0,,0.0,1,0,
2025-02-01,bdd193,ishikawa - discos de freno,20.0,,5.0,135.78,34.38666666666667,,rojo,0,0.9584629176438599,2024-01-09,8.35,50.0,,0,,0.0,1,0,
2025-02-01,bdd194,ishikawa - discos de freno,24.0,,2.0,61.49,15.671666666666667,,rojo,0,0.9559269863994273,2024-01-09,8.11,50.0,,0,,0.0,1,0,
2025-01-01,bdd197,ishikawa - discos de freno,34.0,,4.0,49.83,17.413333333333334,,rojo,0,0.6698628450093606,2024-01-09,7.69,50.0,,0,,0.0,1,0,
2025-02-01,bdd198,ishikawa - discos de freno,44.0,,4.0,132.6,27.46666666666667,,rojo,0,0.9642046258743525,2024-01-24,7.69,50.0,,0,,0.0,1,0,
2025-02-01,bdd199,ishikawa - discos de freno,26.0,,7.0,119.47999999999999,35.135,,rojo,0,0.9604711903057299,2024-01-09,7.41,50.0,,0,,0.0,1,0,
2025-03-01,bdd200,ishikawa - discos de freno,38.0,,5.0,184.76,30.793333333333333,,rojo,0,0.9629567717325762,2024-01-24,7.44,50.0,,0,,0.0,1,0,
2025-01-01,bdd203,ishikawa - discos de freno,36.0,,2.0,22.88,7.838333333333334,,rojo,0,0.7839202965708989,2024-01-09,6.89,50.0,,0,,0.0,1,0,
2025-03-01,bdd204,ishikawa - discos de freno,0.0,,3.0,45.93,37.541666666666664,,rojo,0,0.9273062443511512,2024-01-09,5.42,50.0,,0,,0.0,1,0,
2024-12-01,bdd208,ishikawa - discos de freno,28.0,,3.0,0.0,14.548333333333334,,rojo,6,0.9001682579368325,2024-01-24,7.39,50.0,,0,,0.0,1,0,
2025-01-01,bdd209,ishikawa - discos de freno,12.0,,2.0,51.379999999999995,8.563333333333333,,rojo,0,0.8556470161944674,2023-12-23,6.83,50.0,,0,,0.0,1,0,
2025-01-01,bdd210,ishikawa - discos de freno,36.0,,1.0,23.39,3.8983333333333334,,rojo,0,0.8775782688766115,2024-01-24,6.58,50.0,,0,,0.0,1,0,
2024-09-01,bdd211,ishikawa - discos de freno,48.0,,0.0,0.0,0.0,,rojo,6,1.0974460590048438,2024-01-24,13.76,50.0,,0,,0.0,1,0,
2024-11-01,bdd212,ishikawa - discos de freno,42.0,,1.0,0.0,4.096666666666667,,rojo,6,1.0812551610239471,2024-01-24,5.87,50.0,,0,,0.0,1,0,
2025-01-01,bdd213,ishikawa - discos de freno,38.0,,4.0,130.51,47.155,,rojo,0,0.8525326130131091,2024-01-24,12.86,50.0,,0,,0.0,1,0,
2025-01-01,bdd214,ishikawa - discos de freno,28.0,,3.0,33.56,18.023333333333333,,rojo,0,0.9370099151773447,2024-01-24,9.53,50.0,,0,,0.0,1,0,
2025-02-01,bdd215,ishikawa - discos de freno,32.0,,5.0,189.68,49.126666666666665,,rojo,0,1.0662702406017877,2024-01-24,10.12,50.0,,0,,0.0,1,0,
2025-03-01,bdd216,ishikawa - discos de freno,26.0,,5.0,152.1,47.89333333333334,,rojo,0,0.6716615698267074,2024-01-24,6.34,50.0,,0,,0.0,1,0,
2025-03-01,bdd217,ishikawa - discos de freno,40.0,,4.0,91.1,22.528333333333332,,rojo,0,0.6461288668603657,2024-01-24,7.09,50.0,,0,,0.0,1,0,
2025-03-01,bdd218,ishikawa - discos de freno,10.0,,7.0,409.33000000000004,133.90166666666667,,rojo,0,1.1583085202092795,2024-01-24,17.26,50.0,,0,,0.0,1,0,
2025-03-01,bdd219,ishikawa - discos de freno,25.0,,4.0,125.75999999999999,49.74166666666667,,rojo,0,1.2271555361105035,2024-01-24,14.1,50.0,,0,,0.0,1,0,
2025-03-01,bdd220,ishikawa - discos de freno,16.0,,7.0,136.45,48.166666666666664,,rojo,0,0.7019859538054691,2024-01-24,8.5,50.0,,0,,0.0,1,0,
2025-02-01,bdd221,ishikawa - discos de freno,34.0,,2.0,180.34,30.05666666666667,,rojo,0,1.04187406500748,2024-01-24,14.85,50.0,,0,,0.0,1,0,
2025-01-01,bdd222,ishikawa - discos de freno,34.0,,4.0,121.72999999999999,53.0,,rojo,0,0.8639686539318372,2024-01-24,16.98,50.0,,0,,0.0,1,0,
2025-01-01,bdd223,ishikawa - discos de freno,44.0,,1.0,32.03,5.338333333333334,,rojo,0,0.8102622950819672,2024-01-24,9.24,50.0,,0,,0.0,1,0,
2025-01-01,bdd224,ishikawa - discos de freno,30.0,,1.0,37.29,6.215,,rojo,0,1.282894195988162,2024-01-24,7.37,50.0,,0,,0.0,1,0,
2025-01-01,bdd225,ishikawa - discos de freno,38.0,,3.0,55.53,14.085,,rojo,0,0.756423648188737,2024-01-24,7.82,50.0,,0,,0.0,1,0,
2025-02-01,bdd227,ishikawa - discos de freno,40.0,,2.0,64.4,10.733333333333334,,rojo,0,0.914160045402951,2024-01-24,8.54,50.0,,0,,0.0,1,0,
2025-01-01,bdd228,ishikawa - discos de freno,30.0,,4.0,145.79,30.794999999999998,,rojo,0,0.8950640781626696,2024-01-24,9.55,50.0,,0,,0.0,1,0,
2025-02-01,bdd229,ishikawa - discos de freno,6.0,,9.0,148.88,55.068333333333335,,rojo,0,1.0762692562478235,2024-01-24,6.66,50.0,,0,,0.0,1,0,
2025-02-01,bdd230,ishikawa - discos de freno,14.0,,11.0,906.78,249.72,,rojo,0,0.9218361842274775,2024-10-30,7.56,50.0,,0,,0.0,1,0,
2025-01-01,bdd231,ishikawa - discos de freno,32.0,,4.0,88.47,30.338333333333335,,rojo,0,0.7265123457932661,2024-01-24,6.68,50.0,,0,,0.0,1,0,
2025-01-01,bdd232,ishikawa - discos de freno,22.0,,2.0,35.59,11.863333333333335,,rojo,0,0.78237999528163,2024-01-24,9.08,50.0,,0,,0.0,1,0,
2025-03-01,bdd233,ishikawa - discos de freno,26.0,,6.0,106.27000000000001,48.78666666666666,,rojo,0,1.0043621658044253,2024-01-24,8.65,50.0,,0,,0.0,1,0,
2025-01-01,bdd234,ishikawa - discos de freno,30.0,,2.0,57.97,9.661666666666667,,rojo,0,0.8774284872523339,2024-01-24,7.78,48.0,,0,,0.0,1,0,
2025-01-01,bdd235,ishikawa - discos de freno,32.0,,2.0,46.78,7.796666666666667,,rojo,0,0.8566373995743671,2024-01-24,6.36,50.0,,0,,0.0,1,0,
2025-01-01,bdd236,ishikawa - discos de freno,38.0,,2.0,51.53,8.588333333333333,,rojo,0,0.9685010190846768,2024-01-24,6.54,50.0,,0,,0.0,1,0,
2025-03-01,bdd237,ishikawa - discos de freno,21.0,,4.0,187.53,44.815,,rojo,0,1.16276492897091,2024-01-24,16.8,50.0,,0,,0.0,1,0,
2025-01-01,bdd238,ishikawa - discos de freno,28.0,,4.0,59.49,19.830000000000002,,rojo,0,1.152677526033589,2024-01-24,6.36,50.0,,0,,0.0,1,0,
2025-01-01,bdd239,ishikawa - discos de freno,32.0,,4.0,21.36,15.791666666666666,,rojo,0,0.735211012497736,2024-01-24,6.69,50.0,,0,,0.0,1,0,
2025-01-01,bdd241,ishikawa - discos de freno,26.0,,4.0,68.05000000000001,29.043333333333337,,rojo,0,1.2719651059030344,2024-01-24,6.96,50.0,,0,,0.0,1,0,
2025-03-01,bdd243,ishikawa - discos de freno,8.0,,6.0,153.73000000000002,51.01833333333334,,rojo,0,0.5692232045378371,2024-01-24,7.63,50.0,,0,,0.0,1,0,
2025-03-01,bdd244,ishikawa - discos de freno,16.0,,9.0,439.15,110.945,,rojo,0,0.9784174084770392,2024-01-24,10.91,50.0,,0,,0.0,1,0,
2025-02-01,bdd245,ishikawa - discos de freno,6.0,,10.0,343.64,76.79333333333334,,rojo,0,0.9759218173101168,2024-01-24,6.75,50.0,,0,,0.0,1,0,
2025-02-01,bdd246,ishikawa - discos de freno,7.0,,3.0,65.43,16.555,,rojo,0,0.8919619377573588,2024-01-24,8.51,50.0,,0,,0.0,1,0,
2025-03-01,bdd247,ishikawa - discos de freno,62.0,,8.0,300.85,64.02499999999999,,rojo,0,1.1022005724830362,2024-03-20,9.44,96.0,,0,,0.0,1,0,
2025-02-01,bdd248,ishikawa - discos de freno,72.0,,8.0,279.7,66.24,,rojo,0,0.7937161731932504,2024-03-20,5.17,96.0,,0,,0.0,1,0,
2025-03-01,bdd249,ishikawa - discos de freno,36.0,,2.0,33.54,11.18,,rojo,0,0.6478217359159062,2024-07-24,8.68,50.0,,0,,0.0,1,0,
2024-10-01,bdd250,ishikawa - discos de freno,0.0,,0.0,0.0,0.0,,rojo,6,0.7058552202828069,2024-07-24,7.92,50.0,,0,,0.0,1,0,
2025-03-01,bdd251,ishikawa - discos de freno,58.0,,11.0,290.53,135.16166666666666,,rojo,0,0.6759154352000684,2024-07-24,14.94,100.0,,0,,0.0,1,0,
2025-03-01,bdd252,ishikawa - discos de freno,62.0,,10.0,126.61,84.25333333333333,,rojo,0,0.6801736633178145,2024-07-24,10.81,100.0,,0,,0.0,1,0,
2025-02-01,bdd253,ishikawa - discos de freno,6.0,,8.0,152.54,198.68999999999997,,rojo,0,0.8432016661105524,2024-07-24,18.26,50.0,,0,,0.0,1,0,
2025-03-01,bdd254,ishikawa - discos de freno,32.0,,7.0,377.15,88.75666666666666,,rojo,0,1.0876249084529541,2024-07-24,6.38,100.0,,0,,0.0,1,0,
2025-03-01,bdf001,ito koyama - bocamazas,4.0,,15.0,603.4,193.89,,rojo,0,0.6768510659688161,2024-11-13,9.08,30.0,,0,,0.0,1,0,
2025-03-01,bdf002,ito koyama - bocamazas,30.0,,15.0,437.57,156.12,,rojo,0,0.7067275313000808,2024-11-13,10.11,80.0,,0,,0.0,1,0,
2025-03-01,bdf003,ito koyama - bocamazas,78.0,,17.0,1848.96,595.855,,rojo,0,0.6739509241372976,2024-11-13,14.47,120.0,,0,,0.0,1,0,
2025-03-01,bdf004,ito koyama - bocamazas,40.0,,18.0,1832.67,770.5500000000001,,rojo,0,0.6752605653397268,2024-11-13,16.64,80.0,,0,,0.0,1,0,
2023-10-01,bf1226,baldwin filters,0.0,,0.0,0.0,0.0,,rojo,4,0.222970996480906,2016-09-20,4.416,360.0,,0,,0.0,1,0,
2024-01-01,bf1262,baldwin filters,0.0,,0.0,0.0,0.0,,rojo,4,-0.6047682571748345,2015-04-17,17.37299,204.0,,0,,0.0,1,0,
2022-02-01,bf1346-o,baldwin filters,0.0,,0.0,0.0,0.0,,rojo,4,0.11304504961212364,2015-04-17,13.344,600.0,,0,,0.0,1,0,
2021-10-01,bf1360-sp,baldwin filters,4.0,,0.0,0.0,0.0,,rojo,4,0.2402756609899941,2016-09-20,10.592917,24.0,,0,,0.0,1,0,
2023-05-01,bf1385-sps,baldwin filters,0.0,,0.0,0.0,0.0,,rojo,4,0.43132437050542255,2014-12-16,10.95,72.0,,0,,0.0,1,0,
2021-12-01,bf588,baldwin filters,0.0,,0.0,0.0,0.0,,rojo,4,0.36800884977121184,2017-11-15,4.092,60.0,,0,,0.0,1,0,
2024-11-01,bf7000m3,prestone - mexico,0.0,,1.0,0.0,36.61,,rojo,3,0.39271079223978517,2023-12-18,3.01649,648.0,,0,,0.0,1,0,
2023-02-01,bf7619,baldwin filters,0.0,,0.0,0.0,0.0,,rojo,4,0.4206178969763674,2014-12-16,5.242083,48.0,,0,,0.0,1,0,
2021-11-01,bf7624,baldwin filters,0.0,,0.0,0.0,0.0,,rojo,4,0.42850510879145576,2016-09-20,5.246944,36.0,,0,,0.0,1,0,
2022-10-01,bf7629,baldwin filters,0.0,,0.0,0.0,0.0,,rojo,4,0.28995946194698047,2016-09-20,3.954,240.0,,0,,0.0,1,0,
2023-08-01,bf7766,baldwin filters,0.0,,0.0,0.0,0.0,,rojo,4,0.5339400509385027,2014-12-16,8.316944,72.0,,0,,0.0,1,0,
2021-02-01,bf7886,baldwin filters,0.0,,0.0,0.0,0.0,,rojo,4,0.20543701948201054,2015-04-17,9.36,72.0,,0,,0.0,1,0,
2021-06-01,bfp-811,sin definicion,0.0,,0.0,0.0,0.0,,rojo,0,0.6690378610460578,2019-12-19,5.18,120.0,,0,,0.0,1,0,
2025-02-01,bhy011,ito koyama - bocamazas,11.0,,5.0,483.16,115.58166666666666,,rojo,0,0.8349715871219379,2024-11-13,16.64,30.0,,0,,0.0,1,0,
2025-01-01,bhy013,ito koyama - bocamazas,97.0,,3.0,93.77,15.628333333333332,,rojo,0,0.7431216970093177,2024-11-13,12.3,100.0,,0,,0.0,1,0,
2025-03-01,bhy014,ito koyama - bocamazas,25.0,,8.0,519.62,139.05,,rojo,0,0.8283300754691711,2024-11-13,15.6,50.0,,0,,0.0,1,0,
2025-02-01,bhy015,ito koyama - bocamazas,55.0,,8.0,410.28,123.78666666666668,,rojo,0,0.7736890195582283,2024-11-13,14.13,80.0,,0,,0.0,1,0,
2025-01-01,bhy016,ito koyama - bocamazas,27.0,,3.0,61.4,20.468333333333334,,rojo,0,0.7843303513701971,2024-11-13,15.68,30.0,,0,,0.0,1,0,
2025-01-01,bhy017,ito koyama - bocamazas,21.0,,4.0,180.55,49.348333333333336,,rojo,0,0.7361705242637155,2024-11-13,15.38,30.0,,0,,0.0,1,0,
2025-01-01,bhy018,ito koyama - bocamazas,29.0,,2.0,39.26,6.543333333333333,,rojo,0,0.7031793919702947,2024-11-13,10.45,30.0,,0,,0.0,1,0,
2025-01-01,bhy019,ito koyama - bocamazas,29.0,,2.0,70.14,11.69,,rojo,0,0.7031696544557027,2024-11-13,18.67,30.0,,0,,0.0,1,0,
2025-01-01,bhy020,ito koyama - bocamazas,27.0,,3.0,61.4,20.468333333333334,,rojo,0,0.7843303513701971,2024-11-13,15.68,30.0,,0,,0.0,1,0,
2025-01-01,bhy021,ito koyama - bocamazas,29.0,,2.0,70.14,11.69,,rojo,0,0.7031696544557027,2024-11-13,18.67,30.0,,0,,0.0,1,0,
2025-02-01,bhy022,ito koyama - bocamazas,0.0,,5.0,318.01,86.98166666666667,,rojo,0,0.878598005220147,2024-11-13,7.77,30.0,,0,,0.0,1,0,
2025-01-01,bkt-001,wagner - pastillas,0.0,,2.0,1239.83,206.63833333333332,,rojo,0,0.8642921879426677,2024-06-13,41.67,100.0,,0,,0.0,1,0,
2025-03-01,bkt-002,wagner - pastillas,0.0,,8.0,3118.65,519.775,,rojo,0,0.7114582354553329,2025-01-01,80.39,100.0,,0,,0.0,1,0,
2025-04-01,bkt-003,wagner - pastillas,0.0,,8.0,3449.16,574.86,,rojo,0,1.0353080884253707,2025-01-28,62.03,100.0,,0,,0.0,1,0,
2025-03-01,bmi003,ito koyama - bocamazas,16.0,,6.0,288.21,53.085,,rojo,0,0.682586271272383,2024-11-13,8.21,30.0,,0,,0.0,1,0,
2025-03-01,bmi004,ito koyama - bocamazas,28.0,,10.0,120.9,35.52333333333333,,rojo,0,0.7991844688573364,2024-11-13,4.63,50.0,,0,,0.0,1,0,
2025-03-01,bmi006,ito koyama - bocamazas,7.0,,11.0,416.53,81.61166666666666,,rojo,0,0.8044589154722162,2024-11-13,9.71,30.0,,0,,0.0,1,0,
2025-01-01,bmz004,ito koyama - bocamazas,19.0,,2.0,53.34,8.89,,rojo,0,0.46524495016006334,2024-11-13,13.62,20.0,,0,,0.0,1,0,
2025-01-01,bni008,ito koyama - bocamazas,0.0,,9.0,216.9,253.5,,rojo,6,0.6981635767060844,2024-11-13,21.94,40.0,,0,,0.0,1,0,
2025-02-01,bni010,ito koyama - bocamazas,34.0,,4.0,48.42999999999999,12.996666666666664,,rojo,0,0.7647135515241688,2024-11-13,5.0,40.0,,0,,0.0,1,0,
2025-03-01,bni011,ito koyama - bocamazas,25.0,,9.0,67.59,35.62,,rojo,0,0.7061753933446139,2024-11-13,4.42,50.0,,0,,0.0,1,0,
2025-03-01,bni013,ito koyama - bocamazas,30.0,,6.0,294.15,52.945,,rojo,0,0.789395419940449,2024-11-13,13.01,40.0,,0,,0.0,1,0,
2025-03-01,bni014,ito koyama - bocamazas,15.0,,11.0,976.47,207.49166666666667,,rojo,0,0.7818547834760307,2024-11-13,21.94,40.0,,0,,0.0,1,0,
2025-03-01,bni015,ito koyama - bocamazas,7.0,,7.0,434.96,104.995,,rojo,0,0.7521582648717742,2024-11-13,24.97,20.0,,0,,0.0,1,0,
2025-03-01,bni017,ito koyama - bocamazas,0.0,,4.0,1452.06,242.01,,rojo,0,0.7452764957448206,2024-11-13,9.26,40.0,,0,,0.0,1,0,
2022-11-01,bolsas,sin definicion,0.0,,0.0,0.0,0.0,,rojo,0,-1.0,2019-11-21,7.150423446725195,1200.0,,0,,0.0,1,0,
2025-02-01,brn001,ito koyama - bocamazas,47.0,,2.0,11.22,6.114999999999999,,rojo,0,0.8034981970354821,2024-11-13,6.05,50.0,,0,,0.0,1,0,
2021-10-01,bs-505,kamura,0.0,,0.0,0.0,0.0,,rojo,4,0.04642872608194596,2013-08-12,6.78,100.0,,0,,0.0,1,0,
2024-12-01,bsk002,ito koyama - bocamazas,0.0,,2.0,0.0,19.238333333333333,,rojo,6,0.9056886662664008,2024-11-13,4.66,12.0,,0,,0.0,1,0,
2025-02-01,bsk003,ito koyama - bocamazas,93.0,,4.0,26.83,31.566666666666666,,rojo,0,0.7073559724588292,2024-11-13,14.47,100.0,,0,,0.0,1,0,
2025-03-01,bsk004,ito koyama - bocamazas,58.0,,7.0,97.7,34.505,,rojo,0,0.6872869170532553,2024-11-13,4.05,80.0,,0,,0.0,1,0,
2025-02-01,bsk006,ito koyama - bocamazas,29.0,,6.0,105.1,37.68333333333333,,rojo,0,0.7321096415615228,2024-11-13,5.53,50.0,,0,,0.0,1,0,
2022-05-01,bt16811r22.5,boto tyres,0.0,,0.0,0.0,0.0,,rojo,4,-0.6938340762949229,2013-07-27,173.17,280.0,,0,,0.0,1,0,
2021-02-01,bt287-10,baldwin filters,0.0,,0.0,0.0,0.0,,rojo,4,0.42874315480165603,2017-11-15,5.415,72.0,,0,,0.0,1,0,
2025-02-01,bto004,ito koyama - bocamazas,0.0,,11.0,97.19999999999999,509.82666666666665,,rojo,0,0.7779338331105835,2024-11-13,8.54,200.0,,0,,0.0,1,0,
2025-02-01,bto020,ito koyama - bocamazas,0.0,,24.0,1069.42,512.3533333333334,,rojo,0,0.7077248938235846,2024-11-13,15.92,100.0,,0,,0.0,1,0,
2025-02-01,bto021,ito koyama - bocamazas,0.0,,23.0,914.7099999999999,514.5749999999999,,rojo,0,0.7057419223121613,2024-11-13,15.92,100.0,,0,,0.0,1,0,
2025-03-01,bto024,ito koyama - bocamazas,59.0,,11.0,221.0,145.85666666666665,,rojo,0,0.7067869287812395,2024-11-13,14.57,80.0,,0,,0.0,1,0,
2025-03-01,bto025,ito koyama - bocamazas,31.0,,5.0,150.64,64.63166666666667,,rojo,0,0.8452982962857998,2024-11-13,14.68,40.0,,0,,0.0,1,0,
2025-03-01,bto026,ito koyama - bocamazas,21.0,,5.0,87.69,14.615,,rojo,0,0.6944014447884419,2024-11-13,4.7,30.0,,0,,0.0,1,0,
2025-02-01,bto027,ito koyama - bocamazas,21.0,,10.0,181.29000000000002,68.70666666666666,,rojo,0,0.7966154654492825,2024-11-13,9.08,40.0,,0,,0.0,1,0,
2025-03-01,bto028,ito koyama - bocamazas,3.0,,10.0,1881.36,553.14,,rojo,0,0.8113877498930193,2024-11-13,14.83,20.0,,0,,0.0,1,0,
2025-03-01,bto029,ito koyama - bocamazas,23.0,,8.0,132.39,28.368333333333336,,rojo,0,0.6457105186302131,2024-11-13,5.23,40.0,,0,,0.0,1,0,
2025-03-01,bto030,ito koyama - bocamazas,32.0,,6.0,234.01,43.78666666666667,,rojo,0,0.6852297840613085,2024-11-13,15.68,40.0,,0,,0.0,1,0,
2025-03-01,bto031,ito koyama - bocamazas,38.0,,7.0,166.86,59.955000000000005,,rojo,0,0.6715557829644775,2024-11-13,14.94,50.0,,0,,0.0,1,0,
2025-03-01,bto032,ito koyama - bocamazas,59.0,,6.0,95.32,17.245,,rojo,0,0.7176142296799798,2024-11-13,4.51,70.0,,0,,0.0,1,0,
2025-03-01,bvw001,ito koyama - bocamazas,20.0,,4.0,62.230000000000004,15.5,,rojo,0,0.6600883442576231,2024-11-13,8.51,25.0,,0,,0.0,1,0,
2025-02-01,bvw002,ito koyama - bocamazas,9.0,,6.0,64.58,45.56833333333333,,rojo,0,0.6883472566467767,2024-11-13,6.78,30.0,,0,,0.0,1,0,
2022-08-01,bw7000m-m3,prestone - mexico,0.0,,0.0,0.0,0.0,,rojo,3,0.91646051702741,2022-05-26,1.35,480.0,,0,,0.0,1,0,
2025-01-01,bz0003,ishikawa - zapatas de freno,0.0,,1.0,25.06,4.176666666666667,,rojo,0,2.4527678056002844,2024-01-09,6.49,100.0,,0,,0.0,1,0,
2024-10-01,bz0005,ishikawa - zapatas de freno,0.0,,3.0,0.0,24.066666666666666,,rojo,6,0.9571395031180217,2024-01-09,5.9,100.0,,0,,0.0,1,0,
2024-09-01,bz0006,ishikawa - zapatas de freno,0.0,,0.0,0.0,0.0,,rojo,6,0.9638062321801274,2024-01-09,6.19,100.0,,0,,0.0,1,0,
2025-01-01,bz0010,ishikawa - zapatas de freno,0.0,,42.0,598.95,857.77,,rojo,6,0.6749891615663243,2024-07-24,3.94,300.0,,0,,0.0,1,0,
2024-10-01,bz0016,ishikawa - zapatas de freno,0.0,,0.0,0.0,0.0,,rojo,6,0.9796663240751419,2024-01-09,6.49,100.0,,0,,0.0,1,0,
2024-09-01,bz0023,ishikawa - zapatas de freno,0.0,,0.0,0.0,0.0,,rojo,6,0.9644073474330424,2024-01-09,3.83,100.0,,0,,0.0,1,0,
2025-04-01,bz0024,ishikawa - zapatas de freno,103.0,,17.0,158.94,43.805,,rojo,0,0.9339673025855915,2024-07-24,3.94,150.0,,0,,0.0,1,0,
2025-03-01,bz0025,ishikawa - zapatas de freno,397.0,,22.0,113.29,72.42833333333333,,rojo,0,0.6906531221228875,2024-07-24,3.64,500.0,,0,,0.0,1,0,
2025-03-01,bz0026,ishikawa - zapatas de freno,75.0,,19.0,259.83,74.48666666666666,,rojo,0,0.6533770974419919,2024-07-24,5.46,150.0,,0,,0.0,1,0,
2025-03-01,bz0027,ishikawa - zapatas de freno,3.0,,18.0,476.94,165.76333333333335,,rojo,0,0.6676891832616657,2024-07-24,4.55,100.0,,0,,0.0,1,0,
2025-03-01,bz0028,ishikawa - zapatas de freno,25.0,,27.0,336.45,121.19666666666666,,rojo,0,0.6933012611360048,2024-07-24,2.73,200.0,,0,,0.0,1,0,
2025-03-01,bz0029,ishikawa - zapatas de freno,129.0,,19.0,86.06,55.77,,rojo,0,0.7059072286025687,2024-07-24,2.73,200.0,,0,,0.0,1,0,
2025-03-01,bz0030,ishikawa - zapatas de freno,122.0,,19.0,397.44,123.54333333333334,,rojo,0,0.6929764515193285,2024-07-24,2.73,200.0,,0,,0.0,1,0,
2025-03-01,bz0031,ishikawa - zapatas de freno,79.0,,11.0,66.8,21.353333333333335,,rojo,0,0.6392466134718873,2024-07-24,3.64,100.0,,0,,0.0,1,0,
2025-03-01,bz0032,ishikawa - zapatas de freno,69.0,,18.0,254.6,68.89,,rojo,0,0.6763119684979326,2024-07-24,4.25,150.0,,0,,0.0,1,0,
2025-03-01,bz0033,ishikawa - zapatas de freno,75.0,,20.0,321.2,129.34333333333333,,rojo,0,0.6900068622626785,2024-07-24,3.34,150.0,,0,,0.0,1,0,
2025-03-01,bz0034,ishikawa - zapatas de freno,350.0,,15.0,163.8,82.28166666666667,,rojo,0,0.6938462564163447,2024-07-24,8.34,400.0,,0,,0.0,1,0,
2025-03-01,bz0035,ishikawa - zapatas de freno,13.0,,24.0,183.53,112.00333333333333,,rojo,0,0.6667042921345139,2024-07-24,2.73,150.0,,0,,0.0,1,0,
2025-03-01,bz0036,ishikawa - zapatas de freno,88.0,,17.0,66.91,48.85833333333333,,rojo,0,0.6875436059254753,2024-07-24,3.94,150.0,,0,,0.0,1,0,
2025-03-01,bz0037,ishikawa - zapatas de freno,236.0,,15.0,302.84,84.02499999999999,,rojo,0,0.6444985074871612,2024-07-24,6.68,300.0,,0,,0.0,1,0,
2025-03-01,bz0038,ishikawa - zapatas de freno,16.0,,14.0,126.94999999999999,37.53,,rojo,0,0.700449297379406,2024-07-24,2.43,100.0,,0,,0.0,1,0,
2025-03-01,bz0039,ishikawa - zapatas de freno,95.0,,12.0,92.24,39.971666666666664,,rojo,0,0.6808482331329871,2024-07-24,5.46,150.0,,0,,0.0,1,0,
2025-03-01,bz0040,ishikawa - zapatas de freno,251.0,,13.0,227.05,73.20166666666667,,rojo,0,0.6963727607702673,2024-07-24,7.59,300.0,,0,,0.0,1,0,
2025-03-01,bz0041,ishikawa - zapatas de freno,66.0,,10.0,50.790000000000006,25.703333333333333,,rojo,0,0.6870906863359085,2024-07-24,3.94,100.0,,0,,0.0,1,0,
2025-03-01,bz0042,ishikawa - zapatas de freno,72.0,,7.0,11.1,22.025000000000002,,rojo,0,0.6925032717619639,2024-07-24,5.46,100.0,,0,,0.0,1,0,
2025-03-01,bz0043,ishikawa - zapatas de freno,21.0,,47.0,1218.47,363.5083333333334,,rojo,0,0.6898969528562375,2024-07-24,5.01,300.0,,0,,0.0,1,0,
2025-03-01,bz0044,ishikawa - zapatas de freno,237.0,,14.0,56.21,29.180000000000003,,rojo,0,0.6444716558126685,2024-07-24,2.73,300.0,,0,,0.0,1,0,
2025-03-01,bz0045,ishikawa - zapatas de freno,149.0,,15.0,94.87,46.875,,rojo,0,0.6603468936126087,2024-07-24,5.01,200.0,,0,,0.0,1,0,
2025-03-01,bz0046,ishikawa - zapatas de freno,68.0,,10.0,66.15,16.291666666666668,,rojo,0,0.6442512668600148,2024-07-24,2.73,100.0,,0,,0.0,1,0,
2025-03-01,bz0047,ishikawa - zapatas de freno,59.0,,17.0,154.26999999999998,63.245000000000005,,rojo,0,0.6711067504761042,2024-07-24,5.01,100.0,,0,,0.0,1,0,
2025-03-01,bz0048,ishikawa - zapatas de freno,69.0,,22.0,389.23,151.74333333333334,,rojo,0,0.6940848127238681,2024-07-24,6.68,150.0,,0,,0.0,1,0,
2025-03-01,bz0049,ishikawa - zapatas de freno,107.0,,11.0,60.019999999999996,36.9,,rojo,0,0.700491674970745,2024-07-24,6.37,150.0,,0,,0.0,1,0,
2025-03-01,bz0050,ishikawa - zapatas de freno,30.0,,18.0,277.68,87.41000000000001,,rojo,0,0.6996423847483842,2024-07-24,5.76,100.0,,0,,0.0,1,0,
2025-03-01,bz0051,ishikawa - zapatas de freno,302.0,,15.0,225.89999999999998,57.56666666666666,,rojo,0,0.6454227159065994,2024-07-24,3.64,400.0,,0,,0.0,1,0,
2025-03-01,bz0052,ishikawa - zapatas de freno,299.0,,20.0,466.96999999999997,112.255,,rojo,0,0.6676795052814034,2024-07-24,4.25,400.0,,0,,0.0,1,0,
2025-03-01,bz0053,ishikawa - zapatas de freno,205.0,,22.0,207.26,72.21333333333334,,rojo,0,0.6678188397457,2024-07-24,3.94,300.0,,0,,0.0,1,0,
2025-04-01,bz0054,ishikawa - zapatas de freno,18.0,,20.0,191.29999999999998,55.199999999999996,,rojo,0,0.6490935004696712,2024-07-24,3.03,100.0,,0,,0.0,1,0,
2025-03-01,bz0055,ishikawa - zapatas de freno,75.0,,7.0,77.49,17.221666666666668,,rojo,0,0.6440182352308652,2024-07-24,4.55,100.0,,0,,0.0,1,0,
2025-02-01,bz0056,ishikawa - zapatas de freno,0.0,,20.0,218.76999999999998,56.339999999999996,,rojo,0,0.6484112370202625,2024-07-24,2.73,100.0,,0,,0.0,1,0,
2025-03-01,bz0057,ishikawa - zapatas de freno,55.0,,10.0,176.0,60.38,,rojo,0,0.6882366426830331,2024-07-24,6.68,100.0,,0,,0.0,1,0,
2024-11-01,bz0058,ishikawa - zapatas de freno,0.0,,14.0,0.0,46.598333333333336,,rojo,6,0.6865931449529454,2024-07-24,3.64,100.0,,0,,0.0,1,0,
2025-03-01,bz0059,ishikawa - zapatas de freno,34.0,,20.0,237.07999999999998,75.37166666666667,,rojo,0,0.6726262997948836,2024-07-24,4.55,100.0,,0,,0.0,1,0,
2025-02-01,bz0060,ishikawa - zapatas de freno,0.0,,16.0,85.87,84.85166666666667,,rojo,0,0.6862258863162443,2024-07-24,3.94,100.0,,0,,0.0,1,0,
2024-11-01,bz0061,ishikawa - zapatas de freno,0.0,,11.0,0.0,33.041666666666664,,rojo,6,0.7062280611310072,2024-07-24,3.03,100.0,,0,,0.0,1,0,
2025-03-01,bz0062,ishikawa - zapatas de freno,9.0,,14.0,222.56,59.099999999999994,,rojo,0,0.6793800844731375,2024-07-24,4.55,100.0,,0,,0.0,1,0,
2025-03-01,bz0063,ishikawa - zapatas de freno,14.0,,20.0,158.22,78.02166666666666,,rojo,0,0.6833828268223241,2024-07-24,4.25,100.0,,0,,0.0,1,0,
2024-10-01,c-10006,mann - brasil,93.0,,1.0,0.0,13.841666666666667,,rojo,4,0.5522540762091349,2023-09-06,27.12646117687225,100.0,,0,,0.0,1,0,
2024-12-01,c-1001,sakura filter,8.0,,2.0,0.0,4.343333333333333,,rojo,6,0.776411165215793,2022-10-13,2.1,50.0,,0,,0.0,1,0,
2025-01-01,c-1005,sakura filter,55.0,,3.0,21.97,7.69,,rojo,0,0.8761938025656413,2022-01-18,2.3,100.0,,0,,0.0,1,0,
2024-10-01,c-10081,sakura filter,0.0,,0.0,0.0,0.0,,rojo,6,0.7796614683442752,2023-10-25,3.3,75.0,,0,,0.0,1,0,
2021-12-01,c-11103/2,mann - brasil,0.0,,0.0,0.0,0.0,,rojo,4,0.5837293277746289,2016-09-02,14.381721510887147,10.0,,0,,0.0,1,0,
2022-06-01,c-1119,sakura filter,0.0,,0.0,0.0,0.0,,rojo,6,0.6124312086184085,2019-11-15,1.51,250.0,,0,,0.0,1,0,
2025-03-01,c-1125,sakura filter,265.0,,4.0,14.36,11.385,,rojo,0,0.7782095642102905,2024-09-17,1.0,300.0,,0,,0.0,1,0,
2022-04-01,c-1131,sakura filter,0.0,,0.0,0.0,0.0,,rojo,6,0.6743541310975592,2022-02-03,1.34,50.0,,0,,0.0,1,0,
2024-10-01,c-1141,sakura filter,347.0,,1.0,0.0,1.8216666666666665,,rojo,6,1.0798739574179863,2024-11-04,1.51,50.0,,0,,0.0,1,0,
2023-02-01,c-1150,sakura filter,0.0,,0.0,0.0,0.0,,rojo,6,0.7082598494558338,2022-01-18,1.27,50.0,,0,,0.0,1,0,
2021-11-01,c-1176/3,mann - brasil,0.0,,0.0,0.0,0.0,,rojo,4,0.4821375863904488,2020-02-03,9.13799077987671,28.0,,0,,0.0,1,0,
2025-02-01,c-13009,mann - brasil,21.0,,4.0,106.44,39.76833333333334,,rojo,0,0.38732587307061267,2024-09-24,16.3897987306118,30.0,,0,,0.0,1,0,
2025-04-01,c-13163,sakura filter,418.0,,6.0,98.57,35.446666666666665,,rojo,0,0.8311803173332816,2023-12-05,6.5,230.0,,0,,0.0,1,0,
2025-02-01,c-13320,sakura filter,124.0,,2.0,38.7,6.45,,rojo,0,0.7179384780744748,2023-09-26,1.69,50.0,,0,,0.0,1,0,
2025-03-01,c-1374/2,mann - brasil,30.0,,4.0,149.74,59.160000000000004,,rojo,0,0.38472673277317004,2024-09-24,23.434634252786637,30.0,,0,,0.0,1,0,
2024-10-01,c-1405,sakura filter,13.0,,1.0,0.0,1.0766666666666667,,rojo,6,0.5606907883685613,2019-12-31,1.3,50.0,,0,,0.0,1,0,
2025-03-01,c-14080,sakura filter,90.0,,2.0,57.96,9.66,,rojo,0,0.9625192012288787,2024-11-30,1.3,100.0,,0,,0.0,1,0,
2025-03-01,c-14114,mann - brasil,0.0,,1.0,179.37,29.895,,rojo,0,0.49708597706237245,2023-10-05,9.634984123706818,30.0,,0,,0.0,1,0,
2025-01-01,c-15011,mann - brasil,6.0,,2.0,0.0,59.14333333333334,,rojo,4,0.4193020310017606,2023-10-05,37.0584394812584,10.0,,0,,0.0,1,0,
2025-01-01,c-1502,sakura filter,71.0,,1.0,8.59,1.4316666666666666,,rojo,0,0.6823599423755852,2021-04-26,2.3,75.0,,0,,0.0,1,0,
2024-03-01,c-1561,sakura filter,50.0,,0.0,0.0,0.0,,rojo,6,0.8159317290014543,2022-01-18,7.0,30.0,,0,,0.0,1,0,
2025-03-01,c-1602,sakura filter,113.0,,2.0,34.019999999999996,5.669999999999999,,rojo,0,0.9565146404133154,2023-09-26,2.0,50.0,,0,,0.0,1,0,
2022-02-01,c-1711,sakura filter,0.0,,0.0,0.0,0.0,,rojo,6,0.6723573846256168,2017-09-06,1.48,100.0,,0,,0.0,1,0,
2025-02-01,c-17237/1,mann - brasil,22.0,,1.0,125.42,20.903333333333332,,rojo,0,0.4391992692951744,2024-04-09,19.413363575935364,30.0,,0,,0.0,1,0,
2025-01-01,c-1813,sakura filter,9.0,,1.0,8.34,1.39,,rojo,0,0.7664781828944864,2023-10-05,1.45,50.0,,0,,0.0,1,0,
2022-07-01,c-18263,mann - brasil,0.0,,0.0,0.0,0.0,,rojo,4,0.5051641527824422,2018-01-19,16.32,24.0,,0,,0.0,1,0,
2022-03-01,c-1831,sakura filter,0.0,,0.0,0.0,0.0,,rojo,6,0.5953741560175424,2021-02-10,0.9,100.0,,0,,0.0,1,0,
2025-01-01,c-18436,mann - brasil,30.0,,1.0,0.0,72.06166666666667,,rojo,4,0.3670995231814955,2024-09-24,29.85721300959587,30.0,,0,,0.0,1,0,
2025-03-01,c-1858/2,mann - brasil,0.0,,3.0,130.12,27.043333333333333,,rojo,0,0.3119208294980553,2024-02-05,4.559958443641663,30.0,,0,,0.0,1,0,
2025-02-01,c-1936,sakura filter,8.0,,4.0,21.130000000000003,5.868333333333333,,rojo,0,0.7322681202198722,2019-11-15,1.32,50.0,,0,,0.0,1,0,
2023-03-01,c-21001,sin definicion,0.0,,0.0,0.0,0.0,,rojo,0,0.38374292726490783,2022-10-05,6.59,42.0,,0,,0.0,1,0,
2025-01-01,c-21015/1,mann - brasil,0.0,,1.0,101.47,16.911666666666665,,rojo,0,0.5622011284055872,2024-11-13,5.66,12.0,,0,,0.0,1,0,
2024-05-01,c-21104,mann - brasil,28.0,,0.0,0.0,0.0,,rojo,4,0.34061190808683506,2024-02-05,9.087576756477356,30.0,,0,,0.0,1,0,
2024-10-01,c-21470,mann - brasil,29.0,,1.0,0.0,7.345,,rojo,4,0.5467483082061582,2024-09-12,29.75,30.0,,0,,0.0,1,0,
2025-02-01,c-21990,sakura filter,122.0,,1.0,22.78,3.796666666666667,,rojo,0,0.7658565955999883,2022-04-26,1.64,33.0,,0,,0.0,1,0,
2021-08-01,c-2218,sakura filter,0.0,,0.0,0.0,0.0,,rojo,6,1.1431816834841133,2018-03-06,9.5,120.0,,0,,0.0,1,0,
2022-06-01,c-2240,mann - brasil,59.0,,0.0,0.0,0.0,,rojo,4,0.4676691729323308,2022-05-18,8.21677989602089,60.0,,0,,0.0,1,0,
2021-10-01,c-2295/3,sin definicion,0.0,,0.0,0.0,0.0,,rojo,0,0.7347942925009672,2017-12-21,4.86,90.0,,0,,0.0,1,0,
2023-03-01,c-23018,mann - brasil,9.0,,0.0,0.0,0.0,,rojo,4,0.23032852832112952,2021-03-29,6.789890670776367,20.0,,0,,0.0,1,0,
2025-03-01,c-23589/1,mann - brasil,27.0,,4.0,252.16,100.205,,rojo,0,0.4281968659587827,2024-09-24,39.31329349756241,30.0,,0,,0.0,1,0,
2022-07-01,c-24745/1,mann - brasil,30.0,,0.0,0.0,0.0,,rojo,4,0.8778683556080921,2024-09-24,24.75692987918854,30.0,,0,,0.0,1,0,
2021-10-01,c-2496,mann - brasil,0.0,,0.0,0.0,0.0,,rojo,4,0.6883002597350973,2017-12-21,2.16,204.0,,0,,0.0,1,0,
2025-03-01,c-2512,sakura filter,33.0,,4.0,131.66,23.73,,rojo,0,0.8773592629316925,2023-12-04,1.3,50.0,,0,,0.0,1,0,
2025-03-01,c-25131,sakura filter,249.0,,2.0,61.19,10.198333333333332,,rojo,0,0.8154047776698367,2025-01-22,2.18,264.0,,0,,0.0,1,0,
2024-11-01,c-2517,sakura filter,92.0,,1.0,0.0,2.1133333333333333,,rojo,6,0.8528787003254045,2022-02-03,1.15,150.0,,0,,0.0,1,0,
2024-06-01,c-26017,mann - brasil,15.0,,0.0,0.0,0.0,,rojo,4,0.3339992357047016,2023-10-05,4.654632461071014,30.0,,0,,0.0,1,0,
2024-09-01,c-26120,mann - brasil,28.0,,0.0,0.0,0.0,,rojo,4,0.3507890961262554,2024-02-05,8.041912527084351,30.0,,0,,0.0,1,0,
2025-02-01,c-261215,sin definicion,3.0,,1.0,124.83,20.805,,rojo,0,0.32171757088637576,2013-04-16,41.22661804437637,10.0,,0,,0.0,1,0,
2024-06-01,c-261220,mann - brasil,1.0,,0.0,0.0,0.0,,rojo,4,0.6173741415212176,2016-09-02,53.6178355705738,10.0,,0,,0.0,1,0,
2024-01-01,c-27009,mann - brasil,0.0,,0.0,0.0,0.0,,rojo,4,0.3555032326246425,2023-10-05,6.398806250095367,10.0,,0,,0.0,1,0,
2024-07-01,c-27030,mann - brasil,48.0,,0.0,0.0,0.0,,rojo,4,0.3617705591150946,2024-09-24,4.500249820947647,30.0,,0,,0.0,1,0,
2023-08-01,c-271050,mann - brasil,0.0,,0.0,0.0,0.0,,rojo,4,0.592934110058541,2017-03-01,19.806583471298215,48.0,,0,,0.0,1,0,
2022-11-01,c-271390,sin definicion,0.0,,0.0,0.0,0.0,,rojo,0,0.5048287179550315,2019-06-26,57.19093632698059,20.0,,0,,0.0,1,0,
2021-11-01,c-271581,mann - brasil,1.0,,0.0,0.0,0.0,,rojo,4,0.3572512358213984,2018-01-02,74.65196519494056,10.0,,0,,0.0,1,0,
2025-01-01,c-27380,mann - brasil,0.0,,2.0,0.0,126.77333333333333,,rojo,4,0.3994572227873707,2023-10-05,29.13610793352127,20.0,,0,,0.0,1,0,
2024-07-01,c-27798,mann - brasil,11.0,,0.0,0.0,0.0,,rojo,4,-0.0020797475616751715,2016-08-09,18.37,10.0,,0,,0.0,1,0,
2021-11-01,c-27844,mann - brasil,0.0,,0.0,0.0,0.0,,rojo,4,0.9140200633285472,2018-08-22,16.82,30.0,,0,,0.0,1,0,
2022-02-01,c-2808,sin definicion,0.0,,0.0,0.0,0.0,,rojo,0,0.843501583685854,2018-10-29,1.18,225.0,,0,,0.0,1,0,
2022-06-01,c-28136/1,mann - brasil,0.0,,0.0,0.0,0.0,,rojo,4,0.6806788310123573,2017-12-21,3.24,60.0,,0,,0.0,1,0,
2024-10-01,c-28160,sakura filter,464.0,,0.0,0.0,0.0,,rojo,6,0.8561669344519931,2023-11-24,11.5,360.0,,0,,0.0,1,0,
2022-08-01,c-2852/2,mann - brasil,1.0,,0.0,0.0,0.0,,rojo,4,0.15489883288046852,2021-02-04,4.91,24.0,,0,,0.0,1,0,
2024-12-01,c-2901,sakura filter,222.0,,1.0,0.0,3.65,,rojo,6,0.6406324394626092,2023-01-09,2.76,36.0,,0,,0.0,1,0,
2025-02-01,c-2904,sakura filter,188.0,,6.0,278.71,78.93666666666667,,rojo,0,0.8255375903189862,2023-09-15,2.76,220.0,,0,,0.0,1,0,
2023-02-01,c-2990,mann - brasil,0.0,,0.0,0.0,0.0,,rojo,4,0.9587544282662909,2019-03-08,2.73,60.0,,0,,0.0,1,0,
2024-03-01,c-301240,mann - brasil,18.0,,0.0,0.0,0.0,,rojo,4,0.3726465998420471,2022-09-16,36.8768527674675,1.0,,0,,0.0,1,0,
2025-03-01,c-301330,mann - brasil,9.0,,2.0,121.02,40.13999999999999,,rojo,0,0.39220920536131976,2023-10-05,39.11782540082931,20.0,,0,,0.0,1,0,
2023-12-01,c-301359,mann - brasil,0.0,,0.0,0.0,0.0,,rojo,4,0.5569319337514765,2019-01-14,43.15,2.0,,0,,0.0,1,0,
2021-04-01,c-30703,mann - brasil,30.0,,0.0,0.0,0.0,,rojo,4,0.5480206286354742,2024-11-13,39.7,30.0,,0,,0.0,1,0,
2024-12-01,c-30810/3,mann - brasil,24.0,,1.0,0.0,38.725,,rojo,4,0.391070667496408,2023-10-05,35.986718237400055,33.0,,0,,0.0,1,0,
2025-02-01,c-30880/1,mann - brasil,27.0,,1.0,85.42,14.236666666666666,,rojo,0,0.49299202026812994,2022-10-05,49.27,30.0,,0,,0.0,1,0,
2025-03-01,c-31081,sakura filter,18.0,,2.0,46.57,7.761666666666667,,rojo,0,0.804464978476214,2023-10-25,3.25,80.0,,0,,0.0,1,0,
2024-07-01,c-32191/1,mann - brasil,23.0,,0.0,0.0,0.0,,rojo,4,0.39928721205902684,2024-02-05,6.101504678726196,30.0,,0,,0.0,1,0,
2024-08-01,c-32199,mann - brasil,8.0,,0.0,0.0,0.0,,rojo,4,0.5282065184649678,2017-04-20,7.72,60.0,,0,,0.0,1,0,
2024-12-01,c-331465/1,mann - brasil,9.0,,1.0,0.0,13.403333333333334,,rojo,4,0.2914097041571424,2023-10-05,54.21648645401001,30.0,,0,,0.0,1,0,
2022-03-01,c-34540,sin definicion,0.0,,0.0,0.0,0.0,,rojo,0,0.8548406483368866,2020-01-20,47.2851545548439,39.0,,0,,0.0,1,0,
2025-03-01,c-3474,mann - brasil,135.0,,2.0,27.51,4.585,,rojo,0,1.0259369817578772,2015-04-16,3.28,90.0,,0,,0.0,1,0,
2025-03-01,c-35154,mann - brasil,189.0,,1.0,14.92,2.486666666666667,,rojo,0,0.4190115082684432,2024-04-09,4.975557088851929,50.0,,0,,0.0,1,0,
2022-05-01,c-351592,mann - brasil,30.0,,0.0,0.0,0.0,,rojo,4,0.5574115172775562,2022-06-13,55.49203194379806,30.0,,0,,0.0,1,0,
2023-08-01,c-37153,mann - brasil,0.0,,0.0,0.0,0.0,,rojo,4,0.5938894057798039,2019-03-08,4.39,30.0,,0,,0.0,1,0,
2024-11-01,c-37480,mann - brasil,0.0,,6.0,0.0,395.64166666666665,,rojo,4,0.40410826751138584,2024-09-12,27.29,60.0,,0,,0.0,1,0,
2024-01-01,c-3880,mann - brasil,5.0,,0.0,0.0,0.0,,rojo,4,0.6829407394738248,2016-09-02,4.760305017232895,100.0,,0,,0.0,1,0,
2021-08-01,c-411776,mann - brasil,0.0,,0.0,0.0,0.0,,rojo,4,0.33560975903021684,2013-02-19,89.21278145313264,16.0,,0,,0.0,1,0,
2021-02-01,c-43102,mann - brasil,0.0,,0.0,0.0,0.0,,rojo,4,0.8923953580926545,2017-04-20,7.33,30.0,,0,,0.0,1,0,
2024-12-01,c-49150,sakura filter,0.0,,4.0,0.0,13.4,,rojo,6,0.885566645386491,2024-03-18,1.82,100.0,,0,,0.0,1,0,
2025-02-01,c-5002,sakura filter,45.0,,3.0,71.59,47.59166666666667,,rojo,0,0.6644691647766602,2017-12-11,3.5,12.0,,0,,0.0,1,0,
2025-02-01,c-5005,sakura filter,125.0,,1.0,38.54,6.423333333333333,,rojo,0,0.786597836774828,2022-10-13,6.45,66.0,,0,,0.0,1,0,
2022-02-01,c-5101,sakura filter,0.0,,0.0,0.0,0.0,,rojo,6,0.7337861597385267,2020-04-17,2.08,25.0,,0,,0.0,1,0,
2025-02-01,c-55221,sakura filter,204.0,,1.0,8.05,1.3416666666666668,,rojo,0,0.2380363036303632,2025-02-28,6.12,138.0,,0,,0.0,1,0,
2025-03-01,c-5604,sakura filter,24.0,,2.0,41.95,6.991666666666667,,rojo,0,0.8573330777115945,2023-09-26,1.92,24.0,,0,,0.0,1,0,
2025-02-01,c-5701,sakura filter,63.0,,1.0,45.97,7.661666666666666,,rojo,0,0.7799901922257749,2021-04-08,5.75,100.0,,0,,0.0,1,0,
2024-10-01,c-5708,sakura filter,250.0,,2.0,17.69,7.016666666666667,,rojo,6,0.8997198078731259,2024-08-29,2.92,96.0,,0,,0.0,1,0,
2024-02-01,c-5812,sakura filter,58.0,,0.0,0.0,0.0,,rojo,6,0.8210403621260578,2022-01-18,4.3,48.0,,0,,0.0,1,0,
2024-07-01,c-6109,sakura filter,107.0,,0.0,0.0,0.0,,rojo,6,0.5292883561323041,2020-02-06,2.4,250.0,,0,,0.0,1,0,
2024-08-01,c-6202,sakura filter,84.0,,0.0,0.0,0.0,,rojo,6,0.9181615957117015,2022-01-18,2.48,100.0,,0,,0.0,1,0,
2024-11-01,c-6508,sakura filter,0.0,,1.0,0.0,18.45,,rojo,6,0.953725161932603,2022-01-13,4.4,60.0,,0,,0.0,1,0,
2025-04-01,c-66071,sakura filter,207.0,,7.0,242.97,47.775,,rojo,0,1.0815262404345942,2024-08-29,2.5,96.0,,0,,0.0,1,0,
2022-06-01,c-68001,mann - brasil,17.0,,0.0,0.0,0.0,,rojo,4,0.7378232110643417,2015-05-18,9.384943151473998,20.0,,0,,0.0,1,0,
2025-03-01,c-7010,sakura filter,16.0,,9.0,541.26,136.76666666666668,,rojo,0,0.8879943778767233,2024-11-11,5.85,24.0,,0,,0.0,1,0,
2024-05-01,c-8901,sakura filter,0.0,,0.0,0.0,0.0,,rojo,6,4.004398826979472,,,,,0,,0.0,1,0,
2025-01-01,c-9001,sakura filter,379.0,,1.0,22.97,3.828333333333333,,rojo,0,0.8826779402942196,2024-11-11,1.07,200.0,,0,,0.0,1,0,
2025-03-01,c-9002,sakura filter,1185.0,,4.0,32.6,7.201666666666667,,rojo,0,0.6740684399200798,2024-11-30,1.23,250.0,,0,,0.0,1,0,
2024-10-01,c001n,ito koyama - resortes,0.0,,1.0,0.0,3.313333333333333,,rojo,6,0.7453953549897834,,,,,0,,0.0,1,0,
2025-03-01,c002n,ito koyama - resortes,8.0,,11.0,165.29,54.49,,rojo,0,0.6646753947783264,2024-01-22,4.2,200.0,,0,,0.0,1,0,
2025-03-01,c003n,ito koyama - resortes,84.0,,5.0,166.51,40.471666666666664,,rojo,0,0.707025647515397,2024-01-22,6.62,96.0,,0,,0.0,1,0,
2022-04-01,c71240 std,mahle - brasil,0.0,,0.0,0.0,0.0,,rojo,4,0.08394089438184715,2018-09-27,47.460833,24.0,,0,,0.0,1,0,
2025-03-01,ca-1401,sakura filter,151.0,,2.0,78.12,13.020000000000001,,rojo,0,0.9809925984609628,2024-10-22,1.6,100.0,,0,,0.0,1,0,
2022-06-01,ca-17100,sin definicion,0.0,,0.0,0.0,0.0,,rojo,0,1.2902097902097904,2019-06-28,1.0,200.0,,0,,0.0,1,0,
2025-03-01,ca-19271,sakura filter,272.0,,7.0,141.72,49.346666666666664,,rojo,0,0.8454886389046009,2024-10-22,2.4,20.0,,0,,0.0,1,0,
2024-12-01,ca-2402,sakura filter,31.0,,1.0,0.0,11.158333333333333,,rojo,6,0.7931345192586059,2023-10-25,17.0,32.0,,0,,0.0,1,0,
2021-07-01,ca-28180,sin definicion,0.0,,0.0,0.0,0.0,,rojo,0,1.6518246239544068,2018-03-06,1.3,80.0,,0,,0.0,1,0,
2021-02-01,ca-28210,sin definicion,0.0,,0.0,0.0,0.0,,rojo,0,1.1749997908654048,2017-12-18,1.0,200.0,,0,,0.0,1,0,
2025-04-01,ca-28400,sakura filter,73.0,,4.0,119.25,19.875,,rojo,0,0.8690667229729729,2024-11-11,2.07,100.0,,0,,0.0,1,0,
2025-03-01,ca-28440,sakura filter,331.0,,13.0,252.9,65.65166666666667,,rojo,0,0.8738050629871826,2024-11-11,2.8,200.0,,0,,0.0,1,0,
2025-03-01,ca-38110,sakura filter,130.0,,6.0,145.89999999999998,27.034999999999997,,rojo,0,0.7965922024762456,2024-11-28,1.65,180.0,,0,,0.0,1,0,
2025-02-01,ca-54030,sakura filter,81.0,,3.0,12.95,6.8950000000000005,,rojo,0,0.8447359037062849,2023-09-26,1.84,100.0,,0,,0.0,1,0,
2025-02-01,ca-65820,sakura filter,145.0,,8.0,66.68,26.731666666666666,,rojo,0,0.9178641332628478,2024-10-22,1.35,200.0,,0,,0.0,1,0,
2024-12-01,ca-68010,sakura filter,88.0,,1.0,0.0,1.9216666666666666,,rojo,6,0.7981006564470646,2021-10-15,2.3,100.0,,0,,0.0,1,0,
2024-10-01,ca-79330,sakura filter,460.0,,1.0,0.0,133.5,,rojo,6,0.8419125975734385,2024-12-26,3.5,20.0,,0,,0.0,1,0,
2024-05-01,cac-16130,sakura filter,0.0,,0.0,0.0,0.0,,rojo,6,4.864583333333333,,,,,0,,0.0,1,0,
2025-02-01,cac-18120,sakura filter,78.0,,5.0,173.44,45.74,,rojo,0,1.0313861996238893,2023-07-27,1.6,200.0,,0,,0.0,1,0,
2023-05-01,cac-18250,sakura filter,320.0,,0.0,0.0,0.0,,rojo,6,0.521765832369003,2023-12-05,2.02,40.0,,0,,0.0,1,0,
2025-03-01,cac-19271,sakura filter,194.0,,2.0,52.959999999999994,8.826666666666666,,rojo,0,0.9139136464139384,2024-11-11,2.75,200.0,,0,,0.0,1,0,
2025-03-01,cac-29160,sakura filter,15.0,,6.0,150.29,47.62833333333333,,rojo,0,0.8389040199359706,2023-12-05,3.0,100.0,,0,,0.0,1,0,
2025-02-01,cac-30930-s,sakura filter,89.0,,2.0,27.18,7.886666666666667,,rojo,0,0.9106270055867307,2024-11-11,5.01,60.0,,0,,0.0,1,0,
2025-03-01,cac-38130,sakura filter,158.0,,6.0,222.32999999999998,41.096666666666664,,rojo,0,0.7750490099561443,2024-12-26,2.0,20.0,,0,,0.0,1,0,
2025-03-01,cac-38710,sakura filter,190.0,,1.0,32.62,5.4366666666666665,,rojo,0,0.8864839613827469,2025-01-21,1.5,120.0,,0,,0.0,1,0,
2024-12-01,cav-26080,sakura filter,90.0,,1.0,0.0,6.609999999999999,,rojo,6,0.9090458968397486,2023-09-05,4.99,100.0,,0,,0.0,1,0,
2024-04-01,cav-2807,sakura filter,179.0,,0.0,0.0,0.0,,rojo,6,0.7648017664002088,2021-07-10,3.57,200.0,,0,,0.0,1,0,
2024-04-01,cav-28300,sakura filter,186.0,,0.0,0.0,0.0,,rojo,6,0.884836103569557,2022-01-18,1.8,100.0,,0,,0.0,1,0,
2023-12-01,cbkh-16,ctr,0.0,,0.0,0.0,0.0,,rojo,4,0.30474203232224456,2016-09-19,8.39,228.0,,0,,0.0,1,0,
2023-12-01,cbkh-9,ctr,0.0,,0.0,0.0,0.0,,rojo,4,0.3182164966804455,2016-09-19,6.39,240.0,,0,,0.0,1,0,
2021-11-01,cbn-30,ctr,0.0,,0.0,0.0,0.0,,rojo,4,0.423480800751628,2016-09-19,4.72,150.0,,0,,0.0,1,0,
2022-01-01,cbt-14,ctr,0.0,,0.0,0.0,0.0,,rojo,4,0.40401782668845126,2016-09-19,6.61,120.0,,0,,0.0,1,0,
2021-03-01,cbt-28,ctr,0.0,,0.0,0.0,0.0,,rojo,4,0.19992907172621677,2016-09-19,8.2,120.0,,0,,0.0,1,0,
2022-06-01,cbt-60,ctr,0.0,,0.0,0.0,0.0,,rojo,4,0.294238902236129,2016-09-19,6.21,120.0,,0,,0.0,1,0,
2021-11-01,cc-1522,sin definicion,0.0,,0.0,0.0,0.0,,rojo,0,0.42208327668750123,2019-02-28,6.62,360.0,,0,,0.0,1,0,
2025-01-01,cc-9002,mann - brasil,4.0,,1.0,0.0,7.2316666666666665,,rojo,4,0.3721722705577465,,,,,0,,0.0,1,0,
2025-01-01,cd215/75r17.5,deruibo,6.0,,4.0,716.95,331.3566666666667,,rojo,0,0.2947989090854106,2024-08-23,60.0,20.0,,0,,0.0,1,0,
2023-01-01,cekh-3,ctr,0.0,,0.0,0.0,0.0,,rojo,4,0.2603305785123968,2016-09-19,3.73,108.0,,0,,0.0,1,0,
2021-09-01,cekh-43l,ctr,4.0,,0.0,0.0,0.0,,rojo,4,0.4260627731426301,2016-09-19,6.1,108.0,,0,,0.0,1,0,
2022-07-01,cet-23,ctr,0.0,,0.0,0.0,0.0,,rojo,4,0.32002372407428686,2016-09-19,3.33,108.0,,0,,0.0,1,0,
2023-01-01,cet-63l,ctr,0.0,,0.0,0.0,0.0,,rojo,4,0.292742746793278,2016-09-19,5.14,100.0,,0,,0.0,1,0,
2021-05-01,cet-63r,ctr,0.0,,0.0,0.0,0.0,,rojo,4,0.3516321323249209,2016-09-19,5.14,100.0,,0,,0.0,1,0,
2024-03-01,cet-75,ctr,0.0,,0.0,0.0,0.0,,rojo,4,0.34022266536411544,2016-09-19,6.22,108.0,,0,,0.0,1,0,
2022-06-01,cet-98,ctr,0.0,,0.0,0.0,0.0,,rojo,4,0.34839266360931187,2016-09-19,5.65,200.0,,0,,0.0,1,0,
2022-06-01,cet-99,ctr,0.0,,0.0,0.0,0.0,,rojo,4,0.3559028453548659,2016-09-19,5.65,200.0,,0,,0.0,1,0,
2025-01-01,cf-10002,mann - brasil,6.0,,1.0,0.0,20.87333333333333,,rojo,4,0.3723740460003647,2023-10-05,27.5495402097702,10.0,,0,,0.0,1,0,
2025-01-01,cf-1122,mann - brasil,102.0,,1.0,0.0,39.251666666666665,,rojo,4,0.3683335663575211,2024-11-13,16.86,16.0,,0,,0.0,1,0,
2025-02-01,cf-1260,mann - brasil,162.0,,2.0,26.78,8.983333333333334,,rojo,0,0.44438102900660553,2024-04-09,13.720804810523987,29.0,,0,,0.0,1,0,
2024-05-01,cf-1300,mann - brasil,0.0,,0.0,0.0,0.0,,rojo,4,0.43889457610913524,2023-11-20,14.08,30.0,,0,,0.0,1,0,
2024-07-01,cf-1400,mann - brasil,17.0,,0.0,0.0,0.0,,rojo,4,0.262611861730128,2021-08-09,14.74,20.0,,0,,0.0,1,0,
2024-02-01,cf-1610,mann - brasil,37.0,,0.0,0.0,0.0,,rojo,4,0.571963212212644,2018-12-18,15.28,60.0,,0,,0.0,1,0,
2022-08-01,cf-1710,mann - brasil,0.0,,0.0,0.0,0.0,,rojo,4,0.7232880326692456,2014-08-08,9.28,30.0,,0,,0.0,1,0,
2023-09-01,cf-1800,mann - brasil,0.0,,0.0,0.0,0.0,,rojo,4,0.6423289988449183,2019-12-19,23.287868523597716,50.0,,0,,0.0,1,0,
2021-09-01,cf-2944,mann - brasil,0.0,,0.0,0.0,0.0,,rojo,4,0.8751503797125355,2019-12-13,9.96677708029747,10.0,,0,,0.0,1,0,
2025-01-01,cf-5001,mann - brasil,0.0,,1.0,0.0,3.9266666666666663,,rojo,4,1.4775656866880924,2023-10-05,3.635446572303772,10.0,,0,,0.0,1,0,
2024-04-01,cf-600,mann - brasil,0.0,,0.0,0.0,0.0,,rojo,4,0.5374166430300285,2023-02-21,9.73,20.0,,0,,0.0,1,0,
2024-09-01,cf-6002,mann - brasil,95.0,,0.0,0.0,0.0,,rojo,4,0.6050859989104209,2023-10-05,25.216970443725586,65.0,,0,,0.0,1,0,
2024-08-01,cf-65/2,mann - brasil,4.0,,0.0,0.0,0.0,,rojo,4,0.677311578104924,2018-12-19,6.028961908817291,10.0,,0,,0.0,1,0,
2024-08-01,cf-800/1,mann - brasil,12.0,,0.0,0.0,0.0,,rojo,4,0.7056993980589601,2023-02-21,35.14,6.0,,0,,0.0,1,0,
2025-03-01,cg003n,ito koyama - resortes,54.0,,1.0,16.27,2.7116666666666664,,rojo,0,0.7059154929577465,2024-01-22,4.7,56.0,,0,,0.0,1,0,
2025-03-01,cg004n,ito koyama - resortes,78.0,,8.0,308.2,54.77333333333333,,rojo,0,0.8471867076914328,2024-01-22,5.25,104.0,,0,,0.0,1,0,
2021-06-01,ch-096400-1770,zy diesel,0.0,,0.0,0.0,0.0,,rojo,4,0.6055535290899143,2014-05-29,38.0,10.0,,0,,0.0,1,0,
2024-06-01,ch-105007-1210,zy diesel,0.0,,0.0,0.0,0.0,,rojo,4,-0.4498511308053996,2015-11-20,3.45,120.0,,0,,0.0,1,0,
2022-04-01,ch-105015-4130,zy diesel,0.0,,0.0,0.0,0.0,,rojo,4,0.1143790849673203,2014-05-29,3.1,48.0,,0,,0.0,1,0,
2022-05-01,ch-146403-2820,zy diesel,15.0,,0.0,0.0,0.0,,rojo,4,0.36438704858522275,2015-11-20,38.0,20.0,,0,,0.0,1,0,
2024-06-01,ch-146406-0620,zy diesel,0.0,,0.0,0.0,0.0,,rojo,4,-0.32230813287514326,2015-11-20,42.0,5.0,,0,,0.0,1,0,
2025-03-01,ch006n,ito koyama - resortes,84.0,,3.0,64.02,19.105,,rojo,0,0.573902233088407,2024-01-22,6.72,80.0,,0,,0.0,1,0,
2025-01-01,ch012n,ito koyama - resortes,87.0,,1.0,25.21,4.201666666666667,,rojo,0,0.9784089418567226,2024-01-22,6.3,80.0,,0,,0.0,1,0,
2025-03-01,ch013n,ito koyama - resortes,58.0,,4.0,91.75,20.00166666666667,,rojo,0,0.9775467941573996,2024-01-22,6.0,96.0,,0,,0.0,1,0,
2025-02-01,ch014n,ito koyama - resortes,14.0,,11.0,186.39999999999998,138.63333333333333,,rojo,0,1.0579730558567437,2024-01-22,5.6,100.0,,0,,0.0,1,0,
2022-01-01,ckg-500,aisin - japon,0.0,,0.0,0.0,0.0,,rojo,6,0.4065761905735219,2018-12-10,88.65,4.0,,0,,0.0,1,0,
2023-03-01,ckg-513,aisin - japon,0.0,,0.0,0.0,0.0,,rojo,6,0.3704783513689722,2019-09-30,224.14,20.0,,0,,0.0,1,0,
2022-04-01,ckgm-500,aisin - japon,0.0,,0.0,0.0,0.0,,rojo,6,0.44053198095352275,2018-12-10,66.38,10.0,,0,,0.0,1,0,
2022-07-01,ckgm-501,aisin - japon,0.0,,0.0,0.0,0.0,,rojo,6,0.4283086698436587,2018-12-10,69.61,5.0,,0,,0.0,1,0,
2021-05-01,ckgm-502,aisin - japon,0.0,,0.0,0.0,0.0,,rojo,6,0.42018088127037534,2019-03-25,54.86,5.0,,0,,0.0,1,0,
2021-05-01,ckm-501,aisin - japon,0.0,,0.0,0.0,0.0,,rojo,6,0.4765282171650169,2018-03-16,116.21,2.0,,0,,0.0,1,0,
2024-04-01,ckr-500,aisin - japon,0.0,,0.0,0.0,0.0,,rojo,6,0.43965533175771504,2019-09-30,261.34,12.0,,0,,0.0,1,0,
2025-03-01,ckt-500au,aisin - japon,33.0,,4.0,2178.3999999999996,363.0666666666666,,rojo,0,0.38087524244238397,2025-02-24,65.46,44.0,,0,,0.0,1,0,
2025-03-01,ckt-515aa-mrk,aisin - japon,6.0,,4.0,1725.42,287.57,,rojo,0,0.2739226381954292,2025-01-16,69.73,15.0,,0,,0.0,1,0,
2025-03-01,ckt-516aa-mrk,aisin - japon,0.0,,5.0,1433.05,238.84166666666667,,rojo,0,0.3178474541895896,2025-01-16,66.4,15.0,,0,,0.0,1,0,
2025-03-01,ckt-518aa-mrk,aisin - japon,16.0,,6.0,1632.22,272.0366666666667,,rojo,0,0.40083295709991607,2025-01-16,41.55,40.0,,0,,0.0,1,0,
2022-02-01,clt-46,ctr,0.0,,0.0,0.0,0.0,,rojo,4,0.40625000000000006,2016-11-22,6.1,50.0,,0,,0.0,1,0,
2022-12-01,cmt-008,aisin - japon,0.0,,0.0,0.0,0.0,,rojo,6,0.43242267170594373,2022-11-15,28.22,15.0,,0,,0.0,1,0,
2024-02-01,cmt-014,aisin - japon,0.0,,0.0,0.0,0.0,,rojo,6,0.47130701832277566,2018-09-17,17.85,24.0,,0,,0.0,1,0,
2022-01-01,cmt-019,aisin - japon,0.0,,0.0,0.0,0.0,,rojo,6,0.3629006681904179,2021-11-29,25.57,8.0,,0,,0.0,1,0,
2022-06-01,cmt-026,aisin - japon,0.0,,0.0,0.0,0.0,,rojo,6,0.4664830152066264,2019-07-24,27.88,15.0,,0,,0.0,1,0,
2022-02-01,cmt-037,aisin - japon,0.0,,0.0,0.0,0.0,,rojo,6,0.4404596810523488,2021-11-29,19.99,10.0,,0,,0.0,1,0,
2024-03-01,cmt-069,aisin - japon,0.0,,0.0,0.0,0.0,,rojo,6,0.455629873506704,2021-11-29,30.59,8.0,,0,,0.0,1,0,
2025-03-01,cmt-075,aisin - japon,11.0,,3.0,67.79,18.991666666666667,,rojo,0,0.46424747674438804,2024-10-07,15.91,16.0,,0,,0.0,1,0,
2025-03-01,cmt-078,aisin - japon,0.0,,11.0,535.3,159.87,,rojo,0,0.39259302359531784,2024-11-29,16.52,40.0,,0,,0.0,1,0,
2025-03-01,cmt-138,aisin - japon,16.0,,10.0,1350.22,606.8533333333334,,rojo,0,0.46856749374708895,2025-01-31,17.0,40.0,,0,,0.0,1,0,
2021-07-01,cmt-140,aisin - japon,0.0,,0.0,0.0,0.0,,rojo,6,0.5158135981665393,2018-09-17,19.24,16.0,,0,,0.0,1,0,
2025-03-01,cmts-011,aisin - japon,254.0,,6.0,1503.24,250.54,,rojo,0,0.39744851613319265,2025-02-24,26.06,50.0,,0,,0.0,1,0,
2023-08-01,cmts-012,aisin - japon,225.0,,0.0,0.0,0.0,,rojo,6,0.43576203151900605,2025-02-24,25.27,30.0,,0,,0.0,1,0,
2024-12-01,cp235/75r17.5,deruibo,4.0,,1.0,0.0,198.30499999999998,,rojo,4,0.33496398696299023,2024-05-16,72.0,20.0,,0,,0.0,1,0,
2024-09-01,cpm8.25r16,deruibo,0.0,,0.0,0.0,0.0,,rojo,4,0.2429611273066067,2023-07-26,81.0,20.0,,0,,0.0,1,0,
2021-03-01,crkd-1,ctr,0.0,,0.0,0.0,0.0,,rojo,4,0.30823992729475913,2016-09-19,4.8,192.0,,0,,0.0,1,0,
2021-08-01,crt-002,aisin - japon,0.0,,0.0,0.0,0.0,,rojo,6,0.39666972743101925,2019-12-27,9.11,60.0,,0,,0.0,1,0,
2025-03-01,crt-008,aisin - japon,0.0,,8.0,681.34,257.26,,rojo,0,0.39890809430945195,2024-11-29,13.21,40.0,,0,,0.0,1,0,
2022-04-01,crt-019,aisin - japon,0.0,,0.0,0.0,0.0,,rojo,6,0.4607275170721938,2019-02-21,11.84,20.0,,0,,0.0,1,0,
2025-03-01,cst-011aa,aisin - japon,99.0,,15.0,22965.28,3827.5466666666666,,rojo,0,0.7289993253670894,2024-07-15,38.11,400.0,,0,,0.0,1,0,
2021-03-01,ctx-011,aisin - japon,0.0,,0.0,0.0,0.0,,rojo,6,0.4115017272912007,2017-06-05,29.34,60.0,,0,,0.0,1,0,
2025-04-01,ctx-014z,aisin - japon,2484.0,,84.0,404.57,6658.443333333334,,rojo,0,0.46522030745532916,2025-02-24,17.85,2500.0,,0,,0.0,1,0,
2022-05-01,ctx-040,aisin - japon,0.0,,0.0,0.0,0.0,,rojo,6,0.30492341502921544,2021-11-29,34.37,40.0,,0,,0.0,1,0,
2024-05-01,ctx-067,aisin - japon,12.0,,0.0,0.0,0.0,,rojo,6,0.36957113644827366,2024-12-17,29.35,12.0,,0,,0.0,1,0,
2024-11-01,ctx-106,aisin - japon,0.0,,8.0,0.0,394.32,,rojo,6,0.4149141640405907,2024-10-07,38.65,20.0,,0,,0.0,1,0,
2022-11-01,ctx-109,aisin - japon,0.0,,0.0,0.0,0.0,,rojo,6,0.4758723616561172,2016-06-09,83.96,10.0,,0,,0.0,1,0,
2025-02-01,ctx-121,aisin - japon,0.0,,2.0,732.63,166.78166666666667,,rojo,0,0.2690225129824699,2022-07-22,89.67,30.0,,0,,0.0,1,0,
2022-07-01,ctx-133,aisin - japon,0.0,,0.0,0.0,0.0,,rojo,6,0.4489481840476472,2017-11-17,57.24,20.0,,0,,0.0,1,0,
2025-03-01,ctx-151,aisin - japon,0.0,,32.0,3082.29,1155.0033333333333,,rojo,0,0.3892654819304204,2024-05-22,40.92,100.0,,0,,0.0,1,0,
2025-02-01,ctx-164,aisin - japon,373.0,,4.0,159.81,174.65833333333333,,rojo,0,0.36214556225932454,2024-11-29,27.52,402.0,,0,,0.0,1,0,
2025-03-01,ctx-174a,aisin - japon,393.0,,63.0,7606.19,2940.5633333333335,,rojo,0,0.5497655570616456,2024-12-17,26.11,300.0,,0,,0.0,1,0,
2025-03-01,ctx-175a,aisin - japon,0.0,,34.0,5786.64,3188.4950000000003,,rojo,0,0.40823643608148635,2024-10-07,30.89,50.0,,0,,0.0,1,0,
2024-07-01,cu-1829,mann - brasil,38.0,,0.0,0.0,0.0,,rojo,4,0.3246541477483934,2024-02-05,4.948040013313293,50.0,,0,,0.0,1,0,
2025-03-01,cu-20018,mann - brasil,0.0,,1.0,122.03,20.338333333333335,,rojo,0,-0.05226471325312565,2021-09-20,8.222681378126143,20.0,,0,,0.0,1,0,
2024-01-01,cu-2131,mann - brasil,0.0,,0.0,0.0,0.0,,rojo,4,0.5102562882940462,2023-03-15,2.3064462721347807,30.0,,0,,0.0,1,0,
2025-03-01,cu-22028,mann - brasil,0.0,,1.0,372.88,62.14666666666667,,rojo,0,0.2855605583993847,2024-02-05,4.8078994464874265,30.0,,0,,0.0,1,0,
2025-03-01,cu-2418-2,mann - brasil,0.0,,1.0,86.44,14.406666666666666,,rojo,0,0.6293766400966053,2019-06-26,6.128412461280822,50.0,,0,,0.0,1,0,
2025-03-01,cu-2442,mann - brasil,0.0,,1.0,114.15,19.025000000000002,,rojo,0,-0.14013613810636816,2024-02-05,3.7514551734924315,30.0,,0,,0.0,1,0,
2025-03-01,cu-2544,mann - brasil,0.0,,1.0,53.29,8.881666666666666,,rojo,0,0.14554982222753376,2024-02-05,2.1883488512039184,30.0,,0,,0.0,1,0,
2025-03-01,cu-27009,mann - brasil,0.0,,1.0,99.58,16.596666666666668,,rojo,0,0.06483166183421135,2024-02-05,2.3608295488357545,50.0,,0,,0.0,1,0,
2021-12-01,cu-2785,mann - brasil,34.0,,0.0,0.0,0.0,,rojo,4,0.4756172839506174,2014-12-19,4.953050523996353,60.0,,0,,0.0,1,0,
2025-03-01,cu-2842,mann - brasil,0.0,,3.0,43.9,9.138333333333334,,rojo,0,0.3024346334667751,2024-02-05,3.514294214248657,50.0,,0,,0.0,1,0,
2025-03-01,cu-29003-2,mann - brasil,0.0,,2.0,284.76,47.46,,rojo,0,0.07186333620442148,2024-04-09,4.117327809333801,30.0,,0,,0.0,1,0,
2025-01-01,cu-3125,mann - brasil,30.0,,1.0,0.0,14.476666666666667,,rojo,4,0.3018875485913517,2024-09-24,6.000333094596863,30.0,,0,,0.0,1,0,
2025-01-01,cu-33128,mann - brasil,0.0,,1.0,0.0,42.06166666666667,,rojo,4,0.3527582302609893,2023-10-05,16.653707563877106,10.0,,0,,0.0,1,0,
2024-09-01,cu-3855,mann - brasil,30.0,,0.0,0.0,0.0,,rojo,4,0.6060821391851157,2023-10-05,16.83232777118683,30.0,,0,,0.0,1,0,
2023-04-01,cu-3858,mann - brasil,0.0,,0.0,0.0,0.0,,rojo,4,4.873748131037773,2019-12-13,2.9307470202445987,30.0,,0,,0.0,1,0,
2025-01-01,cu-3939,mann - brasil,29.0,,1.0,0.0,18.106666666666666,,rojo,4,0.3371078554559862,2024-09-24,7.5004163682460785,30.0,,0,,0.0,1,0,
2024-07-01,cu-4662,mann - brasil,7.0,,0.0,0.0,0.0,,rojo,4,0.48076923076923084,2015-09-03,2.6469862031936646,20.0,,0,,0.0,1,0,
2025-01-01,cu-61225,mann - brasil,0.0,,1.0,0.0,26.55333333333333,,rojo,4,0.367027622281362,2024-02-05,10.057780680656434,10.0,,0,,0.0,1,0,
2025-03-01,cuk-1829,mann - brasil,0.0,,1.0,183.05,30.508333333333336,,rojo,0,-0.284641493361115,2024-04-09,7.409017324447632,30.0,,0,,0.0,1,0,
2025-01-01,cuk-2145,mann - brasil,114.0,,1.0,30.51,5.085,,rojo,0,0.2598385076425882,2014-09-26,9.593305034637451,120.0,,0,,0.0,1,0,
2023-11-01,cuk-28013,mann - brasil,29.0,,0.0,0.0,0.0,,rojo,4,0.41795055535650305,2023-10-05,13.322966051101684,30.0,,0,,0.0,1,0,
2024-08-01,cuk-2842,mann - brasil,38.0,,0.0,0.0,0.0,,rojo,4,0.25749756625282694,2024-02-05,5.885903806686401,50.0,,0,,0.0,1,0,
2021-09-01,cuk-2945,mann - brasil,6.0,,0.0,0.0,0.0,,rojo,4,1.2885330283099803,2014-04-09,5.793183159828186,20.0,,0,,0.0,1,0,
2024-08-01,cuk-3569,mann - brasil,94.0,,0.0,0.0,0.0,,rojo,4,0.4192987035586879,2024-02-05,8.83963575363159,100.0,,0,,0.0,1,0,
2023-12-01,d-gorros,sin definicion,0.0,,0.0,0.0,0.0,,rojo,0,-1.0,2023-05-31,34.21186479019593,200.0,,0,,0.0,1,0,
2022-01-01,d-overoles,sin definicion,0.0,,0.0,0.0,0.0,,rojo,0,-1.0,2020-12-03,162.22500222395362,50.0,,0,,0.0,1,0,
2024-02-01,d-polos,sin definicion,0.0,,0.0,0.0,0.0,,rojo,0,-1.0,2023-05-31,37.32203565112283,209.0,,0,,0.0,1,0,
2022-01-01,d00128-700c,ito koyama - amortiguadores,0.0,,0.0,0.0,0.0,,rojo,6,0.6768407560787123,2021-11-08,6.5,8.0,,0,,0.0,1,0,
2025-03-01,d005n,ito koyama - resortes,32.0,,4.0,225.41,37.568333333333335,,rojo,0,0.7008191282305754,2024-01-22,4.83,96.0,,0,,0.0,1,0,
2025-02-01,d007n,ito koyama - resortes,2.0,,4.0,112.22,23.923333333333332,,rojo,0,0.8665594276156892,2024-01-22,3.99,344.0,,0,,0.0,1,0,
2025-02-01,d008n,ito koyama - resortes,140.0,,3.0,111.36,27.584999999999997,,rojo,0,0.9168969964989864,2024-01-22,6.5,152.0,,0,,0.0,1,0,
2021-09-01,d25500500,valvoline,0.0,,0.0,0.0,0.0,,rojo,2,0.5356877318916339,2020-08-28,37.24,60.0,,0,,0.0,1,0,
2021-12-01,d255005500,valvoline,0.0,,0.0,0.0,0.0,,rojo,2,0.3740055631892039,2020-08-28,434.52,2.0,,0,,0.0,1,0,
2022-09-01,dac3870w-7cs66,nachi - koyo - ntn - nsk - japon,0.0,,0.0,0.0,0.0,,rojo,4,0.48490808892043746,2020-11-05,10.5,20.0,,0,,0.0,1,0,
2022-01-01,dac38710039,zsg - taiwan,0.0,,0.0,0.0,0.0,,rojo,4,0.15203366397472312,2017-08-17,5.05,50.0,,0,,0.0,1,0,
2022-01-01,dac38720236/33,zsg - taiwan,4.0,,0.0,0.0,0.0,,rojo,4,0.4208489127537751,2018-06-15,4.87,50.0,,0,,0.0,1,0,
2021-12-01,dac40750039,zsg - taiwan,0.0,,0.0,0.0,0.0,,rojo,4,0.5939480151382428,2017-08-17,6.53,20.0,,0,,0.0,1,0,
2022-01-01,dac42820040,zsg - taiwan,0.0,,0.0,0.0,0.0,,rojo,4,0.12316542739039721,2018-06-15,8.5,50.0,,0,,0.0,1,0,
2023-03-01,dd11r22.5,deruibo,0.0,,0.0,0.0,0.0,,rojo,4,0.14397200391749046,2022-03-31,110.8,40.0,,0,,0.0,1,0,
2023-02-01,dd315/80r22.5,deruibo,0.0,,0.0,0.0,0.0,,rojo,4,0.21918253058046475,2022-03-31,118.4,20.0,,0,,0.0,1,0,
2022-03-01,dg409w-12rshr4sh2c5,nachi - koyo - ntn - nsk - japon,0.0,,0.0,0.0,0.0,,rojo,4,0.5439465307380986,2020-11-05,10.6,10.0,,0,,0.0,1,0,
2022-01-01,dis-3700,sankei - japon,0.0,,0.0,0.0,0.0,,rojo,4,0.422619681525767,2021-08-10,5.493808412924409,60.0,,0,,0.0,1,0,
2021-10-01,dis-3850,sankei - japon,0.0,,0.0,0.0,0.0,,rojo,4,0.4929997457114501,2020-04-07,5.5,600.0,,0,,0.0,1,0,
2022-02-01,dis-3900,sankei - japon,0.0,,0.0,0.0,0.0,,rojo,4,0.4280380756635267,2021-08-10,9.627763258293271,150.0,,0,,0.0,1,0,
2021-09-01,dm-316,aisin - japon,0.0,,0.0,0.0,0.0,,rojo,6,0.41877792493794724,2016-06-09,66.38,21.0,,0,,0.0,1,0,
2022-04-01,dm12r22.5,deruibo,0.0,,0.0,0.0,0.0,,rojo,4,0.26582271378203937,2021-09-30,126.0,20.0,,0,,0.0,1,0,
2023-07-01,dm7.50r16lt,deruibo,0.0,,0.0,0.0,0.0,,rojo,4,0.07608245752298388,2021-09-30,66.0,20.0,,0,,0.0,1,0,
2023-08-01,dm8.25r16lt,deruibo,0.0,,0.0,0.0,0.0,,rojo,4,0.18837428057001263,2023-06-26,85.0,20.0,,0,,0.0,1,0,
2021-09-01,dm900r20,deruibo,0.0,,0.0,0.0,0.0,,rojo,4,0.4189683919298846,2018-10-16,122.0,30.0,,0,,0.0,1,0,
2021-11-01,dn-005,aisin - japon,0.0,,0.0,0.0,0.0,,rojo,6,0.5282165291273461,2019-12-27,14.32,30.0,,0,,0.0,1,0,
2021-08-01,dn-027,aisin - japon,0.0,,0.0,0.0,0.0,,rojo,6,0.6040360121128704,2018-09-17,15.87,50.0,,0,,0.0,1,0,
2021-08-01,dn-035,aisin - japon,0.0,,0.0,0.0,0.0,,rojo,6,0.644738971724378,2019-03-27,22.79,10.0,,0,,0.0,1,0,
2022-04-01,dop1117,sankei - japon,0.0,,0.0,0.0,0.0,,rojo,4,0.4617342377630707,2021-08-10,1.1513426871970296,50.0,,0,,0.0,1,0,
2023-02-01,dop1120,sankei - japon,0.0,,0.0,0.0,0.0,,rojo,4,0.44520372191774205,2021-08-10,1.1513426871970296,80.0,,0,,0.0,1,0,
2023-02-01,dop1147,sankei - japon,0.0,,0.0,0.0,0.0,,rojo,4,0.546868286454906,2021-08-10,1.6499556619673967,50.0,,0,,0.0,1,0,
2024-09-01,dop11r22.5,deruibo,0.0,,0.0,0.0,0.0,,rojo,4,0.2865978054029619,2024-05-16,104.0,40.0,,0,,0.0,1,0,
2023-08-01,dop12.00r20,deruibo,0.0,,0.0,0.0,0.0,,rojo,4,0.23051754694561613,2023-02-09,139.0,60.0,,0,,0.0,1,0,
2022-03-01,dp11r22.5,deruibo,0.0,,0.0,0.0,0.0,,rojo,4,0.2707106379579138,2021-09-30,110.0,78.0,,0,,0.0,1,0,
2022-01-01,dp295/80r22.5,deruibo,0.0,,0.0,0.0,0.0,,rojo,4,0.333460840179114,2021-09-30,118.0,20.0,,0,,0.0,1,0,
2021-04-01,dplt235/75r15,deestone,0.0,,0.0,0.0,0.0,,rojo,6,0.4526924811248368,2020-01-15,53.89,80.0,,0,,0.0,1,0,
2025-01-01,dpo12.00r20,deruibo,0.0,,7.0,972.88,2513.275,,rojo,4,0.24050960933407167,2024-08-31,154.0,58.0,,0,,0.0,1,0,
2021-04-01,dpp11r22.5,deruibo,0.0,,0.0,0.0,0.0,,rojo,4,0.21587491733113717,2019-08-27,112.0,30.0,,0,,0.0,1,0,
2021-12-01,dt-008,aisin - japon,0.0,,0.0,0.0,0.0,,rojo,6,0.39185368078507143,2016-08-01,15.06,10.0,,0,,0.0,1,0,
2024-04-01,dt-052v,aisin - japon,48.0,,0.0,0.0,0.0,,rojo,6,0.38365930527823955,2024-01-11,19.25,30.0,,0,,0.0,1,0,
2021-12-01,dt11r22.5,deestone,0.0,,0.0,0.0,0.0,,rojo,6,0.4040826484836659,2020-06-08,132.68,7.0,,0,,0.0,1,0,
2021-09-01,dt12-16.5,deestone,0.0,,0.0,0.0,0.0,,rojo,6,0.45764934449536326,2020-05-18,69.79,44.0,,0,,0.0,1,0,
2021-09-01,dt12.4-24,deestone,0.0,,0.0,0.0,0.0,,rojo,6,0.3691396958601707,2017-11-23,125.0,14.0,,0,,0.0,1,0,
2021-10-01,dt12.5/80-18,deestone,0.0,,0.0,0.0,0.0,,rojo,6,0.5244345002881924,2020-05-18,124.14,68.0,,0,,0.0,1,0,
2021-10-01,dt14.9-24,deestone,0.0,,0.0,0.0,0.0,,rojo,6,0.2999119662956675,2017-11-23,170.01,14.0,,0,,0.0,1,0,
2021-05-01,dt165r13,deestone,0.0,,0.0,0.0,0.0,,rojo,6,0.6338935109297189,2019-04-08,18.56,24.0,,0,,0.0,1,0,
2021-11-01,dt18.4-30,deestone,0.0,,0.0,0.0,0.0,,rojo,6,0.3572696508476403,2017-11-23,347.73,14.0,,0,,0.0,1,0,
2021-06-01,dt19.5l-24,deestone,0.0,,0.0,0.0,0.0,,rojo,6,0.3461285361854653,2020-05-18,251.96,44.0,,0,,0.0,1,0,
2022-02-01,dt195/50r16,deestone,0.0,,0.0,0.0,0.0,,rojo,6,0.4632223727902174,2021-05-21,24.68,48.0,,0,,0.0,1,0,
2023-09-01,dt195/60r14,deestone,0.0,,0.0,0.0,0.0,,rojo,6,0.17869928400954627,2018-02-09,20.93,20.0,,0,,0.0,1,0,
2021-03-01,dt195/60r15,deestone,0.0,,0.0,0.0,0.0,,rojo,6,0.34706955835640124,2020-03-28,23.29,60.0,,0,,0.0,1,0,
2021-05-01,dt195/70r15c,deestone,0.0,,0.0,0.0,0.0,,rojo,6,0.4609544800836405,2020-10-31,32.27,40.0,,0,,0.0,1,0,
2021-08-01,dt205/50zr16,deestone,0.0,,0.0,0.0,0.0,,rojo,6,0.46275237605436587,2021-05-21,26.92,25.0,,0,,0.0,1,0,
2024-05-01,dt205/65r15,deestone,0.0,,0.0,0.0,0.0,,rojo,6,0.4579424759577369,2020-03-28,26.92,40.0,,0,,0.0,1,0,
2022-05-01,dt205r16c,deestone,0.0,,0.0,0.0,0.0,,rojo,6,0.427215381927922,2017-06-01,45.39,20.0,,0,,0.0,1,0,
2022-03-01,dt215/60r16,deestone,0.0,,0.0,0.0,0.0,,rojo,6,0.44158155916139186,2021-05-20,29.11,50.0,,0,,0.0,1,0,
2023-11-01,dt215/65r15,deestone,0.0,,0.0,0.0,0.0,,rojo,6,0.35175795164061513,2016-09-14,35.34,60.0,,0,,0.0,1,0,
2023-02-01,dt215/70r15c,deestone,0.0,,0.0,0.0,0.0,,rojo,6,0.21093079248574978,2022-02-11,39.3,80.0,,0,,0.0,1,0,
2024-12-01,dt215/75r17.5,deestone,44.0,,4.0,0.0,1245.7633333333333,,rojo,6,0.2547021633549,2025-02-25,79.49,40.0,,0,,0.0,1,0,
2024-12-01,dt225/40zr18,deestone,57.0,,2.0,96.61,32.20333333333333,,rojo,6,0.35965616764622915,2023-04-17,33.32,100.0,,0,,0.0,1,0,
2024-06-01,dt225/45zr17,deestone,0.0,,0.0,0.0,0.0,,rojo,6,0.41032853740507996,2023-04-17,32.43,101.0,,0,,0.0,1,0,
2021-06-01,dt225/50zr17,deestone,0.0,,0.0,0.0,0.0,,rojo,6,0.5636765355722493,2018-07-10,32.39,52.0,,0,,0.0,1,0,
2022-12-01,dt225/60r16,deestone,0.0,,0.0,0.0,0.0,,rojo,6,0.6229091885687509,2020-06-08,31.29,32.0,,0,,0.0,1,0,
2023-09-01,dt225/65r17,deestone,0.0,,0.0,0.0,0.0,,rojo,6,0.4861807569860639,2021-05-21,34.6,48.0,,0,,0.0,1,0,
2022-04-01,dt225/70r16,deestone,0.0,,0.0,0.0,0.0,,rojo,6,0.5618601591442923,2020-11-09,35.66,40.0,,0,,0.0,1,0,
2023-12-01,dt235/35zr19,deestone,0.0,,0.0,0.0,0.0,,rojo,6,0.2925031245798676,2016-02-28,51.3,12.0,,0,,0.0,1,0,
2022-05-01,dt235/40zr18xl,deestone,0.0,,0.0,0.0,0.0,,rojo,6,0.39322403747164225,2016-01-08,48.99,80.0,,0,,0.0,1,0,
2024-03-01,dt235/60r18,deestone,0.0,,0.0,0.0,0.0,,rojo,6,0.4361700898215642,2024-01-31,43.2,76.0,,0,,0.0,1,0,
2024-10-01,dt235/65r17,deestone,0.0,,4.0,0.0,954.3733333333333,,rojo,6,0.48419189418374176,2024-09-20,39.23,40.0,,0,,0.0,1,0,
2021-06-01,dt255/70r16,deestone,0.0,,0.0,0.0,0.0,,rojo,6,0.4189991072835164,2019-07-04,52.47,32.0,,0,,0.0,1,0,
2024-09-01,dt265/30zr19,deestone,6.0,,0.0,0.0,0.0,,rojo,6,0.17549745018734697,2016-02-28,56.05,12.0,,0,,0.0,1,0,
2023-08-01,dt265/65r17,deestone,0.0,,0.0,0.0,0.0,,rojo,6,0.6614835131170002,2019-10-09,47.3,40.0,,0,,0.0,1,0,
2024-09-01,dt275/65r17,deestone,0.0,,0.0,0.0,0.0,,rojo,6,0.14715506786296462,2019-10-09,54.58,20.0,,0,,0.0,1,0,
2022-06-01,dt31x10.5r15lt,deestone,0.0,,0.0,0.0,0.0,,rojo,6,0.15205563030925737,2018-07-10,51.66,20.0,,0,,0.0,1,0,
2021-02-01,dtd215/75r17.5,deestone,0.0,,0.0,0.0,0.0,,rojo,6,0.3999631215226003,2020-06-08,71.45,9.0,,0,,0.0,1,0,
2025-01-01,dte225/45zr17,deestone,0.0,,4.0,0.0,357.18833333333333,,rojo,6,0.5201384530194125,2024-10-28,32.37,40.0,,0,,0.0,1,0,
2021-09-01,dtl12-16.5,deestone,0.0,,0.0,0.0,0.0,,rojo,6,0.39257574075102936,2020-05-18,130.41,68.0,,0,,0.0,1,0,
2021-06-01,dtlt245/75r16,deestone,0.0,,0.0,0.0,0.0,,rojo,6,0.9034210101662095,2019-05-03,53.13,80.0,,0,,0.0,1,0,
2022-07-01,dtm11r22.5,deestone,0.0,,0.0,0.0,0.0,,rojo,6,0.4212265171730632,2020-06-08,147.42,25.0,,0,,0.0,1,0,
2021-06-01,dtmlt265/70r17,deestone,0.0,,0.0,0.0,0.0,,rojo,6,0.472911503279684,2017-12-20,69.77,120.0,,0,,0.0,1,0,
2022-01-01,dtmlt265/75r16,deestone,0.0,,0.0,0.0,0.0,,rojo,6,0.4159867919687728,2020-11-09,68.94,18.0,,0,,0.0,1,0,
2022-07-01,dtn195/50r15,deestone,0.0,,0.0,0.0,0.0,,rojo,6,0.45236040921977083,2016-07-18,22.8,40.0,,0,,0.0,1,0,
2022-03-01,dtn195/55r15,deestone,0.0,,0.0,0.0,0.0,,rojo,6,0.541720533733087,2022-02-11,22.8,6.0,,0,,0.0,1,0,
2025-01-01,dtn195/60r15,deestone,0.0,,10.0,309.11,472.6033333333333,,rojo,0,0.43141083115572687,2024-09-20,24.67,60.0,,0,,0.0,1,0,
2024-05-01,dtn205/55r16,deestone,0.0,,0.0,0.0,0.0,,rojo,6,0.6149523146707786,2024-04-09,26.94,188.0,,0,,0.0,1,0,
2021-11-01,dtp11r22.5,deestone,0.0,,0.0,0.0,0.0,,rojo,6,0.341520850593012,2020-06-08,162.0,40.0,,0,,0.0,1,0,
2024-02-01,dtp185/60r15,deestone,0.0,,0.0,0.0,0.0,,rojo,6,0.4632096637565707,2023-08-25,22.62,100.0,,0,,0.0,1,0,
2025-02-01,dtp195/55r15,deestone,28.0,,3.0,305.08,78.52999999999999,,rojo,0,0.38950701679945926,2024-10-28,24.33,40.0,,0,,0.0,1,0,
2022-01-01,dtp195/65r15,deestone,0.0,,0.0,0.0,0.0,,rojo,6,0.4443225547870403,2021-05-20,24.69,150.0,,0,,0.0,1,0,
2025-03-01,dtp205/60r16,deestone,143.0,,21.0,2004.7399999999998,1106.6183333333333,,rojo,0,0.43299370818013194,2025-02-25,30.24,60.0,,0,,0.0,1,0,
2025-03-01,dtp215/70r16,deestone,6.0,,4.0,1308.65,336.75166666666667,,rojo,0,0.4355239180018272,2024-10-28,35.38,40.0,,0,,0.0,1,0,
2021-02-01,dtp225/70r15c,deestone,0.0,,0.0,0.0,0.0,,rojo,6,0.40464689741244064,2018-03-05,38.26,8.0,,0,,0.0,1,0,
2021-06-01,dtt235/65r17,deestone,0.0,,0.0,0.0,0.0,,rojo,6,0.5819238506817672,2019-05-03,37.11,60.0,,0,,0.0,1,0,
2023-09-01,dtt245/45zr17,deestone,0.0,,0.0,0.0,0.0,,rojo,6,0.35660793721919465,2018-01-30,32.25,50.0,,0,,0.0,1,0,
2022-04-01,dttlt265/75r16,deestone,0.0,,0.0,0.0,0.0,,rojo,6,0.3807096948433084,2021-05-21,63.41,77.0,,0,,0.0,1,0,
2021-12-01,dttv185/60r15,deestone,0.0,,0.0,0.0,0.0,,rojo,6,0.5219354887750197,2021-04-12,20.74,5.0,,0,,0.0,1,0,
2021-09-01,dtv175/65r14,deestone,0.0,,0.0,0.0,0.0,,rojo,6,0.361444723484955,2021-04-12,19.76,60.0,,0,,0.0,1,0,
2021-11-01,dtv175/70r13,deestone,0.0,,0.0,0.0,0.0,,rojo,6,0.4359317105201446,2020-03-28,18.53,72.0,,0,,0.0,1,0,
2021-03-01,dtv185/65r15,deestone,0.0,,0.0,0.0,0.0,,rojo,6,0.43097733704174457,2020-03-28,21.79,80.0,,0,,0.0,1,0,
2021-06-01,dtv215/50zr17,deestone,0.0,,0.0,0.0,0.0,,rojo,6,0.48274991161651126,2020-03-28,30.92,60.0,,0,,0.0,1,0,
2022-05-01,dtv225/45zr17,deestone,0.0,,0.0,0.0,0.0,,rojo,6,0.35543892336100336,2022-04-09,22.56,10.0,,0,,0.0,1,0,
2025-03-01,dtx-137,aisin - japon,54.0,,13.0,2603.25,443.76666666666665,,rojo,0,0.30096019710137806,2024-11-29,42.13,100.0,,0,,0.0,1,0,
2025-03-01,dtx-168,aisin - japon,0.0,,6.0,1268.66,528.615,,rojo,0,0.5002745698235636,2024-10-07,37.53,57.0,,0,,0.0,1,0,
2025-03-01,dtx-174,aisin - japon,0.0,,5.0,895.7,294.05833333333334,,rojo,0,0.5044895916168763,2023-05-05,61.06,20.0,,0,,0.0,1,0,
2025-03-01,dtx-237a,aisin - japon,0.0,,56.0,26340.12,10222.14,,rojo,0,0.535703306335319,2024-10-07,28.72,60.0,,0,,0.0,1,0,
2025-03-01,dtx-238a,aisin - japon,24.0,,33.0,6102.03,2892.685,,rojo,0,0.4094717791002244,2024-10-07,34.96,60.0,,0,,0.0,1,0,
2025-02-01,dtxlt235/75r15,deestone,18.0,,5.0,1172.2,416.1233333333334,,rojo,0,0.3728658300972356,2024-09-20,53.96,40.0,,0,,0.0,1,0,
2025-03-01,dtxlt265/60r18,deestone,18.0,,25.0,5738.68,2548.0883333333336,,rojo,0,0.41433927533993137,2024-10-04,67.21,150.0,,0,,0.0,1,0,
2023-04-01,dw024,daewha - korea,32.0,,0.0,0.0,0.0,,rojo,4,0.44385613524025064,2013-05-29,8.2,100.0,,0,,0.0,1,0,
2021-04-01,dw141,daewha - korea,0.0,,0.0,0.0,0.0,,rojo,4,0.3514582599494373,2015-11-16,7.9,120.0,,0,,0.0,1,0,
2021-05-01,dw164,daewha - korea,0.0,,0.0,0.0,0.0,,rojo,4,0.30371472962429014,2013-05-29,8.2,50.0,,0,,0.0,1,0,
2022-12-01,dw165,daewha - korea,0.0,,0.0,0.0,0.0,,rojo,4,0.30934690631943296,2014-05-27,7.35,100.0,,0,,0.0,1,0,
2025-04-01,e-lapiceros,sin definicion,0.0,,69.0,0.0,0.0,,rojo,0,-1.0,2025-02-13,2.524159797792985,2000.0,,0,,0.0,1,0,
2024-10-01,e4302-5ee0b,ito koyama - amortiguadores,0.0,,0.0,0.0,0.0,,rojo,6,0.8495994427175696,2024-08-22,11.59,60.0,,0,,0.0,1,0,
2024-11-01,e4302-9am1a,ito koyama - amortiguadores,0.0,,14.0,0.0,100.06833333333333,,rojo,6,0.7452353615019724,2024-08-22,12.46,60.0,,0,,0.0,1,0,
2024-10-01,e4303-5ee0b,ito koyama - amortiguadores,0.0,,0.0,0.0,0.0,,rojo,6,0.8495994427175696,2024-08-22,11.59,60.0,,0,,0.0,1,0,
2024-11-01,e4303-9an1a,ito koyama - amortiguadores,0.0,,14.0,0.0,106.93333333333334,,rojo,6,0.7323533380582571,2024-08-22,12.46,60.0,,0,,0.0,1,0,
2024-10-01,e6210-5ee0b,ito koyama - amortiguadores,4.0,,6.0,0.0,61.620000000000005,,rojo,6,0.8256467909065259,2024-08-22,7.97,120.0,,0,,0.0,1,0,
2025-01-01,e6210-9an0a,ito koyama - amortiguadores,1.0,,24.0,14.12,180.27833333333334,,rojo,0,0.7338355743939177,2024-08-22,6.67,120.0,,0,,0.0,1,0,
2024-09-01,ef-15030,sakura filter,0.0,,0.0,0.0,0.0,,rojo,6,0.867076507671623,,,,,0,,0.0,1,0,
2022-03-01,ef-55040,sakura filter,0.0,,0.0,0.0,0.0,,rojo,6,0.6067879588525036,2022-02-03,3.7,50.0,,0,,0.0,1,0,
2024-03-01,eh-55050,sakura filter,130.0,,0.0,0.0,0.0,,rojo,6,0.7674619218476956,2024-04-18,20.0,32.0,,0,,0.0,1,0,
2025-04-01,eh-55070,sakura filter,46.0,,1.0,38.35,6.391666666666667,,rojo,0,0.9502891765353896,2024-04-18,4.5,50.0,,0,,0.0,1,0,
2025-03-01,ek007,ito koyama - direccion,216.0,,6.0,226.13,37.68833333333333,,rojo,0,0.7473544439533159,2025-02-28,1.671212,296.0,,0,,0.0,1,0,
2022-12-01,eni002,ito koyama - direccion,0.0,,0.0,0.0,0.0,,rojo,6,0.6823453711191336,2022-08-15,2.02,210.0,,0,,0.0,1,0,
2025-03-01,enr17037,enertech - iluminacion,1070.0,,14.0,45.72,25.026666666666667,,rojo,0,2.5275541989041876,2024-09-30,0.022,2000.0,,0,,0.0,1,0,
2025-03-01,enr17039,enertech - iluminacion,280.0,,9.0,15.93,11.541666666666666,,rojo,0,1.3281071768608381,2024-09-30,0.13,500.0,,0,,0.0,1,0,
2025-03-01,enr17040,enertech - iluminacion,410.0,,3.0,6.78,1.2716666666666667,,rojo,0,2.2933333333333334,2024-09-30,0.024,500.0,,0,,0.0,1,0,
2024-11-01,enr17063,enertech - iluminacion,490.0,,1.0,0.0,0.22666666666666668,,rojo,0,1.4854368932038833,2024-09-30,0.052,500.0,,0,,0.0,1,0,
2025-03-01,enr17097,enertech - iluminacion,4820.0,,5.0,5.34,16.42833333333333,,rojo,0,2.774439585287805,2025-02-05,0.02,2000.0,,0,,0.0,1,0,
2025-02-01,enr17109,enertech - iluminacion,5750.0,,4.0,3.8200000000000003,3.1666666666666665,,rojo,0,2.282799090313244,2024-09-30,0.022,6000.0,,0,,0.0,1,0,
2025-02-01,enr17125,enertech - iluminacion,1760.0,,6.0,9.49,5.283333333333333,,rojo,0,1.3889075437558551,2024-09-30,0.052,2000.0,,0,,0.0,1,0,
2025-03-01,enr17131,enertech - iluminacion,1780.0,,4.0,7.12,4.463333333333334,,rojo,0,1.2627696570305535,2024-09-30,0.052,2000.0,,0,,0.0,1,0,
2025-03-01,enr17136,enertech - iluminacion,1880.0,,3.0,1.61,3.22,,rojo,0,1.8136552925988418,2024-09-30,0.054,2000.0,,0,,0.0,1,0,
2025-03-01,enr17141,enertech - iluminacion,7740.0,,7.0,24.04,11.266666666666667,,rojo,0,1.3174524477913305,2024-09-30,0.054,8000.0,,0,,0.0,1,0,
2025-03-01,enr17171,enertech - iluminacion,13830.0,,15.0,43.86,25.521666666666665,,rojo,0,1.4340162008947568,2024-09-30,0.048,15000.0,,0,,0.0,1,0,
2025-04-01,enr17177,enertech - iluminacion,45590.0,,35.0,87.55,58.165,,rojo,0,2.7501453889029777,2024-09-30,0.02,50000.0,,0,,0.0,1,0,
2025-03-01,enr17181,enertech - iluminacion,28100.0,,18.0,102.2,81.65666666666667,,rojo,0,1.2811111080873772,2024-09-30,0.05,30000.0,,0,,0.0,1,0,
2025-03-01,enr17197,enertech - iluminacion,15730.0,,5.0,3.81,3.5866666666666664,,rojo,0,2.4180757807826514,2024-09-30,0.022,16000.0,,0,,0.0,1,0,
2025-03-01,enr17326,enertech - iluminacion,660.0,,6.0,16.27,7.005,,rojo,0,1.4293993922720551,2024-09-30,0.05,1000.0,,0,,0.0,1,0,
2025-03-01,enr17631,enertech - iluminacion,2710.0,,13.0,157.42000000000002,229.99666666666667,,rojo,0,6.305699870445305,2025-02-05,0.042,3000.0,,0,,0.0,1,0,
2025-03-01,enr17632,enertech - iluminacion,830.0,,16.0,107.78,56.67166666666666,,rojo,0,2.7585752126835263,2025-02-05,0.12,1000.0,,0,,0.0,1,0,
2025-04-01,enr17635,enertech - iluminacion,17740.0,,49.0,425.0,122.49666666666667,,rojo,0,2.0799398625429553,2024-09-30,0.049,20000.0,,0,,0.0,1,0,
2025-04-01,enr17638,enertech - iluminacion,6260.0,,52.0,197.03,98.78166666666665,,rojo,0,1.440258895560579,2024-09-30,0.062,10000.0,,0,,0.0,1,0,
2025-03-01,enr17643,enertech - iluminacion,14110.0,,16.0,28.64,23.275000000000002,,rojo,0,1.9853840556789706,2024-09-30,0.051,15000.0,,0,,0.0,1,0,
2025-03-01,enr17649,enertech - iluminacion,840.0,,14.0,76.44,53.16,,rojo,0,2.717605602249628,2025-02-05,0.062,1000.0,,0,,0.0,1,0,
2025-04-01,enr17916,enertech - iluminacion,30290.0,,67.0,457.08,130.66,,rojo,0,1.9152441104488878,2024-09-30,0.052,35000.0,,0,,0.0,1,0,
2025-03-01,enr17919,enertech - iluminacion,0.0,,46.0,5080.75,1148.0583333333334,,rojo,0,1.958979391303233,2024-09-30,0.125,4000.0,,0,,0.0,1,0,
2025-03-01,enr17925,enertech - iluminacion,18830.0,,20.0,393.51,118.8,,rojo,0,2.0360403013769326,2024-09-30,0.054,20000.0,,0,,0.0,1,0,
2025-03-01,enr17945,enertech - iluminacion,170.0,,13.0,43.93,28.58666666666667,,rojo,0,1.4301040722036094,2024-09-30,0.19,500.0,,0,,0.0,1,0,
2025-03-01,enr17948,enertech - iluminacion,0.0,,19.0,39.45,45.21666666666667,,rojo,0,1.3204566167446785,2024-09-30,0.195,500.0,,0,,0.0,1,0,
2025-04-01,enr48005,enertech - iluminacion,953.0,,41.0,715.14,184.3083333333333,,rojo,0,1.543178034310809,2024-09-30,0.48,1800.0,,0,,0.0,1,0,
2025-03-01,enr48006,enertech - iluminacion,1310.0,,28.0,1558.05,543.275,,rojo,0,1.5467865922547708,2024-09-30,0.48,1800.0,,0,,0.0,1,0,
2024-11-01,enr48060,enertech - iluminacion,390.0,,1.0,0.0,2.1183333333333336,,rojo,0,1.52,2024-09-30,0.48,400.0,,0,,0.0,1,0,
2025-04-01,enr48072,enertech - iluminacion,2198.0,,64.0,2073.02,851.0266666666666,,rojo,0,1.9461821861833795,2024-09-30,0.46,4000.0,,0,,0.0,1,0,
2025-03-01,enr48072y,enertech - iluminacion,3209.0,,79.0,729.5,408.39000000000004,,rojo,0,1.4029356446526242,2025-02-05,0.64,3000.0,,0,,0.0,1,0,
2025-03-01,enr48222,enertech - iluminacion,5850.0,,5.0,183.04000000000002,57.199999999999996,,rojo,0,1.2479656776775179,2024-09-30,0.48,6000.0,,0,,0.0,1,0,
2025-03-01,enr48320,enertech - iluminacion,3630.0,,25.0,86.08,31.820000000000004,,rojo,0,1.3874432116242046,2024-09-30,0.19,4000.0,,0,,0.0,1,0,
2025-03-01,enr48321,enertech - iluminacion,2570.0,,22.0,90.76,41.97833333333333,,rojo,0,1.7700419072426001,2024-09-30,0.19,3000.0,,0,,0.0,1,0,
2025-04-01,enr48328,enertech - iluminacion,12060.0,,69.0,721.23,482.28999999999996,,rojo,0,1.7506128175940172,2024-09-30,0.33,15000.0,,0,,0.0,1,0,
2025-03-01,enr48700,enertech - iluminacion,9540.0,,19.0,188.66,84.89333333333333,,rojo,0,1.505528913954636,2024-09-30,0.21,10000.0,,0,,0.0,1,0,
2025-03-01,enr48702,enertech - iluminacion,3782.0,,11.0,71.59,22.960000000000004,,rojo,0,1.8774407704071479,2024-09-30,0.21,4000.0,,0,,0.0,1,0,
2025-03-01,enr48728,enertech - iluminacion,6506.0,,48.0,1285.6100000000001,367.04,,rojo,0,2.905537762010276,2024-09-30,0.35,8000.0,,0,,0.0,1,0,
2025-03-01,enr48772,enertech - iluminacion,216.0,,10.0,206.09,42.25666666666667,,rojo,0,2.059699418703961,2024-09-30,0.48,400.0,,0,,0.0,1,0,
2025-03-01,enr48772y,enertech - iluminacion,266.0,,9.0,82.37,32.08833333333333,,rojo,0,1.247258513607712,2024-09-30,0.66,400.0,,0,,0.0,1,0,
2025-04-01,enr48881,enertech - iluminacion,16873.0,,103.0,1307.73,590.0266666666666,,rojo,0,1.394469173340904,2024-09-30,0.45,20000.0,,0,,0.0,1,0,
2025-03-01,enr48892,enertech - iluminacion,7016.0,,23.0,281.69,197.95333333333335,,rojo,0,1.378107678709088,2024-09-30,0.47,8000.0,,0,,0.0,1,0,
2025-04-01,enr48901,enertech - iluminacion,1210.0,,37.0,4207.24,1084.7766666666666,,rojo,0,1.4434328658887166,2025-02-05,0.46,3000.0,,0,,0.0,1,0,
2025-03-01,enr48991,enertech - iluminacion,630.0,,20.0,1574.22,672.15,,rojo,0,1.9096652483438812,2025-02-05,0.48,1000.0,,0,,0.0,1,0,
2025-02-01,enr49531,enertech - iluminacion,5920.0,,4.0,16.95,10.776666666666666,,rojo,0,1.1970563060853896,2024-09-30,0.35,6000.0,,0,,0.0,1,0,
2025-04-01,enrled9005,enertech - iluminacion,359.0,,91.0,2767.47,1055.895,,rojo,0,0.5225145284963085,2025-02-05,11.5,400.0,,0,,0.0,1,0,
2025-04-01,enrled9006,enertech - iluminacion,264.0,,57.0,1797.08,759.8850000000001,,rojo,0,0.5507059706956319,2025-02-05,11.5,200.0,,0,,0.0,1,0,
2025-03-01,enrled9012,enertech - iluminacion,228.0,,22.0,728.01,218.90333333333334,,rojo,0,0.5323178974726605,2024-09-30,11.5,300.0,,0,,0.0,1,0,
2025-04-01,enrledh1,enertech - iluminacion,372.0,,62.0,1618.5,736.4333333333334,,rojo,0,0.5364324157732802,2025-02-05,11.5,300.0,,0,,0.0,1,0,
2025-04-01,enrledh11,enertech - iluminacion,586.0,,117.0,3930.61,1580.6383333333333,,rojo,0,0.5183470129592163,2025-02-05,11.5,500.0,,0,,0.0,1,0,
2025-04-01,enrledh11y,enertech - iluminacion,594.0,,62.0,3652.37,1220.7549999999999,,rojo,0,0.5453147563477578,2025-02-05,11.5,800.0,,0,,0.0,1,0,
2025-04-01,enrledh3,enertech - iluminacion,415.0,,26.0,447.07,261.84166666666664,,rojo,0,0.5298410991840155,2025-02-05,11.5,200.0,,0,,0.0,1,0,
2025-03-01,enrledh4,enertech - iluminacion,1052.0,,249.0,19481.5,8734.61,,rojo,0,0.5676747771681189,2025-02-05,11.5,1000.0,,0,,0.0,1,0,
2025-03-01,enrledh7,enertech - iluminacion,548.0,,140.0,30268.55,10436.608333333334,,rojo,0,0.541112389432828,2025-02-05,11.5,600.0,,0,,0.0,1,0,
2024-11-01,eo-11050xpl,sakura filter,0.0,,4.0,0.0,50.06,,rojo,6,0.8905084734564312,2024-09-17,1.4,100.0,,0,,0.0,1,0,
2025-02-01,eo-13040,sakura filter,307.0,,1.0,20.64,3.44,,rojo,0,1.0061280530377819,2023-10-23,9.12,112.0,,0,,0.0,1,0,
2025-02-01,eo-13050,sakura filter,288.0,,2.0,53.43,8.905,,rojo,0,0.8134786961036043,2023-08-04,4.32,160.0,,0,,0.0,1,0,
2025-02-01,eo-2803,sakura filter,8.0,,3.0,18.46,8.888333333333334,,rojo,0,0.869406492715856,2023-08-04,1.68,50.0,,0,,0.0,1,0,
2025-02-01,eo-28180,sakura filter,259.0,,4.0,109.47,20.18166666666667,,rojo,0,0.814369971916918,2024-11-04,1.4,250.0,,0,,0.0,1,0,
2025-02-01,eo-3010,sakura filter,282.0,,2.0,18.09,4.0616666666666665,,rojo,0,0.8646552970068686,2023-11-28,1.52,300.0,,0,,0.0,1,0,
2025-02-01,eo-30260,sakura filter,0.0,,7.0,19.35,19.27,,rojo,0,1.239298285355659,2024-06-13,2.0,100.0,,0,,0.0,1,0,
2025-02-01,eo-31150,sakura filter,125.0,,2.0,10.88,4.835,,rojo,0,0.8783303837303181,2023-09-26,1.44,100.0,,0,,0.0,1,0,
2025-01-01,eo-38030,sakura filter,0.0,,8.0,0.0,25.814999999999998,,rojo,0,1.0893451854625822,2023-11-27,2.0,100.0,,0,,0.0,1,0,
2025-02-01,eo-66030,sakura filter,38.0,,3.0,11.13,5.623333333333334,,rojo,0,0.8627941267744755,2024-01-18,1.35,50.0,,0,,0.0,1,0,
2025-03-01,eo-8301,sakura filter,109.0,,6.0,153.39,44.24666666666667,,rojo,0,0.8545325506883228,2025-01-22,4.74,25.0,,0,,0.0,1,0,
2024-09-01,es-38020,sakura filter,186.0,,0.0,0.0,0.0,,rojo,6,0.8868164125444039,2023-12-05,12.0,200.0,,0,,0.0,1,0,
2025-03-01,es-66090,sakura filter,71.0,,7.0,250.2,41.699999999999996,,rojo,0,0.8172140023416941,2025-01-10,4.3,50.0,,0,,0.0,1,0,
2023-12-01,esu002,ito koyama - direccion,0.0,,0.0,0.0,0.0,,rojo,6,0.7441610504727688,2023-05-19,1.88,480.0,,0,,0.0,1,0,
2025-01-01,ete-24010kit,sakura filter,67.0,,2.0,23.81,7.923333333333333,,rojo,0,0.7749097629675171,2023-12-04,5.93,25.0,,0,,0.0,1,0,
2022-06-01,ety006,ito koyama - direccion,0.0,,0.0,0.0,0.0,,rojo,6,0.6082700715454237,2021-12-27,1.82,90.0,,0,,0.0,1,0,
2025-04-01,ety014,ito koyama - direccion,0.0,,5.0,162.26000000000002,27.043333333333337,,rojo,0,0.7856689857006434,2025-02-28,1.531937,300.0,,0,,0.0,1,0,
2025-03-01,ety015,ito koyama - direccion,0.0,,7.0,2606.24,434.3733333333333,,rojo,0,0.8789025237323453,2025-02-28,1.542065,296.0,,0,,0.0,1,0,
2025-03-01,ety016,ito koyama - direccion,0.0,,8.0,474.52000000000004,79.08666666666667,,rojo,0,0.8158956159252841,2025-02-28,1.531953,200.0,,0,,0.0,1,0,
2025-03-01,ety020,ito koyama - direccion,228.0,,6.0,1298.3400000000001,216.39000000000001,,rojo,0,0.7763413717327976,2025-02-28,1.671195,300.0,,0,,0.0,1,0,
2025-03-01,ety021,ito koyama - direccion,224.0,,6.0,1298.3400000000001,216.39000000000001,,rojo,0,0.7763413717327976,2025-02-28,1.671212,296.0,,0,,0.0,1,0,
2025-02-01,f-13080,sakura filter,125.0,,1.0,24.15,4.0249999999999995,,rojo,0,0.8585859823727603,2022-05-17,2.0,150.0,,0,,0.0,1,0,
2025-04-01,f-1503,sakura filter,457.0,,15.0,244.65,56.796666666666674,,rojo,0,0.8622711661566571,2024-11-11,2.0,200.0,,0,,0.0,1,0,
2024-12-01,f-1802,sakura filter,22.0,,1.0,0.0,4.59,,rojo,6,0.2310338164251208,,,,,0,,0.0,1,0,
2025-03-01,f-25020,sakura filter,98.0,,1.0,8.07,1.345,,rojo,0,0.7825044937088075,2024-11-30,2.0,100.0,,0,,0.0,1,0,
2025-03-01,f-89030,sakura filter,57.0,,5.0,90.61,17.021666666666665,,rojo,0,0.8874937450557597,2024-03-14,1.95,125.0,,0,,0.0,1,0,
2024-10-01,f001n,ito koyama - resortes,0.0,,3.0,0.0,76.61666666666666,,rojo,6,1.0441811669301448,2024-01-22,5.24,120.0,,0,,0.0,1,0,
2024-08-01,fc-1018,sakura filter,174.0,,0.0,0.0,0.0,,rojo,6,0.9822713785745905,2018-06-20,2.35,300.0,,0,,0.0,1,0,
2024-08-01,fc-1023,sakura filter,123.0,,0.0,0.0,0.0,,rojo,6,0.511897470030643,2021-02-26,1.7,216.0,,0,,0.0,1,0,
2025-02-01,fc-1305,sakura filter,0.0,,3.0,121.53999999999999,29.94333333333333,,rojo,0,0.7933750322140152,2022-09-05,4.23,50.0,,0,,0.0,1,0,
2024-12-01,fc-2303,sakura filter,48.0,,1.0,0.0,7.796666666666667,,rojo,6,0.870095133240685,2022-09-14,3.38,48.0,,0,,0.0,1,0,
2024-10-01,fc-27060,sakura filter,0.0,,0.0,0.0,0.0,,rojo,6,0.8632950789060235,2024-03-14,11.5,60.0,,0,,0.0,1,0,
2025-03-01,fc-28030,sakura filter,44.0,,6.0,40.85,23.040000000000003,,rojo,0,0.8957851639215321,2023-10-23,4.16,36.0,,0,,0.0,1,0,
2025-03-01,fc-28070,sakura filter,66.0,,5.0,525.59,96.62166666666667,,rojo,0,0.7881979405841725,2023-09-05,6.96,132.0,,0,,0.0,1,0,
2025-01-01,fc-28190,sakura filter,0.0,,5.0,28.98,32.82666666666667,,rojo,0,0.8268694516373118,2023-12-04,3.0,125.0,,0,,0.0,1,0,
2024-12-01,fc-45030,sakura filter,234.0,,2.0,0.0,24.125,,rojo,6,0.8949538087215724,2022-06-06,3.4,252.0,,0,,0.0,1,0,
2025-02-01,fc-5404,sakura filter,19.0,,3.0,44.68,7.446666666666666,,rojo,0,0.8531344072546186,2022-06-06,3.26,24.0,,0,,0.0,1,0,
2023-04-01,fc-56230,sakura filter,54.0,,0.0,0.0,0.0,,rojo,6,0.9186314271765563,2022-08-15,11.5,36.0,,0,,0.0,1,0,
2025-02-01,fc-62111,sakura filter,99.0,,2.0,45.29,13.056666666666667,,rojo,0,0.9314832089552239,2024-03-18,2.6,125.0,,0,,0.0,1,0,
2024-01-01,fc-6503,sakura filter,41.0,,0.0,0.0,0.0,,rojo,6,0.8063409866058897,2021-10-15,2.3,100.0,,0,,0.0,1,0,
2024-06-01,fc133300,wagner locked - usa,0.0,,0.0,0.0,0.0,,rojo,2,0.3767062952755225,2020-03-11,2.44,2448.0,,0,,0.0,1,0,
2022-01-01,fd-005,ito koyama - palieres,0.0,,0.0,0.0,0.0,,rojo,6,0.6145976493589465,2021-06-10,6.4,20.0,,0,,0.0,1,0,
2025-02-01,fj517013u,exedy - japon,0.0,,2.0,600.0,116.24333333333334,,rojo,0,0.20603885251754747,2024-08-09,80.58,9.0,,0,,0.0,1,0,
2021-10-01,fldi00004,fras-le,0.0,,0.0,0.0,0.0,,rojo,4,0.3862492562651301,2019-09-05,17.18,300.0,,0,,0.0,1,0,
2021-05-01,fldi00019,fras-le,0.0,,0.0,0.0,0.0,,rojo,4,0.5400194669062595,2019-09-05,17.74,20.0,,0,,0.0,1,0,
2022-11-01,fldi00021,fras-le,0.0,,0.0,0.0,0.0,,rojo,4,0.4353249927740963,2019-09-05,13.96,80.0,,0,,0.0,1,0,
2021-11-01,fldi00022,fras-le,0.0,,0.0,0.0,0.0,,rojo,4,0.4532834920078655,2019-09-05,15.16,30.0,,0,,0.0,1,0,
2021-11-01,fldi00028,fras-le,0.0,,0.0,0.0,0.0,,rojo,4,0.5228717948717947,2019-09-05,12.95,20.0,,0,,0.0,1,0,
2022-11-01,fldi00044,fras-le,0.0,,0.0,0.0,0.0,,rojo,4,0.12317259943379577,2019-09-05,14.31,1.0,,0,,0.0,1,0,
2022-04-01,fldi00048,fras-le,0.0,,0.0,0.0,0.0,,rojo,4,0.4611609817283211,2019-09-05,12.9,50.0,,0,,0.0,1,0,
2021-10-01,fldi00067,fras-le,0.0,,0.0,0.0,0.0,,rojo,4,0.4960154952960709,2019-09-05,12.0,10.0,,0,,0.0,1,0,
2022-11-01,fldi00077,fras-le,0.0,,0.0,0.0,0.0,,rojo,4,0.3932833196661752,2019-09-05,9.64,26.0,,0,,0.0,1,0,
2022-04-01,fldi00078,fras-le,0.0,,0.0,0.0,0.0,,rojo,4,0.42728224961727507,2019-09-05,10.99,10.0,,0,,0.0,1,0,
2022-11-01,fldi00083,fras-le,0.0,,0.0,0.0,0.0,,rojo,4,0.2186602321038723,2019-09-05,11.56,10.0,,0,,0.0,1,0,
2022-11-01,fldi00089,fras-le,2.0,,0.0,0.0,0.0,,rojo,4,0.3312096028991454,2019-09-05,9.19,10.0,,0,,0.0,1,0,
2021-02-01,fldi00102,fras-le,0.0,,0.0,0.0,0.0,,rojo,4,0.30614255994744344,2019-09-05,12.13,30.0,,0,,0.0,1,0,
2022-11-01,fldi00106,fras-le,0.0,,0.0,0.0,0.0,,rojo,4,0.34620901984939834,2019-09-05,11.01,30.0,,0,,0.0,1,0,
2021-09-01,fldi00410,fras-le,0.0,,0.0,0.0,0.0,,rojo,4,0.47982142338657785,2019-09-05,8.95,20.0,,0,,0.0,1,0,
2022-11-01,fldi00457,fras-le,0.0,,0.0,0.0,0.0,,rojo,4,0.2861442168242455,2019-09-05,11.59,20.0,,0,,0.0,1,0,
2022-11-01,fldi00495,fras-le,0.0,,0.0,0.0,0.0,,rojo,4,0.2620577641936166,2019-09-05,11.18,24.0,,0,,0.0,1,0,
2021-12-01,fldi00503,fras-le,0.0,,0.0,0.0,0.0,,rojo,4,0.5302042089579355,2019-09-05,15.13,30.0,,0,,0.0,1,0,
2022-03-01,fldi00601,fras-le,0.0,,0.0,0.0,0.0,,rojo,4,0.44323632685978626,2019-09-05,10.43,20.0,,0,,0.0,1,0,
2021-12-01,fldi00647,fras-le,0.0,,0.0,0.0,0.0,,rojo,4,0.4386735619443298,2019-09-05,13.66,10.0,,0,,0.0,1,0,
2022-11-01,fldi00658,fras-le,0.0,,0.0,0.0,0.0,,rojo,4,0.43947152156373853,2019-09-05,14.71,34.0,,0,,0.0,1,0,
2022-03-01,fldi00660,fras-le,0.0,,0.0,0.0,0.0,,rojo,4,0.4910137440822987,2019-09-05,11.79,20.0,,0,,0.0,1,0,
2022-04-01,fldi00731,fras-le,0.0,,0.0,0.0,0.0,,rojo,4,0.38493685836286,2019-09-05,14.62,30.0,,0,,0.0,1,0,
2021-12-01,fldi00736,fras-le,0.0,,0.0,0.0,0.0,,rojo,4,0.40614155011042175,2019-09-05,12.63,6.0,,0,,0.0,1,0,
2025-03-01,fp-26009,mann - brasil,0.0,,1.0,93.22,15.536666666666667,,rojo,0,0.285469634310627,2024-02-05,8.08503270149231,10.0,,0,,0.0,1,0,
2024-09-01,fp-26010,mann - brasil,0.0,,0.0,0.0,0.0,,rojo,4,0.26922022575643195,2023-10-05,9.351293206214905,10.0,,0,,0.0,1,0,
2021-08-01,fp10223x10,sealed power - usa,0.0,,0.0,0.0,0.0,,rojo,4,0.09439818292984103,2016-07-06,5.07,600.0,,0,,0.0,1,0,
2021-06-01,fp2881719,fp diesel - usa,0.0,,0.0,0.0,0.0,,rojo,4,-0.33770785865865505,2015-10-27,80.85,60.0,,0,,0.0,1,0,
2021-06-01,fp2881873,fp diesel - usa,0.0,,0.0,0.0,0.0,,rojo,4,-0.6004004245624592,2016-01-07,299.999167,12.0,,0,,0.0,1,0,
2021-06-01,fp3802232,fp diesel - usa,8.0,,0.0,0.0,0.0,,rojo,4,-0.029667251860233335,2015-10-27,11.5,82.0,,0,,0.0,1,0,
2021-06-01,fp3901173,fp diesel - usa,24.0,,0.0,0.0,0.0,,rojo,4,0.06890519874968448,2015-10-27,1.74,108.0,,0,,0.0,1,0,
2022-05-01,fp3909411,fp diesel - usa,0.0,,0.0,0.0,0.0,,rojo,4,0.22534202574002993,2015-08-26,16.36,20.0,,0,,0.0,1,0,
2023-07-01,fp3917780,fp diesel - usa,6.0,,0.0,0.0,0.0,,rojo,4,0.018992779307082763,2016-01-07,8.45,10.0,,0,,0.0,1,0,
2021-06-01,fp3928870,fp diesel - usa,0.0,,0.0,0.0,0.0,,rojo,4,-0.3110826483662379,2015-08-26,4.68,60.0,,0,,0.0,1,0,
2021-06-01,fp3934864,fp diesel - usa,0.0,,0.0,0.0,0.0,,rojo,4,-0.6768449287007927,2015-08-26,0.57,120.0,,0,,0.0,1,0,
2021-06-01,fp4089845,fp diesel - usa,25.0,,0.0,0.0,0.0,,rojo,4,-0.09260889560475649,2015-10-27,112.728,30.0,,0,,0.0,1,0,
2021-04-01,fp4985562,fp diesel - usa,13.0,,0.0,0.0,0.0,,rojo,4,-0.07182320441988954,2015-10-27,42.091,30.0,,0,,0.0,1,0,
2024-09-01,fs-1004,sakura filter,237.0,,0.0,0.0,0.0,,rojo,6,0.9281654171938744,2024-03-18,1.5,200.0,,0,,0.0,1,0,
2025-03-01,fs-1116,sakura filter,119.0,,5.0,16.44,25.531666666666666,,rojo,0,1.031676163299671,2024-11-11,4.42,100.0,,0,,0.0,1,0,
2025-03-01,fs-1144,sakura filter,97.0,,2.0,19.35,3.225,,rojo,0,0.7897335313643022,2024-10-16,2.81,100.0,,0,,0.0,1,0,
2025-03-01,fs-19320,sakura filter,373.0,,9.0,1626.82,294.4116666666667,,rojo,0,0.7863252712398234,2024-11-28,23.0,120.0,,0,,0.0,1,0,
2021-09-01,fs-21990,sakura filter,0.0,,0.0,0.0,0.0,,rojo,6,0.5623218596483605,2021-02-10,4.77,100.0,,0,,0.0,1,0,
2023-11-01,fs-22020,sakura filter,130.0,,0.0,0.0,0.0,,rojo,6,0.8327959465684016,2022-06-06,4.6,72.0,,0,,0.0,1,0,
2025-02-01,fs-2814,sakura filter,191.0,,1.0,12.71,2.1183333333333336,,rojo,0,0.653149032770257,2017-09-06,3.3,300.0,,0,,0.0,1,0,
2024-11-01,fs-28310,sakura filter,579.0,,1.0,0.0,4.418333333333334,,rojo,6,0.8931633774507575,2024-11-28,6.72,100.0,,0,,0.0,1,0,
2024-12-01,fs-31200,sakura filter,103.0,,2.0,55.3,23.44666666666667,,rojo,6,0.8139580974447176,2023-09-26,10.56,12.0,,0,,0.0,1,0,
2025-03-01,fs-31210,sakura filter,250.0,,9.0,549.81,142.82000000000002,,rojo,0,0.8509721838195516,2024-11-11,7.85,12.0,,0,,0.0,1,0,
2022-05-01,fxe20he11,denso - bujias - japon,0.0,,0.0,0.0,0.0,,rojo,3,0.27100042368040744,2021-07-24,9.56,96.0,,0,,0.0,1,0,
2023-02-01,g-valvoline,sin definicion,0.0,,0.0,0.0,0.0,,rojo,0,-1.0,2021-08-09,37.482913806785334,309.0,,0,,0.0,1,0,
2024-04-01,g1328537,osvat,150.0,,0.0,0.0,0.0,,rojo,4,0.3850462052475181,2013-01-07,6.272377967834473,240.0,,0,,0.0,1,0,
2024-04-01,g1333230,osvat,142.0,,0.0,0.0,0.0,,rojo,4,0.37894890316068564,2013-01-07,4.116248041391373,240.0,,0,,0.0,1,0,
2024-04-01,g1403823,osvat,240.0,,0.0,0.0,0.0,,rojo,4,0.3844264308523704,2013-01-07,2.508951187133789,240.0,,0,,0.0,1,0,
2021-07-01,g466386,osvat,0.0,,0.0,0.0,0.0,,rojo,4,0.3159653316239043,2013-01-07,1.2806105017662048,360.0,,0,,0.0,1,0,
2023-12-01,g71831-std-semi,mahle - brasil,0.0,,0.0,0.0,0.0,,rojo,4,0.29541596859941655,2018-09-27,6.626583,120.0,,0,,0.0,1,0,
2025-03-01,ghm-1-1001,ghm - filtros,255.0,,8.0,63.519999999999996,55.16833333333333,,rojo,0,1.069581766664811,2024-11-30,3.2,120.0,,0,,0.0,1,0,
2025-03-01,ghm-1-1004s,ghm - filtros,194.0,,16.0,1317.21,344.42833333333334,,rojo,0,0.8980201724309965,2024-11-30,39.54,120.0,,0,,0.0,1,0,
2025-03-01,ghm-1-1007s,ghm - filtros,0.0,,19.0,1276.9599999999998,608.6850000000001,,rojo,0,1.7138883915921868,2024-11-25,11.3,100.0,,0,,0.0,1,0,
2025-03-01,ghm-1-1010s,ghm - filtros,229.0,,25.0,967.47,260.4816666666667,,rojo,0,1.3932880296482892,2024-11-30,7.9,200.0,,0,,0.0,1,0,
2025-03-01,ghm-1-1012s,ghm - filtros,188.0,,13.0,305.14,88.60000000000001,,rojo,0,1.1562410617211503,2024-11-30,10.04,120.0,,0,,0.0,1,0,
2025-03-01,ghm-1-1015s,ghm - filtros,262.0,,11.0,491.0,98.645,,rojo,0,1.0541066073639818,2024-11-30,9.68,200.0,,0,,0.0,1,0,
2025-03-01,ghm-1-1018s,ghm - filtros,500.0,,35.0,2705.67,616.5866666666667,,rojo,0,1.0711439555040165,2024-11-30,17.43,400.0,,0,,0.0,1,0,
2025-04-01,ghm-1-1020s,ghm - filtros,173.0,,22.0,1452.22,425.0,,rojo,0,1.2494765273214345,2024-11-30,22.16,120.0,,0,,0.0,1,0,
2025-03-01,ghm-1-1021,ghm - filtros,1362.0,,32.0,1433.31,430.0883333333333,,rojo,0,1.2610808201932444,2024-11-30,7.47,1000.0,,0,,0.0,1,0,
2025-03-01,ghm-2-2001,ghm - filtros,382.0,,29.0,7736.92,1353.5866666666668,,rojo,0,1.5820926066965824,2024-11-25,3.0,600.0,,0,,0.0,1,0,
2025-01-01,ghm-2-2002,ghm - filtros,405.0,,11.0,211.95,50.41833333333333,,rojo,0,1.6814636247636516,2024-11-25,1.0,500.0,,0,,0.0,1,0,
2025-03-01,ghm-2-2003,ghm - filtros,462.0,,7.0,157.28,43.47,,rojo,0,1.5006561230159576,2024-11-25,1.9,510.0,,0,,0.0,1,0,
2025-03-01,ghm-2-2004,ghm - filtros,498.0,,6.0,30.03,13.058333333333332,,rojo,0,1.6920338970179207,2024-11-25,1.65,510.0,,0,,0.0,1,0,
2025-03-01,ghm-2-2005,ghm - filtros,476.0,,6.0,201.12,46.69333333333333,,rojo,0,1.7151470085541938,2024-11-25,3.0,504.0,,0,,0.0,1,0,
2025-02-01,ghm-2-2006,ghm - filtros,474.0,,7.0,172.0,33.901666666666664,,rojo,0,1.2601031898172796,2024-11-25,2.1,510.0,,0,,0.0,1,0,
2025-03-01,ghm-2-2007,ghm - filtros,465.0,,8.0,308.85,59.44333333333333,,rojo,0,1.5688560622553094,2024-11-25,3.0,504.0,,0,,0.0,1,0,
2025-03-01,ghm-2e-2008,ghm - filtros,406.0,,16.0,348.16,108.04666666666668,,rojo,0,1.701633088072253,2024-11-25,2.05,500.0,,0,,0.0,1,0,
2025-03-01,ghm-2e-2009,ghm - filtros,452.0,,8.0,325.83,56.75833333333333,,rojo,0,1.6912882854308093,2024-11-25,2.2,500.0,,0,,0.0,1,0,
2025-03-01,ghm-2e-2010,ghm - filtros,390.0,,15.0,212.31,47.1,,rojo,0,1.577272257450629,2024-11-25,0.95,500.0,,0,,0.0,1,0,
2025-03-01,ghm-2e-2011,ghm - filtros,243.0,,26.0,1024.1000000000001,195.96166666666667,,rojo,0,1.6794611479596875,2024-11-25,1.45,500.0,,0,,0.0,1,0,
2025-03-01,ghm-2e-2012,ghm - filtros,431.0,,10.0,204.60999999999999,44.10666666666666,,rojo,0,1.6805692843596287,2024-11-25,1.2,500.0,,0,,0.0,1,0,
2025-04-01,ghm-2e-2013,ghm - filtros,449.0,,11.0,269.70000000000005,82.53500000000001,,rojo,0,1.5756112043462096,2024-11-25,3.15,504.0,,0,,0.0,1,0,
2025-04-01,ghm-3-3001,ghm - filtros,700.0,,37.0,5701.82,1053.64,,rojo,0,1.4124838573532361,2024-11-25,4.85,1008.0,,0,,0.0,1,0,
2025-03-01,ghm-3-3002,ghm - filtros,413.0,,24.0,3518.06,643.3533333333334,,rojo,0,1.3346793551115017,2024-11-25,4.55,600.0,,0,,0.0,1,0,
2025-03-01,ghm-3-3003,ghm - filtros,304.0,,34.0,503.64,102.36333333333333,,rojo,0,1.7448978932658705,2024-11-25,0.88,500.0,,0,,0.0,1,0,
2025-01-01,ghm-3-3004,ghm - filtros,502.0,,5.0,121.7,28.168333333333333,,rojo,0,1.5806118523777009,2024-11-25,4.85,512.0,,0,,0.0,1,0,
2025-01-01,ghm-3-3005,ghm - filtros,464.0,,7.0,556.78,97.89,,rojo,0,1.5101525616094256,2024-11-25,4.7,510.0,,0,,0.0,1,0,
2025-03-01,ghm-3-3006,ghm - filtros,462.0,,7.0,169.1,49.449999999999996,,rojo,0,1.7291703982112392,2024-11-25,1.88,510.0,,0,,0.0,1,0,
2025-03-01,ghm-3e-3007,ghm - filtros,352.0,,22.0,728.12,212.23,,rojo,0,1.7253021906061201,2024-11-25,2.6,500.0,,0,,0.0,1,0,
2025-03-01,ghm-3e-3008,ghm - filtros,459.0,,14.0,304.12,100.12,,rojo,0,1.7437553389575962,2024-11-25,2.6,500.0,,0,,0.0,1,0,
2025-03-01,ghm-3e-3009,ghm - filtros,194.0,,43.0,2271.74,437.89000000000004,,rojo,0,1.7109114454841305,2024-11-25,1.35,500.0,,0,,0.0,1,0,
2025-03-01,ghm-3e-3010,ghm - filtros,457.0,,11.0,78.14,31.558333333333334,,rojo,0,1.6965160941625064,2024-11-25,1.35,500.0,,0,,0.0,1,0,
2024-11-01,ghm065146,ghm - frenos de aire,94.0,,3.0,86.44,39.83,,rojo,6,0.4415948439229653,2025-03-08,12.000804,100.0,,0,,0.0,1,0,
2024-11-01,ghm065225,ghm - frenos de aire,0.0,,3.0,0.0,129.94166666666666,,rojo,6,0.4068802402191838,2024-07-16,47.64,20.0,,0,,0.0,1,0,
2024-08-01,ghm10028a,ghm - frenos de aire,2349.0,,3.0,115.2,19.2,,rojo,6,1.191288486349028,2025-03-08,0.070005,2000.0,,0,,0.0,1,0,
2024-11-01,ghm1624dd,ghm - frenos de aire,0.0,,3.0,0.0,33.05,,rojo,6,0.46028347846617,2024-07-16,12.14,20.0,,0,,0.0,1,0,
2024-09-01,ghm229859,ghm - frenos de aire,0.0,,1.0,54.24,9.040000000000001,,rojo,6,0.45304564884783116,2025-03-08,1.5001,300.0,,0,,0.0,1,0,
2024-09-01,ghm24,ghm - frenos de aire,286.0,,0.0,0.0,0.0,,rojo,6,0.7329692535222008,2025-03-08,0.690046,400.0,,0,,0.0,1,0,
2024-10-01,ghm2424dd,ghm - frenos de aire,102.0,,0.0,0.0,0.0,,rojo,6,0.5104533552355414,2025-03-08,12.140813,150.0,,0,,0.0,1,0,
2024-09-01,ghm2424dp,ghm - frenos de aire,48.0,,0.0,0.0,0.0,,rojo,6,0.41746870855858165,2025-03-08,13.000871,100.0,,0,,0.0,1,0,
2024-12-01,ghm2430dd,ghm - frenos de aire,10.0,,3.0,0.0,23.30666666666667,,rojo,6,0.47129623229174633,2025-03-08,12.860861,30.0,,0,,0.0,1,0,
2024-10-01,ghm24516,ghm - frenos de aire,0.0,,1.0,0.0,6.825,,rojo,6,0.6556484844690686,2024-07-16,0.29,300.0,,0,,0.0,1,0,
2024-11-01,ghm267027,ghm - frenos de aire,100.0,,5.0,0.0,46.97833333333333,,rojo,6,0.46815863223600024,2025-03-08,5.500368,100.0,,0,,0.0,1,0,
2024-11-01,ghm277026,ghm - frenos de aire,100.0,,5.0,0.0,55.028333333333336,,rojo,6,0.46661719136643903,2025-03-08,5.500368,100.0,,0,,0.0,1,0,
2025-03-01,ghm283411,ghm - frenos de aire,36.0,,3.0,105.08,22.314999999999998,,rojo,0,0.45695137133982994,2024-07-16,4.0,150.0,,0,,0.0,1,0,
2025-02-01,ghm286965,ghm - frenos de aire,92.0,,10.0,144.41,98.92333333333333,,rojo,0,0.45660676348077783,2025-03-08,4.000268,200.0,,0,,0.0,1,0,
2024-12-01,ghm288539,ghm - frenos de aire,58.0,,6.0,0.0,31.426666666666666,,rojo,6,0.513452666449793,2024-07-16,5.0,100.0,,0,,0.0,1,0,
2024-12-01,ghm288540,ghm - frenos de aire,61.0,,6.0,0.0,31.426666666666666,,rojo,6,0.5140793179081607,2024-07-16,5.0,100.0,,0,,0.0,1,0,
2024-09-01,ghm30,ghm - frenos de aire,408.0,,2.0,396.6,66.10000000000001,,rojo,6,0.867100093482802,2025-03-08,0.710048,800.0,,0,,0.0,1,0,
2024-10-01,ghm3030dd,ghm - frenos de aire,255.0,,15.0,34627.84,8188.599999999999,,rojo,6,0.4137512812222506,2025-03-08,12.300824,1000.0,,0,,0.0,1,0,
2024-11-01,ghm3030dd do,ghm - frenos de aire,0.0,,9.0,0.0,2946.605,,rojo,6,0.4110535071916333,2024-07-16,12.3,380.0,,0,,0.0,1,0,
2024-11-01,ghm3030dp,ghm - frenos de aire,56.0,,12.0,569.8399999999999,443.90333333333336,,rojo,6,0.356037678507834,2025-03-08,18.501239,100.0,,0,,0.0,1,0,
2024-11-01,ghm3944252,ghm - frenos de aire,69.0,,8.0,64.22,134.53666666666666,,rojo,6,0.4788105779192223,2025-03-08,3.500234,100.0,,0,,0.0,1,0,
2024-09-01,ghm3944912,ghm - frenos de aire,60.0,,2.0,4046.61,674.4350000000001,,rojo,6,0.5809727030404346,2025-03-08,6.000402,500.0,,0,,0.0,1,0,
2025-03-01,ghm452710,ghm - frenos de aire,395.0,,5.0,211.83,92.50666666666667,,rojo,0,0.4952845047670279,2025-03-08,2.290153,400.0,,0,,0.0,1,0,
2024-09-01,ghm452710-4a,ghm - frenos de aire,740.0,,0.0,0.0,0.0,,rojo,6,0.5833185039113563,2025-03-08,1.300087,800.0,,0,,0.0,1,0,
2024-09-01,ghm5004342x,ghm - frenos de aire,4.0,,1.0,444.92,74.15333333333334,,rojo,6,0.5362117791735836,2025-03-08,8.21055,60.0,,0,,0.0,1,0,
2024-12-01,ghm8123281,ghm - frenos de aire,0.0,,7.0,0.0,36.803333333333335,,rojo,6,0.46161699569067793,2024-07-16,1.5,100.0,,0,,0.0,1,0,
2025-03-01,ghmt20,ghm - frenos de aire,37.0,,4.0,19.63,31.236666666666668,,rojo,0,0.4525425635777579,2024-07-16,5.14,100.0,,0,,0.0,1,0,
2024-12-01,ghmt36,ghm - frenos de aire,28.0,,2.0,0.0,28.17833333333333,,rojo,6,0.4477826508058743,2024-07-16,13.5,52.0,,0,,0.0,1,0,
2025-03-01,gm606111u,exedy - japon,27.0,,17.0,648.03,517.055,,rojo,0,0.27064695474953876,2024-08-09,33.43,102.0,,0,,0.0,1,0,
2025-03-01,gmk1040ex,exedy - japon,20.0,,13.0,772.64,231.4416666666667,,rojo,0,0.2686780577751087,2024-09-21,41.36,40.0,,0,,0.0,1,0,
2025-02-01,gmk1046ex,exedy - japon,2.0,,14.0,889.24,681.0033333333333,,rojo,0,0.2788499422784157,2024-09-21,37.06,40.0,,0,,0.0,1,0,
2022-01-01,gum-87,zsg - taiwan,0.0,,0.0,0.0,0.0,,rojo,4,-0.1057636008654067,2016-07-19,2.76,50.0,,0,,0.0,1,0,
2025-03-01,gut-21,zsg - taiwan,0.0,,1.0,6.2,1.0333333333333334,,rojo,0,0.4566429315263287,2018-06-15,4.17,800.0,,0,,0.0,1,0,
2022-04-01,gut-23,zsg - taiwan,0.0,,0.0,0.0,0.0,,rojo,4,0.28558123526227214,2018-06-15,3.99,501.0,,0,,0.0,1,0,
2023-11-01,gwhy-11a,gmb - bombas de agua,6.0,,0.0,0.0,0.0,,rojo,4,0.3182928245017552,2016-11-22,14.8,50.0,,0,,0.0,1,0,
2021-11-01,gwhy-19a,gmb - bombas de agua,0.0,,0.0,0.0,0.0,,rojo,4,0.35364878271017497,2016-11-22,11.31,60.0,,0,,0.0,1,0,
2022-11-01,gwhy-23a,gmb - bombas de agua,0.0,,0.0,0.0,0.0,,rojo,4,0.3164886975990828,2016-11-22,13.44,90.0,,0,,0.0,1,0,
2022-11-01,gwhy-35a,gmb - bombas de agua,0.0,,0.0,0.0,0.0,,rojo,4,0.36399841940264366,2016-11-22,14.39,50.0,,0,,0.0,1,0,
2024-11-01,gwm-39a,gmb - bombas de agua,2.0,,1.0,0.0,8.191666666666666,,rojo,4,0.29040394814580156,2016-11-22,23.35,60.0,,0,,0.0,1,0,
2021-03-01,gwm-52a,gmb - bombas de agua,0.0,,0.0,0.0,0.0,,rojo,4,0.3020363370320691,2016-11-22,23.35,90.0,,0,,0.0,1,0,
2025-02-01,h-11002,mann - brasil,39.0,,2.0,213.56,45.76333333333333,,rojo,0,0.40484758523730835,2023-10-05,18.965263187885284,64.0,,0,,0.0,1,0,
2025-01-01,h-11006z,mann - brasil,25.0,,2.0,40.37,17.745,,rojo,0,0.40254302208046255,2024-09-24,14.411911154985429,32.0,,0,,0.0,1,0,
2024-06-01,h-1164,mann - brasil,0.0,,0.0,0.0,0.0,,rojo,4,0.6904569219992993,2016-08-09,3.6,24.0,,0,,0.0,1,0,
2025-01-01,h-1275x,mann - brasil,1.0,,3.0,30.17,54.96,,rojo,4,0.4892537497678558,2024-02-09,8.93434464097023,32.0,,0,,0.0,1,0,
2024-11-01,h-14106,mann - brasil,0.0,,1.0,0.0,9.293333333333333,,rojo,4,0.3289779882319743,2014-08-08,7.57,12.0,,0,,0.0,1,0,
2025-01-01,h-15111/2,mann - brasil,64.0,,1.0,0.0,38.78,,rojo,4,0.37323226323991066,2024-02-09,18.870974024534227,72.0,,0,,0.0,1,0,
2023-05-01,h-28042,sakura filter,74.0,,0.0,0.0,0.0,,rojo,6,0.8674673281703775,2022-06-06,35.0,64.0,,0,,0.0,1,0,
2025-02-01,h-38020,sakura filter,37.0,,7.0,148.4,83.63166666666666,,rojo,0,0.8094723042664894,2022-06-06,22.5,60.0,,0,,0.0,1,0,
2025-04-01,h-38040,sakura filter,85.0,,3.0,58.45,26.49666666666667,,rojo,0,0.8363770678514035,2023-01-10,9.67,100.0,,0,,0.0,1,0,
2024-11-01,h-5506,sakura filter,46.0,,1.0,0.0,4.845,,rojo,6,0.9009372619697348,2023-01-10,6.49,30.0,,0,,0.0,1,0,
2025-02-01,h-56292,sakura filter,35.0,,3.0,288.78,83.825,,rojo,0,0.8084223591218618,2024-10-22,18.0,18.0,,0,,0.0,1,0,
2024-12-01,h-56650,sakura filter,0.0,,3.0,0.0,85.25,,rojo,6,0.831602528899122,2021-02-24,9.5,45.0,,0,,0.0,1,0,
2024-05-01,h-59230,sakura filter,100.0,,0.0,0.0,0.0,,rojo,6,0.644026424812451,2020-09-03,4.45,156.0,,0,,0.0,1,0,
2023-11-01,h-6003z,mann - brasil,82.0,,0.0,0.0,0.0,,rojo,4,0.41806973962646055,2024-02-05,8.871975884437562,75.0,,0,,0.0,1,0,
2024-10-01,h-615,mann - brasil,38.0,,1.0,0.0,14.83,,rojo,4,0.6113804021412718,2019-09-27,10.398461627960204,60.0,,0,,0.0,1,0,
2021-10-01,h-623,mann - brasil,0.0,,0.0,0.0,0.0,,rojo,4,0.7679499023368015,2019-12-13,7.863798302412033,120.0,,0,,0.0,1,0,
2023-08-01,h-710/1n,mann - brasil,0.0,,0.0,0.0,0.0,,rojo,4,0.360034991766518,2018-12-19,12.14892701625824,30.0,,0,,0.0,1,0,
2024-11-01,h-71170,sakura filter,86.0,,1.0,0.0,9.228333333333333,,rojo,6,0.6685869067602626,2024-06-13,20.0,90.0,,0,,0.0,1,0,
2025-01-01,h-7922,sakura filter,39.0,,3.0,979.96,179.69333333333336,,rojo,0,0.8798525579703024,2023-02-17,22.0,9.0,,0,,0.0,1,0,
2024-09-01,h-7969,sakura filter,0.0,,0.0,0.0,0.0,,rojo,6,0.5247708551954626,2019-11-22,7.0,24.0,,0,,0.0,1,0,
2024-06-01,h-824/2x,mann - brasil,0.0,,0.0,0.0,0.0,,rojo,4,0.503942363403781,2018-12-19,8.133410876989364,120.0,,0,,0.0,1,0,
2024-11-01,h-8522,sakura filter,42.0,,2.0,0.0,20.618333333333336,,rojo,6,0.7723809797608097,2023-11-28,11.0,50.0,,0,,0.0,1,0,
2025-03-01,h-8537-s,sakura filter,58.0,,1.0,23.03,3.8383333333333334,,rojo,0,0.7616073287528626,2025-01-21,5.52,60.0,,0,,0.0,1,0,
2023-09-01,h-85670,sakura filter,91.0,,0.0,0.0,0.0,,rojo,6,0.7676046639735585,2022-02-03,10.0,96.0,,0,,0.0,1,0,
2024-11-01,h-85700,sakura filter,94.0,,1.0,0.0,7.626666666666666,,rojo,6,0.8757770632368704,2022-04-26,20.0,96.0,,0,,0.0,1,0,
2024-11-01,h-85720,sakura filter,89.0,,1.0,0.0,6.1866666666666665,,rojo,6,1.0656430631532798,2022-04-28,15.0,75.0,,0,,0.0,1,0,
2025-04-01,h-85730,sakura filter,78.0,,2.0,15.9,4.121666666666667,,rojo,0,0.7899698651042487,2022-03-31,1.6,48.0,,0,,0.0,1,0,
2024-04-01,h-929/3,mann - brasil,0.0,,0.0,0.0,0.0,,rojo,4,0.48073937258478516,2024-02-05,4.538398356437683,100.0,,0,,0.0,1,0,
2024-08-01,h-930,mann - brasil,117.0,,0.0,0.0,0.0,,rojo,4,0.3659068682765365,2021-03-29,16.09062632918358,120.0,,0,,0.0,1,0,
2024-09-01,h1053/7 025,glyco - alemania,0.0,,0.0,0.0,0.0,,rojo,4,0.4165579453535617,2019-04-11,39.355662375497815,60.0,,0,,0.0,1,0,
2024-09-01,h1053/7 std,glyco - alemania,0.0,,0.0,0.0,0.0,,rojo,4,0.4046721372070672,2020-02-21,37.6507618281126,41.0,,0,,0.0,1,0,
2021-10-01,h4990332,kamura,0.0,,0.0,0.0,0.0,,rojo,4,-0.11883289911309103,2013-12-19,2.59,50.0,,0,,0.0,1,0,
2021-10-01,h4990637,kamura,0.0,,0.0,0.0,0.0,,rojo,4,-0.3992826571224489,2013-12-19,3.8,40.0,,0,,0.0,1,0,
2021-10-01,h4990817,kamura,0.0,,0.0,0.0,0.0,,rojo,4,-0.3847171378481371,2013-12-19,3.69,40.0,,0,,0.0,1,0,
2021-10-01,h4990885,kamura,0.0,,0.0,0.0,0.0,,rojo,4,-0.2793708678905532,2013-08-12,3.39,60.0,,0,,0.0,1,0,
2021-10-01,h4991000,kamura,0.0,,0.0,0.0,0.0,,rojo,4,-0.47716842490655365,2013-04-30,4.004,150.0,,0,,0.0,1,0,
2021-10-01,h4991195,kamura,0.0,,0.0,0.0,0.0,,rojo,4,-0.5558525873591751,2013-08-12,5.5,40.0,,0,,0.0,1,0,
2021-10-01,h4991222,kamura,0.0,,0.0,0.0,0.0,,rojo,4,-0.6122720545581748,2013-08-12,6.3,60.0,,0,,0.0,1,0,
2021-10-01,h4991297,kamura,0.0,,0.0,0.0,0.0,,rojo,4,-0.4654373794680665,2013-08-12,4.57,100.0,,0,,0.0,1,0,
2021-10-01,h4995003,kamura,0.0,,0.0,0.0,0.0,,rojo,4,-0.5239158638604346,2013-08-12,5.13,40.0,,0,,0.0,1,0,
2021-10-01,h4995014a/l,kamura,0.0,,0.0,0.0,0.0,,rojo,4,-0.29997847377379505,2013-08-12,3.49,40.0,,0,,0.0,1,0,
2021-10-01,h4995014a/s,kamura,0.0,,0.0,0.0,0.0,,rojo,4,-0.24607017257896746,2013-08-12,3.24,40.0,,0,,0.0,1,0,
2021-10-01,h4995036,kamura,0.0,,0.0,0.0,0.0,,rojo,4,-0.35674205177103346,2013-12-19,3.46,50.0,,0,,0.0,1,0,
2021-10-01,h4995048,kamura,0.0,,0.0,0.0,0.0,,rojo,4,-0.3343181281986384,2013-12-19,3.29,70.0,,0,,0.0,1,0,
2021-10-01,h4995061,kamura,0.0,,0.0,0.0,0.0,,rojo,4,-0.5659490592757048,2013-08-12,5.63,60.0,,0,,0.0,1,0,
2021-10-01,h4995074,kamura,0.0,,0.0,0.0,0.0,,rojo,4,-0.46654562828475876,2013-12-19,3.17,50.0,,0,,0.0,1,0,
2021-07-01,h71111 050-semi,mahle - brasil,0.0,,0.0,0.0,0.0,,rojo,4,0.3128319957108132,2018-09-27,15.1935,60.0,,0,,0.0,1,0,
2021-12-01,h841/7 050,glyco - alemania,0.0,,0.0,0.0,0.0,,rojo,4,0.33618305656165287,2020-02-21,39.40877405354977,18.0,,0,,0.0,1,0,
2024-11-01,hc-5512,sakura filter,56.0,,1.0,0.0,19.55666666666667,,rojo,6,0.910073931201833,2022-09-14,23.5,6.0,,0,,0.0,1,0,
2025-02-01,hc-55280,sakura filter,125.0,,3.0,228.67,74.29833333333333,,rojo,0,0.8553532998190564,2022-04-26,19.0,150.0,,0,,0.0,1,0,
2025-02-01,hc-55290,sakura filter,134.0,,3.0,188.89,44.678333333333335,,rojo,0,0.8525114449801355,2022-04-26,11.5,150.0,,0,,0.0,1,0,
2024-11-01,hc-5817,sakura filter,161.0,,1.0,0.0,3.3333333333333335,,rojo,6,0.8170074711911206,2023-12-05,4.57,24.0,,0,,0.0,1,0,
2024-06-01,hc-76130,sakura filter,108.0,,0.0,0.0,0.0,,rojo,6,0.9938273579172929,2024-04-18,19.0,12.0,,0,,0.0,1,0,
2025-02-01,hc-7925,sakura filter,112.0,,2.0,33.03,20.76,,rojo,0,0.9204204204204205,2024-11-11,7.54,120.0,,0,,0.0,1,0,
2025-01-01,hc-7965,sakura filter,68.0,,2.0,0.0,5.11,,rojo,6,0.8767997382198953,2024-09-17,3.5,72.0,,0,,0.0,1,0,
2025-03-01,hcc507,exedy - japon,7.0,,1.0,237.29,39.54833333333333,,rojo,0,0.25336163890053615,2024-08-09,19.41,20.0,,0,,0.0,1,0,
2025-03-01,hcd801u,exedy - japon,7.0,,1.0,233.05,38.84166666666667,,rojo,0,0.2548426741857959,2024-08-09,19.2,20.0,,0,,0.0,1,0,
2022-06-01,hd-517/1x,mann - brasil,0.0,,0.0,0.0,0.0,,rojo,4,0.5686333157626502,2019-06-26,43.91081433296203,30.0,,0,,0.0,1,0,
2021-03-01,hd-820,mann - brasil,0.0,,0.0,0.0,0.0,,rojo,4,0.6172565232065896,2018-01-02,29.572508175373077,60.0,,0,,0.0,1,0,
2021-11-01,hd-820x,mann - brasil,0.0,,0.0,0.0,0.0,,rojo,4,0.7565640476752183,2019-07-26,28.812821459770205,20.0,,0,,0.0,1,0,
2024-10-01,hd1000mb,prestone - mexico,0.0,,1.0,0.0,29.378333333333334,,rojo,3,0.3599191891707657,2023-03-22,14.72,50.0,,0,,0.0,1,0,
2023-05-01,hd11r22.5,deruibo,0.0,,0.0,0.0,0.0,,rojo,4,0.1639048460104676,2022-03-31,110.0,40.0,,0,,0.0,1,0,
2024-06-01,hd315/80r22.5,deruibo,0.0,,0.0,0.0,0.0,,rojo,4,0.32152295432072087,2024-05-16,104.0,30.0,,0,,0.0,1,0,
2024-09-01,hdd11r22.5,deruibo,0.0,,0.0,0.0,0.0,,rojo,4,0.23488637732228645,2024-08-23,94.0,40.0,,0,,0.0,1,0,
2024-12-01,hdd315/80r22.5,deruibo,0.0,,4.0,0.0,1939.9716666666664,,rojo,4,0.25298153958816266,2024-08-31,104.0,60.0,,0,,0.0,1,0,
2023-05-01,hl0900500,sin definicion,0.0,,0.0,0.0,0.0,,rojo,0,0.35341036153559435,2016-08-04,44.09,10.0,,0,,0.0,1,0,
2025-02-01,hm315/80r22.5,deruibo,0.0,,2.0,2372.88,395.48,,rojo,0,0.30113024046853964,2024-05-16,104.0,30.0,,0,,0.0,1,0,
2022-05-01,hmtlt235/85r16,deruibo,0.0,,0.0,0.0,0.0,,rojo,4,-0.2823346340927203,2019-03-13,1200.8364065122864,8.0,,0,,0.0,1,0,
2024-09-01,hn540047u,exedy - japon,0.0,,0.0,0.0,0.0,,rojo,0,0.24658948681743442,,,,,0,,0.0,1,0,
2024-09-01,hn541058u,exedy - japon,0.0,,0.0,0.0,0.0,,rojo,0,0.2532541426150887,,,,,0,,0.0,1,0,
2024-12-01,hnc540,exedy - japon,0.0,,2.0,0.0,497.3500000000001,,rojo,0,0.2232991867202987,2024-08-09,198.06,20.0,,0,,0.0,1,0,
2025-02-01,hnc541,exedy - japon,9.0,,2.0,1469.49,244.915,,rojo,0,0.15573653470205726,2024-08-09,257.24,20.0,,0,,0.0,1,0,
2025-03-01,hnc548,exedy - japon,6.0,,18.0,1809.24,761.8883333333333,,rojo,0,0.2388444612138109,2024-08-09,91.3,50.0,,0,,0.0,1,0,
2024-10-01,hnd047u,exedy - japon,0.0,,3.0,0.0,734.9866666666667,,rojo,0,0.2604174154184031,2024-08-09,101.57,20.0,,0,,0.0,1,0,
2025-01-01,hnd058u,exedy - japon,0.0,,3.0,264.24,395.65000000000003,,rojo,0,0.22224049927687717,2024-08-09,110.37,20.0,,0,,0.0,1,0,
2025-03-01,hnd092u,exedy - japon,23.0,,9.0,442.79999999999995,418.81,,rojo,0,0.24558605237130493,2024-08-09,117.81,40.0,,0,,0.0,1,0,
2025-02-01,ho-016,ito koyama - palieres,48.0,,1.0,22.5,3.75,,rojo,0,0.6026943005157374,2024-12-17,6.8,50.0,,0,,0.0,1,0,
2022-01-01,hp0900500,sin definicion,0.0,,0.0,0.0,0.0,,rojo,0,0.45309748898388896,2017-09-07,40.72,10.0,,0,,0.0,1,0,
2025-01-01,hp295/80r22.5,deruibo,0.0,,6.0,2969.48,2227.12,,rojo,0,0.2776108551101015,2024-08-31,116.0,20.0,,0,,0.0,1,0,
2025-01-01,hu-10002/z,mann - brasil,9.0,,1.0,41.14,6.8566666666666665,,rojo,0,0.4029234567901234,2023-10-05,4.833252668380737,30.0,,0,,0.0,1,0,
2025-03-01,hu-1072x,mann - brasil,2.0,,3.0,265.07,49.70166666666666,,rojo,0,0.370684376833875,2024-02-05,10.187141203880309,32.0,,0,,0.0,1,0,
2021-12-01,hu-1077/1x,sin definicion,0.0,,0.0,0.0,0.0,,rojo,0,0.43842243985362694,2021-02-04,5.71,360.0,,0,,0.0,1,0,
2023-11-01,hu-12001/z,mann - brasil,16.0,,0.0,0.0,0.0,,rojo,4,0.36308879163266816,2023-10-05,20.110533928871156,24.0,,0,,0.0,1,0,
2021-10-01,hu-13125x,sin definicion,0.0,,0.0,0.0,0.0,,rojo,0,0.44451972403036955,2021-09-20,6.322432614564895,8.0,,0,,0.0,1,0,
2024-09-01,hu-1381/x,mann - brasil,37.0,,0.0,0.0,0.0,,rojo,4,0.5102886144331077,2022-05-18,5.2739280462265015,48.0,,0,,0.0,1,0,
2025-03-01,hu-514x,mann - brasil,0.0,,1.0,180.07,30.011666666666667,,rojo,0,0.8069597185056366,2023-09-06,2.4455647087097168,100.0,,0,,0.0,1,0,
2024-11-01,hu-6011z,mann - brasil,41.0,,1.0,0.0,2.283333333333333,,rojo,4,0.5055152583102087,2023-02-15,4.015158982276917,60.0,,0,,0.0,1,0,
2024-11-01,hu-711/51x,mann - brasil,0.0,,1.0,0.0,15.255,,rojo,4,0.40968165812906476,2024-09-24,1.822323384284973,30.0,,0,,0.0,1,0,
2024-10-01,hu-718/1z,mann - brasil,0.0,,1.0,0.0,15.255,,rojo,4,0.6552629252906741,2024-09-24,1.6556474649906159,30.0,,0,,0.0,1,0,
2025-02-01,hu-719/7x,mann - brasil,25.0,,1.0,6.68,1.1133333333333333,,rojo,0,0.34146150425011845,2024-02-05,2.1452286767959596,30.0,,0,,0.0,1,0,
2024-09-01,hu-726/2x,mann - brasil,22.0,,0.0,0.0,0.0,,rojo,4,0.3398405864498059,2024-02-05,4.872579708099365,30.0,,0,,0.0,1,0,
2025-02-01,hy028n,ito koyama - resortes,10.0,,2.0,91.29,15.215000000000002,,rojo,0,0.8270210171436769,2024-01-22,5.7,56.0,,0,,0.0,1,0,
2025-01-01,hy031n,ito koyama - resortes,0.0,,1.0,0.0,4.483333333333333,,rojo,6,1.0587272355228157,2024-01-22,6.1,120.0,,0,,0.0,1,0,
2024-07-01,hy032n,ito koyama - resortes,0.0,,0.0,0.0,0.0,,rojo,6,0.9452026186541002,,,,,0,,0.0,1,0,
2025-03-01,hy035n,ito koyama - resortes,58.0,,16.0,1173.36,389.27,,rojo,0,1.0111887904937693,2024-01-22,8.4,80.0,,0,,0.0,1,0,
2025-03-01,hy040n,ito koyama - resortes,344.0,,1.0,51.53,8.588333333333333,,rojo,0,0.6016920473773264,2024-01-22,3.36,352.0,,0,,0.0,1,0,
2024-06-01,hy041n,ito koyama - resortes,0.0,,0.0,0.0,0.0,,rojo,6,1.1433098363836254,,,,,0,,0.0,1,0,
2025-03-01,hy047n,ito koyama - resortes,106.0,,6.0,276.17,53.35166666666667,,rojo,0,0.9980725100170181,2024-01-22,10.61,120.0,,0,,0.0,1,0,
2025-03-01,hy048n,ito koyama - resortes,36.0,,4.0,51.94,27.05666666666667,,rojo,0,0.849282556448145,2024-11-04,6.8,80.0,,0,,0.0,1,0,
2024-11-01,hy050n,ito koyama - resortes,0.0,,7.0,0.0,67.29333333333334,,rojo,6,0.7899753707936542,2024-01-22,6.51,100.0,,0,,0.0,1,0,
2025-03-01,hy052n,ito koyama - resortes,10.0,,10.0,163.91,61.90166666666667,,rojo,0,0.9661160518267027,,,,,0,,0.0,1,0,
2025-03-01,hy055n,ito koyama - resortes,164.0,,10.0,53.96,67.51166666666667,,rojo,0,1.0458129736069888,,,,,0,,0.0,1,0,
2025-03-01,hy056n,ito koyama - resortes,0.0,,4.0,44.91,18.69666666666667,,rojo,0,0.690152594657856,2024-01-22,6.3,392.0,,0,,0.0,1,0,
2025-02-01,hy506106ud,exedy - japon,0.0,,5.0,161.02,108.84833333333334,,rojo,0,0.2827659785469246,2024-08-09,61.69,9.0,,0,,0.0,1,0,
2025-02-01,hy510103u,exedy - japon,10.0,,3.0,155.93,51.565,,rojo,0,0.25297311271975176,2024-08-09,40.63,18.0,,0,,0.0,1,0,
2024-02-01,i-franelas,sin definicion,0.0,,0.0,0.0,0.0,,rojo,0,-1.0,2023-05-25,9.34320942978326,273.0,,0,,0.0,1,0,
2024-08-01,i-gorros,sin definicion,0.0,,0.0,0.0,0.0,,rojo,0,-1.0,2023-10-06,37.824027143841455,200.0,,0,,0.0,1,0,
2022-11-01,i-lapiceros,sin definicion,0.0,,0.0,0.0,0.0,,rojo,0,-1.0,2022-03-11,2.7454000891830352,2000.0,,0,,0.0,1,0,
2024-11-01,icd0011,ishikawa - pastillas de freno,0.0,,13.0,0.0,64.72166666666666,,rojo,6,1.0391324180870334,2024-07-26,3.2,100.0,,0,,0.0,1,0,
2024-12-01,icd1095,ishikawa - pastillas de freno,0.0,,5.0,0.0,13.891666666666666,,rojo,6,0.962929804545718,2024-01-09,3.69,100.0,,0,,0.0,1,0,
2024-10-01,icd1108,ishikawa - pastillas de freno,0.0,,1.0,0.0,1.4433333333333334,,rojo,6,0.9770093002634096,2024-01-09,4.1,50.0,,0,,0.0,1,0,
2024-10-01,icd1296,ishikawa - pastillas de freno,0.0,,4.0,0.0,17.673333333333332,,rojo,6,0.9640154762851524,2024-01-09,3.66,50.0,,0,,0.0,1,0,
2024-12-01,icd1301,ishikawa - pastillas de freno,0.0,,6.0,0.0,26.313333333333333,,rojo,6,0.9197876564448225,2024-01-09,7.19,50.0,,0,,0.0,1,0,
2024-09-01,icd1302,ishikawa - pastillas de freno,0.0,,0.0,0.0,0.0,,rojo,6,0.9794006914921535,2024-01-09,4.29,50.0,,0,,0.0,1,0,
2024-12-01,icd1601,ishikawa - pastillas de freno,0.0,,14.0,0.0,52.73500000000001,,rojo,6,0.9839144105985048,2024-01-09,3.91,100.0,,0,,0.0,1,0,
2024-06-01,icd378,ishikawa - pastillas de freno,0.0,,0.0,0.0,0.0,,rojo,6,0.8413955697446156,2023-07-05,4.44,50.0,,0,,0.0,1,0,
2025-03-01,icd484,ishikawa - pastillas de freno,53.0,,62.0,961.15,311.56333333333333,,rojo,0,0.7196796110157504,2024-07-26,4.5,400.0,,0,,0.0,1,0,
2024-11-01,icd768,ishikawa - pastillas de freno,0.0,,15.0,0.0,78.22333333333334,,rojo,6,1.044887632490373,2024-07-26,4.75,100.0,,0,,0.0,1,0,
2025-02-01,icd772,ishikawa - pastillas de freno,6.0,,6.0,112.19,29.24,,rojo,0,0.9120495237681095,2024-03-20,6.27,50.0,,0,,0.0,1,0,
2024-08-01,icd815,ishikawa - pastillas de freno,0.0,,0.0,0.0,0.0,,rojo,6,0.9511994802882058,2024-01-09,5.45,50.0,,0,,0.0,1,0,
2024-11-01,icd835,ishikawa - pastillas de freno,0.0,,3.0,0.0,4.651666666666667,,rojo,6,0.9669871283342532,2024-01-09,2.36,50.0,,0,,0.0,1,0,
2024-11-01,icd904,ishikawa - pastillas de freno,0.0,,2.0,0.0,10.801666666666668,,rojo,6,0.9815696253327896,2024-01-09,3.86,50.0,,0,,0.0,1,0,
2024-09-01,icd914,ishikawa - pastillas de freno,0.0,,0.0,0.0,0.0,,rojo,6,0.9612793809591763,2024-01-09,4.56,50.0,,0,,0.0,1,0,
2024-11-01,isc567,exedy - japon,24.0,,1.0,0.0,72.38666666666667,,rojo,0,0.21216107274950713,2024-08-09,70.53,30.0,,0,,0.0,1,0,
2025-01-01,isc599,exedy - japon,32.0,,2.0,416.78,237.09,,rojo,0,0.2267162923696965,2024-08-09,167.19,40.0,,0,,0.0,1,0,
2025-02-01,isc600,exedy - japon,0.0,,5.0,712.34,227.14166666666665,,rojo,0,0.2737476838459791,2024-08-09,51.98,30.0,,0,,0.0,1,0,
2025-01-01,isd102us,exedy - japon,0.0,,7.0,908.25,367.385,,rojo,0,0.2430433757677864,2024-08-09,50.16,40.0,,0,,0.0,1,0,
2022-05-01,ixeh22tt,denso - bujias - japon,0.0,,0.0,0.0,0.0,,rojo,3,0.377153138822704,2021-03-05,5.85,96.0,,0,,0.0,1,0,
2025-03-01,j001n,ito koyama - resortes,126.0,,3.0,93.59,19.223333333333333,,rojo,0,0.8835898180410374,2024-01-22,5.78,160.0,,0,,0.0,1,0,
2024-12-01,j602905010,ito koyama - amortiguadores,0.0,,8.0,0.0,137.07500000000002,,rojo,6,0.7429063524052968,2024-08-22,12.47,56.0,,0,,0.0,1,0,
2024-12-01,j602905020,ito koyama - amortiguadores,0.0,,9.0,0.0,141.24166666666667,,rojo,6,0.7424797803613967,2024-08-22,12.47,56.0,,0,,0.0,1,0,
2025-02-01,j602915010,ito koyama - amortiguadores,0.0,,15.0,32.47,165.85833333333332,,rojo,0,0.7293790744587882,2024-08-22,7.4,100.0,,0,,0.0,1,0,
2025-01-01,j692905010,ito koyama - amortiguadores,0.0,,13.0,0.0,101.12,,rojo,0,0.7604927867425262,2024-08-22,12.9,56.0,,0,,0.0,1,0,
2025-01-01,j692905020,ito koyama - amortiguadores,0.0,,14.0,0.0,113.02,,rojo,0,0.7422555274467894,2024-08-22,12.9,56.0,,0,,0.0,1,0,
2024-12-01,j692915010,ito koyama - amortiguadores,2.0,,19.0,0.0,667.23,,rojo,6,0.7449950113846792,2024-08-22,9.43,100.0,,0,,0.0,1,0,
2025-03-01,k-19110,sakura filter,189.0,,6.0,924.1899999999999,154.03166666666667,,rojo,0,0.7642976747002842,2024-12-26,33.5,200.0,,0,,0.0,1,0,
2025-03-01,k-agenda,sin definicion,0.0,,113.0,0.0,0.0,,rojo,0,-1.0,2024-07-09,45.41282856853111,500.0,,0,,0.0,1,0,
2025-03-01,k-chalecos,sin definicion,0.0,,41.0,0.0,0.0,,rojo,0,-1.0,2025-02-21,93.63659234882348,40.0,,0,,0.0,1,0,
2024-01-01,k-franelas,sin definicion,0.0,,0.0,0.0,0.0,,rojo,0,-1.0,2023-09-20,9.401695449265402,445.0,,0,,0.0,1,0,
2023-12-01,k-gorros,sin definicion,0.0,,0.0,0.0,0.0,,rojo,0,-1.0,2023-10-06,37.824027143841455,100.0,,0,,0.0,1,0,
2023-08-01,k-mameluco,sin definicion,0.0,,0.0,0.0,0.0,,rojo,0,-1.0,2023-04-05,217.2254352991395,10.0,,0,,0.0,1,0,
2023-12-01,k-mochilas,sin definicion,0.0,,0.0,0.0,0.0,,rojo,0,-1.0,2023-09-19,21.984744581388973,50.0,,0,,0.0,1,0,
2025-03-01,k-overoles,sin definicion,0.0,,7.0,0.0,0.0,,rojo,0,-1.0,2025-02-21,202.88173875579338,25.0,,0,,0.0,1,0,
2024-01-01,k-tapasoles,sin definicion,0.0,,0.0,0.0,0.0,,rojo,0,-1.0,2023-10-03,8.040087511574352,100.0,,0,,0.0,1,0,
2024-07-01,k003n,ito koyama - resortes,0.0,,0.0,0.0,0.0,,rojo,6,0.8165374821380775,,,,,0,,0.0,1,0,
2024-09-01,k004n,ito koyama - resortes,0.0,,0.0,0.0,0.0,,rojo,6,1.0492208869626194,,,,,0,,0.0,1,0,
2025-03-01,k007n,ito koyama - resortes,62.0,,4.0,25.54,18.098333333333333,,rojo,0,0.8864510418607225,,,,,0,,0.0,1,0,
2025-03-01,k008n,ito koyama - resortes,8.0,,3.0,63.69,14.565,,rojo,0,0.7937341988037093,,,,,0,,0.0,1,0,
2023-01-01,k1213-01,zekiturbo,0.0,,0.0,0.0,0.0,,rojo,4,-0.8598591600387089,2011-05-14,46.0,50.0,,0,,0.0,1,0,
2023-01-01,k1560-01,zekiturbo,0.0,,0.0,0.0,0.0,,rojo,4,-0.788414755625976,2013-08-08,31.5,25.0,,0,,0.0,1,0,
2023-01-01,k1572-01,zekiturbo,0.0,,0.0,0.0,0.0,,rojo,4,-0.804703945508128,2013-08-08,33.6,15.0,,0,,0.0,1,0,
2023-01-01,k1577-01,zekiturbo,0.0,,0.0,0.0,0.0,,rojo,4,-0.7786305958711506,2013-08-08,30.45,27.0,,0,,0.0,1,0,
2021-05-01,k71420 stdws,mahle - brasil,0.0,,0.0,0.0,0.0,,rojo,4,0.19757782012141023,2018-09-27,100.404583,24.0,,0,,0.0,1,0,
2021-10-01,kb-610,sankei - japon,0.0,,0.0,0.0,0.0,,rojo,4,0.4909185505799837,2020-04-07,3.14,60.0,,0,,0.0,1,0,
2022-02-01,kb-612,sankei - japon,0.0,,0.0,0.0,0.0,,rojo,4,0.4784331304706787,2020-04-07,3.2,150.0,,0,,0.0,1,0,
2021-11-01,kb-620,sankei - japon,0.0,,0.0,0.0,0.0,,rojo,4,0.46610976601626153,2021-08-10,6.799267837777734,50.0,,0,,0.0,1,0,
2021-11-01,kb-637,sankei - japon,0.0,,0.0,0.0,0.0,,rojo,4,0.4538052946485022,2021-08-10,5.602596698328853,200.0,,0,,0.0,1,0,
2025-01-01,kd235/75r17.5,deruibo,0.0,,3.0,186.44,213.27666666666664,,rojo,0,0.32297286311674395,2024-05-16,66.0,20.0,,0,,0.0,1,0,
2021-05-01,kg2397.1.19,fag - alemania,0.0,,0.0,0.0,0.0,,rojo,4,0.5022460355036956,2018-08-31,46.63532488584518,120.0,,0,,0.0,1,0,
2021-03-01,kg28012.0.1,fag - alemania,0.0,,0.0,0.0,0.0,,rojo,4,0.40981029753178416,2019-08-15,45.92155132293701,100.0,,0,,0.0,1,0,
2021-10-01,kh-c19,sankei - japon,0.0,,0.0,0.0,0.0,,rojo,4,0.48771836009118785,2020-04-07,1.84,600.0,,0,,0.0,1,0,
2021-10-01,kh-c30,sankei - japon,0.0,,0.0,0.0,0.0,,rojo,4,0.4602932185292874,2021-08-10,1.8403351614251733,150.0,,0,,0.0,1,0,
2025-03-01,ki504105u,exedy - japon,20.0,,6.0,1024.58,218.36333333333332,,rojo,0,0.2427149417708198,2024-08-09,37.55,48.0,,0,,0.0,1,0,
2023-09-01,km425/65r22.5,deruibo,0.0,,0.0,0.0,0.0,,rojo,4,0.19385560233102953,2023-02-09,199.0,40.0,,0,,0.0,1,0,
2024-03-01,km7.00r16lt,deruibo,0.0,,0.0,0.0,0.0,,rojo,4,0.19630320740071397,2023-06-26,56.0,20.0,,0,,0.0,1,0,
2023-09-01,km7.50r16lt,deruibo,0.0,,0.0,0.0,0.0,,rojo,4,0.26525786128621254,2023-06-26,61.0,20.0,,0,,0.0,1,0,
2021-02-01,km9.5r17.5,deruibo,0.0,,0.0,0.0,0.0,,rojo,4,0.08350749334619434,2019-03-13,1847.440621341979,2.0,,0,,0.0,1,0,
2022-01-01,kn-30,sankei - japon,0.0,,0.0,0.0,0.0,,rojo,4,0.500728474721799,2020-04-07,1.98,400.0,,0,,0.0,1,0,
2021-02-01,kn-33,sankei - japon,0.0,,0.0,0.0,0.0,,rojo,4,0.45679912851257876,2020-04-07,2.01,50.0,,0,,0.0,1,0,
2022-02-01,kn-43tm,sankei - japon,0.0,,0.0,0.0,0.0,,rojo,4,0.39878728656703577,2021-08-10,2.1938970889896154,30.0,,0,,0.0,1,0,
2025-02-01,ko-0183-32182,nachi - koyo - ntn - nsk - japon,13.0,,1.0,7.8,1.3,,rojo,0,0.34224225664306224,2014-04-30,2.23,50.0,,0,,0.0,1,0,
2021-03-01,ko-dac3871w-2cs70,nachi - koyo - ntn - nsk - japon,0.0,,0.0,0.0,0.0,,rojo,4,0.28049526138795455,2017-09-22,9.8,50.0,,0,,0.0,1,0,
2021-05-01,ko-rct283sa,collarines - nachi - koyo - nsk - japon,0.0,,0.0,0.0,0.0,,rojo,4,0.6878496161578297,2020-11-05,6.75,20.0,,0,,0.0,1,0,
2022-03-01,ko-rct356sa8,collarines - nachi - koyo - nsk - japon,0.0,,0.0,0.0,0.0,,rojo,4,0.7464765809987051,2021-06-05,4.9,150.0,,0,,0.0,1,0,
2021-09-01,ko-rct358sa2,collarines - nachi - koyo - nsk - japon,0.0,,0.0,0.0,0.0,,rojo,4,0.7380991666981419,2021-06-05,6.4,150.0,,0,,0.0,1,0,
2024-06-01,kp-104,sankei - japon,0.0,,0.0,0.0,0.0,,rojo,4,0.4586650057896155,2021-08-10,1.8765979232266545,500.0,,0,,0.0,1,0,
2022-02-01,kp-106,sankei - japon,0.0,,0.0,0.0,0.0,,rojo,4,0.4552496797997488,2021-08-10,2.148568636737764,200.0,,0,,0.0,1,0,
2022-02-01,kr-223,sankei - japon,0.0,,0.0,0.0,0.0,,rojo,4,0.5186132806759615,2020-04-07,8.18,150.0,,0,,0.0,1,0,
2023-02-01,kr-234,sankei - japon,0.0,,0.0,0.0,0.0,,rojo,4,0.13309890743472935,2021-08-10,6.808333528228104,20.0,,0,,0.0,1,0,
2023-01-01,kr-236,sankei - japon,0.0,,0.0,0.0,0.0,,rojo,4,0.39086142784780975,2021-08-10,6.808333528228104,20.0,,0,,0.0,1,0,
2022-06-01,kr-251,sankei - japon,0.0,,0.0,0.0,0.0,,rojo,4,0.3943747794110359,2021-08-10,7.062172860838473,30.0,,0,,0.0,1,0,
2021-11-01,krb-911,sankei - japon,0.0,,0.0,0.0,0.0,,rojo,4,0.7062872315104926,2019-03-27,5.5176654271781445,90.0,,0,,0.0,1,0,
2023-02-01,krb-915,sankei - japon,0.0,,0.0,0.0,0.0,,rojo,4,0.1302598287288659,2021-08-10,5.439414270222187,50.0,,0,,0.0,1,0,
2023-04-01,krb-918,sankei - japon,0.0,,0.0,0.0,0.0,,rojo,4,0.32149838302605954,2021-08-10,5.8292389595881104,100.0,,0,,0.0,1,0,
2021-11-01,kt-42a,sankei - japon,0.0,,0.0,0.0,0.0,,rojo,4,0.4860100966040627,2020-04-07,2.82,200.0,,0,,0.0,1,0,
2022-04-01,kw-11n,sankei - japon,0.0,,0.0,0.0,0.0,,rojo,4,0.4776086411881822,2021-08-10,2.5383933261036873,50.0,,0,,0.0,1,0,
2024-05-01,kw-408,sankei - japon,0.0,,0.0,0.0,0.0,,rojo,4,0.41692617036584567,2020-04-07,4.9,100.0,,0,,0.0,1,0,
2024-05-01,kw-411,sankei - japon,0.0,,0.0,0.0,0.0,,rojo,4,0.4309537864157144,2020-04-07,5.73,150.0,,0,,0.0,1,0,
2022-06-01,kw-413,sankei - japon,0.0,,0.0,0.0,0.0,,rojo,4,0.5139453882114999,2020-04-07,5.83,50.0,,0,,0.0,1,0,
2021-09-01,kw-414,sankei - japon,0.0,,0.0,0.0,0.0,,rojo,4,0.6244363497662685,2019-03-27,4.866399999707937,230.0,,0,,0.0,1,0,
2021-11-01,kw-450,sankei - japon,0.0,,0.0,0.0,0.0,,rojo,4,0.5127965035189102,2020-04-07,8.84,100.0,,0,,0.0,1,0,
2024-05-01,kw-5n,sankei - japon,0.0,,0.0,0.0,0.0,,rojo,4,0.32941023971764516,2021-08-10,2.411473659798503,100.0,,0,,0.0,1,0,
2022-12-01,kw-6b,sankei - japon,0.0,,0.0,0.0,0.0,,rojo,4,0.3863002254415876,2021-08-10,2.3117510648444295,80.0,,0,,0.0,1,0,
2023-02-01,kw-6n,sankei - japon,0.0,,0.0,0.0,0.0,,rojo,4,0.32525151351162845,2021-08-10,2.3117510648444295,50.0,,0,,0.0,1,0,
2024-04-01,kw-6t,sankei - japon,0.0,,0.0,0.0,0.0,,rojo,4,0.47517131245058125,2020-04-07,2.32,200.0,,0,,0.0,1,0,
2021-09-01,kw-7t,sankei - japon,0.0,,0.0,0.0,0.0,,rojo,4,0.4797569148807175,2020-04-07,2.4,200.0,,0,,0.0,1,0,
2022-10-01,kw-8b,sankei - japon,0.0,,0.0,0.0,0.0,,rojo,4,0.4042973366831615,2021-08-10,3.6262761801481247,150.0,,0,,0.0,1,0,
2025-02-01,l001n,ito koyama - resortes,26.0,,4.0,25.87,17.625,,rojo,0,1.0167761490566756,2024-01-22,6.09,48.0,,0,,0.0,1,0,
2024-11-01,l002n,ito koyama - resortes,0.0,,1.0,0.0,3.276666666666667,,rojo,6,1.0289696638425796,2024-01-22,4.62,48.0,,0,,0.0,1,0,
2023-05-01,l019pbb,delphi - cav - brasil,0.0,,0.0,0.0,0.0,,rojo,4,-0.09432718662087658,2015-08-05,39.200313091278076,60.0,,0,,0.0,1,0,
2024-12-01,lb-11102/2,mann - brasil,0.0,,3.0,0.0,71.91166666666666,,rojo,4,0.4053905568291564,2023-10-05,38.23523143529892,32.0,,0,,0.0,1,0,
2025-03-01,lb-13145/3,mann - brasil,8.0,,4.0,1100.77,322.445,,rojo,0,0.3810597263350196,2024-02-09,43.59399767518044,60.0,,0,,0.0,1,0,
2025-03-01,lb-962/2,mann - brasil,73.0,,4.0,445.12,129.82666666666668,,rojo,0,0.39045096057657674,2024-02-09,22.546018080711367,60.0,,0,,0.0,1,0,
2025-01-01,lm425/65r22.5,deruibo,10.0,,2.0,0.0,334.745,,rojo,0,0.24191155444877946,2024-08-23,211.0,20.0,,0,,0.0,1,0,
2023-07-01,lmd215/75r17.5,deruibo,0.0,,0.0,0.0,0.0,,rojo,4,0.04974520437061409,2022-03-31,62.0,80.0,,0,,0.0,1,0,
2023-12-01,lmd235/75r17.5,deruibo,0.0,,0.0,0.0,0.0,,rojo,4,0.24139099713856457,2022-03-31,75.0,60.0,,0,,0.0,1,0,
2021-09-01,lmp12r22.5,deruibo,0.0,,0.0,0.0,0.0,,rojo,4,0.368366365958108,2020-02-29,137.0,60.0,,0,,0.0,1,0,
2025-03-01,lmp215/75r17.5,deruibo,15.0,,4.0,466.1,201.97666666666666,,rojo,0,0.21724822163047017,2024-08-23,61.0,20.0,,0,,0.0,1,0,
2021-09-01,lmp235/75r17.5,deruibo,1.0,,0.0,0.0,0.0,,rojo,4,0.33727362661721877,2020-12-18,68.0,28.0,,0,,0.0,1,0,
2021-10-01,lmp295/80r22.5,deruibo,0.0,,0.0,0.0,0.0,,rojo,4,0.41005404867188106,2020-02-29,131.0,40.0,,0,,0.0,1,0,
2023-09-01,lmp7.50r16,deruibo,0.0,,0.0,0.0,0.0,,rojo,4,0.2610639977803495,2023-07-26,72.5,20.0,,0,,0.0,1,0,
2023-01-01,m195/55r15,mirage,0.0,,0.0,0.0,0.0,,rojo,4,-0.028205641128225767,2015-02-10,24.729625,160.0,,0,,0.0,1,0,
2022-04-01,m205/40r17,mirage,0.0,,0.0,0.0,0.0,,rojo,4,-0.026664787960831625,2015-02-10,29.001625,80.0,,0,,0.0,1,0,
2022-07-01,m225/40r18,mirage,0.0,,0.0,0.0,0.0,,rojo,4,0.013144682682900855,2015-02-10,35.6928,100.0,,0,,0.0,1,0,
2022-01-01,mb-22,zsg - taiwan,0.0,,0.0,0.0,0.0,,rojo,4,0.5991611635607169,2016-07-19,3.0,50.0,,0,,0.0,1,0,
2025-03-01,mb-242115,ito koyama - amortiguadores,42.0,,2.0,41.72,13.906666666666666,,rojo,0,0.7313445647377426,2024-11-29,5.4,50.0,,0,,0.0,1,0,
2024-12-01,mb523022uf,exedy - japon,1.0,,2.0,0.0,31.09,,rojo,0,0.3161789522230501,2024-08-09,46.84,9.0,,0,,0.0,1,0,
2025-03-01,mb659129u,exedy - japon,84.0,,25.0,3172.09,1491.3533333333332,,rojo,0,0.26931005112106804,2024-08-09,105.05,200.0,,0,,0.0,1,0,
2025-03-01,mbc502,exedy - japon,34.0,,3.0,773.98,128.99666666666667,,rojo,0,0.2149395078693574,2024-08-09,27.3,60.0,,0,,0.0,1,0,
2024-09-01,mbc503,exedy - japon,13.0,,0.0,0.0,0.0,,rojo,0,0.2144233811811409,2024-08-09,18.35,18.0,,0,,0.0,1,0,
2024-11-01,mbc523,exedy - japon,12.0,,1.0,0.0,34.068333333333335,,rojo,0,0.25564449842952297,2024-08-09,26.79,18.0,,0,,0.0,1,0,
2024-11-01,mbc585,exedy - japon,7.0,,1.0,0.0,40.678333333333335,,rojo,0,0.22285486760899853,2024-08-09,98.93,9.0,,0,,0.0,1,0,
2025-03-01,mbd006u,exedy - japon,34.0,,5.0,486.92,153.13333333333333,,rojo,0,0.2257107552161352,2024-08-09,17.64,60.0,,0,,0.0,1,0,
2025-03-01,mbd022u,exedy - japon,13.0,,2.0,166.77,27.795,,rojo,0,0.20946774149919753,2024-08-09,22.52,20.0,,0,,0.0,1,0,
2024-11-01,mbd063u,exedy - japon,0.0,,2.0,0.0,56.214999999999996,,rojo,0,0.2259153851999356,2024-08-09,54.44,10.0,,0,,0.0,1,0,
2025-01-01,mbd129u,exedy - japon,18.0,,1.0,0.0,25.011666666666667,,rojo,0,0.23399951630279436,2024-08-09,59.72,20.0,,0,,0.0,1,0,
2024-10-01,mbk1012lb,exedy - japon,35.0,,2.0,0.0,173.72833333333332,,rojo,0,0.2753880072440653,2024-09-21,150.48,40.0,,0,,0.0,1,0,
2021-06-01,me-500394,aisin - japon,0.0,,0.0,0.0,0.0,,rojo,6,0.4489346233532733,2016-01-15,39.15,100.0,,0,,0.0,1,0,
2024-02-01,mf-fh12,mann - brasil,0.0,,0.0,0.0,0.0,,rojo,4,0.3192529849785769,2022-07-26,53.64,100.0,,0,,0.0,1,0,
2024-02-01,mf-om457,mann - brasil,0.0,,0.0,0.0,0.0,,rojo,4,0.2248558589216503,2023-04-01,53.35,100.0,,0,,0.0,1,0,
2024-06-01,mf-sck124,mann - brasil,0.0,,0.0,0.0,0.0,,rojo,4,0.3328826268991802,2022-09-16,52.13,46.0,,0,,0.0,1,0,
2025-03-01,mf540015un,exedy - japon,129.0,,19.0,1913.69,832.62,,rojo,0,0.2642536132732192,2024-08-09,64.84,200.0,,0,,0.0,1,0,
2025-03-01,mfc540,exedy - japon,48.0,,3.0,49.74,50.11166666666667,,rojo,0,0.25500748940553636,2024-08-09,39.51,60.0,,0,,0.0,1,0,
2025-01-01,mfc558,exedy - japon,5.0,,2.0,188.64,62.879999999999995,,rojo,0,0.21149284641408542,2024-08-09,76.63,10.0,,0,,0.0,1,0,
2025-03-01,mfc560,exedy - japon,1.0,,6.0,431.74,236.15666666666667,,rojo,0,0.26852171506317923,2024-08-09,85.11,20.0,,0,,0.0,1,0,
2025-02-01,mfc615,exedy - japon,0.0,,10.0,2886.64,722.4983333333333,,rojo,0,0.24679365573172832,2024-08-09,88.43,40.0,,0,,0.0,1,0,
2025-03-01,mfd004,exedy - japon,11.0,,7.0,1330.69,376.7683333333334,,rojo,0,0.23279440979115615,2024-08-09,66.84,40.0,,0,,0.0,1,0,
2025-03-01,mfd005,exedy - japon,6.0,,2.0,543.8299999999999,90.63833333333332,,rojo,0,0.20004286240143998,2024-08-09,110.28,10.0,,0,,0.0,1,0,
2025-03-01,mfd015un,exedy - japon,69.0,,2.0,125.59,35.33833333333333,,rojo,0,0.27699886788351413,2024-08-09,33.43,80.0,,0,,0.0,1,0,
2025-03-01,mfd067u,exedy - japon,14.0,,12.0,2274.58,609.5649999999999,,rojo,0,0.26105021639321424,2024-08-09,97.61,40.0,,0,,0.0,1,0,
2021-02-01,mg1546,precision - usa,0.0,,0.0,0.0,0.0,,rojo,4,0.4218064218064217,2019-01-28,6.13,40.0,,0,,0.0,1,0,
2023-11-01,mg1761,moog - usa,0.0,,0.0,0.0,0.0,,rojo,3,0.43175175010088107,2021-04-07,20.482,80.0,,0,,0.0,1,0,
2022-06-01,mg304,moog - usa,0.0,,0.0,0.0,0.0,,rojo,3,0.4568170512097541,2021-04-07,10.696,10.0,,0,,0.0,1,0,
2024-06-01,mg305,moog - usa,0.0,,0.0,0.0,0.0,,rojo,3,0.1683788986879433,2020-04-13,20.601,20.0,,0,,0.0,1,0,
2021-02-01,mg333,moog - usa,0.0,,0.0,0.0,0.0,,rojo,3,0.4251480739374438,2016-03-28,27.96,100.0,,0,,0.0,1,0,
2021-07-01,mg334,moog - usa,0.0,,0.0,0.0,0.0,,rojo,3,0.5140013200265257,2021-04-07,30.09,10.0,,0,,0.0,1,0,
2022-10-01,mg341,moog - usa,0.0,,0.0,0.0,0.0,,rojo,3,0.5267774439982204,2022-04-25,5.971,30.0,,0,,0.0,1,0,
2022-09-01,mg344,moog - usa,0.0,,0.0,0.0,0.0,,rojo,3,0.507620337044254,2022-08-26,6.56,10.0,,0,,0.0,1,0,
2024-06-01,mg353,moog - usa,0.0,,0.0,0.0,0.0,,rojo,3,0.41934756567049153,2021-04-07,6.17,80.0,,0,,0.0,1,0,
2022-10-01,mg361,moog - usa,0.0,,0.0,0.0,0.0,,rojo,3,0.5257580905457419,2017-07-25,10.528,20.0,,0,,0.0,1,0,
2024-09-01,mg365,moog - usa,0.0,,0.0,0.0,0.0,,rojo,3,0.5061139536900529,2020-04-13,6.3,20.0,,0,,0.0,1,0,
2021-11-01,mg371,moog - usa,0.0,,0.0,0.0,0.0,,rojo,3,0.5998630076301491,2020-04-13,6.73,300.0,,0,,0.0,1,0,
2024-06-01,mg374,moog - usa,0.0,,0.0,0.0,0.0,,rojo,3,-0.06806083487352059,2020-04-13,24.15,20.0,,0,,0.0,1,0,
2024-06-01,mg430,moog - usa,0.0,,0.0,0.0,0.0,,rojo,3,0.2596364456834485,2016-11-21,6.545,50.0,,0,,0.0,1,0,
2022-02-01,mg433,moog - usa,0.0,,0.0,0.0,0.0,,rojo,3,0.5593220338983051,2020-04-13,5.48,1.0,,0,,0.0,1,0,
2023-01-01,mg434,moog - usa,0.0,,0.0,0.0,0.0,,rojo,3,0.49528097486178585,2020-04-13,6.874,25.0,,0,,0.0,1,0,
2023-11-01,mg470,moog - usa,0.0,,0.0,0.0,0.0,,rojo,3,0.37522804585834874,2020-09-22,37.65,15.0,,0,,0.0,1,0,
2023-12-01,mg475,moog - usa,0.0,,0.0,0.0,0.0,,rojo,3,0.5720938684655511,2020-09-22,27.91,20.0,,0,,0.0,1,0,
2022-01-01,mg476,moog - usa,0.0,,0.0,0.0,0.0,,rojo,3,0.4713097189241135,2020-09-22,27.91,10.0,,0,,0.0,1,0,
2024-06-01,mg477,moog - usa,0.0,,0.0,0.0,0.0,,rojo,3,0.26808720548612025,2016-07-06,39.91,50.0,,0,,0.0,1,0,
2022-08-01,mg492,moog - usa,0.0,,0.0,0.0,0.0,,rojo,3,0.5402340811540333,2020-04-13,6.86,9.0,,0,,0.0,1,0,
2022-01-01,mg507,moog - usa,0.0,,0.0,0.0,0.0,,rojo,3,0.6392494835432658,2018-05-10,7.28,20.0,,0,,0.0,1,0,
2022-06-01,mg508,precision - usa,0.0,,0.0,0.0,0.0,,rojo,4,0.6435861156753224,2016-07-06,20.1672,25.0,,0,,0.0,1,0,
2024-06-01,mg514g,moog - usa,0.0,,0.0,0.0,0.0,,rojo,3,0.623186139137745,2016-07-06,6.174,50.0,,0,,0.0,1,0,
2024-06-01,mg522,moog - usa,0.0,,0.0,0.0,0.0,,rojo,3,0.0633474580306897,2020-04-13,21.525,30.0,,0,,0.0,1,0,
2024-06-01,mg530,moog - usa,0.0,,0.0,0.0,0.0,,rojo,3,0.46062616914138543,2016-07-06,33.9712,25.0,,0,,0.0,1,0,
2021-04-01,mg534g,moog - usa,0.0,,0.0,0.0,0.0,,rojo,3,0.47715083798882696,2020-04-13,4.89,40.0,,0,,0.0,1,0,
2022-04-01,mg540,precision - usa,0.0,,0.0,0.0,0.0,,rojo,4,0.5872146407519053,2019-08-15,33.89,20.0,,0,,0.0,1,0,
2023-09-01,mg560,moog - usa,0.0,,0.0,0.0,0.0,,rojo,3,0.6118590020710029,2016-07-06,43.876,50.0,,0,,0.0,1,0,
2023-11-01,mg563,moog - usa,0.0,,0.0,0.0,0.0,,rojo,3,0.38973109229925046,2022-08-26,63.462,21.0,,0,,0.0,1,0,
2024-06-01,mg570,moog - usa,0.0,,0.0,0.0,0.0,,rojo,3,0.12800226452094,2017-07-25,51.387,30.0,,0,,0.0,1,0,
2023-11-01,mg574,moog - usa,0.0,,0.0,0.0,0.0,,rojo,3,0.4392020696080462,2016-07-06,52.395,30.0,,0,,0.0,1,0,
2024-06-01,mg785,moog - usa,0.0,,0.0,0.0,0.0,,rojo,3,0.26358353300712434,2016-07-06,139.293,10.0,,0,,0.0,1,0,
2022-10-01,mg813,moog - usa,0.0,,0.0,0.0,0.0,,rojo,3,0.47405169646173057,2022-04-25,19.9,30.0,,0,,0.0,1,0,
2021-05-01,mg888,moog - usa,0.0,,0.0,0.0,0.0,,rojo,3,0.6339650762986346,2017-07-25,20.9,25.0,,0,,0.0,1,0,
2024-06-01,mg894,moog - usa,0.0,,0.0,0.0,0.0,,rojo,3,-0.19394997369553785,2020-04-13,57.12,10.0,,0,,0.0,1,0,
2024-06-01,mg895,moog - usa,0.0,,0.0,0.0,0.0,,rojo,3,-0.3994774794831884,2016-07-06,64.029333,15.0,,0,,0.0,1,0,
2024-06-01,mg896,moog - usa,0.0,,0.0,0.0,0.0,,rojo,3,0.29948285848264283,2018-05-10,38.07,20.0,,0,,0.0,1,0,
2022-09-01,mg905,moog - usa,0.0,,0.0,0.0,0.0,,rojo,3,0.45362995219632635,2022-08-26,40.02,10.0,,0,,0.0,1,0,
2023-02-01,mg911,moog - usa,0.0,,0.0,0.0,0.0,,rojo,3,0.583756655304021,2016-07-06,78.44,30.0,,0,,0.0,1,0,
2021-10-01,mg927,moog - usa,0.0,,0.0,0.0,0.0,,rojo,3,0.6302899772701344,2019-11-18,40.12,40.0,,0,,0.0,1,0,
2021-06-01,mg928,moog - usa,0.0,,0.0,0.0,0.0,,rojo,3,1.5801234572878093,2019-01-28,26.71,20.0,,0,,0.0,1,0,
2021-05-01,mg929,moog - usa,0.0,,0.0,0.0,0.0,,rojo,3,1.029712409300355,2019-11-18,26.95,2.0,,0,,0.0,1,0,
2023-08-01,mg934,moog - usa,0.0,,0.0,0.0,0.0,,rojo,3,0.43502891832892465,2022-04-25,14.58,1.0,,0,,0.0,1,0,
2021-06-01,mg963,moog - usa,0.0,,0.0,0.0,0.0,,rojo,3,0.42165386537170635,2020-04-13,60.34,40.0,,0,,0.0,1,0,
2021-06-01,mg968,moog - usa,0.0,,0.0,0.0,0.0,,rojo,3,0.48121394048340205,2019-11-18,28.77,20.0,,0,,0.0,1,0,
2021-06-01,mg969,moog - usa,0.0,,0.0,0.0,0.0,,rojo,3,0.5649702792672411,2019-01-28,26.71,40.0,,0,,0.0,1,0,
2023-01-01,mg997,moog - usa,0.0,,0.0,0.0,0.0,,rojo,3,0.4664133998407119,2022-04-25,39.732,12.0,,0,,0.0,1,0,
2025-03-01,mi005n,ito koyama - resortes,46.0,,5.0,99.46,29.281666666666666,,rojo,0,0.918243446419923,2024-01-22,3.85,64.0,,0,,0.0,1,0,
2022-03-01,mm-02,mrk - japon,0.0,,0.0,0.0,0.0,,rojo,4,0.49629307837352066,2021-08-10,20.51403296278776,20.0,,0,,0.0,1,0,
2024-01-01,mochilavalv,sin definicion,0.0,,0.0,0.0,0.0,,rojo,0,-1.0,2023-08-17,18.854259516958848,2500.0,,0,,0.0,1,0,
2022-05-01,mp11r22.5,deruibo,0.0,,0.0,0.0,0.0,,rojo,4,-0.26060632650375115,2019-03-13,2632.5889036427366,2.0,,0,,0.0,1,0,
2023-06-01,mr-244218,ito koyama - amortiguadores,0.0,,0.0,0.0,0.0,,rojo,6,0.5990531671640412,2021-11-08,6.96,10.0,,0,,0.0,1,0,
2025-03-01,mr491430,ito koyama - amortiguadores,49.0,,22.0,302.88,183.69500000000002,,rojo,0,0.6826143892848879,2024-08-22,10.4,104.0,,0,,0.0,1,0,
2024-07-01,mwmwc1001,wagner - pastillas,47.0,,0.0,0.0,0.0,,rojo,3,0.19211838303007203,2023-01-18,26.3,50.0,,0,,0.0,1,0,
2025-02-01,mwmwc1175,wagner - pastillas,8.0,,1.0,23.73,3.955,,rojo,0,0.5190152925845896,2024-07-20,15.1,10.0,,0,,0.0,1,0,
2023-06-01,mwmwc1284,wagner - pastillas,0.0,,0.0,0.0,0.0,,rojo,3,0.2572733971997053,2023-01-18,17.0,9.0,,0,,0.0,1,0,
2025-01-01,mwmwc1325,wagner - pastillas,8.0,,1.0,14.41,2.401666666666667,,rojo,0,0.5335743578310588,2023-04-25,8.9,20.0,,0,,0.0,1,0,
2024-09-01,mwmwc1327,wagner - pastillas,23.0,,0.0,0.0,0.0,,rojo,3,0.6730753301172606,2024-07-20,12.9,20.0,,0,,0.0,1,0,
2024-11-01,mwmwc1377,wagner - pastillas,14.0,,1.0,0.0,4.943333333333333,,rojo,3,2.056548788259511,2017-05-02,27.77,5.0,,0,,0.0,1,0,
2024-10-01,mwmwc1378,wagner - pastillas,0.0,,0.0,0.0,0.0,,rojo,3,0.4280418906943289,2024-03-19,14.0,10.0,,0,,0.0,1,0,
2024-10-01,mwmwc1444,wagner - pastillas,9.0,,1.0,0.0,4.76,,rojo,3,0.18801187871209746,2023-01-18,22.9,20.0,,0,,0.0,1,0,
2024-09-01,mwmwc1456,wagner - pastillas,10.0,,0.0,0.0,0.0,,rojo,3,0.4654310106991847,2024-07-20,9.8,10.0,,0,,0.0,1,0,
2023-06-01,mwmwc1467,wagner - pastillas,0.0,,0.0,0.0,0.0,,rojo,3,0.06957612939208024,2017-05-02,21.55,40.0,,0,,0.0,1,0,
2025-03-01,mwmwc1519,wagner - pastillas,62.0,,18.0,2784.7200000000003,978.2466666666668,,rojo,0,0.2959148167037464,2024-07-20,21.8,200.0,,0,,0.0,1,0,
2025-01-01,mwmwc1590,wagner - pastillas,7.0,,3.0,18.64,12.428333333333333,,rojo,0,0.5454192288487828,2023-04-25,11.5,20.0,,0,,0.0,1,0,
2024-11-01,mwmwc1602,wagner - pastillas,0.0,,2.0,0.0,27.118333333333336,,rojo,3,0.45215452270609074,2023-04-25,13.3,30.0,,0,,0.0,1,0,
2025-02-01,mwmwc1679,wagner - pastillas,19.0,,6.0,93.22,37.005,,rojo,0,0.7250553641605736,2024-07-20,10.3,50.0,,0,,0.0,1,0,
2025-01-01,mwmwc1846,wagner - pastillas,0.0,,2.0,55.32,18.825,,rojo,0,0.49423879595630704,2024-07-20,19.2,10.0,,0,,0.0,1,0,
2024-10-01,mwmwc1874,wagner - pastillas,7.0,,0.0,0.0,0.0,,rojo,3,0.5261507357680331,2023-04-25,13.6,20.0,,0,,0.0,1,0,
2024-02-01,mwmwc2036,wagner - pastillas,0.0,,0.0,0.0,0.0,,rojo,3,0.10108491413216258,2023-01-18,25.5,20.0,,0,,0.0,1,0,
2024-12-01,mwmwc2037,wagner - pastillas,11.0,,2.0,0.0,19.773333333333333,,rojo,3,-0.016264738434262193,2024-07-20,28.5,20.0,,0,,0.0,1,0,
2023-02-01,mwmwc2057,wagner - pastillas,0.0,,0.0,0.0,0.0,,rojo,3,0.34611425676475494,2023-01-18,18.6,2.0,,0,,0.0,1,0,
2023-06-01,mwmwc2081,wagner - pastillas,0.0,,0.0,0.0,0.0,,rojo,3,0.38096311948082695,2023-01-18,13.9,10.0,,0,,0.0,1,0,
2024-08-01,mwmwc2094,wagner - pastillas,19.0,,0.0,0.0,0.0,,rojo,3,0.3357706591641295,2023-01-18,27.4,30.0,,0,,0.0,1,0,
2024-09-01,mwmwc536,wagner - pastillas,28.0,,0.0,0.0,0.0,,rojo,3,0.6737253624368789,2024-07-20,7.9,30.0,,0,,0.0,1,0,
2024-12-01,mwmwc567,wagner - pastillas,14.0,,1.0,0.0,3.955,,rojo,3,0.6995308929643312,2024-07-20,6.5,20.0,,0,,0.0,1,0,
2024-10-01,mwmwc680,wagner - pastillas,0.0,,2.0,0.0,20.05666666666667,,rojo,3,0.6523348551804246,2024-07-20,8.7,10.0,,0,,0.0,1,0,
2025-03-01,mwmwc688,wagner - pastillas,6.0,,2.0,23.73,5.791666666666667,,rojo,0,0.146575600469697,2024-03-19,9.2,10.0,,0,,0.0,1,0,
2023-07-01,mwmwc768a,wagner - pastillas,0.0,,0.0,0.0,0.0,,rojo,3,0.3326102761443856,2023-04-25,14.9,20.0,,0,,0.0,1,0,
2023-10-01,mwmwc831,wagner - pastillas,0.0,,0.0,0.0,0.0,,rojo,3,0.494237797547192,2023-08-28,7.5,30.0,,0,,0.0,1,0,
2024-09-01,mwmwc881,wagner - pastillas,0.0,,0.0,0.0,0.0,,rojo,3,0.3243894148704889,2023-01-18,14.8,20.0,,0,,0.0,1,0,
2024-10-01,mwmwc918,wagner - pastillas,9.0,,1.0,0.0,4.236666666666667,,rojo,3,0.5178758339335162,2024-07-20,15.6,10.0,,0,,0.0,1,0,
2024-09-01,mwmwc996,wagner - pastillas,0.0,,0.0,0.0,0.0,,rojo,3,2.093549322169918,2023-04-25,6.0,10.0,,0,,0.0,1,0,
2024-12-01,mwmwd1012,wagner - pastillas,0.0,,2.0,0.0,42.373333333333335,,rojo,3,0.38567046412905,2023-01-18,9.6,30.0,,0,,0.0,1,0,
2024-12-01,mwmwd1035,wagner - pastillas,0.0,,1.0,0.0,11.299999999999999,,rojo,3,0.620394227461239,2023-04-25,7.9,20.0,,0,,0.0,1,0,
2025-02-01,mwmwd1036,wagner - pastillas,12.0,,1.0,23.73,3.955,,rojo,0,1.0204777949867514,2023-04-25,5.6,20.0,,0,,0.0,1,0,
2025-01-01,mwmwd1041,wagner - pastillas,2.0,,4.0,16.1,13.416666666666666,,rojo,0,0.9399865591397849,2023-04-25,7.9,20.0,,0,,0.0,1,0,
2024-09-01,mwmwd1055,wagner - pastillas,0.0,,0.0,0.0,0.0,,rojo,3,0.7412646688831743,2024-07-20,7.2,20.0,,0,,0.0,1,0,
2025-03-01,mwmwd1092,wagner - pastillas,4.0,,2.0,38.98,9.745,,rojo,0,0.4224927872878019,2023-08-28,13.1,20.0,,0,,0.0,1,0,
2024-10-01,mwmwd1105,wagner - pastillas,0.0,,2.0,0.0,19.773333333333333,,rojo,3,0.5140532149535718,2024-07-20,10.5,10.0,,0,,0.0,1,0,
2025-02-01,mwmwd1108,wagner - pastillas,0.0,,2.0,50.849999999999994,8.475,,rojo,0,0.3075020943430427,2024-07-20,12.4,10.0,,0,,0.0,1,0,
2024-09-01,mwmwd1161,wagner - pastillas,12.0,,0.0,0.0,0.0,,rojo,3,1.7522849462365588,2023-04-25,7.9,20.0,,0,,0.0,1,0,
2024-09-01,mwmwd1181,wagner - pastillas,0.0,,0.0,0.0,0.0,,rojo,3,0.42435004236759344,2023-01-18,10.9,20.0,,0,,0.0,1,0,
2025-03-01,mwmwd1191,wagner - pastillas,11.0,,1.0,58.47,9.745,,rojo,0,1.3767757552967181,2023-04-25,11.4,30.0,,0,,0.0,1,0,
2024-08-01,mwmwd1258,wagner - pastillas,0.0,,0.0,0.0,0.0,,rojo,3,0.5546036579697856,2023-04-25,16.8,30.0,,0,,0.0,1,0,
2024-04-01,mwmwd1259,wagner - pastillas,0.0,,0.0,0.0,0.0,,rojo,3,0.7154695763713244,2023-04-25,9.1,20.0,,0,,0.0,1,0,
2024-09-01,mwmwd1280,wagner - pastillas,0.0,,0.0,0.0,0.0,,rojo,3,0.6110830814168139,2024-07-20,11.9,10.0,,0,,0.0,1,0,
2024-12-01,mwmwd1281,wagner - pastillas,5.0,,2.0,0.0,24.576666666666668,,rojo,3,1.739642840396843,2024-07-20,8.5,10.0,,0,,0.0,1,0,
2025-02-01,mwmwd1338,wagner - pastillas,7.0,,2.0,17.8,8.898333333333333,,rojo,0,0.4428815140944504,2024-07-20,11.8,10.0,,0,,0.0,1,0,
2024-07-01,mwmwd1397,wagner - pastillas,8.0,,0.0,0.0,0.0,,rojo,3,0.13862286795324683,2023-01-18,23.5,20.0,,0,,0.0,1,0,
2023-07-01,mwmwd1398,wagner - pastillas,0.0,,0.0,0.0,0.0,,rojo,3,0.20363560265999858,2017-05-02,16.39,50.0,,0,,0.0,1,0,
2024-12-01,mwmwd1654,wagner - pastillas,14.0,,2.0,0.0,13.276666666666666,,rojo,3,0.16865026877070927,2023-01-18,32.9,30.0,,0,,0.0,1,0,
2024-09-01,mwmwd1709,wagner - pastillas,0.0,,0.0,0.0,0.0,,rojo,3,0.15957806727695872,2023-01-18,33.9,10.0,,0,,0.0,1,0,
2025-02-01,mwmwd233,wagner - pastillas,3.0,,2.0,21.19,7.0633333333333335,,rojo,0,0.7305073032557504,2024-07-20,5.8,10.0,,0,,0.0,1,0,
2022-07-01,mwmwd462,wagner - pastillas,0.0,,0.0,0.0,0.0,,rojo,3,0.6055955754962885,2017-05-02,11.73,50.0,,0,,0.0,1,0,
2024-10-01,mwmwd484,wagner - pastillas,0.0,,1.0,0.0,2.1183333333333336,,rojo,3,0.5244324974911575,2024-07-20,7.7,20.0,,0,,0.0,1,0,
2024-07-01,mwmwd503,wagner - pastillas,0.0,,0.0,0.0,0.0,,rojo,3,0.5431696538106388,2023-04-25,9.0,20.0,,0,,0.0,1,0,
2024-12-01,mwmwd530,wagner - pastillas,5.0,,2.0,0.0,14.123333333333333,,rojo,3,1.48892545945041,2024-07-20,8.2,10.0,,0,,0.0,1,0,
2024-09-01,mwmwd537,wagner - pastillas,19.0,,0.0,0.0,0.0,,rojo,3,0.7228461249059444,2024-07-20,5.7,30.0,,0,,0.0,1,0,
2024-01-01,mwmwd540a,wagner - pastillas,0.0,,0.0,0.0,0.0,,rojo,3,0.3796819839292015,2023-01-18,7.0,18.0,,0,,0.0,1,0,
2024-09-01,mwmwd564,wagner - pastillas,0.0,,0.0,0.0,0.0,,rojo,3,0.9514482894610631,2023-04-25,5.8,20.0,,0,,0.0,1,0,
2025-02-01,mwmwd580,wagner - pastillas,8.0,,2.0,14.41,4.803333333333334,,rojo,0,0.5294282617223074,2024-07-20,8.9,10.0,,0,,0.0,1,0,
2024-02-01,mwmwd621,wagner - pastillas,0.0,,0.0,0.0,0.0,,rojo,3,0.5300359704032448,2023-04-25,8.3,20.0,,0,,0.0,1,0,
2025-03-01,mwmwd691,wagner - pastillas,15.0,,3.0,33.9,11.299999999999999,,rojo,0,0.7242170395768406,2024-07-20,9.3,20.0,,0,,0.0,1,0,
2024-10-01,mwmwd696,wagner - pastillas,0.0,,0.0,0.0,0.0,,rojo,3,0.5968570111214984,2024-07-20,8.6,10.0,,0,,0.0,1,0,
2024-07-01,mwmwd772,wagner - pastillas,0.0,,0.0,0.0,0.0,,rojo,3,0.4490117201214341,2023-01-18,9.9,10.0,,0,,0.0,1,0,
2024-06-01,mwmwd773,wagner - pastillas,0.0,,0.0,0.0,0.0,,rojo,3,0.5469985126625666,2023-04-25,8.5,10.0,,0,,0.0,1,0,
2024-01-01,mwmwd835,wagner - pastillas,0.0,,0.0,0.0,0.0,,rojo,3,0.9858028385975156,2023-04-25,5.7,30.0,,0,,0.0,1,0,
2025-02-01,mwmwd862,wagner - pastillas,8.0,,2.0,33.9,14.125,,rojo,0,0.8551206654509812,2024-07-20,8.6,10.0,,0,,0.0,1,0,
2025-01-01,mwmwd865,wagner - pastillas,1.0,,2.0,25.14,8.286666666666667,,rojo,0,0.8370703617869582,2024-03-19,6.3,10.0,,0,,0.0,1,0,
2024-02-01,mwmwd868,wagner - pastillas,10.0,,0.0,0.0,0.0,,rojo,3,0.3377093733011136,2024-07-20,11.9,10.0,,0,,0.0,1,0,
2024-09-01,mwmwd900,wagner - pastillas,7.0,,0.0,0.0,0.0,,rojo,3,0.5127096276619713,2023-04-25,9.1,10.0,,0,,0.0,1,0,
2024-08-01,mwmwd914,wagner - pastillas,0.0,,0.0,0.0,0.0,,rojo,3,0.5025781626420053,2024-03-19,10.4,10.0,,0,,0.0,1,0,
2024-12-01,mwmwd924a,wagner - pastillas,0.0,,5.0,0.0,46.61166666666667,,rojo,3,0.43833617177735995,2024-07-20,16.99,20.0,,0,,0.0,1,0,
2025-02-01,mwmwd937,wagner - pastillas,7.0,,2.0,19.07,6.3566666666666665,,rojo,0,1.3367777931468112,2024-07-20,7.8,10.0,,0,,0.0,1,0,
2024-12-01,mwmwd961,wagner - pastillas,1.0,,2.0,0.0,9.321666666666667,,rojo,3,0.9979691547104736,2023-08-28,6.8,10.0,,0,,0.0,1,0,
2021-09-01,mwmwx1145,wagner - pastillas,0.0,,0.0,0.0,0.0,,rojo,3,0.45670769872731043,2017-05-02,14.4,10.0,,0,,0.0,1,0,
2025-01-01,mwmwx1316s,wagner - pastillas,0.0,,2.0,254.24,49.01166666666666,,rojo,0,0.5065432387992421,2023-04-25,26.8,20.0,,0,,0.0,1,0,
2024-12-01,mwmwx1362,wagner - pastillas,1.0,,4.0,0.0,30.718333333333334,,rojo,3,0.6356982184978791,2024-07-20,7.4,20.0,,0,,0.0,1,0,
2023-09-01,mwmwx303,wagner - pastillas,0.0,,0.0,0.0,0.0,,rojo,3,-0.4636615004834908,2017-05-02,17.5,39.0,,0,,0.0,1,0,
2022-12-01,mwmwx510,wagner - pastillas,0.0,,0.0,0.0,0.0,,rojo,3,0.49275426434284403,2017-05-02,8.05,100.0,,0,,0.0,1,0,
2024-07-01,mwmwx555,wagner - pastillas,0.0,,0.0,0.0,0.0,,rojo,3,0.6202647062173465,2017-05-02,16.63,20.0,,0,,0.0,1,0,
2023-05-01,mwmwx688,wagner - pastillas,25.0,,0.0,0.0,0.0,,rojo,3,0.294662017167382,2017-05-02,11.2,30.0,,0,,0.0,1,0,
2024-10-01,mwmwx841,wagner - pastillas,0.0,,1.0,0.0,5.6499999999999995,,rojo,3,0.4396014943960149,2024-03-19,11.2,2.0,,0,,0.0,1,0,
2022-04-01,mz-016,ito koyama - palieres,0.0,,0.0,0.0,0.0,,rojo,6,0.6055766248921507,2021-06-10,6.4,20.0,,0,,0.0,1,0,
2023-04-01,mz-2802a,ito koyama - palieres,0.0,,0.0,0.0,0.0,,rojo,6,0.515227391915319,2022-05-31,9.2,50.0,,0,,0.0,1,0,
2024-11-01,mz003n,ito koyama - resortes,10.0,,3.0,0.0,21.121666666666666,,rojo,6,0.9421080303519689,2024-01-22,3.89,120.0,,0,,0.0,1,0,
2024-10-01,mz005n,ito koyama - resortes,0.0,,2.0,0.0,22.156666666666666,,rojo,6,0.9080438391723352,,,,,0,,0.0,1,0,
2025-03-01,mzc538,exedy - japon,1.0,,3.0,62.89,43.31166666666667,,rojo,0,0.27675776810225744,2024-08-09,25.03,9.0,,0,,0.0,1,0,
2025-03-01,mzd007us,exedy - japon,2.0,,2.0,93.43,31.39166666666667,,rojo,0,0.22993692250524966,2024-08-09,18.59,10.0,,0,,0.0,1,0,
2024-06-01,n-861,affinia nakata - brasil,27.0,,0.0,0.0,0.0,,rojo,4,0.23840076973717528,2015-12-23,28.47,194.0,,0,,0.0,1,0,
2023-01-01,n-895,affinia nakata - brasil,0.0,,0.0,0.0,0.0,,rojo,4,-0.22298259052810396,2013-04-22,37.83,200.0,,0,,0.0,1,0,
2023-08-01,n-968,affinia nakata - brasil,29.0,,0.0,0.0,0.0,,rojo,4,-0.18060735771018246,2013-04-22,10.93,50.0,,0,,0.0,1,0,
2025-03-01,n009n,ito koyama - resortes,14.0,,27.0,706.66,578.8933333333333,,rojo,0,0.8058422509733101,2024-01-22,4.41,688.0,,0,,0.0,1,0,
2025-01-01,n015n,ito koyama - resortes,0.0,,6.0,36.55,79.56166666666665,,rojo,0,0.9584518116726598,,,,,0,,0.0,1,0,
2025-04-01,n018n,ito koyama - resortes,42.0,,6.0,144.96,32.70333333333333,,rojo,0,0.8172881837429715,2024-01-22,4.5,600.0,,0,,0.0,1,0,
2021-09-01,n157/7 std,glyco - alemania,2.0,,0.0,0.0,0.0,,rojo,4,0.4106096592597238,2016-12-26,15.368719842367172,445.0,,0,,0.0,1,0,
2021-06-01,na-17887/31,nachi - koyo - ntn - nsk - japon,0.0,,0.0,0.0,0.0,,rojo,4,0.4699497811202229,2017-09-22,5.8,60.0,,0,,0.0,1,0,
2023-11-01,na-28584r/21,nachi - koyo - ntn - nsk - japon,0.0,,0.0,0.0,0.0,,rojo,4,0.4129158469793686,2013-02-21,11.892373,20.0,,0,,0.0,1,0,
2024-01-01,na-30bcds2,nachi - koyo - ntn - nsk - japon,0.0,,0.0,0.0,0.0,,rojo,4,0.47103290620125265,2019-10-07,5.4,20.0,,0,,0.0,1,0,
2021-08-01,na-3579r/25,nachi - koyo - ntn - nsk - japon,0.0,,0.0,0.0,0.0,,rojo,4,0.5229327976555233,2012-03-30,14.363559,20.0,,0,,0.0,1,0,
2022-12-01,na-35bvv07x-6,nachi - koyo - ntn - nsk - japon,0.0,,0.0,0.0,0.0,,rojo,4,0.4464149567815265,2018-09-13,13.91,10.0,,0,,0.0,1,0,
2023-11-01,na-35trk-1,collarines - nachi - koyo - nsk - japon,0.0,,0.0,0.0,0.0,,rojo,4,0.4743415267791558,2020-11-05,4.6,30.0,,0,,0.0,1,0,
2021-03-01,na-40bgs11g-2ds,nachi - koyo - ntn - nsk - japon,0.0,,0.0,0.0,0.0,,rojo,4,0.3521295799667723,2018-09-13,4.45,20.0,,0,,0.0,1,0,
2023-07-01,na-40bgs12g-2ds,nachi - koyo - ntn - nsk - japon,0.0,,0.0,0.0,0.0,,rojo,4,0.5010973730062995,2018-09-13,4.86,30.0,,0,,0.0,1,0,
2021-11-01,na-40trk-1,collarines - nachi - koyo - nsk - japon,0.0,,0.0,0.0,0.0,,rojo,4,0.4665995809816228,2020-11-05,4.05,100.0,,0,,0.0,1,0,
2022-02-01,na-50scrn31p,collarines - nachi - koyo - nsk - japon,0.0,,0.0,0.0,0.0,,rojo,4,0.5299972371002339,2021-06-05,6.7,200.0,,0,,0.0,1,0,
2021-11-01,na-50scrn31p-4b,collarines - nachi - koyo - nsk - japon,0.0,,0.0,0.0,0.0,,rojo,4,0.5888368412632099,2021-06-05,7.0,200.0,,0,,0.0,1,0,
2021-02-01,na-50scrn40p-8p,collarines - nachi - koyo - nsk - japon,0.0,,0.0,0.0,0.0,,rojo,4,0.3342861709812851,2020-11-05,6.8,30.0,,0,,0.0,1,0,
2021-07-01,na-6000-2nsec3,nachi - koyo - ntn - nsk - japon,0.0,,0.0,0.0,0.0,,rojo,4,0.4437951957073648,2020-11-05,0.98,100.0,,0,,0.0,1,0,
2021-07-01,na-6001-2nsec3,nachi - koyo - ntn - nsk - japon,0.0,,0.0,0.0,0.0,,rojo,4,0.6168067226890759,2021-06-05,1.02,20.0,,0,,0.0,1,0,
2021-02-01,na-6001-2nsl,nachi - koyo - ntn - nsk - japon,0.0,,0.0,0.0,0.0,,rojo,4,0.23903677561437586,2020-11-05,1.02,50.0,,0,,0.0,1,0,
2021-10-01,na-6002-2nsec3,nachi - koyo - ntn - nsk - japon,0.0,,0.0,0.0,0.0,,rojo,4,0.5211230026210236,2020-11-05,1.15,100.0,,0,,0.0,1,0,
2021-12-01,na-6003-2nsec3,nachi - koyo - ntn - nsk - japon,0.0,,0.0,0.0,0.0,,rojo,4,0.5215978144363878,2020-11-05,1.22,100.0,,0,,0.0,1,0,
2022-02-01,na-6003zzec3,nachi - koyo - ntn - nsk - japon,0.0,,0.0,0.0,0.0,,rojo,4,0.5804218017939758,2019-10-07,1.16,50.0,,0,,0.0,1,0,
2021-11-01,na-6004-2nsec3,nachi - koyo - ntn - nsk - japon,0.0,,0.0,0.0,0.0,,rojo,4,0.476995617903569,2021-06-05,1.45,20.0,,0,,0.0,1,0,
2021-09-01,na-6005-2nsec3,nachi - koyo - ntn - nsk - japon,0.0,,0.0,0.0,0.0,,rojo,4,0.5642317380352644,2019-10-07,1.95,100.0,,0,,0.0,1,0,
2022-09-01,na-6005-2nsl,nachi - koyo - ntn - nsk - japon,0.0,,0.0,0.0,0.0,,rojo,4,0.7234763726257271,2017-09-22,1.74,100.0,,0,,0.0,1,0,
2022-09-01,na-6006-2nsec3,nachi - koyo - ntn - nsk - japon,0.0,,0.0,0.0,0.0,,rojo,4,0.32521025017072425,2021-06-05,2.3,50.0,,0,,0.0,1,0,
2022-12-01,na-6007-2nsec3,nachi - koyo - ntn - nsk - japon,0.0,,0.0,0.0,0.0,,rojo,4,0.34402153949502406,2021-06-05,2.35,70.0,,0,,0.0,1,0,
2021-03-01,na-6008-2nsec3,nachi - koyo - ntn - nsk - japon,0.0,,0.0,0.0,0.0,,rojo,4,0.2799761287397311,2018-09-13,3.27,30.0,,0,,0.0,1,0,
2023-11-01,na-6008-2rs,nachi - koyo - ntn - nsk - japon,0.0,,0.0,0.0,0.0,,rojo,4,0.23930284173848462,2017-09-22,3.9,50.0,,0,,0.0,1,0,
2022-05-01,na-60scrn31t,collarines - nachi - koyo - nsk - japon,20.0,,0.0,0.0,0.0,,rojo,4,0.5528786102930898,2015-09-21,13.32,40.0,,0,,0.0,1,0,
2022-02-01,na-6200-2nsl,nachi - koyo - ntn - nsk - japon,0.0,,0.0,0.0,0.0,,rojo,4,0.5169047210240322,2017-09-22,1.1,350.0,,0,,0.0,1,0,
2021-09-01,na-6202-2nsec3,nachi - koyo - ntn - nsk - japon,0.0,,0.0,0.0,0.0,,rojo,4,0.4946354911108559,2021-06-05,1.19,200.0,,0,,0.0,1,0,
2021-09-01,na-6202zzec3,nachi - koyo - ntn - nsk - japon,0.0,,0.0,0.0,0.0,,rojo,4,0.5086416747809155,2021-06-05,1.1,30.0,,0,,0.0,1,0,
2024-04-01,na-6203-2nsec3,nachi - koyo - ntn - nsk - japon,0.0,,0.0,0.0,0.0,,rojo,4,0.5952561966699068,2020-11-05,1.12,400.0,,0,,0.0,1,0,
2021-11-01,na-6203-2nsl,nachi - koyo - ntn - nsk - japon,0.0,,0.0,0.0,0.0,,rojo,4,0.5881804900714875,2018-09-13,1.29,800.0,,0,,0.0,1,0,
2021-11-01,na-6203-zzec3,nachi - koyo - ntn - nsk - japon,0.0,,0.0,0.0,0.0,,rojo,4,0.34578076648891065,2019-10-07,1.22,100.0,,0,,0.0,1,0,
2022-02-01,na-6204-2nsec3,nachi - koyo - ntn - nsk - japon,0.0,,0.0,0.0,0.0,,rojo,4,0.47690419843127013,2021-06-05,1.6,250.0,,0,,0.0,1,0,
2024-04-01,na-6204-2nsl,nachi - koyo - ntn - nsk - japon,0.0,,0.0,0.0,0.0,,rojo,4,0.6885393258426966,2018-09-13,1.63,500.0,,0,,0.0,1,0,
2021-09-01,na-6204-zzec3,nachi - koyo - ntn - nsk - japon,0.0,,0.0,0.0,0.0,,rojo,4,0.4209448210268339,2020-11-05,1.6,20.0,,0,,0.0,1,0,
2021-12-01,na-6205-2nsec3,nachi - koyo - ntn - nsk - japon,0.0,,0.0,0.0,0.0,,rojo,4,0.4920089108184615,2020-11-05,2.1,100.0,,0,,0.0,1,0,
2022-09-01,na-6205-2nsl,nachi - koyo - ntn - nsk - japon,0.0,,0.0,0.0,0.0,,rojo,4,0.8077027892346512,2018-09-13,1.85,500.0,,0,,0.0,1,0,
2021-10-01,na-6206-2nsec3,nachi - koyo - ntn - nsk - japon,0.0,,0.0,0.0,0.0,,rojo,4,0.46565431483804987,2020-11-05,2.7,150.0,,0,,0.0,1,0,
2022-02-01,na-6208-2nsec3,nachi - koyo - ntn - nsk - japon,0.0,,0.0,0.0,0.0,,rojo,4,0.420956159802287,2020-11-05,4.2,50.0,,0,,0.0,1,0,
2022-03-01,na-6301-2nsec3,nachi - koyo - ntn - nsk - japon,0.0,,0.0,0.0,0.0,,rojo,4,0.4429594670034923,2021-06-05,1.1,100.0,,0,,0.0,1,0,
2023-11-01,na-6302-2nsl,nachi - koyo - ntn - nsk - japon,0.0,,0.0,0.0,0.0,,rojo,4,0.37772516075485474,2018-09-13,1.53,300.0,,0,,0.0,1,0,
2023-11-01,na-6302zzec3,nachi - koyo - ntn - nsk - japon,0.0,,0.0,0.0,0.0,,rojo,4,0.2492776696739195,2019-10-07,1.4,50.0,,0,,0.0,1,0,
2021-10-01,na-6303-2nsec3,nachi - koyo - ntn - nsk - japon,0.0,,0.0,0.0,0.0,,rojo,4,0.4942809980018025,2021-06-05,2.0,50.0,,0,,0.0,1,0,
2021-03-01,na-6303-2nsl,nachi - koyo - ntn - nsk - japon,0.0,,0.0,0.0,0.0,,rojo,4,0.2695892549712309,2018-09-13,1.78,300.0,,0,,0.0,1,0,
2022-09-01,na-6304-2nsec3,nachi - koyo - ntn - nsk - japon,0.0,,0.0,0.0,0.0,,rojo,4,0.3573001050697339,2021-06-05,2.15,160.0,,0,,0.0,1,0,
2023-11-01,na-6304-2nsl,nachi - koyo - ntn - nsk - japon,0.0,,0.0,0.0,0.0,,rojo,4,0.13111111111111118,2018-09-13,2.11,100.0,,0,,0.0,1,0,
2022-04-01,na-6305-2nsec3,nachi - koyo - ntn - nsk - japon,1.0,,0.0,0.0,0.0,,rojo,4,0.4806219619062352,2021-06-05,2.85,100.0,,0,,0.0,1,0,
2022-02-01,na-6306-2nsec3,nachi - koyo - ntn - nsk - japon,0.0,,0.0,0.0,0.0,,rojo,4,0.43072747981495546,2021-06-05,3.6,100.0,,0,,0.0,1,0,
2021-02-01,na-6307-2nsec3,nachi - koyo - ntn - nsk - japon,0.0,,0.0,0.0,0.0,,rojo,4,0.26663119920661504,2019-10-07,5.5,60.0,,0,,0.0,1,0,
2024-04-01,na-6308-2nsec3,nachi - koyo - ntn - nsk - japon,0.0,,0.0,0.0,0.0,,rojo,4,0.3533560946796949,2020-11-05,6.9,100.0,,0,,0.0,1,0,
2022-04-01,na-e30203j,nachi - koyo - ntn - nsk - japon,0.0,,0.0,0.0,0.0,,rojo,4,0.4635863475956988,2019-10-07,2.6,50.0,,0,,0.0,1,0,
2021-08-01,na-e30207j,nachi - koyo - ntn - nsk - japon,0.0,,0.0,0.0,0.0,,rojo,4,0.4707591821209217,2018-09-13,4.8,40.0,,0,,0.0,1,0,
2021-12-01,na-e30208j,nachi - koyo - ntn - nsk - japon,0.0,,0.0,0.0,0.0,,rojo,4,0.4927542038217293,2019-10-07,5.5,100.0,,0,,0.0,1,0,
2021-10-01,na-e30210j,nachi - koyo - ntn - nsk - japon,0.0,,0.0,0.0,0.0,,rojo,4,0.4738920851651366,2019-10-07,7.5,20.0,,0,,0.0,1,0,
2022-02-01,na-e30211j,nachi - koyo - ntn - nsk - japon,0.0,,0.0,0.0,0.0,,rojo,4,0.4275253923556467,2020-11-05,8.4,20.0,,0,,0.0,1,0,
2021-10-01,na-e30212j,nachi - koyo - ntn - nsk - japon,0.0,,0.0,0.0,0.0,,rojo,4,0.5317595349496668,2019-10-07,9.9,10.0,,0,,0.0,1,0,
2021-11-01,na-e30304j,nachi - koyo - ntn - nsk - japon,2.0,,0.0,0.0,0.0,,rojo,4,0.35215036757713314,2021-06-05,3.16,30.0,,0,,0.0,1,0,
2022-12-01,na-e30306j,nachi - koyo - ntn - nsk - japon,0.0,,0.0,0.0,0.0,,rojo,4,0.372752710208123,2021-06-05,5.08,30.0,,0,,0.0,1,0,
2023-12-01,na-e30307j,nachi - koyo - ntn - nsk - japon,0.0,,0.0,0.0,0.0,,rojo,4,0.4157356171477815,2018-09-13,5.95,50.0,,0,,0.0,1,0,
2021-11-01,na-e30308j,nachi - koyo - ntn - nsk - japon,2.0,,0.0,0.0,0.0,,rojo,4,0.3641415228128166,2018-09-13,9.35,20.0,,0,,0.0,1,0,
2022-09-01,na-e30309dj,nachi - koyo - ntn - nsk - japon,0.0,,0.0,0.0,0.0,,rojo,4,0.43176643696745887,2020-11-05,12.7,20.0,,0,,0.0,1,0,
2021-02-01,na-e30309j,nachi - koyo - ntn - nsk - japon,0.0,,0.0,0.0,0.0,,rojo,4,0.2524943014087664,2017-09-22,9.8,15.0,,0,,0.0,1,0,
2022-12-01,na-e32005j,nachi - koyo - ntn - nsk - japon,0.0,,0.0,0.0,0.0,,rojo,4,0.5576415361197626,2020-11-05,3.4,20.0,,0,,0.0,1,0,
2023-11-01,na-e32006j,nachi - koyo - ntn - nsk - japon,0.0,,0.0,0.0,0.0,,rojo,4,0.3746317882589271,2019-10-07,4.1,20.0,,0,,0.0,1,0,
2022-12-01,na-e32007j,nachi - koyo - ntn - nsk - japon,0.0,,0.0,0.0,0.0,,rojo,4,0.7806946427627928,2019-10-07,4.95,20.0,,0,,0.0,1,0,
2021-08-01,na-e32008j,nachi - koyo - ntn - nsk - japon,0.0,,0.0,0.0,0.0,,rojo,4,0.5133387837707687,2019-10-07,5.7,20.0,,0,,0.0,1,0,
2021-02-01,na-e32206j,nachi - koyo - ntn - nsk - japon,0.0,,0.0,0.0,0.0,,rojo,4,0.2776285627426449,2018-09-13,4.73,20.0,,0,,0.0,1,0,
2021-10-01,na-e32207j,nachi - koyo - ntn - nsk - japon,0.0,,0.0,0.0,0.0,,rojo,4,0.3727096292124821,2021-06-05,6.0,30.0,,0,,0.0,1,0,
2021-10-01,na-e32209j,nachi - koyo - ntn - nsk - japon,0.0,,0.0,0.0,0.0,,rojo,4,0.43464835721866085,2018-09-13,8.0,30.0,,0,,0.0,1,0,
2022-04-01,na-h-e32205j,nachi - koyo - ntn - nsk - japon,0.0,,0.0,0.0,0.0,,rojo,4,0.43224907719242345,2018-09-13,5.02,40.0,,0,,0.0,1,0,
2023-11-01,na-l44649/10,nachi - koyo - ntn - nsk - japon,0.0,,0.0,0.0,0.0,,rojo,4,0.32859513092557985,2013-02-21,3.955085,150.0,,0,,0.0,1,0,
2022-04-01,ni-006,ito koyama - palieres,0.0,,0.0,0.0,0.0,,rojo,6,0.6450400483323792,2021-06-10,7.4,50.0,,0,,0.0,1,0,
2025-03-01,ni-028,ito koyama - palieres,113.0,,11.0,178.70000000000002,122.34333333333335,,rojo,0,0.5521483780666692,2024-06-21,7.4,150.0,,0,,0.0,1,0,
2025-02-01,ni-620,ito koyama - palieres,72.0,,4.0,32.519999999999996,33.498333333333335,,rojo,0,0.5279484184721154,2024-06-21,6.22,50.0,,0,,0.0,1,0,
2025-02-01,ni-7508,ito koyama - palieres,134.0,,6.0,161.8,39.925000000000004,,rojo,0,0.5764697863143585,2024-12-17,8.6,100.0,,0,,0.0,1,0,
2025-03-01,ns511002uf,exedy - japon,17.0,,10.0,470.66999999999996,218.115,,rojo,0,0.28886233539292666,2024-08-09,42.55,48.0,,0,,0.0,1,0,
2025-01-01,ns527036u,exedy - japon,0.0,,7.0,175.42,217.03166666666667,,rojo,0,0.24723107766102848,2024-08-09,47.66,30.0,,0,,0.0,1,0,
2025-04-01,ns541042u,exedy - japon,65.0,,19.0,672.52,457.0416666666667,,rojo,0,0.27243073924595307,2024-08-09,29.76,150.0,,0,,0.0,1,0,
2025-03-01,nsc501,exedy - japon,9.0,,3.0,80.59,36.135,,rojo,0,0.23835537766471493,2024-08-09,21.44,18.0,,0,,0.0,1,0,
2025-01-01,nsc507,exedy - japon,9.0,,1.0,0.0,9.106666666666667,,rojo,0,0.3121863079609182,2024-08-09,21.97,12.0,,0,,0.0,1,0,
2025-02-01,nsc511,exedy - japon,87.0,,13.0,1141.0,270.03833333333336,,rojo,0,0.2658666806613413,2024-08-09,21.65,148.0,,0,,0.0,1,0,
2024-11-01,nsc525,exedy - japon,56.0,,2.0,0.0,23.423333333333332,,rojo,0,0.2699812788018434,2024-08-09,36.47,60.0,,0,,0.0,1,0,
2025-03-01,nsc527,exedy - japon,95.0,,9.0,1130.51,294.2316666666666,,rojo,0,0.2955360616303411,2024-08-09,26.69,150.0,,0,,0.0,1,0,
2025-02-01,nsc541,exedy - japon,37.0,,5.0,129.66,61.745000000000005,,rojo,0,0.26203222070606835,2024-08-09,17.21,60.0,,0,,0.0,1,0,
2025-02-01,nsc545,exedy - japon,8.0,,14.0,2010.0,551.95,,rojo,0,0.2548851137659362,2024-08-09,53.09,60.0,,0,,0.0,1,0,
2025-02-01,nsc556,exedy - japon,40.0,,8.0,627.66,197.20833333333334,,rojo,0,0.2577171067932729,2024-08-09,24.24,80.0,,0,,0.0,1,0,
2025-02-01,nsc573,exedy - japon,9.0,,4.0,172.39,57.68666666666667,,rojo,0,0.23959147836258282,2024-08-09,34.3,18.0,,0,,0.0,1,0,
2024-11-01,nsc632,exedy - japon,0.0,,2.0,0.0,103.12333333333333,,rojo,0,0.2938786916556266,2024-08-09,77.88,18.0,,0,,0.0,1,0,
2025-03-01,nsc633,exedy - japon,27.0,,8.0,3283.96,897.8933333333333,,rojo,0,0.2286447125559717,2024-08-09,78.19,60.0,,0,,0.0,1,0,
2025-03-01,nsc636,exedy - japon,16.0,,1.0,177.97,29.661666666666665,,rojo,0,0.18467921656731856,2024-08-09,72.47,18.0,,0,,0.0,1,0,
2025-01-01,nsc652,exedy - japon,0.0,,3.0,1386.44,391.52666666666664,,rojo,0,0.2773490882571958,2024-09-21,87.1,10.0,,0,,0.0,1,0,
2024-12-01,nsc810,exedy - japon,0.0,,8.0,0.0,505.49,,rojo,0,0.26211693993924545,2024-09-21,109.37,20.0,,0,,0.0,1,0,
2025-03-01,nsc815,exedy - japon,8.0,,10.0,2124.19,634.8683333333333,,rojo,0,0.20509769291080066,2024-09-21,95.31,40.0,,0,,0.0,1,0,
2025-02-01,nsd002u,exedy - japon,56.0,,6.0,57.97,74.76833333333333,,rojo,0,0.28368403082594823,2024-08-09,23.13,80.0,,0,,0.0,1,0,
2024-12-01,nsd004u,exedy - japon,73.0,,3.0,0.0,19.218333333333334,,rojo,0,0.2636359844842107,2024-08-09,18.11,80.0,,0,,0.0,1,0,
2025-03-01,nsd026,exedy - japon,45.0,,7.0,265.36,82.315,,rojo,0,0.24730108066024412,2024-08-09,16.29,80.0,,0,,0.0,1,0,
2025-03-01,nsd029u,exedy - japon,6.0,,5.0,128.93,33.623333333333335,,rojo,0,0.27237651889783326,2024-08-09,14.64,20.0,,0,,0.0,1,0,
2025-03-01,nsd036u,exedy - japon,40.0,,19.0,2161.2,1093.7949999999998,,rojo,0,0.27793043818689994,2024-08-09,21.29,150.0,,0,,0.0,1,0,
2025-03-01,nsd042u,exedy - japon,70.0,,11.0,176.25,132.21333333333334,,rojo,0,0.27607234404022746,2024-08-09,15.63,120.0,,0,,0.0,1,0,
2025-03-01,nsd043u,exedy - japon,0.0,,4.0,122.03,120.41666666666667,,rojo,0,0.26119859109343474,2024-08-09,47.88,20.0,,0,,0.0,1,0,
2025-02-01,nsd053ua,exedy - japon,8.0,,3.0,415.26,96.75166666666667,,rojo,0,0.2409933013553484,2024-08-09,42.33,20.0,,0,,0.0,1,0,
2025-03-01,nsd104u,exedy - japon,34.0,,10.0,2068.48,677.1966666666666,,rojo,0,0.2681248432048246,2024-08-09,38.81,80.0,,0,,0.0,1,0,
2025-02-01,nsd109u,exedy - japon,116.0,,10.0,200.81,124.02666666666666,,rojo,0,0.2506884249292961,2024-08-09,22.79,150.0,,0,,0.0,1,0,
2025-02-01,nsd148,exedy - japon,0.0,,4.0,1425.76,347.7033333333334,,rojo,0,0.2739292659404594,2024-08-09,83.05,20.0,,0,,0.0,1,0,
2025-02-01,nsd151,exedy - japon,6.0,,4.0,372.88,178.52999999999997,,rojo,0,0.2236129088954496,2024-09-21,58.36,20.0,,0,,0.0,1,0,
2025-01-01,nsd210,exedy - japon,0.0,,7.0,961.02,486.2716666666667,,rojo,0,0.2477035447006251,2024-09-21,108.34,20.0,,0,,0.0,1,0,
2025-03-01,nsd215,exedy - japon,2.0,,12.0,1313.6,850.245,,rojo,0,0.22411968440439436,2024-09-21,92.29,40.0,,0,,0.0,1,0,
2023-04-01,nsk-02474/20,nachi - koyo - ntn - nsk - japon,0.0,,0.0,0.0,0.0,,rojo,4,0.5278892331150401,2019-10-07,5.5,30.0,,0,,0.0,1,0,
2023-11-01,nsk-28584r/21,nachi - koyo - ntn - nsk - japon,0.0,,0.0,0.0,0.0,,rojo,4,0.39586429211719093,2021-06-05,7.5,20.0,,0,,0.0,1,0,
2023-02-01,nsk-28985/21,nachi - koyo - ntn - nsk - japon,0.0,,0.0,0.0,0.0,,rojo,4,0.46061295248893847,2021-06-05,7.9,30.0,,0,,0.0,1,0,
2021-11-01,nsk-58tka3703,collarines - nachi - koyo - nsk - japon,0.0,,0.0,0.0,0.0,,rojo,4,0.474553066964798,2020-11-05,11.9,20.0,,0,,0.0,1,0,
2021-12-01,nsk-6202dduc3,nachi - koyo - ntn - nsk - japon,0.0,,0.0,0.0,0.0,,rojo,4,0.4568757623009732,2014-09-18,1.21,1000.0,,0,,0.0,1,0,
2021-02-01,nsk-hr32215j,nachi - koyo - ntn - nsk - japon,0.0,,0.0,0.0,0.0,,rojo,4,0.25063360237064747,2019-10-07,18.0,10.0,,0,,0.0,1,0,
2025-02-01,ntn-1280/20,nachi - koyo - ntn - nsk - japon,71.0,,1.0,10.0,1.6666666666666667,,rojo,0,0.36157018469609215,2017-09-22,5.15,120.0,,0,,0.0,1,0,
2022-09-01,ntn-28580/21,nachi - koyo - ntn - nsk - japon,0.0,,0.0,0.0,0.0,,rojo,4,0.5112839155307795,2017-09-22,9.25,30.0,,0,,0.0,1,0,
2021-02-01,ntn-32212u,nachi - koyo - ntn - nsk - japon,0.0,,0.0,0.0,0.0,,rojo,4,0.3748710897215539,2020-11-05,9.6,20.0,,0,,0.0,1,0,
2021-02-01,ntn-368a/362a,nachi - koyo - ntn - nsk - japon,0.0,,0.0,0.0,0.0,,rojo,4,0.3345786633457868,2020-11-05,7.95,20.0,,0,,0.0,1,0,
2022-04-01,ntn-4t-30204,nachi - koyo - ntn - nsk - japon,0.0,,0.0,0.0,0.0,,rojo,4,0.40215044026915,2021-06-05,3.0,50.0,,0,,0.0,1,0,
2022-10-01,ntn-4t-30206,nachi - koyo - ntn - nsk - japon,0.0,,0.0,0.0,0.0,,rojo,4,0.4233318107855446,2015-12-23,5.06,283.0,,0,,0.0,1,0,
2021-11-01,ntn-4t-30209,nachi - koyo - ntn - nsk - japon,0.0,,0.0,0.0,0.0,,rojo,4,0.5457803576683371,2019-10-07,6.3,20.0,,0,,0.0,1,0,
2021-10-01,ntn-4t-30308d,nachi - koyo - ntn - nsk - japon,0.0,,0.0,0.0,0.0,,rojo,4,0.48456441853393856,2020-11-05,9.4,20.0,,0,,0.0,1,0,
2021-11-01,ntn-4t-32306,nachi - koyo - ntn - nsk - japon,0.0,,0.0,0.0,0.0,,rojo,4,0.4938948604453364,2019-10-07,8.4,10.0,,0,,0.0,1,0,
2021-06-01,ntn-4t-32307,nachi - koyo - ntn - nsk - japon,0.0,,0.0,0.0,0.0,,rojo,4,0.5563180580762253,2019-10-07,9.9,10.0,,0,,0.0,1,0,
2023-11-01,ntn-jpu60-150,nachi - koyo - ntn - nsk - japon,0.0,,0.0,0.0,0.0,,rojo,4,0.39066537802852563,2017-09-22,6.3,78.0,,0,,0.0,1,0,
2021-11-01,ntn-lm12749/10,nachi - koyo - ntn - nsk - japon,0.0,,0.0,0.0,0.0,,rojo,4,0.4880966182934295,2019-10-07,3.0,100.0,,0,,0.0,1,0,
2021-08-01,ntn-lm29748/10,nachi - koyo - ntn - nsk - japon,0.0,,0.0,0.0,0.0,,rojo,4,0.3987486424784291,2018-09-13,5.82,40.0,,0,,0.0,1,0,
2021-10-01,ntn-lm29749/10,nachi - koyo - ntn - nsk - japon,0.0,,0.0,0.0,0.0,,rojo,4,0.5432007103188828,2019-10-07,3.4,50.0,,0,,0.0,1,0,
2022-07-01,ntn-lm48548/10,nachi - koyo - ntn - nsk - japon,0.0,,0.0,0.0,0.0,,rojo,4,0.5497490029827731,2020-11-05,3.8,100.0,,0,,0.0,1,0,
2021-09-01,ntn4t-l45449/10,nachi - koyo - ntn - nsk - japon,0.0,,0.0,0.0,0.0,,rojo,4,0.318958090707767,2021-06-05,3.4,100.0,,0,,0.0,1,0,
2021-11-01,ntn4t-l68149/10,nachi - koyo - ntn - nsk - japon,0.0,,0.0,0.0,0.0,,rojo,4,0.4815338270608207,2017-09-22,3.9,120.0,,0,,0.0,1,0,
2023-04-01,ntnt-30303d,nachi - koyo - ntn - nsk - japon,0.0,,0.0,0.0,0.0,,rojo,4,0.457840277221343,2021-06-05,3.6,30.0,,0,,0.0,1,0,
2024-03-01,o-1003,sakura filter,288.0,,1.0,11.08,1.8466666666666667,,rojo,6,0.764457755211426,2013-11-26,1.75,500.0,,0,,0.0,1,0,
2025-03-01,o-15170,sakura filter,15.0,,1.0,46.28,7.713333333333334,,rojo,0,0.8014330340157526,2021-04-09,2.0,100.0,,0,,0.0,1,0,
2025-02-01,o-1532,sakura filter,31.0,,4.0,83.9,18.720000000000002,,rojo,0,0.8610070200791089,2023-09-15,3.77,60.0,,0,,0.0,1,0,
2024-10-01,o-1811,sakura filter,33.0,,0.0,0.0,0.0,,rojo,6,0.8776714061643188,2023-12-04,2.08,25.0,,0,,0.0,1,0,
2024-03-01,o-2802,sakura filter,229.0,,0.0,0.0,0.0,,rojo,6,0.5041386043571036,2018-01-09,3.5,250.0,,0,,0.0,1,0,
2024-12-01,o-7950,sakura filter,160.0,,4.0,0.0,24.709999999999997,,rojo,6,0.8824037066622717,2024-03-18,0.85,100.0,,0,,0.0,1,0,
2021-08-01,oas99032,baldwin filters,0.0,,0.0,0.0,0.0,,rojo,4,0.22799884765050077,2017-11-15,27.123,335.0,,0,,0.0,1,0,
2025-01-01,opm-808,aisin - japon,8.0,,2.0,27.24,13.62,,rojo,0,0.4176798741238737,2024-07-15,17.59,8.0,,0,,0.0,1,0,
2025-02-01,opn-808,aisin - japon,14.0,,3.0,55.08,27.058333333333334,,rojo,0,0.31320017617687684,2024-08-22,19.46,20.0,,0,,0.0,1,0,
2024-12-01,opn-815,aisin - japon,18.0,,1.0,0.0,13.538333333333334,,rojo,6,0.46240746082107465,2024-08-22,26.53,20.0,,0,,0.0,1,0,
2025-03-01,opt-005,aisin - japon,194.0,,1.0,289.83,48.305,,rojo,0,0.39119954600216983,2025-02-24,37.79,100.0,,0,,0.0,1,0,
2023-07-01,opt-008,aisin - japon,120.0,,0.0,0.0,0.0,,rojo,6,0.38088072644330534,2025-02-24,35.99,60.0,,0,,0.0,1,0,
2021-09-01,opt-013,aisin - japon,0.0,,0.0,0.0,0.0,,rojo,6,0.469855357548324,2019-12-27,37.17,20.0,,0,,0.0,1,0,
2022-02-01,opt-033,aisin - japon,0.0,,0.0,0.0,0.0,,rojo,6,0.47710604387005695,2019-03-27,27.51,10.0,,0,,0.0,1,0,
2024-11-01,p-12002-2z,mann - brasil,8.0,,1.0,0.0,36.723333333333336,,rojo,4,0.4406430463796499,2023-10-05,66.36266055107116,20.0,,0,,0.0,1,0,
2022-02-01,p-919/7,mann - brasil,0.0,,0.0,0.0,0.0,,rojo,4,0.6662319066586376,2018-11-07,7.9,96.0,,0,,0.0,1,0,
2024-08-01,p-945x,mann - brasil,36.0,,0.0,0.0,0.0,,rojo,4,0.36852288010343576,2023-10-12,6.89,72.0,,0,,0.0,1,0,
2023-07-01,p-gorros,sin definicion,0.0,,0.0,0.0,0.0,,rojo,0,-1.0,2023-04-05,47.91034725598659,0.0,,0,,0.0,1,0,
2023-06-01,p-mameluco,sin definicion,0.0,,0.0,0.0,0.0,,rojo,0,-1.0,,,,,0,,0.0,1,0,
2022-01-01,p1278/1,mann - brasil,102.0,,0.0,0.0,0.0,,rojo,4,0.925191544041692,2024-09-12,7.89,102.0,,0,,0.0,1,0,
2023-12-01,p2050sm5500,prextoline - lubricantes,0.0,,0.0,0.0,0.0,,rojo,2,0.1376016044336125,2023-10-30,400.0,4.0,,0,,0.0,1,0,
2022-04-01,p527683,donaldson,0.0,,0.0,0.0,0.0,,rojo,4,-0.10833924846634174,2016-03-07,18.51,49.0,,0,,0.0,1,0,
2022-04-01,p550762,donaldson,0.0,,0.0,0.0,0.0,,rojo,4,0.0797795832092016,2016-03-07,11.81,96.0,,0,,0.0,1,0,
2024-01-01,p550851,donaldson,0.0,,0.0,0.0,0.0,,rojo,4,0.022100732533669232,2016-03-07,11.47,96.0,,0,,0.0,1,0,
2024-01-01,p551033,donaldson,0.0,,0.0,0.0,0.0,,rojo,4,-0.6822409808254295,2016-03-14,38.81,36.0,,0,,0.0,1,0,
2021-06-01,pa2704,baldwin filters,0.0,,0.0,0.0,0.0,,rojo,4,0.2698126328518283,2015-04-17,26.66,10.0,,0,,0.0,1,0,
2021-06-01,pa2721,baldwin filters,14.0,,0.0,0.0,0.0,,rojo,4,0.08451435980654876,2015-04-17,54.662083,24.0,,0,,0.0,1,0,
2022-04-01,pa3767,baldwin filters,0.0,,0.0,0.0,0.0,,rojo,4,0.19035944378508576,2017-11-15,48.05,120.0,,0,,0.0,1,0,
2023-07-01,pa3833,baldwin filters,0.0,,0.0,0.0,0.0,,rojo,4,0.32934412475501734,2014-12-16,8.82625,8.0,,0,,0.0,1,0,
2022-01-01,pa4341,baldwin filters,0.0,,0.0,0.0,0.0,,rojo,4,0.2892476659821075,2015-04-17,3.97,12.0,,0,,0.0,1,0,
2021-06-01,pa4701,baldwin filters,0.0,,0.0,0.0,0.0,,rojo,4,0.20591930068500475,2015-04-17,5.65,24.0,,0,,0.0,1,0,
2023-02-01,paneton,sin definicion,0.0,,0.0,0.0,0.0,,rojo,0,-0.10381271104738558,2024-12-16,32.68004988341357,720.0,,0,,0.0,1,0,
2024-04-01,pe1540ci500,prextoline - lubricantes,0.0,,0.0,0.0,0.0,,rojo,2,0.41560029041522933,2023-12-18,28.85,1196.0,,0,,0.0,1,0,
2024-06-01,pe1540ci5500,prextoline - lubricantes,0.0,,0.0,0.0,0.0,,rojo,2,0.4414949982844531,2023-12-18,306.0,52.0,,0,,0.0,1,0,
2025-03-01,pe20500254t,prextoline - lubricantes,466.0,,18.0,529.83,688.0233333333334,,rojo,0,0.4003376991432177,2024-07-12,1.55,2400.0,,0,,0.0,1,0,
2025-03-01,pe2050sl5500,prextoline - lubricantes,29.0,,1.0,638.76,106.46,,rojo,0,0.9172636856149428,2024-07-12,300.0,30.0,,0,,0.0,1,0,
2025-03-01,pe25500254t,prextoline - lubricantes,310.0,,12.0,305.09000000000003,344.32166666666666,,rojo,0,0.3147974155774675,2024-07-12,1.813333,1200.0,,0,,0.0,1,0,
2024-07-01,pe80900500,prextoline - lubricantes,0.0,,0.0,0.0,0.0,,rojo,2,1.2894688523088866,2023-12-18,25.57,100.0,,0,,0.0,1,0,
2024-06-01,pe85140500,prextoline - lubricantes,0.0,,0.0,0.0,0.0,,rojo,2,1.1879379473600673,2023-12-18,26.7,101.0,,0,,0.0,1,0,
2024-06-01,peaw68a5500,prextoline - lubricantes,0.0,,0.0,0.0,0.0,,rojo,2,0.7167732295922221,2023-12-18,205.0,20.0,,0,,0.0,1,0,
2025-03-01,petracto500,prextoline - lubricantes,0.0,,11.0,1514.17,1518.6033333333335,,rojo,0,0.6399759024605532,2025-02-27,30.0,300.0,,0,,0.0,1,0,
2025-03-01,pk1540ci500,prextoline - lubricantes,470.0,,33.0,4784.73,4128.461666666667,,rojo,0,0.42416564483494107,2025-02-27,36.5,400.0,,0,,0.0,1,0,
2025-03-01,pl-270x,mann - brasil,49.0,,7.0,108.91,70.57,,rojo,0,0.4194906442410818,2023-09-06,11.144481282234192,104.0,,0,,0.0,1,0,
2024-09-01,po-13010,sakura filter,26.0,,0.0,0.0,0.0,,rojo,6,0.8916658299966187,2022-12-02,2.85,25.0,,0,,0.0,1,0,
2022-03-01,polovalv,sin definicion,0.0,,0.0,0.0,0.0,,rojo,0,-1.0,,,,,0,,0.0,1,0,
2025-03-01,pp05300055,valvoline,19.0,,10.0,2415.26,2190.6783333333333,,rojo,0,0.3839686775061215,2024-03-30,660.0,30.0,,0,,0.0,1,0,
2024-12-01,pp530,valvoline,0.0,,12.0,0.0,864.3966666666666,,rojo,2,0.21675661059702475,2024-10-28,21.3,204.0,,0,,0.0,1,0,
2024-01-01,ps-35,trw - brasil,39.0,,0.0,0.0,0.0,,rojo,4,0.7785149623845198,2017-09-22,8.26,220.0,,0,,0.0,1,0,
2022-08-01,ps-48,trw - brasil,0.0,,0.0,0.0,0.0,,rojo,4,0.5224387602284469,2017-09-22,8.17,600.0,,0,,0.0,1,0,
2023-11-01,ps-831,trw - brasil,28.0,,0.0,0.0,0.0,,rojo,4,0.40175347037664777,2017-09-22,10.03,10.0,,0,,0.0,1,0,
2023-11-01,ps-832,trw - brasil,28.0,,0.0,0.0,0.0,,rojo,4,0.3976410685728311,2017-09-22,10.06,40.0,,0,,0.0,1,0,
2021-10-01,psd-1265-hd,kamura,0.0,,0.0,0.0,0.0,,rojo,4,-0.7211421789823811,2013-08-12,8.76,60.0,,0,,0.0,1,0,
2021-10-01,psd-1304-hd,kamura,0.0,,0.0,0.0,0.0,,rojo,4,-0.45081160846040336,2013-08-12,4.45,40.0,,0,,0.0,1,0,
2021-10-01,psd-1345-hd,kamura,0.0,,0.0,0.0,0.0,,rojo,4,-0.6972195104313555,2013-08-12,8.07,200.0,,0,,0.0,1,0,
2021-10-01,psd-5003 hd,kamura,0.0,,0.0,0.0,0.0,,rojo,4,-0.6343005662592565,2013-08-12,6.68,60.0,,0,,0.0,1,0,
2021-10-01,psd-5013-hd,kamura,0.0,,0.0,0.0,0.0,,rojo,4,-0.5917272771754837,2013-12-19,5.59,80.0,,0,,0.0,1,0,
2021-10-01,psd-5019-hd,kamura,0.0,,0.0,0.0,0.0,,rojo,4,-0.08865394295563156,2013-08-12,8.69,60.0,,0,,0.0,1,0,
2021-10-01,psd-5024-hd,kamura,0.0,,0.0,0.0,0.0,,rojo,4,-0.6141230807514665,2013-08-12,6.33,60.0,,0,,0.0,1,0,
2022-04-01,psd-5028-hd,kamura,0.0,,0.0,0.0,0.0,,rojo,4,-0.349715995899509,2013-08-12,7.22,60.0,,0,,0.0,1,0,
2021-10-01,psd-5061-hd,kamura,0.0,,0.0,0.0,0.0,,rojo,4,-0.6911553185368768,2013-12-19,7.39,40.0,,0,,0.0,1,0,
2021-10-01,psd-5071-hd,kamura,0.0,,0.0,0.0,0.0,,rojo,4,-0.5319371417861124,2013-12-19,4.71,40.0,,0,,0.0,1,0,
2021-10-01,psd-773-hd,kamura,0.0,,0.0,0.0,0.0,,rojo,4,-0.4317954577186325,2013-08-12,4.3,60.0,,0,,0.0,1,0,
2021-10-01,psd-816-hd,kamura,0.0,,0.0,0.0,0.0,,rojo,4,-0.6794269609165764,2013-08-12,7.62,60.0,,0,,0.0,1,0,
2021-10-01,psd-866-hd,kamura,0.0,,0.0,0.0,0.0,,rojo,4,0.08231195566144278,2013-12-19,5.67,60.0,,0,,0.0,1,0,
2021-10-01,psd-889-hd,kamura,0.0,,0.0,0.0,0.0,,rojo,4,-0.5955446855662831,2013-08-12,6.04,60.0,,0,,0.0,1,0,
2021-10-01,psd-906-hd,kamura,0.0,,0.0,0.0,0.0,,rojo,4,-0.6247546581345953,2013-08-12,6.51,60.0,,0,,0.0,1,0,
2021-10-01,psd-941-hd,kamura,0.0,,0.0,0.0,0.0,,rojo,4,-0.7102141383940312,2013-08-12,8.43,60.0,,0,,0.0,1,0,
2021-10-01,psd-954-hd,kamura,0.0,,0.0,0.0,0.0,,rojo,4,-0.6091195518991772,2013-08-12,6.25,60.0,,0,,0.0,1,0,
2025-02-01,pt12.00r20,deruibo,30.0,,3.0,2222.0299999999997,533.0500000000001,,rojo,0,0.1897467733287678,2024-08-23,154.0,52.0,,0,,0.0,1,0,
2025-03-01,ptracto500,prextoline - lubricantes,138.0,,2.0,4593.24,765.54,,rojo,0,0.4360126845349921,,,,,0,,0.0,1,0,
2024-12-01,pu-10003/2x,mann - brasil,0.0,,1.0,0.0,77.51333333333334,,rojo,4,0.37764864541179016,2024-11-13,40.72,8.0,,0,,0.0,1,0,
2024-12-01,pu-1058/1x,mann - brasil,0.0,,3.0,0.0,113.84666666666668,,rojo,4,0.37014069018381207,2024-09-24,14.800821633338929,30.0,,0,,0.0,1,0,
2024-09-01,pu-1058/x,mann - brasil,0.0,,0.0,0.0,0.0,,rojo,4,0.31596084636866445,2024-02-05,13.63675515651703,60.0,,0,,0.0,1,0,
2023-08-01,pu-7005,sin definicion,0.0,,0.0,0.0,0.0,,rojo,0,0.3359530731342105,2020-10-08,30.395386408567425,10.0,,0,,0.0,1,0,
2025-03-01,pu-9009z,mann - brasil,41.0,,1.0,86.21,14.368333333333332,,rojo,0,0.28339465172214584,2024-02-05,19.231597785949706,50.0,,0,,0.0,1,0,
2025-03-01,pu-9009zkit,mann - brasil,40.0,,1.0,560.14,93.35666666666667,,rojo,0,0.3963952164925762,2023-02-15,26.538697872161865,60.0,,0,,0.0,1,0,
2025-02-01,pu-9015z,mann - brasil,14.0,,4.0,218.49,113.97333333333334,,rojo,0,0.4070672024475087,2024-02-09,19.23740070462227,60.0,,0,,0.0,1,0,
2022-05-01,qj16ar-u,denso - bujias - japon,0.0,,0.0,0.0,0.0,,rojo,3,0.43154736586217785,2020-09-28,1.42,144.0,,0,,0.0,1,0,
2021-12-01,r809060500,sin definicion,0.0,,0.0,0.0,0.0,,rojo,0,0.3764607679465777,2016-07-06,54.95,10.0,,0,,0.0,1,0,
2023-05-01,r809065500,sin definicion,0.0,,0.0,0.0,0.0,,rojo,0,0.543791508217679,2017-09-07,594.19,2.0,,0,,0.0,1,0,
2021-10-01,ra1505324,german cardan - t v a - crucetas,0.0,,0.0,0.0,0.0,,rojo,4,0.3449206349549688,2020-04-27,14.0,300.0,,0,,0.0,1,0,
2021-10-01,ra1505325,german cardan - t v a - crucetas,0.0,,0.0,0.0,0.0,,rojo,4,0.35018782408404414,2020-04-27,14.0,300.0,,0,,0.0,1,0,
2025-03-01,rccd 0113.0,varga,0.0,,1.0,69.7,11.616666666666667,,rojo,0,0.01385699580330968,2013-09-11,43.98,3.0,,0,,0.0,1,0,
2023-11-01,rcce 0010.6,varga,0.0,,0.0,0.0,0.0,,rojo,4,0.447746072593734,2014-02-10,12.93,4.0,,0,,0.0,1,0,
2023-11-01,rcce 0015.7,varga,0.0,,0.0,0.0,0.0,,rojo,4,0.11437586274896461,2013-09-11,8.83,4.0,,0,,0.0,1,0,
2025-03-01,rcce 0024.6,varga,0.0,,1.0,714.56,119.09333333333332,,rojo,0,0.41164852906601984,2013-09-11,23.07,52.0,,0,,0.0,1,0,
2025-03-01,rcce 0031.9,varga,0.0,,1.0,327.46,54.57666666666666,,rojo,0,0.4592909896602658,2013-09-11,29.47,20.0,,0,,0.0,1,0,
2023-11-01,rcce 0037.8,varga,0.0,,0.0,0.0,0.0,,rojo,4,0.6219505502044399,2013-09-11,14.1,8.0,,0,,0.0,1,0,
2025-03-01,rccm 2790.0,varga,0.0,,1.0,389.36,64.89333333333333,,rojo,0,0.066041708793934,2013-09-11,23.88,12.0,,0,,0.0,1,0,
2025-03-01,rccr 0002.3,varga,8.0,,1.0,19.96,3.3266666666666667,,rojo,0,0.007972508591065353,2014-02-10,6.24,8.0,,0,,0.0,1,0,
2025-03-01,rccr 00937,varga,0.0,,1.0,214.56,35.76,,rojo,0,0.01286169501978729,2013-09-11,16.94,16.0,,0,,0.0,1,0,
2025-03-01,rccr 2322.8,varga,0.0,,1.0,83.58,13.93,,rojo,0,0.011096476786302212,2013-09-11,13.22,8.0,,0,,0.0,1,0,
2025-03-01,rccr 2324.4,varga,0.0,,1.0,99.8,16.633333333333333,,rojo,0,0.014722568147225612,2013-09-11,15.73,8.0,,0,,0.0,1,0,
2025-03-01,rccr 2423.2,varga,0.0,,1.0,112.27,18.711666666666666,,rojo,0,0.01329009752622401,2013-09-11,17.72,8.0,,0,,0.0,1,0,
2025-03-01,rccr 2424.0,varga,0.0,,1.0,104.79,17.465,,rojo,0,0.01634064570629068,2013-09-11,16.49,8.0,,0,,0.0,1,0,
2022-04-01,rcdi 0708.0,varga,0.0,,0.0,0.0,0.0,,rojo,4,-0.1688903530445286,2014-02-10,15.62,6.0,,0,,0.0,1,0,
2022-04-01,rcdi 0709.0,varga,0.0,,0.0,0.0,0.0,,rojo,4,-0.22676656409489815,2014-02-10,16.79,6.0,,0,,0.0,1,0,
2022-04-01,rcdi 0715.0,varga,0.0,,0.0,0.0,0.0,,rojo,4,-0.548638364367254,2016-01-08,29.82,10.0,,0,,0.0,1,0,
2022-04-01,rcdi 0716.0,varga,0.0,,0.0,0.0,0.0,,rojo,4,-0.5833406748304114,2013-09-11,39.53,6.0,,0,,0.0,1,0,
2021-09-01,rcms 0045.9,varga,0.0,,0.0,0.0,0.0,,rojo,4,0.46948695432059884,2018-10-03,53.42,8.0,,0,,0.0,1,0,
2023-11-01,rcrs 1813.5,varga,0.0,,0.0,0.0,0.0,,rojo,4,0.11200367225154939,2013-09-11,6.07,8.0,,0,,0.0,1,0,
2022-08-01,rcsf 0019.0,varga,0.0,,0.0,0.0,0.0,,rojo,4,0.5083294219725023,2018-08-09,41.65,50.0,,0,,0.0,1,0,
2022-11-01,rcsf 0068.9,varga,0.0,,0.0,0.0,0.0,,rojo,4,0.39816598435425216,2018-08-09,43.15,60.0,,0,,0.0,1,0,
2025-03-01,re001n,ito koyama - resortes,0.0,,1.0,23.31,3.885,,rojo,0,0.9885399954159981,2024-01-22,5.36,164.0,,0,,0.0,1,0,
2021-05-01,rk2866,fag - alemania,0.0,,0.0,0.0,0.0,,rojo,4,0.5270115676962146,2019-08-15,12.82594165802002,600.0,,0,,0.0,1,0,
2021-09-01,rov1040sn5500,rover - usa,4.0,,0.0,0.0,0.0,,rojo,4,0.33710863051836143,2023-09-30,369.0,4.0,,0,,0.0,1,0,
2021-08-01,rov20504tj025,sin definicion,0.0,,0.0,0.0,0.0,,rojo,0,0.7519409610835682,2020-06-09,1.5825,2016.0,,0,,0.0,1,0,
2022-09-01,rov520025,rover - usa,0.0,,0.0,0.0,0.0,,rojo,4,1.0731456184596895,2016-10-31,1.999167,1152.0,,0,,0.0,1,0,
2025-03-01,rpdi 0019.2,varga,0.0,,1.0,131.61,21.935000000000002,,rojo,0,0.01390199408693471,2013-09-11,41.52,6.0,,0,,0.0,1,0,
2022-09-01,rpta 0052.0,varga,0.0,,0.0,0.0,0.0,,rojo,4,0.5160319133329255,2016-01-08,18.13,300.0,,0,,0.0,1,0,
2021-03-01,rrcd 0041.8,varga,0.0,,0.0,0.0,0.0,,rojo,4,0.6155328579687802,2018-08-09,2.4,50.0,,0,,0.0,1,0,
2021-08-01,rrce 0024.2,varga,14.0,,0.0,0.0,0.0,,rojo,4,0.7696946852619677,2014-09-08,4.51,11.0,,0,,0.0,1,0,
2025-02-01,rrcg 0009.8,varga,0.0,,1.0,2.97,0.49500000000000005,,rojo,0,0.4063739314134789,2016-01-08,3.06,20.0,,0,,0.0,1,0,
2021-04-01,rs3542,baldwin filters,0.0,,0.0,0.0,0.0,,rojo,4,0.602525721757682,2015-04-17,8.84,450.0,,0,,0.0,1,0,
2021-02-01,rs3545,baldwin filters,0.0,,0.0,0.0,0.0,,rojo,4,0.23792923210498684,2017-11-15,7.173,50.0,,0,,0.0,1,0,
2022-04-01,rs3703,baldwin filters,0.0,,0.0,0.0,0.0,,rojo,4,0.22095815952471254,2017-09-20,7.404,20.0,,0,,0.0,1,0,
2021-06-01,rs3992,baldwin filters,0.0,,0.0,0.0,0.0,,rojo,4,-0.38147430990150216,2016-09-20,26.265,30.0,,0,,0.0,1,0,
2021-04-01,rs3993,baldwin filters,0.0,,0.0,0.0,0.0,,rojo,4,-0.521619884995498,2016-09-20,25.707,30.0,,0,,0.0,1,0,
2023-10-01,rs4636,baldwin filters,0.0,,0.0,0.0,0.0,,rojo,4,0.15296745976247517,2016-09-20,22.077,50.0,,0,,0.0,1,0,
2022-04-01,rs4643,baldwin filters,7.0,,0.0,0.0,0.0,,rojo,4,-0.3435789144376662,2013-06-09,55.674,60.0,,0,,0.0,1,0,
2024-01-01,rs4862,baldwin filters,0.0,,0.0,0.0,0.0,,rojo,4,0.05897008604484379,2017-11-15,27.165,270.0,,0,,0.0,1,0,
2022-12-01,rs4966,baldwin filters,0.0,,0.0,0.0,0.0,,rojo,4,0.37753483146937744,2014-12-16,36.934,200.0,,0,,0.0,1,0,
2022-09-01,rs5408,baldwin filters,0.0,,0.0,0.0,0.0,,rojo,4,0.16889757844174672,2015-04-17,30.36,80.0,,0,,0.0,1,0,
2025-03-01,rto017,ito koyama - direccion,44.0,,10.0,946.37,157.72833333333332,,rojo,0,0.7026230204755042,2025-02-28,2.089002,300.0,,0,,0.0,1,0,
2023-02-01,s-chimpunera,sin definicion,0.0,,0.0,0.0,0.0,,rojo,0,-1.0,2022-10-26,10.131356030596956,0.0,,0,,0.0,1,0,
2025-03-01,s-overoles,sin definicion,0.0,,20.0,0.0,0.0,,rojo,0,-1.0,2025-02-10,201.37729359526617,50.0,,0,,0.0,1,0,
2023-02-01,s-paraguas,sin definicion,0.0,,0.0,0.0,0.0,,rojo,0,-1.0,2022-11-10,0.64,200.0,,0,,0.0,1,0,
2025-03-01,sac-79070,sakura filter,29.0,,3.0,1128.4,237.05000000000004,,rojo,0,0.7823162137080152,2022-10-13,21.76,30.0,,0,,0.0,1,0,
2021-12-01,sb-008,ito koyama - palieres,0.0,,0.0,0.0,0.0,,rojo,6,0.5890987882343067,2021-06-10,8.3,20.0,,0,,0.0,1,0,
2025-03-01,sb004n,ito koyama - resortes,130.0,,8.0,157.97,39.96333333333333,,rojo,0,0.9811274383196834,2024-01-22,4.85,160.0,,0,,0.0,1,0,
2025-03-01,sb005n,ito koyama - resortes,12.0,,6.0,16.19,51.525,,rojo,0,0.6739546489800715,2024-01-22,6.3,120.0,,0,,0.0,1,0,
2021-07-01,sb71240 0.50spa,mahle - brasil,0.0,,0.0,0.0,0.0,,rojo,4,0.22631120317588527,2018-09-27,41.73,10.0,,0,,0.0,1,0,
2023-01-01,sb71340 stdspa,mahle - brasil,15.0,,0.0,0.0,0.0,,rojo,4,0.30150923043580435,2018-09-27,36.128,30.0,,0,,0.0,1,0,
2024-08-01,scdw-417,seco - embragues,16.0,,0.0,0.0,0.0,,rojo,4,0.3534280493035192,2022-08-08,11.15,30.0,,0,,0.0,1,0,
2025-03-01,schd-108,seco - embragues,24.0,,2.0,64.41,15.901666666666666,,rojo,0,0.4921764327108821,2022-08-08,19.71,30.0,,0,,0.0,1,0,
2024-07-01,schd-162,seco - embragues,24.0,,0.0,0.0,0.0,,rojo,4,0.15043062905744897,2022-08-08,16.71,30.0,,0,,0.0,1,0,
2024-11-01,schd-309,seco - embragues,40.0,,1.0,0.0,4.76,,rojo,4,0.4470552877287632,2021-03-31,18.28,80.0,,0,,0.0,1,0,
2025-02-01,schd-337,seco - embragues,79.0,,2.0,20.34,9.783333333333333,,rojo,0,0.32868377037555613,2024-07-18,15.67,100.0,,0,,0.0,1,0,
2025-02-01,schd-338,seco - embragues,17.0,,3.0,33.9,14.655,,rojo,0,0.49786208998844533,2022-08-08,10.39,30.0,,0,,0.0,1,0,
2024-04-01,schd-379,seco - embragues,0.0,,0.0,0.0,0.0,,rojo,4,0.3333157113317086,2023-05-23,19.25,50.0,,0,,0.0,1,0,
2021-12-01,schd-415,seco - embragues,0.0,,0.0,0.0,0.0,,rojo,4,0.4082917195576589,2020-04-25,24.47,30.0,,0,,0.0,1,0,
2025-04-01,schd-644,seco - embragues,0.0,,14.0,27.79,489.82666666666665,,rojo,0,0.36929462340857483,2024-07-18,21.3,800.0,,0,,0.0,1,0,
2024-08-01,schd-649,seco - embragues,0.0,,0.0,0.0,0.0,,rojo,4,0.3544553745282404,2024-07-18,24.66,50.0,,0,,0.0,1,0,
2025-02-01,scki-571,seco - embragues,10.0,,5.0,407.63,173.67,,rojo,0,0.32284747418461257,2024-07-18,15.2,60.0,,0,,0.0,1,0,
2025-02-01,scki-637,seco - embragues,23.0,,4.0,182.2,65.60666666666667,,rojo,0,0.3386626423916076,2024-07-18,16.0,50.0,,0,,0.0,1,0,
2025-01-01,scns-086,seco - embragues,0.0,,4.0,207.71,103.355,,rojo,0,0.37787136194844095,2024-07-18,15.03,50.0,,0,,0.0,1,0,
2024-11-01,scns-088,seco - embragues,41.0,,1.0,0.0,12.903333333333334,,rojo,4,0.3901813664599662,2024-07-18,17.75,50.0,,0,,0.0,1,0,
2024-08-01,scns-526,seco - embragues,0.0,,0.0,0.0,0.0,,rojo,4,0.3958073243806874,2023-05-23,31.19,50.0,,0,,0.0,1,0,
2025-03-01,sct-001,aisin - japon,71.0,,10.0,4782.65,1078.1816666666666,,rojo,0,0.4105901000665251,2025-01-31,53.64,100.0,,0,,0.0,1,0,
2025-03-01,sct-003,aisin - japon,60.0,,4.0,2884.54,480.75666666666666,,rojo,0,0.4333388168888296,2025-01-31,53.64,100.0,,0,,0.0,1,0,
2023-06-01,scty-239,seco - embragues,0.0,,0.0,0.0,0.0,,rojo,4,0.390901044317854,2023-05-23,16.27,50.0,,0,,0.0,1,0,
2024-08-01,scty-313,seco - embragues,32.0,,0.0,0.0,0.0,,rojo,4,0.33282179478518514,2023-05-23,25.96,50.0,,0,,0.0,1,0,
2024-07-01,scty-446,seco - embragues,23.0,,0.0,0.0,0.0,,rojo,4,0.34171648841175883,2023-05-23,24.94,50.0,,0,,0.0,1,0,
2025-01-01,scya-090,seco - embragues,94.0,,3.0,0.0,24.69,,rojo,4,0.3944687925041559,2024-07-18,17.15,100.0,,0,,0.0,1,0,
2024-01-01,sd295/80r22.5,deruibo,0.0,,0.0,0.0,0.0,,rojo,4,0.2686421674996255,2023-02-09,108.0,80.0,,0,,0.0,1,0,
2023-05-01,sd315/80r22.5,deruibo,0.0,,0.0,0.0,0.0,,rojo,4,0.3609278379385054,2023-02-09,107.0,30.0,,0,,0.0,1,0,
2024-10-01,sddw-223,seco - embragues,0.0,,1.0,0.0,147.45833333333334,,rojo,4,0.3142556259440432,2024-07-18,10.13,100.0,,0,,0.0,1,0,
2024-10-01,sddw-485,seco - embragues,12.0,,0.0,0.0,0.0,,rojo,4,0.3675223522228485,2022-08-08,9.5,30.0,,0,,0.0,1,0,
2023-03-01,sdhd-085,seco - embragues,0.0,,0.0,0.0,0.0,,rojo,4,0.38982646844488544,2022-08-08,15.51,30.0,,0,,0.0,1,0,
2023-10-01,sdhd-175,seco - embragues,46.0,,0.0,0.0,0.0,,rojo,4,0.3443914368417924,2023-05-23,40.7,50.0,,0,,0.0,1,0,
2024-07-01,sdhd-262,seco - embragues,28.0,,0.0,0.0,0.0,,rojo,4,0.37882747509277304,2022-08-08,31.56,30.0,,0,,0.0,1,0,
2025-03-01,sdhd-291,seco - embragues,12.0,,3.0,67.42,71.87666666666667,,rojo,0,0.3884411621025212,2024-07-18,13.01,50.0,,0,,0.0,1,0,
2021-05-01,sdhd-369,seco - embragues,0.0,,0.0,0.0,0.0,,rojo,4,0.4029148781439612,2020-04-25,19.84,50.0,,0,,0.0,1,0,
2025-02-01,sdhd-640,seco - embragues,24.0,,4.0,243.64,81.56666666666666,,rojo,0,0.3420140779942546,2024-07-18,18.89,50.0,,0,,0.0,1,0,
2025-04-01,sdhd-649,seco - embragues,130.0,,7.0,381.56,173.475,,rojo,0,0.4879158101599198,2024-07-18,23.14,800.0,,0,,0.0,1,0,
2024-08-01,sdhd-650,seco - embragues,0.0,,0.0,0.0,0.0,,rojo,4,0.35445428726470607,2024-07-18,22.15,50.0,,0,,0.0,1,0,
2024-07-01,sdis-102,seco - embragues,0.0,,0.0,0.0,0.0,,rojo,4,0.3227726972695699,2023-05-23,23.07,50.0,,0,,0.0,1,0,
2023-06-01,sdki-032,seco - embragues,0.0,,0.0,0.0,0.0,,rojo,4,0.3862087001210226,2022-08-08,9.69,20.0,,0,,0.0,1,0,
2024-07-01,sdki-325,seco - embragues,21.0,,0.0,0.0,0.0,,rojo,4,0.27718460064542155,2022-08-08,25.17,30.0,,0,,0.0,1,0,
2025-02-01,sdki-566,seco - embragues,8.0,,5.0,457.63,195.39333333333335,,rojo,0,0.36348423201486313,2024-07-18,16.81,100.0,,0,,0.0,1,0,
2024-10-01,sdmb-553,seco - embragues,0.0,,1.0,0.0,89.85333333333334,,rojo,4,0.37766059271967145,2024-07-18,24.7,50.0,,0,,0.0,1,0,
2024-07-01,sdns-143,seco - embragues,0.0,,0.0,0.0,0.0,,rojo,4,0.3523113859290357,2023-05-23,14.64,50.0,,0,,0.0,1,0,
2025-03-01,sdns-304,seco - embragues,14.0,,4.0,191.73000000000002,56.30666666666667,,rojo,0,0.35636524012894083,2024-07-18,14.82,50.0,,0,,0.0,1,0,
2025-02-01,sdty-197,seco - embragues,5.0,,1.0,406.78,67.79666666666667,,rojo,0,0.34765322208310984,2023-05-23,21.96,50.0,,0,,0.0,1,0,
2025-02-01,sdty-346,seco - embragues,0.0,,2.0,118.64,40.824999999999996,,rojo,0,0.3324927431479262,2023-05-23,18.94,50.0,,0,,0.0,1,0,
2021-03-01,set11,timken - rodajes,0.0,,0.0,0.0,0.0,,rojo,4,0.26677645121449167,2018-09-13,3.56,50.0,,0,,0.0,1,0,
2022-09-01,set13,timken - rodajes,0.0,,0.0,0.0,0.0,,rojo,4,0.3462726563807449,2018-09-13,3.35,30.0,,0,,0.0,1,0,
2021-10-01,set318,timken - rodajes,0.0,,0.0,0.0,0.0,,rojo,4,0.4539605979994832,2018-09-13,5.2,20.0,,0,,0.0,1,0,
2023-11-01,set4,timken - rodajes,0.0,,0.0,0.0,0.0,,rojo,4,0.5867379904594846,2014-09-18,2.87,300.0,,0,,0.0,1,0,
2021-06-01,set403,timken - rodajes,0.0,,0.0,0.0,0.0,,rojo,4,0.29333756908630526,2018-09-13,39.04,10.0,,0,,0.0,1,0,
2021-04-01,set404,timken - rodajes,0.0,,0.0,0.0,0.0,,rojo,4,0.32078091471367887,2017-09-22,35.6,3.0,,0,,0.0,1,0,
2021-11-01,set5,timken - rodajes,0.0,,0.0,0.0,0.0,,rojo,4,0.508958731641422,2017-09-22,3.6,300.0,,0,,0.0,1,0,
2021-11-01,set6,timken - rodajes,0.0,,0.0,0.0,0.0,,rojo,4,0.44620127213555333,2018-09-13,3.23,100.0,,0,,0.0,1,0,
2021-10-01,set8,timken - rodajes,0.0,,0.0,0.0,0.0,,rojo,4,0.14135021097046407,2018-09-13,2.78,50.0,,0,,0.0,1,0,
2022-04-01,sf-1906-30,sakura filter,0.0,,0.0,0.0,0.0,,rojo,6,0.9735831425665292,2017-07-21,2.44,50.0,,0,,0.0,1,0,
2025-02-01,sf-1913-10,sakura filter,48.0,,1.0,16.77,2.795,,rojo,0,0.9532950298750366,2025-01-10,3.55,50.0,,0,,0.0,1,0,
2024-10-01,sf-1913-2,sakura filter,75.0,,1.0,0.0,6.836666666666667,,rojo,6,0.9740417813123778,2022-06-16,4.25,50.0,,0,,0.0,1,0,
2025-03-01,sf-57020-25,sakura filter,91.0,,4.0,186.21999999999997,35.93666666666667,,rojo,0,0.8668327456013958,2025-01-31,3.56,60.0,,0,,0.0,1,0,
2025-03-01,sf-57080,sakura filter,106.0,,3.0,72.61,31.521666666666665,,rojo,0,0.8706365598874385,2023-01-09,5.75,75.0,,0,,0.0,1,0,
2025-01-01,sf-72011,sakura filter,41.0,,1.0,0.0,4.6866666666666665,,rojo,0,0.7793528410788727,2021-02-24,2.73,16.0,,0,,0.0,1,0,
2025-01-01,sf-73010,sakura filter,239.0,,1.0,117.25,19.541666666666668,,rojo,0,0.7815624085817022,2022-12-02,9.0,90.0,,0,,0.0,1,0,
2025-02-01,sf-79080,sakura filter,86.0,,3.0,82.44,34.35,,rojo,0,0.9037281785243744,2022-12-31,4.65,108.0,,0,,0.0,1,0,
2025-02-01,sf-88040,sakura filter,91.0,,2.0,13.73,6.976666666666667,,rojo,0,0.8777997876517417,2024-11-04,2.25,100.0,,0,,0.0,1,0,
2021-10-01,sfal040,sin definicion,0.0,,0.0,0.0,0.0,,rojo,0,0.2849151005993198,2018-07-18,8.698214,140.0,,0,,0.0,1,0,
2025-03-01,sfc-28210,sakura filter,93.0,,4.0,794.96,132.49333333333334,,rojo,0,0.7914682697093581,2024-11-30,7.25,36.0,,0,,0.0,1,0,
2024-12-01,sfc-38020-02,sakura filter,107.0,,1.0,0.0,6.223333333333334,,rojo,6,0.928687904992921,2022-09-14,8.0,24.0,,0,,0.0,1,0,
2025-01-01,sfc-38110,sakura filter,211.0,,3.0,193.98,71.17333333333333,,rojo,0,0.8200780375546449,2025-02-28,17.0,24.0,,0,,0.0,1,0,
2025-02-01,sfc-53050-30,sakura filter,335.0,,6.0,258.90000000000003,57.21333333333334,,rojo,0,0.8752485310019076,2022-08-15,5.95,132.0,,0,,0.0,1,0,
2021-05-01,sfc-53070-10,sin definicion,0.0,,0.0,0.0,0.0,,rojo,0,0.738435290724959,2015-06-23,6.0,252.0,,0,,0.0,1,0,
2024-02-01,sfc-5401,sakura filter,44.0,,0.0,0.0,0.0,,rojo,6,0.8381234903577143,2022-06-06,6.0,30.0,,0,,0.0,1,0,
2025-02-01,sfc-5504-30,sakura filter,46.0,,5.0,249.37,76.87666666666667,,rojo,0,0.8503749515886825,2022-03-31,8.75,100.0,,0,,0.0,1,0,
2023-03-01,sfc-5505,sakura filter,239.0,,0.0,0.0,0.0,,rojo,6,0.8194835107295124,2022-04-26,4.75,252.0,,0,,0.0,1,0,
2024-11-01,sfc-57040,sakura filter,41.0,,2.0,0.0,7.7316666666666665,,rojo,6,0.8426854690477161,2023-10-05,5.98,96.0,,0,,0.0,1,0,
2023-05-01,sfc-5707,sakura filter,0.0,,0.0,0.0,0.0,,rojo,6,0.648563304411059,2019-12-31,8.0,18.0,,0,,0.0,1,0,
2025-04-01,sfc-57190,sakura filter,3.0,,14.0,405.78999999999996,116.56833333333333,,rojo,0,0.8125072345819009,2024-06-13,6.62,120.0,,0,,0.0,1,0,
2025-03-01,sfc-76170-30,sakura filter,75.0,,2.0,117.66,30.07166666666667,,rojo,0,0.9427659320005564,2022-11-22,4.4,48.0,,0,,0.0,1,0,
2024-08-01,sfc-7901-30b,sakura filter,112.0,,0.0,0.0,0.0,,rojo,6,0.8788438671935761,2022-08-15,8.85,130.0,,0,,0.0,1,0,
2024-09-01,sfc-79170,sakura filter,327.0,,0.0,0.0,0.0,,rojo,6,0.8493575820670903,2024-01-18,3.2,200.0,,0,,0.0,1,0,
2021-10-01,sfc-7919,sakura filter,0.0,,0.0,0.0,0.0,,rojo,6,1.4315947071739643,2014-12-14,3.47,61.0,,0,,0.0,1,0,
2025-03-01,sfc-83120-30b,sakura filter,1817.0,,6.0,604.63,205.85666666666665,,rojo,0,0.6233271943717519,2025-01-31,9.0,108.0,,0,,0.0,1,0,
2025-03-01,sfc-89020,sakura filter,34.0,,8.0,619.66,111.32333333333334,,rojo,0,0.8015633682472096,2024-11-30,6.3,36.0,,0,,0.0,1,0,
2022-01-01,sht265/70r17,deruibo,0.0,,0.0,0.0,0.0,,rojo,4,0.13113220043683693,2019-12-30,814.4541346863914,6.0,,0,,0.0,1,0,
2025-01-01,sk005n,ito koyama - resortes,0.0,,4.0,0.0,204.37333333333333,,rojo,6,0.7524631748494368,2024-01-22,3.75,408.0,,0,,0.0,1,0,
2025-03-01,sk010n,ito koyama - resortes,104.0,,1.0,18.51,3.0850000000000004,,rojo,0,0.7621732444900051,2024-01-22,4.94,78.0,,0,,0.0,1,0,
2025-03-01,sk013n,ito koyama - resortes,192.0,,15.0,281.1,90.555,,rojo,0,0.8535650962512664,2024-01-22,6.62,288.0,,0,,0.0,1,0,
2025-03-01,sk014n,ito koyama - resortes,280.0,,17.0,473.76,181.49,,rojo,0,0.9291547444024639,2024-01-22,9.35,420.0,,0,,0.0,1,0,
2025-01-01,sk017n,ito koyama - resortes,102.0,,2.0,0.0,15.088333333333333,,rojo,6,0.9424899159106365,2024-01-22,5.46,200.0,,0,,0.0,1,0,
2025-03-01,sk019n,ito koyama - resortes,96.0,,8.0,1049.68,196.8033333333333,,rojo,0,0.8819715758684293,2024-01-22,5.25,152.0,,0,,0.0,1,0,
2025-03-01,sk020n,ito koyama - resortes,190.0,,4.0,163.03000000000003,29.55333333333333,,rojo,0,0.45913573412427916,2024-01-22,4.41,200.0,,0,,0.0,1,0,
2025-03-01,sk022n,ito koyama - resortes,402.0,,9.0,244.51999999999998,62.754999999999995,,rojo,0,0.6838548970656617,2024-01-22,4.5,448.0,,0,,0.0,1,0,
2025-02-01,sk023n,ito koyama - resortes,0.0,,18.0,1036.71,329.965,,rojo,0,0.7544033458592906,2024-01-22,4.3,448.0,,0,,0.0,1,0,
2022-05-01,sk14,sin definicion,0.0,,0.0,0.0,0.0,,rojo,0,0.47862267877237347,2021-08-27,1.12,300.0,,0,,0.0,1,0,
2022-09-01,sk16,sin definicion,0.0,,0.0,0.0,0.0,,rojo,0,0.5989916146692472,2022-06-16,0.84,100.0,,0,,0.0,1,0,
2022-01-01,skf-1209ektn9c3,skf - rodajes,0.0,,0.0,0.0,0.0,,rojo,4,0.33662022158586574,2019-04-11,15.63,20.0,,0,,0.0,1,0,
2023-07-01,skf-1211ektn9c3,skf - rodajes,0.0,,0.0,0.0,0.0,,rojo,4,0.6853300290119363,2023-04-21,6.6,10.0,,0,,0.0,1,0,
2024-04-01,skf-1215k,skf - rodajes,0.0,,0.0,0.0,0.0,,rojo,4,0.07111073369565224,2019-04-11,42.45,4.0,,0,,0.0,1,0,
2022-01-01,skf-22211ek/c3,skf - rodajes,0.0,,0.0,0.0,0.0,,rojo,4,0.5196959225984799,2019-04-11,41.73,10.0,,0,,0.0,1,0,
2021-02-01,skf-22215ek/c3,skf - rodajes,0.0,,0.0,0.0,0.0,,rojo,4,0.2784213139169287,2019-04-11,69.71,6.0,,0,,0.0,1,0,
2023-06-01,skf-3204a,skf - rodajes,0.0,,0.0,0.0,0.0,,rojo,4,0.4407754320447139,2020-11-05,9.6,20.0,,0,,0.0,1,0,
2024-07-01,skf-3205a,skf - rodajes,12.0,,0.0,0.0,0.0,,rojo,4,0.5821550726326553,2023-04-21,5.4,20.0,,0,,0.0,1,0,
2023-06-01,skf-3206a,skf - rodajes,0.0,,0.0,0.0,0.0,,rojo,4,0.3729187003519974,2020-11-05,16.0,20.0,,0,,0.0,1,0,
2024-07-01,skf-3302a,skf - rodajes,10.0,,0.0,0.0,0.0,,rojo,4,0.3160516346288762,2020-11-05,9.8,20.0,,0,,0.0,1,0,
2024-07-01,skf-3303a,skf - rodajes,16.0,,0.0,0.0,0.0,,rojo,4,0.3493319579758443,2023-04-21,4.8,20.0,,0,,0.0,1,0,
2024-07-01,skf-3304a,skf - rodajes,12.0,,0.0,0.0,0.0,,rojo,4,0.6577984482177428,2023-04-21,6.0,20.0,,0,,0.0,1,0,
2024-07-01,skf-3305a,skf - rodajes,4.0,,0.0,0.0,0.0,,rojo,4,0.21299999999999997,2020-11-05,16.5,10.0,,0,,0.0,1,0,
2024-04-01,skf-3310a,skf - rodajes,0.0,,0.0,0.0,0.0,,rojo,4,0.36219413025800257,2020-11-05,62.0,10.0,,0,,0.0,1,0,
2024-04-01,skf-3312a,skf - rodajes,0.0,,0.0,0.0,0.0,,rojo,4,-0.12181698559180132,2020-11-05,79.0,10.0,,0,,0.0,1,0,
2023-09-01,skf-6000-2rsh/c3,skf - rodajes,0.0,,0.0,0.0,0.0,,rojo,4,0.948266389401259,2023-04-21,0.81,200.0,,0,,0.0,1,0,
2024-01-01,skf-6000-2z/c3,skf - rodajes,0.0,,0.0,0.0,0.0,,rojo,4,0.9134827026235057,2023-04-21,0.81,100.0,,0,,0.0,1,0,
2024-01-01,skf-6001-2z/c3,skf - rodajes,0.0,,0.0,0.0,0.0,,rojo,4,0.774266614963104,2023-04-21,0.84,60.0,,0,,0.0,1,0,
2021-11-01,skf-6002-2rshc3,skf - rodajes,0.0,,0.0,0.0,0.0,,rojo,4,0.46809003588100745,2019-11-06,1.64,500.0,,0,,0.0,1,0,
2022-09-01,skf-6002-2z,skf - rodajes,0.0,,0.0,0.0,0.0,,rojo,4,0.7814009893047503,2019-11-06,1.33,300.0,,0,,0.0,1,0,
2021-12-01,skf-6002-2z/c3,skf - rodajes,0.0,,0.0,0.0,0.0,,rojo,4,0.45180297189864677,2019-07-04,1.43,200.0,,0,,0.0,1,0,
2022-04-01,skf-6003-2rsh,skf - rodajes,0.0,,0.0,0.0,0.0,,rojo,4,0.3749999999999999,2019-11-06,1.71,200.0,,0,,0.0,1,0,
2022-09-01,skf-6003-2z,skf - rodajes,0.0,,0.0,0.0,0.0,,rojo,4,0.4167949447256188,2019-04-11,1.37,184.0,,0,,0.0,1,0,
2023-10-01,skf-6004-2rshc3,skf - rodajes,0.0,,0.0,0.0,0.0,,rojo,4,0.7583865006233863,2023-04-21,1.35,120.0,,0,,0.0,1,0,
2021-04-01,skf-6005-2rs1,skf - rodajes,0.0,,0.0,0.0,0.0,,rojo,4,0.37595575077273474,2018-06-18,2.46,280.0,,0,,0.0,1,0,
2023-07-01,skf-6005-2z/c3,skf - rodajes,0.0,,0.0,0.0,0.0,,rojo,4,0.6909607516967569,2023-04-21,1.5,50.0,,0,,0.0,1,0,
2022-09-01,skf-6006-2z,skf - rodajes,0.0,,0.0,0.0,0.0,,rojo,4,0.5382692408620859,2019-04-11,2.6,50.0,,0,,0.0,1,0,
2021-03-01,skf-6006-2z/c3,skf - rodajes,0.0,,0.0,0.0,0.0,,rojo,4,0.27380559618308525,2019-07-04,2.7,200.0,,0,,0.0,1,0,
2021-06-01,skf-6007-2rs1,skf - rodajes,0.0,,0.0,0.0,0.0,,rojo,4,0.2951143280144761,2016-11-25,3.2742924446821213,100.0,,0,,0.0,1,0,
2022-04-01,skf-6007-2z,skf - rodajes,0.0,,0.0,0.0,0.0,,rojo,4,0.49452711273914707,2019-11-06,3.27,50.0,,0,,0.0,1,0,
2024-01-01,skf-6007-2z/c3,skf - rodajes,0.0,,0.0,0.0,0.0,,rojo,4,0.889710539591218,2023-04-21,2.25,30.0,,0,,0.0,1,0,
2023-07-01,skf-6008-2rs1c3,skf - rodajes,0.0,,0.0,0.0,0.0,,rojo,4,1.2508129720259642,2023-04-21,2.64,50.0,,0,,0.0,1,0,
2024-04-01,skf-6008-2z/c3,skf - rodajes,0.0,,0.0,0.0,0.0,,rojo,4,0.7068645754862034,2023-04-21,2.64,30.0,,0,,0.0,1,0,
2023-10-01,skf-6009-2rs1c3,skf - rodajes,0.0,,0.0,0.0,0.0,,rojo,4,1.6214482609036103,2023-04-21,3.3,30.0,,0,,0.0,1,0,
2023-09-01,skf-6010-2rs1c3,skf - rodajes,0.0,,0.0,0.0,0.0,,rojo,4,1.2948114280061587,2023-04-21,3.3,30.0,,0,,0.0,1,0,
2024-01-01,skf-6010-2z/c3,skf - rodajes,0.0,,0.0,0.0,0.0,,rojo,4,0.8821691778520995,2023-04-21,3.9,30.0,,0,,0.0,1,0,
2021-11-01,skf-6011-2z/c3,skf - rodajes,0.0,,0.0,0.0,0.0,,rojo,4,0.5182897299323111,2019-11-06,8.67,20.0,,0,,0.0,1,0,
2021-12-01,skf-6012-2z,skf - rodajes,0.0,,0.0,0.0,0.0,,rojo,4,0.3628834458891914,2016-11-25,8.905788166046143,20.0,,0,,0.0,1,0,
2021-03-01,skf-6012-2z/c3,skf - rodajes,0.0,,0.0,0.0,0.0,,rojo,4,0.2793810121288163,2019-10-07,8.95,20.0,,0,,0.0,1,0,
2023-08-01,skf-6016-2rs1/c3,skf - rodajes,0.0,,0.0,0.0,0.0,,rojo,4,0.5574727006738897,2023-04-21,10.5,20.0,,0,,0.0,1,0,
2023-12-01,skf-607-2rsh/c3,skf - rodajes,0.0,,0.0,0.0,0.0,,rojo,4,1.1531868566360002,2023-04-21,0.69,200.0,,0,,0.0,1,0,
2024-08-01,skf-607-2z,skf - rodajes,0.0,,0.0,0.0,0.0,,rojo,4,0.6647955918848593,2023-04-21,0.69,20.0,,0,,0.0,1,0,
2024-04-01,skf-608-2rsh,skf - rodajes,0.0,,0.0,0.0,0.0,,rojo,4,0.6171834843789374,2023-04-21,0.75,200.0,,0,,0.0,1,0,
2024-04-01,skf-609-2rs1,skf - rodajes,114.0,,0.0,0.0,0.0,,rojo,4,0.306671124608755,2016-02-02,1.6236950719356538,200.0,,0,,0.0,1,0,
2023-06-01,skf-609-2rsh/c3,skf - rodajes,0.0,,0.0,0.0,0.0,,rojo,4,0.5679015207119984,2023-04-21,0.84,50.0,,0,,0.0,1,0,
2024-03-01,skf-609-2z/c3,skf - rodajes,55.0,,0.0,0.0,0.0,,rojo,4,0.4739681988836126,2023-04-21,0.81,100.0,,0,,0.0,1,0,
2023-06-01,skf-6200-2z,skf - rodajes,0.0,,0.0,0.0,0.0,,rojo,4,0.6762092274139541,2023-04-21,0.96,10.0,,0,,0.0,1,0,
2022-04-01,skf-6201-2rsh,skf - rodajes,0.0,,0.0,0.0,0.0,,rojo,4,0.18518518518518512,2019-04-11,1.48,200.0,,0,,0.0,1,0,
2023-02-01,skf-6201-2z,skf - rodajes,0.0,,0.0,0.0,0.0,,rojo,4,0.5620826616798532,2019-01-17,1.32,200.0,,0,,0.0,1,0,
2024-01-01,skf-6202-2z/c3,skf - rodajes,0.0,,0.0,0.0,0.0,,rojo,4,0.5675563961236239,2023-04-21,1.05,200.0,,0,,0.0,1,0,
2022-01-01,skf-6203-2rsh,skf - rodajes,0.0,,0.0,0.0,0.0,,rojo,4,0.9427131072410633,2019-07-04,1.82,500.0,,0,,0.0,1,0,
2021-08-01,skf-6205-2z,skf - rodajes,0.0,,0.0,0.0,0.0,,rojo,4,0.4054221805318734,2019-11-06,2.06,200.0,,0,,0.0,1,0,
2023-12-01,skf-6205-2z/c3,skf - rodajes,0.0,,0.0,0.0,0.0,,rojo,4,0.6118441390862692,2023-04-21,1.71,200.0,,0,,0.0,1,0,
2023-07-01,skf-6206-2rs1,skf - rodajes,0.0,,0.0,0.0,0.0,,rojo,4,0.8717938273441878,2023-04-21,2.55,150.0,,0,,0.0,1,0,
2024-04-01,skf-6207-2rs1,skf - rodajes,0.0,,0.0,0.0,0.0,,rojo,4,0.3418583426078794,2023-04-21,3.3,100.0,,0,,0.0,1,0,
2024-01-01,skf-6208-2rs1c3,skf - rodajes,0.0,,0.0,0.0,0.0,,rojo,4,1.9659407082349785,2023-04-21,4.2,100.0,,0,,0.0,1,0,
2021-02-01,skf-6209-2z,skf - rodajes,0.0,,0.0,0.0,0.0,,rojo,4,0.2679893584244799,2019-11-06,6.54,20.0,,0,,0.0,1,0,
2024-01-01,skf-6209-2z/c3,skf - rodajes,0.0,,0.0,0.0,0.0,,rojo,4,0.7619971999635248,2023-04-21,4.8,100.0,,0,,0.0,1,0,
2021-08-01,skf-6210-2rs1,skf - rodajes,0.0,,0.0,0.0,0.0,,rojo,4,0.8152333431171117,2019-01-17,9.7,30.0,,0,,0.0,1,0,
2023-06-01,skf-6210-2z/c3,skf - rodajes,0.0,,0.0,0.0,0.0,,rojo,4,0.602992018556042,2023-04-21,6.0,30.0,,0,,0.0,1,0,
2021-02-01,skf-6211-2rs1,skf - rodajes,0.0,,0.0,0.0,0.0,,rojo,4,0.25131325407763017,2016-11-25,10.464301095104219,50.0,,0,,0.0,1,0,
2024-01-01,skf-6211-2rs1c3,skf - rodajes,0.0,,0.0,0.0,0.0,,rojo,4,0.5237968859754479,2023-04-21,7.5,30.0,,0,,0.0,1,0,
2024-01-01,skf-6211-2z/c3,skf - rodajes,0.0,,0.0,0.0,0.0,,rojo,4,0.6544893996783196,2023-04-21,7.5,30.0,,0,,0.0,1,0,
2021-05-01,skf-6212-2rs1,skf - rodajes,0.0,,0.0,0.0,0.0,,rojo,4,0.32711867709425996,2016-02-02,16.49848549604416,30.0,,0,,0.0,1,0,
2023-12-01,skf-6212-2rs1c3,skf - rodajes,0.0,,0.0,0.0,0.0,,rojo,4,1.1687869191875946,2023-04-21,8.4,30.0,,0,,0.0,1,0,
2021-10-01,skf-6213-2rs1,skf - rodajes,0.0,,0.0,0.0,0.0,,rojo,4,0.604612927934954,2016-02-02,23.461848925352097,20.0,,0,,0.0,1,0,
2021-04-01,skf-6213-2rs1c3,skf - rodajes,0.0,,0.0,0.0,0.0,,rojo,4,0.3389397680421591,2019-01-17,20.77,30.0,,0,,0.0,1,0,
2021-05-01,skf-6213-2z/c3,skf - rodajes,0.0,,0.0,0.0,0.0,,rojo,4,0.7446995273463874,2018-06-18,24.74,20.0,,0,,0.0,1,0,
2024-01-01,skf-62201-2rs1,skf - rodajes,0.0,,0.0,0.0,0.0,,rojo,4,3.1282854974686134,2023-04-21,1.2,200.0,,0,,0.0,1,0,
2023-10-01,skf-625-2rs1,skf - rodajes,0.0,,0.0,0.0,0.0,,rojo,4,0.8121096944572062,2023-04-21,0.75,200.0,,0,,0.0,1,0,
2023-08-01,skf-625-2z,skf - rodajes,0.0,,0.0,0.0,0.0,,rojo,4,0.8712206797649933,2023-04-21,0.75,50.0,,0,,0.0,1,0,
2024-02-01,skf-627-2rsh/c3,skf - rodajes,0.0,,0.0,0.0,0.0,,rojo,4,0.5681712798659267,2023-04-21,0.72,30.0,,0,,0.0,1,0,
2024-07-01,skf-629-2z/c3,skf - rodajes,45.0,,0.0,0.0,0.0,,rojo,4,0.36175193861004235,2020-11-05,1.27,200.0,,0,,0.0,1,0,
2024-01-01,skf-6300-2rsh,skf - rodajes,0.0,,0.0,0.0,0.0,,rojo,4,0.19694160811845673,2019-04-11,1.91,100.0,,0,,0.0,1,0,
2024-06-01,skf-6300-2z,skf - rodajes,27.0,,0.0,0.0,0.0,,rojo,4,0.3377991236939668,2016-11-25,1.598014408826828,50.0,,0,,0.0,1,0,
2024-01-01,skf-6300-2z/c3,skf - rodajes,0.0,,0.0,0.0,0.0,,rojo,4,0.21885487324309297,2019-04-11,1.69,100.0,,0,,0.0,1,0,
2021-12-01,skf-6301-2z,skf - rodajes,0.0,,0.0,0.0,0.0,,rojo,4,0.5970402165681623,2019-04-11,1.63,100.0,,0,,0.0,1,0,
2024-02-01,skf-6301-2z/c3,skf - rodajes,0.0,,0.0,0.0,0.0,,rojo,4,0.6915643073516643,2023-04-21,1.26,30.0,,0,,0.0,1,0,
2024-04-01,skf-6302-2rsh/c3,skf - rodajes,0.0,,0.0,0.0,0.0,,rojo,4,0.9763346353981373,2023-04-21,1.35,100.0,,0,,0.0,1,0,
2021-07-01,skf-6302-2z/c3,skf - rodajes,0.0,,0.0,0.0,0.0,,rojo,4,0.3087200481556335,2019-07-04,1.9,100.0,,0,,0.0,1,0,
2023-09-01,skf-6303-2rsh,skf - rodajes,0.0,,0.0,0.0,0.0,,rojo,4,0.4814433795327926,2023-04-21,1.65,100.0,,0,,0.0,1,0,
2023-11-01,skf-6303-2rsh/c3,skf - rodajes,0.0,,0.0,0.0,0.0,,rojo,4,0.8924833998750614,2023-04-21,1.65,300.0,,0,,0.0,1,0,
2021-04-01,skf-6303-2z,skf - rodajes,0.0,,0.0,0.0,0.0,,rojo,4,0.329896907216495,2016-11-25,2.016476608943939,50.0,,0,,0.0,1,0,
2021-04-01,skf-6303-2z/c3,skf - rodajes,0.0,,0.0,0.0,0.0,,rojo,4,0.3171052631578948,2019-11-06,2.21,100.0,,0,,0.0,1,0,
2023-05-01,skf-6304-2rsh/c3,skf - rodajes,0.0,,0.0,0.0,0.0,,rojo,4,1.0002762299514412,2023-04-21,1.8,150.0,,0,,0.0,1,0,
2023-10-01,skf-6304-2z/c3,skf - rodajes,0.0,,0.0,0.0,0.0,,rojo,4,0.6353313758532837,2023-04-21,2.1,100.0,,0,,0.0,1,0,
2021-02-01,skf-6305-2rs1,skf - rodajes,0.0,,0.0,0.0,0.0,,rojo,4,0.27911646586345396,2019-01-17,3.51,400.0,,0,,0.0,1,0,
2021-03-01,skf-6305-2z,skf - rodajes,0.0,,0.0,0.0,0.0,,rojo,4,0.3153406768472229,2019-11-06,3.22,200.0,,0,,0.0,1,0,
2023-07-01,skf-6306-2rs1c3,skf - rodajes,0.0,,0.0,0.0,0.0,,rojo,4,0.6426111941335736,2023-04-21,3.9,150.0,,0,,0.0,1,0,
2021-05-01,skf-6306-2z,skf - rodajes,0.0,,0.0,0.0,0.0,,rojo,4,0.3622744027857973,2019-11-06,4.45,50.0,,0,,0.0,1,0,
2021-04-01,skf-6306-2z/c3,skf - rodajes,0.0,,0.0,0.0,0.0,,rojo,4,0.310146171042076,2019-11-06,4.45,500.0,,0,,0.0,1,0,
2021-02-01,skf-6307-2rs1,skf - rodajes,0.0,,0.0,0.0,0.0,,rojo,4,0.2400444152828951,2016-02-02,7.497330265045166,100.0,,0,,0.0,1,0,
2021-10-01,skf-6307-2rs1c3,skf - rodajes,0.0,,0.0,0.0,0.0,,rojo,4,0.4815173986809176,2019-11-06,6.97,300.0,,0,,0.0,1,0,
2021-02-01,skf-6307-2z,skf - rodajes,0.0,,0.0,0.0,0.0,,rojo,4,0.26417704011065,2019-11-06,6.28,50.0,,0,,0.0,1,0,
2021-03-01,skf-6308-2rs1,skf - rodajes,0.0,,0.0,0.0,0.0,,rojo,4,0.16056378933632756,2016-11-25,9.409432033097744,200.0,,0,,0.0,1,0,
2024-06-01,skf-6308-2z/c3,skf - rodajes,0.0,,0.0,0.0,0.0,,rojo,4,0.729847494553377,2019-01-17,7.84,300.0,,0,,0.0,1,0,
2024-03-01,skf-6309-2z,skf - rodajes,0.0,,0.0,0.0,0.0,,rojo,4,0.34419712945703407,2023-04-21,8.1,30.0,,0,,0.0,1,0,
2023-10-01,skf-6309-2zc3,skf - rodajes,0.0,,0.0,0.0,0.0,,rojo,4,0.669674678098228,2023-04-21,8.1,50.0,,0,,0.0,1,0,
2023-07-01,skf-6310-2rs1c3,skf - rodajes,0.0,,0.0,0.0,0.0,,rojo,4,0.7060745946813155,2023-04-21,10.5,30.0,,0,,0.0,1,0,
2021-03-01,skf-6310-2z,skf - rodajes,0.0,,0.0,0.0,0.0,,rojo,4,0.31212559388556094,2019-04-11,13.96,20.0,,0,,0.0,1,0,
2023-10-01,skf-6310-2z/c3,skf - rodajes,0.0,,0.0,0.0,0.0,,rojo,4,0.5205926111251652,2023-04-21,10.5,30.0,,0,,0.0,1,0,
2023-07-01,skf-6311-2rs1c3,skf - rodajes,0.0,,0.0,0.0,0.0,,rojo,4,1.2888136787868418,2023-04-21,12.0,30.0,,0,,0.0,1,0,
2024-04-01,skf-6311-2z/c3,skf - rodajes,0.0,,0.0,0.0,0.0,,rojo,4,0.6731146302475325,2023-04-21,12.0,30.0,,0,,0.0,1,0,
2023-12-01,skf-6312-2rs1c3,skf - rodajes,0.0,,0.0,0.0,0.0,,rojo,4,0.9410998702392276,2023-04-21,15.0,30.0,,0,,0.0,1,0,
2023-07-01,skf-6312-2z/c3,skf - rodajes,0.0,,0.0,0.0,0.0,,rojo,4,0.5447268054965319,2023-04-21,15.0,30.0,,0,,0.0,1,0,
2023-06-01,skf-6313-2rs1c3,skf - rodajes,0.0,,0.0,0.0,0.0,,rojo,4,0.7087112468713451,2023-04-21,17.1,20.0,,0,,0.0,1,0,
2023-06-01,skf-6313-2z/c3,skf - rodajes,0.0,,0.0,0.0,0.0,,rojo,4,0.4348926732554159,2023-04-21,17.1,20.0,,0,,0.0,1,0,
2023-06-01,skf-6314-2rs1c3,skf - rodajes,0.0,,0.0,0.0,0.0,,rojo,4,0.7721237147447639,2023-04-21,21.0,20.0,,0,,0.0,1,0,
2023-06-01,skf-6314-2z/c3,skf - rodajes,0.0,,0.0,0.0,0.0,,rojo,4,0.5666843982120902,2023-04-21,21.0,20.0,,0,,0.0,1,0,
2024-04-01,skf-lm11949/910,skf - rodajes,0.0,,0.0,0.0,0.0,,rojo,4,0.3616993493167097,2023-04-21,3.3,50.0,,0,,0.0,1,0,
2024-04-01,skf-lm67048/010,skf - rodajes,0.0,,0.0,0.0,0.0,,rojo,4,0.595990896255171,2023-04-21,3.6,20.0,,0,,0.0,1,0,
2022-10-01,skhd-013,seco - embragues,0.0,,0.0,0.0,0.0,,rojo,4,0.3875831145671586,2022-02-05,37.47,30.0,,0,,0.0,1,0,
2025-03-01,skhd-6449-lb,seco - embragues,0.0,,58.0,4834.76,2973.395,,rojo,0,0.36072708251451846,2024-07-18,45.7181,200.0,,0,,0.0,1,0,
2024-04-01,skki-138,seco - embragues,0.0,,0.0,0.0,0.0,,rojo,4,0.3730631356256573,2022-02-05,33.83,100.0,,0,,0.0,1,0,
2025-03-01,skr-micro0.9,sakura - radiadores,1221.0,,29.0,4083.75,680.625,,rojo,0,1.4829881540378351,2025-01-31,1.1,180.0,,0,,0.0,1,0,
2025-03-01,skr-micro1.1,sakura - radiadores,1346.0,,24.0,4210.76,701.7933333333334,,rojo,0,1.2894407625879027,2025-01-31,1.1,1440.0,,0,,0.0,1,0,
2025-03-01,skr-mini0.9,sakura - radiadores,1053.0,,29.0,5354.5199999999995,892.42,,rojo,0,1.456120691635101,2025-01-31,1.1,360.0,,0,,0.0,1,0,
2025-03-01,skr-mini1.1,sakura - radiadores,923.0,,43.0,10938.4,1823.0666666666666,,rojo,0,1.3625195746713916,2025-01-31,1.1,540.0,,0,,0.0,1,0,
2023-08-01,sm001,ito koyama - torretas,0.0,,0.0,0.0,0.0,,rojo,6,0.656976082362058,2023-05-19,1.76,90.0,,0,,0.0,1,0,
2023-08-01,sm002,ito koyama - torretas,0.0,,0.0,0.0,0.0,,rojo,6,0.6704616292755688,2023-05-19,2.11,90.0,,0,,0.0,1,0,
2023-07-01,sm004,ito koyama - torretas,0.0,,0.0,0.0,0.0,,rojo,6,0.6198141976311675,2023-05-19,5.02,60.0,,0,,0.0,1,0,
2023-09-01,sm007,ito koyama - torretas,0.0,,0.0,0.0,0.0,,rojo,6,0.6928969289849051,2023-05-19,2.82,300.0,,0,,0.0,1,0,
2023-07-01,sm011,ito koyama - torretas,0.0,,0.0,0.0,0.0,,rojo,6,0.6455505666387716,2023-05-19,7.76,60.0,,0,,0.0,1,0,
2023-08-01,sm012,ito koyama - torretas,0.0,,0.0,0.0,0.0,,rojo,6,0.6441810602529844,2023-05-19,4.73,120.0,,0,,0.0,1,0,
2023-07-01,sm015,ito koyama - torretas,0.0,,0.0,0.0,0.0,,rojo,6,0.6266929728706951,2023-05-19,6.09,120.0,,0,,0.0,1,0,
2023-04-01,sm022,ito koyama - torretas,0.0,,0.0,0.0,0.0,,rojo,6,0.6385755640252214,2022-08-15,4.52,200.0,,0,,0.0,1,0,
2023-05-01,sm023,ito koyama - torretas,0.0,,0.0,0.0,0.0,,rojo,6,0.6469526614665886,2022-08-15,4.52,200.0,,0,,0.0,1,0,
2023-06-01,sm036,ito koyama - torretas,0.0,,0.0,0.0,0.0,,rojo,6,0.6877552065563567,2023-05-19,4.22,90.0,,0,,0.0,1,0,
2023-07-01,sm037,ito koyama - torretas,0.0,,0.0,0.0,0.0,,rojo,6,0.6700988664444875,2023-05-19,4.22,60.0,,0,,0.0,1,0,
2024-04-01,sm049,ito koyama - torretas,0.0,,0.0,0.0,0.0,,rojo,6,0.6880163453694987,2023-05-19,0.6,120.0,,0,,0.0,1,0,
2023-08-01,sm050,ito koyama - torretas,0.0,,0.0,0.0,0.0,,rojo,6,0.6871567892696651,2023-05-19,0.8,240.0,,0,,0.0,1,0,
2023-08-01,sm052,ito koyama - torretas,0.0,,0.0,0.0,0.0,,rojo,6,0.6271994698022825,2023-05-19,4.62,120.0,,0,,0.0,1,0,
2023-07-01,sm11r22.5,deruibo,0.0,,0.0,0.0,0.0,,rojo,4,0.25212813951810154,2023-02-09,99.0,130.0,,0,,0.0,1,0,
2023-10-01,sm315/80r22.5,deruibo,2.0,,0.0,0.0,0.0,,rojo,4,0.2836039672974954,2023-02-09,107.0,30.0,,0,,0.0,1,0,
2024-10-01,sp-2081-2,mann - brasil,0.0,,6.0,0.0,1390.3966666666668,,rojo,4,0.3910609491864469,2024-09-24,61.11450374126434,84.0,,0,,0.0,1,0,
2021-09-01,srb-02,seco - embragues,0.0,,0.0,0.0,0.0,,rojo,4,0.4231903023122596,2019-02-13,5.75,100.0,,0,,0.0,1,0,
2025-03-01,srb-04,seco - embragues,38.0,,2.0,46.61,7.7683333333333335,,rojo,0,0.48722763331618657,2023-05-23,5.96,50.0,,0,,0.0,1,0,
2021-12-01,srb-07,seco - embragues,0.0,,0.0,0.0,0.0,,rojo,4,0.442340206185567,2019-02-13,7.23,50.0,,0,,0.0,1,0,
2024-07-01,srb-116,seco - embragues,192.0,,0.0,0.0,0.0,,rojo,4,0.3369498505982415,2023-05-23,9.94,200.0,,0,,0.0,1,0,
2023-06-01,srch002,ito koyama - cremalleras,0.0,,0.0,0.0,0.0,,rojo,6,0.45283597637237455,2021-08-31,69.02,30.0,,0,,0.0,1,0,
2025-03-01,srhy004,ito koyama - cremalleras,12.0,,5.0,166.9,75.44,,rojo,0,0.5588280925602674,2024-09-13,32.0,20.0,,0,,0.0,1,0,
2025-03-01,srhy005,ito koyama - cremalleras,19.0,,4.0,113.59,103.83833333333332,,rojo,0,0.5642456157372487,2024-09-13,32.0,30.0,,0,,0.0,1,0,
2025-01-01,srhy010,ito koyama - cremalleras,34.0,,4.0,70.14,70.15499999999999,,rojo,0,0.6271947931040671,2024-09-13,38.0,40.0,,0,,0.0,1,0,
2024-12-01,srki002,ito koyama - cremalleras,0.0,,9.0,0.0,497.43333333333334,,rojo,6,0.5486899213291397,2024-09-13,42.0,20.0,,0,,0.0,1,0,
2023-08-01,srni002,ito koyama - cremalleras,0.0,,0.0,0.0,0.0,,rojo,6,0.6463818733135402,2023-05-18,56.84,20.0,,0,,0.0,1,0,
2025-02-01,srni008,ito koyama - cremalleras,21.0,,2.0,408.64,90.255,,rojo,0,0.6285040127438982,2024-09-13,72.0,25.0,,0,,0.0,1,0,
2025-03-01,srsk001,ito koyama - cremalleras,33.0,,6.0,328.49,125.315,,rojo,0,0.5556415516438032,2024-09-13,60.0,40.0,,0,,0.0,1,0,
2025-03-01,srsk003,ito koyama - cremalleras,16.0,,4.0,955.0799999999999,210.16666666666666,,rojo,0,0.5993131081854608,2024-09-13,85.0,20.0,,0,,0.0,1,0,
2025-01-01,srto005,ito koyama - cremalleras,0.0,,14.0,329.26,577.9933333333333,,rojo,0,0.6668527577177813,2024-09-13,59.0,30.0,,0,,0.0,1,0,
2021-04-01,srto006,sin definicion,0.0,,0.0,0.0,0.0,,rojo,0,0.5685925225579895,2020-01-29,78.0,100.0,,0,,0.0,1,0,
2025-02-01,srto010,ito koyama - cremalleras,24.0,,4.0,90.81,45.541666666666664,,rojo,0,0.6053983053761387,2024-09-13,24.0,30.0,,0,,0.0,1,0,
2025-02-01,srto012,ito koyama - cremalleras,0.0,,12.0,689.6600000000001,329.6166666666667,,rojo,0,0.6202227885163291,2024-09-13,53.0,20.0,,0,,0.0,1,0,
2025-01-01,srto013,ito koyama - cremalleras,0.0,,8.0,211.26999999999998,487.5416666666667,,rojo,0,0.6186728127890236,2024-09-13,38.0,40.0,,0,,0.0,1,0,
2024-12-01,srto016,ito koyama - cremalleras,0.0,,10.0,0.0,238.06500000000003,,rojo,6,0.5838882421132732,2024-09-13,40.0,20.0,,0,,0.0,1,0,
2024-12-01,srvw002,ito koyama - cremalleras,25.0,,4.0,0.0,86.77166666666666,,rojo,6,0.5668790444994807,2024-09-13,58.0,30.0,,0,,0.0,1,0,
2024-04-01,ssucfl205,nas - chumaceras,10.0,,0.0,0.0,0.0,,rojo,4,0.312434259954921,2019-11-21,9.5,50.0,,0,,0.0,1,0,
2022-08-01,ssucfl20516,nas - chumaceras,17.0,,0.0,0.0,0.0,,rojo,4,0.5611570247933884,2019-11-21,9.5,50.0,,0,,0.0,1,0,
2024-12-01,ssucp20516,nas - chumaceras,11.0,,1.0,0.0,20.198333333333334,,rojo,4,0.20711223821918998,2019-11-21,10.5,50.0,,0,,0.0,1,0,
2021-06-01,ssucp20720,nas - chumaceras,20.0,,0.0,0.0,0.0,,rojo,4,0.3968643789058217,2019-11-21,18.6,50.0,,0,,0.0,1,0,
2024-12-01,ssucp20824,nas - chumaceras,14.0,,1.0,0.0,46.27166666666667,,rojo,4,0.2836210617177386,2019-11-21,18.9,50.0,,0,,0.0,1,0,
2021-10-01,st-1538,toyo - japon,0.0,,0.0,0.0,0.0,,rojo,4,0.33845275836789007,2020-04-07,3.57,100.0,,0,,0.0,1,0,
2022-01-01,st-1948,toyo - japon,0.0,,0.0,0.0,0.0,,rojo,4,0.4758683198191369,2020-04-07,5.08,50.0,,0,,0.0,1,0,
2024-04-01,std295/80r22.5,deruibo,0.0,,0.0,0.0,0.0,,rojo,4,0.39746594186439566,2024-02-13,91.0,30.0,,0,,0.0,1,0,
2024-08-01,stm11r22.5,deruibo,0.0,,0.0,0.0,0.0,,rojo,4,0.2855350832993824,2024-02-13,88.0,404.0,,0,,0.0,1,0,
2024-03-01,stm12r22.5,deruibo,0.0,,0.0,0.0,0.0,,rojo,4,0.32616993984498444,2024-02-13,100.0,50.0,,0,,0.0,1,0,
2024-05-01,stp12r22.5,deruibo,0.0,,0.0,0.0,0.0,,rojo,4,0.3263621949998711,2024-02-13,115.0,34.0,,0,,0.0,1,0,
2024-04-01,stpp12r22.5,deruibo,0.0,,0.0,0.0,0.0,,rojo,4,0.3434309833875028,2024-02-13,117.0,34.0,,0,,0.0,1,0,
2025-03-01,szc512,exedy - japon,1.0,,6.0,121.49,56.775,,rojo,0,0.24448719438104244,2024-08-09,19.39,20.0,,0,,0.0,1,0,
2025-02-01,szc522,exedy - japon,0.0,,3.0,157.32,54.51499999999999,,rojo,0,0.25320890516883526,2024-08-09,32.61,8.0,,0,,0.0,1,0,
2025-03-01,szc527,exedy - japon,76.0,,8.0,622.91,143.50333333333333,,rojo,0,0.2604427857795401,2024-08-09,20.47,120.0,,0,,0.0,1,0,
2025-03-01,szc548u,exedy - japon,39.0,,4.0,408.08,120.415,,rojo,0,0.2295987935404046,2024-08-09,36.25,60.0,,0,,0.0,1,0,
2025-03-01,szd005,exedy - japon,4.0,,4.0,129.98000000000002,26.395,,rojo,0,0.2408366926516067,2024-08-09,21.05,20.0,,0,,0.0,1,0,
2025-03-01,szd027u,exedy - japon,52.0,,5.0,317.26,66.86,,rojo,0,0.2552250890640208,2024-08-09,21.44,80.0,,0,,0.0,1,0,
2025-03-01,szd039,exedy - japon,24.0,,5.0,131.67000000000002,55.56,,rojo,0,0.2210828354911595,2024-08-09,21.01,40.0,,0,,0.0,1,0,
2025-03-01,t017n,ito koyama - resortes,30.0,,7.0,582.16,115.81,,rojo,0,1.0444756771758146,2024-01-22,8.4,152.0,,0,,0.0,1,0,
2024-11-01,t022n,ito koyama - resortes,2.0,,1.0,0.0,3.8699999999999997,,rojo,6,0.9569313593539703,2024-01-22,5.57,304.0,,0,,0.0,1,0,
2025-03-01,t025n,ito koyama - resortes,58.0,,8.0,229.10000000000002,60.72666666666667,,rojo,0,0.9566306174134631,2024-01-22,5.09,152.0,,0,,0.0,1,0,
2025-03-01,t026n,ito koyama - resortes,80.0,,2.0,77.07,12.844999999999999,,rojo,0,1.110486614406153,2024-01-22,4.25,184.0,,0,,0.0,1,0,
2025-03-01,t028n,ito koyama - resortes,90.0,,5.0,51.55,27.76,,rojo,0,0.9877005698435269,2024-01-22,3.94,304.0,,0,,0.0,1,0,
2024-10-01,t032n,ito koyama - resortes,0.0,,5.0,0.0,47.055,,rojo,6,0.966980716667577,,,,,0,,0.0,1,0,
2021-06-01,t034,sin definicion,0.0,,0.0,0.0,0.0,,rojo,0,0.5990387305366961,2021-03-13,4.5,60.0,,0,,0.0,1,0,
2025-03-01,t038n,ito koyama - resortes,131.0,,13.0,445.98,122.41833333333334,,rojo,0,1.0427538177167543,2024-01-22,4.5,744.0,,0,,0.0,1,0,
2025-03-01,t041n,ito koyama - resortes,0.0,,8.0,155.51,64.93166666666666,,rojo,0,0.6413254862779406,2024-01-22,5.9,184.0,,0,,0.0,1,0,
2025-03-01,t1003,ito koyama - trapecios,23.0,,2.0,76.27,24.901666666666667,,rojo,0,0.7834339557355671,2024-03-19,18.857,30.0,,0,,0.0,1,0,
2025-03-01,t1004,ito koyama - trapecios,23.0,,2.0,76.27,24.901666666666667,,rojo,0,0.7834339557355671,2024-03-19,18.857,30.0,,0,,0.0,1,0,
2025-03-01,t1007,ito koyama - trapecios,47.0,,18.0,409.92,68.32000000000001,,rojo,0,0.7472993481423539,2024-12-10,3.5,100.0,,0,,0.0,1,0,
2025-03-01,t1008,ito koyama - trapecios,55.0,,15.0,318.53000000000003,53.08833333333334,,rojo,0,0.7583610254486707,2024-12-10,3.5,100.0,,0,,0.0,1,0,
2024-10-01,t1093,ito koyama - trapecios,2.0,,1.0,0.0,5.658333333333334,,rojo,6,0.6222469948592949,2024-03-19,8.857,30.0,,0,,0.0,1,0,
2024-10-01,t1094,ito koyama - trapecios,0.0,,1.0,0.0,5.658333333333334,,rojo,6,0.6296110035224577,2024-03-19,8.857,30.0,,0,,0.0,1,0,
2025-03-01,t1110,ito koyama - trapecios,91.0,,7.0,285.06,47.51,,rojo,0,0.7156871691470196,2024-12-10,6.9,100.0,,0,,0.0,1,0,
2025-03-01,t1111,ito koyama - trapecios,88.0,,9.0,364.54,60.75666666666667,,rojo,0,0.7255462913529781,2024-12-10,6.9,100.0,,0,,0.0,1,0,
2022-05-01,t1156,sin definicion,0.0,,0.0,0.0,0.0,,rojo,0,0.5786845875945155,2021-05-27,14.85,40.0,,0,,0.0,1,0,
2025-03-01,t1163,ito koyama - trapecios,25.0,,7.0,278.17,46.36166666666667,,rojo,0,0.6609301633550474,2024-12-10,9.86,40.0,,0,,0.0,1,0,
2025-03-01,t1164,ito koyama - trapecios,25.0,,7.0,278.17,46.36166666666667,,rojo,0,0.6894933830882194,2024-12-10,9.86,40.0,,0,,0.0,1,0,
2025-01-01,t1173,ito koyama - trapecios,32.0,,2.0,56.2,9.366666666666667,,rojo,0,0.5934006409012815,2021-05-27,15.22,40.0,,0,,0.0,1,0,
2025-01-01,t1173l,ito koyama - trapecios,32.0,,2.0,65.86,10.976666666666667,,rojo,0,0.4602977487291213,2022-02-14,15.22,40.0,,0,,0.0,1,0,
2024-10-01,t1178,ito koyama - trapecios,22.0,,1.0,0.0,11.725,,rojo,6,0.5160435296313196,2024-03-19,9.714333,30.0,,0,,0.0,1,0,
2025-01-01,t1179,ito koyama - trapecios,20.0,,2.0,72.07,23.736666666666665,,rojo,0,0.5463906033322827,2024-03-19,9.714333,30.0,,0,,0.0,1,0,
2024-06-01,t1184,ito koyama - trapecios,0.0,,0.0,0.0,0.0,,rojo,6,-0.13252660428421986,2021-05-27,3.67,40.0,,0,,0.0,1,0,
2025-03-01,t1198,ito koyama - trapecios,0.0,,6.0,36.95,43.345,,rojo,0,0.6007336097842079,2024-03-19,11.14,50.0,,0,,0.0,1,0,
2025-03-01,t1199,ito koyama - trapecios,0.0,,6.0,36.95,40.12166666666667,,rojo,0,0.5997847440770401,2024-03-19,11.14,50.0,,0,,0.0,1,0,
2022-09-01,t1220,sin definicion,0.0,,0.0,0.0,0.0,,rojo,0,0.5943351025059695,,,,,0,,0.0,1,0,
2022-09-01,t1221,sin definicion,0.0,,0.0,0.0,0.0,,rojo,0,0.5943351025059695,,,,,0,,0.0,1,0,
2021-11-01,t1224,sin definicion,0.0,,0.0,0.0,0.0,,rojo,0,0.7488017223039696,,,,,0,,0.0,1,0,
2021-10-01,t1225,sin definicion,0.0,,0.0,0.0,0.0,,rojo,0,0.7444495043330626,,,,,0,,0.0,1,0,
2025-03-01,t1234,ito koyama - trapecios,56.0,,12.0,706.29,117.71499999999999,,rojo,0,0.7270860501049762,2024-12-10,15.43,80.0,,0,,0.0,1,0,
2025-03-01,t1235,ito koyama - trapecios,56.0,,12.0,688.62,114.77,,rojo,0,0.7219012530985129,2024-12-10,15.43,80.0,,0,,0.0,1,0,
2025-02-01,t1236,ito koyama - trapecios,2.0,,1.0,24.18,4.03,,rojo,0,0.6173505140576638,2024-06-11,14.29,20.0,,0,,0.0,1,0,
2024-09-01,t1237,ito koyama - trapecios,0.0,,0.0,0.0,0.0,,rojo,6,0.6907531202805068,2024-03-19,14.29,20.0,,0,,0.0,1,0,
2025-03-01,t1238,ito koyama - trapecios,48.0,,8.0,173.37,28.895,,rojo,0,1.10774331028578,2024-12-10,5.43,61.0,,0,,0.0,1,0,
2025-03-01,t1239,ito koyama - trapecios,49.0,,8.0,173.36,28.893333333333334,,rojo,0,1.097884730099051,2024-12-10,5.43,61.0,,0,,0.0,1,0,
2025-03-01,t1240,ito koyama - trapecios,47.0,,2.0,42.8,34.64666666666667,,rojo,0,0.974636040875308,,,,,0,,0.0,1,0,
2025-03-01,t1241,ito koyama - trapecios,47.0,,2.0,42.8,34.64666666666667,,rojo,0,0.974636040875308,,,,,0,,0.0,1,0,
2023-01-01,t1801-01,zekiturbo,0.0,,0.0,0.0,0.0,,rojo,4,-0.8054503936061534,2011-05-14,330.0,2.0,,0,,0.0,1,0,
2022-07-01,tapasoles,sin definicion,0.0,,0.0,0.0,0.0,,rojo,0,-1.0,2022-01-10,8.220417125806332,1000.0,,0,,0.0,1,0,
2025-04-01,tb-1374/13x,mann - brasil,449.0,,27.0,2064.06,694.8566666666667,,rojo,0,0.376906210597297,2024-09-24,15.623089501857757,201.0,,0,,0.0,1,0,
2021-09-01,tb-1396x,sin definicion,0.0,,0.0,0.0,0.0,,rojo,0,0.3506747831431888,2018-10-12,50.00115933895111,20.0,,0,,0.0,1,0,
2023-08-01,tb-15001zkit,mann - brasil,0.0,,0.0,0.0,0.0,,rojo,4,0.22970142415300354,2017-04-20,72.95852045536041,30.0,,0,,0.0,1,0,
2025-03-01,tc-4301,sakura filter,133.0,,3.0,77.27,15.04,,rojo,0,0.8170380648962651,2022-11-22,3.0,50.0,,0,,0.0,1,0,
2024-05-01,tc-7901,sakura filter,157.0,,0.0,0.0,0.0,,rojo,6,0.9434964317090692,2023-09-28,1.56,36.0,,0,,0.0,1,0,
2025-01-01,te-11050,sakura filter,95.0,,2.0,17.22,7.3183333333333325,,rojo,0,0.8256070640176599,2024-11-30,4.15,40.0,,0,,0.0,1,0,
2025-01-01,te-13020,sakura filter,58.0,,4.0,11.27,43.086666666666666,,rojo,0,0.846363957213785,2024-01-18,5.5,126.0,,0,,0.0,1,0,
2025-03-01,te-18680,sakura filter,239.0,,5.0,110.6,18.433333333333334,,rojo,0,0.810190155854079,2024-12-26,0.9,300.0,,0,,0.0,1,0,
2022-10-01,televisor,sin definicion,0.0,,0.0,0.0,0.0,,rojo,0,-1.0,2022-08-22,5430.252916681091,1.0,,0,,0.0,1,0,
2025-01-01,tgts-002,aisin - japon,2.0,,2.0,0.0,75.75833333333333,,rojo,0,0.30398393782011224,2022-11-15,112.28,10.0,,0,,0.0,1,0,
2025-03-01,tjbyd02,ito koyama - tricetas,16.0,,36.0,250.18,122.005,,rojo,0,0.8920461165713446,2024-08-15,2.85,200.0,,0,,0.0,1,0,
2025-02-01,tjbyd03,ito koyama - tricetas,0.0,,35.0,147.29,116.745,,rojo,0,1.1233166047801335,2024-08-15,2.25,200.0,,0,,0.0,1,0,
2025-03-01,tjch01,ito koyama - tricetas,115.0,,15.0,57.09,47.346666666666664,,rojo,0,1.0905050452184155,2024-08-15,2.15,200.0,,0,,0.0,1,0,
2025-03-01,tjch02,ito koyama - tricetas,340.0,,56.0,533.14,235.20333333333335,,rojo,0,0.971023492078082,2024-08-15,1.9,800.0,,0,,0.0,1,0,
2025-03-01,tjch03,ito koyama - tricetas,94.0,,36.0,117.14,99.05833333333334,,rojo,0,0.9100641094176036,2024-08-15,2.3,250.0,,0,,0.0,1,0,
2025-01-01,tjch04,ito koyama - tricetas,65.0,,18.0,15.84,60.09166666666667,,rojo,0,1.1437240309435182,2024-08-15,1.79,200.0,,0,,0.0,1,0,
2025-03-01,tjdw01,ito koyama - tricetas,1555.0,,38.0,390.64,147.77833333333334,,rojo,0,0.9232346452765587,2024-08-15,1.45,2000.0,,0,,0.0,1,0,
2025-03-01,tjfd01,ito koyama - tricetas,91.0,,23.0,265.02,130.70166666666668,,rojo,0,1.0095917688921738,2024-08-15,4.75,200.0,,0,,0.0,1,0,
2025-04-01,tjft01,ito koyama - tricetas,119.0,,16.0,45.75,43.80833333333334,,rojo,0,1.1752285964368725,2024-08-15,2.19,200.0,,0,,0.0,1,0,
2025-01-01,tjgw01,ito koyama - tricetas,0.0,,29.0,0.0,74.67999999999999,,rojo,0,0.9906177832222499,2024-08-15,2.0,200.0,,0,,0.0,1,0,
2025-03-01,tjhn01,ito koyama - tricetas,122.0,,17.0,159.93,79.62833333333333,,rojo,0,0.8712601372854744,2024-08-15,4.15,200.0,,0,,0.0,1,0,
2025-03-01,tjhn02,ito koyama - tricetas,215.0,,22.0,433.68,226.08,,rojo,0,1.0697808012587366,2024-08-15,4.15,300.0,,0,,0.0,1,0,
2025-03-01,tjhy02,ito koyama - tricetas,631.0,,54.0,415.51,159.11499999999998,,rojo,0,0.962558853626172,2024-08-15,2.1,1000.0,,0,,0.0,1,0,
2025-03-01,tjhy03,ito koyama - tricetas,20.0,,35.0,300.69,170.86333333333334,,rojo,0,0.9022355788464167,2024-08-15,4.25,200.0,,0,,0.0,1,0,
2025-03-01,tjhy05,ito koyama - tricetas,140.0,,22.0,95.0,96.05833333333334,,rojo,0,1.3080666300817696,2024-08-15,1.85,349.0,,0,,0.0,1,0,
2025-03-01,tjhy06,ito koyama - tricetas,83.0,,20.0,114.54,60.26,,rojo,0,1.2454452597758023,2024-08-15,1.9,200.0,,0,,0.0,1,0,
2025-03-01,tjhy07,ito koyama - tricetas,31.0,,30.0,150.16,178.42333333333332,,rojo,0,1.338224566795363,2024-08-15,1.84,200.0,,0,,0.0,1,0,
2025-03-01,tjhy09,ito koyama - tricetas,182.0,,19.0,419.42,117.41333333333334,,rojo,0,0.9459185610575875,2024-08-15,2.35,300.0,,0,,0.0,1,0,
2025-02-01,tjhy10,ito koyama - tricetas,0.0,,34.0,135.16,218.495,,rojo,0,1.2101908479583685,2024-08-15,4.6,200.0,,0,,0.0,1,0,
2025-03-01,tjki01,ito koyama - tricetas,8.0,,44.0,444.93,374.845,,rojo,0,1.5712462539852405,2024-08-15,1.45,300.0,,0,,0.0,1,0,
2025-04-01,tjki05,ito koyama - tricetas,791.0,,51.0,294.06,167.93666666666667,,rojo,0,1.3549322351064903,2024-08-15,1.79,1200.0,,0,,0.0,1,0,
2025-03-01,tjki06,ito koyama - tricetas,70.0,,32.0,171.99,161.90833333333333,,rojo,0,1.2179447568410138,2024-08-15,4.1,250.0,,0,,0.0,1,0,
2025-03-01,tjki07,ito koyama - tricetas,67.0,,18.0,146.72,59.074999999999996,,rojo,0,0.9657087648870895,2024-08-15,2.19,200.0,,0,,0.0,1,0,
2025-03-01,tjmi01,ito koyama - tricetas,15.0,,23.0,118.73,73.845,,rojo,0,0.9704135923834974,2024-08-15,2.88,100.0,,0,,0.0,1,0,
2025-03-01,tjmi02,ito koyama - tricetas,140.0,,14.0,193.6,98.3,,rojo,0,0.8588125395662851,2024-08-15,2.6,200.0,,0,,0.0,1,0,
2025-03-01,tjni01,ito koyama - tricetas,302.0,,25.0,124.8,55.11333333333334,,rojo,0,0.8949091555094881,2024-08-15,2.45,400.0,,0,,0.0,1,0,
2025-03-01,tjni02,ito koyama - tricetas,607.0,,29.0,135.04999999999998,127.47166666666668,,rojo,0,0.9045541154829937,2024-08-15,2.9,750.0,,0,,0.0,1,0,
2025-03-01,tjni03,ito koyama - tricetas,878.0,,42.0,296.46999999999997,185.27833333333334,,rojo,0,0.9121910099676858,2024-08-15,2.05,1200.0,,0,,0.0,1,0,
2025-03-01,tjni05,ito koyama - tricetas,31.0,,29.0,135.61,93.06333333333333,,rojo,0,0.9625985158209212,2024-08-15,2.3,200.0,,0,,0.0,1,0,
2025-03-01,tjni06,ito koyama - tricetas,283.0,,26.0,148.35,80.61666666666666,,rojo,0,0.8824861450916315,2024-08-15,2.6,400.0,,0,,0.0,1,0,
2025-03-01,tjni07,ito koyama - tricetas,422.0,,50.0,523.42,278.28833333333336,,rojo,0,0.8725365817292727,2024-08-15,2.95,850.0,,0,,0.0,1,0,
2025-04-01,tjni09,ito koyama - tricetas,463.0,,47.0,177.78,124.51333333333334,,rojo,0,1.0913469616120448,2024-08-15,1.74,750.0,,0,,0.0,1,0,
2025-03-01,tjni11,ito koyama - tricetas,49.0,,28.0,42.81,66.52333333333333,,rojo,0,0.9495851732032475,2024-08-15,1.8,200.0,,0,,0.0,1,0,
2024-11-01,tjsk02,ito koyama - tricetas,0.0,,13.0,0.0,42.28,,rojo,0,1.0989523771383776,2024-08-15,2.1,200.0,,0,,0.0,1,0,
2025-03-01,tjsk03,ito koyama - tricetas,43.0,,27.0,153.38,76.06666666666666,,rojo,0,1.2373123297827966,2024-08-15,1.95,200.0,,0,,0.0,1,0,
2024-10-01,tjsk04,ito koyama - tricetas,0.0,,4.0,0.0,30.99,,rojo,0,0.9024261530829438,2024-08-15,4.1,200.0,,0,,0.0,1,0,
2025-03-01,tjty01,ito koyama - tricetas,268.0,,45.0,321.06,174.10666666666668,,rojo,0,1.1384755916278497,2024-08-15,2.01,649.0,,0,,0.0,1,0,
2025-03-01,tjty02,ito koyama - tricetas,113.0,,25.0,77.88,82.31166666666667,,rojo,0,0.890257031102372,2024-08-15,2.65,250.0,,0,,0.0,1,0,
2025-03-01,tjty03,ito koyama - tricetas,516.0,,69.0,1080.52,370.385,,rojo,0,0.8940822348489792,2024-08-15,2.8,1150.0,,0,,0.0,1,0,
2025-03-01,tjty05,ito koyama - tricetas,378.0,,58.0,497.39000000000004,192.98166666666668,,rojo,0,1.2207464230803242,2024-08-15,1.84,800.0,,0,,0.0,1,0,
2025-04-01,tjty07,ito koyama - tricetas,0.0,,48.0,929.15,366.60833333333335,,rojo,0,1.0147598307328443,2024-08-15,4.5,300.0,,0,,0.0,1,0,
2025-03-01,tjty09,ito koyama - tricetas,149.0,,45.0,2548.38,1139.57,,rojo,0,1.1084839719883626,2024-08-15,5.1,500.0,,0,,0.0,1,0,
2025-03-01,tjty13,ito koyama - tricetas,206.0,,27.0,33.09,76.56666666666666,,rojo,0,1.3658088006379496,2024-08-15,1.75,400.0,,0,,0.0,1,0,
2025-03-01,tjty14,ito koyama - tricetas,101.0,,26.0,152.16,100.20166666666667,,rojo,0,1.3436997648537905,2024-08-15,1.7,300.0,,0,,0.0,1,0,
2025-03-01,tjty15,ito koyama - tricetas,97.0,,69.0,1176.75,630.195,,rojo,0,1.1290128619488005,2024-08-15,1.98,500.0,,0,,0.0,1,0,
2025-02-01,tjty16,ito koyama - tricetas,0.0,,56.0,258.14,379.23333333333335,,rojo,0,0.993956105144957,2024-08-15,2.45,400.0,,0,,0.0,1,0,
2025-03-01,tjty17,ito koyama - tricetas,15.0,,51.0,1031.04,425.9266666666667,,rojo,0,0.9188153151567969,2024-08-15,5.4,400.0,,0,,0.0,1,0,
2025-03-01,tjty18,ito koyama - tricetas,145.0,,38.0,300.46,128.99666666666667,,rojo,0,1.1147777410381676,2024-08-15,1.92,400.0,,0,,0.0,1,0,
2025-03-01,tjvw01,ito koyama - tricetas,143.0,,16.0,137.52,64.30499999999999,,rojo,0,0.916886647017476,2024-08-15,5.1,200.0,,0,,0.0,1,0,
2021-12-01,tk-30212,timken - rodajes,0.0,,0.0,0.0,0.0,,rojo,4,0.4539779052304295,2017-09-22,10.91,30.0,,0,,0.0,1,0,
2021-11-01,tk40-4ak,mrk - japon,0.0,,0.0,0.0,0.0,,rojo,4,0.4423750573355968,2021-08-10,4.1045834769515155,50.0,,0,,0.0,1,0,
2022-02-01,tkia-010,toyo - japon,0.0,,0.0,0.0,0.0,,rojo,4,0.48576580266614244,2020-04-07,10.25,150.0,,0,,0.0,1,0,
2022-12-01,tkl-16/24,tkl - taiwan,0.0,,0.0,0.0,0.0,,rojo,4,0.5464414522859865,2022-10-20,16.0,10.0,,0,,0.0,1,0,
2023-12-01,tkl-24/30,tkl - taiwan,0.0,,0.0,0.0,0.0,,rojo,4,0.3861400840479975,2022-10-20,16.0,30.0,,0,,0.0,1,0,
2022-06-01,tkl-h-101,tkl - taiwan,0.0,,0.0,0.0,0.0,,rojo,4,0.5366344977651267,2022-04-04,5.8,50.0,,0,,0.0,1,0,
2025-02-01,tkl-h-308-1,tkl - taiwan,4.0,,1.0,16.1,2.6833333333333336,,rojo,0,4.372186016598169,2022-10-20,3.95,10.0,,0,,0.0,1,0,
2022-10-01,tkl065145k,tkl - taiwan,37.0,,0.0,0.0,0.0,,rojo,4,0.5107946715663758,2020-08-22,2.9,40.0,,0,,0.0,1,0,
2023-07-01,tkl065146,tkl - taiwan,0.0,,0.0,0.0,0.0,,rojo,4,0.5285436843193646,2022-04-04,12.6,40.0,,0,,0.0,1,0,
2022-05-01,tkl065225,tkl - taiwan,0.0,,0.0,0.0,0.0,,rojo,4,0.5545849604302424,2021-05-17,56.0,20.0,,0,,0.0,1,0,
2022-12-01,tkl107796,tkl - taiwan,0.0,,0.0,0.0,0.0,,rojo,4,0.5417354604306176,2022-05-26,11.0,54.0,,0,,0.0,1,0,
2021-08-01,tkl107800,tkl - taiwan,0.0,,0.0,0.0,0.0,,rojo,4,0.7069666349751722,2019-08-12,5.0,10.0,,0,,0.0,1,0,
2024-06-01,tkl2005,tkl - taiwan,0.0,,0.0,0.0,0.0,,rojo,4,0.4626110963014168,2020-08-26,13.5,200.0,,0,,0.0,1,0,
2022-10-01,tkl20615,tkl - taiwan,0.0,,0.0,0.0,0.0,,rojo,4,0.5154336615589944,2021-05-17,22.5,10.0,,0,,0.0,1,0,
2024-04-01,tkl20900,tkl - taiwan,0.0,,0.0,0.0,0.0,,rojo,4,0.555685753265623,2021-05-17,1.1,30.0,,0,,0.0,1,0,
2023-11-01,tkl20901,tkl - taiwan,0.0,,0.0,0.0,0.0,,rojo,4,0.6031289265905423,2021-05-17,1.1,30.0,,0,,0.0,1,0,
2023-01-01,tkl22018a,tkl - taiwan,0.0,,0.0,0.0,0.0,,rojo,4,0.4265673545610336,2022-10-20,16.5,40.0,,0,,0.0,1,0,
2022-09-01,tkl22020a,tkl - taiwan,0.0,,0.0,0.0,0.0,,rojo,4,0.48606904929963635,2022-05-26,21.8,60.0,,0,,0.0,1,0,
2023-08-01,tkl22032,tkl - taiwan,0.0,,0.0,0.0,0.0,,rojo,4,0.5202943438746045,2022-10-20,22.5,10.0,,0,,0.0,1,0,
2025-01-01,tkl22032b,tkl - taiwan,0.0,,1.0,252.81,42.135,,rojo,0,0.4063660416801061,2022-04-04,22.5,20.0,,0,,0.0,1,0,
2022-12-01,tkl229859,tkl - taiwan,0.0,,0.0,0.0,0.0,,rojo,4,0.5680317113181695,2022-10-20,1.8,100.0,,0,,0.0,1,0,
2024-11-01,tkl24009,tkl - taiwan,118.0,,1.0,0.0,2.5416666666666665,,rojo,4,0.5589377316887029,2022-04-04,0.8,200.0,,0,,0.0,1,0,
2023-04-01,tkl24516,tkl - taiwan,0.0,,0.0,0.0,0.0,,rojo,4,0.8903893899800536,2021-05-17,0.35,100.0,,0,,0.0,1,0,
2023-06-01,tkl26020,tkl - taiwan,4.0,,0.0,0.0,0.0,,rojo,4,0.5622863357567714,2022-04-04,8.5,20.0,,0,,0.0,1,0,
2022-12-01,tkl275491k,tkl - taiwan,42.0,,0.0,0.0,0.0,,rojo,4,0.6998400158560107,2020-08-22,2.1,100.0,,0,,0.0,1,0,
2023-04-01,tkl2769shd,tkl - taiwan,0.0,,0.0,0.0,0.0,,rojo,4,0.6516669104997638,2022-10-20,3.3,300.0,,0,,0.0,1,0,
2023-06-01,tkl286171,tkl - taiwan,6.0,,0.0,0.0,0.0,,rojo,4,0.5534355549510915,2022-04-04,9.5,20.0,,0,,0.0,1,0,
2022-11-01,tkl289335,tkl - taiwan,97.0,,0.0,0.0,0.0,,rojo,4,0.5204589804831169,2022-05-26,4.3,100.0,,0,,0.0,1,0,
2022-02-01,tkl35014,tkl - taiwan,0.0,,0.0,0.0,0.0,,rojo,4,0.8785601276916241,2017-02-09,14.0,50.0,,0,,0.0,1,0,
2023-08-01,tkl3732,tkl - taiwan,0.0,,0.0,0.0,0.0,,rojo,4,0.5402190663961055,2022-10-20,7.45,100.0,,0,,0.0,1,0,
2023-07-01,tkl3839a,tkl - taiwan,0.0,,0.0,0.0,0.0,,rojo,4,0.5231498048330709,2021-05-17,7.45,50.0,,0,,0.0,1,0,
2023-07-01,tkl3839b,tkl - taiwan,0.0,,0.0,0.0,0.0,,rojo,4,0.4976624529572508,2021-05-17,7.45,50.0,,0,,0.0,1,0,
2022-11-01,tkl4020,tkl - taiwan,0.0,,0.0,0.0,0.0,,rojo,4,0.8408426856799003,2020-08-22,2.0,100.0,,0,,0.0,1,0,
2023-02-01,tkl452710-4a,tkl - taiwan,0.0,,0.0,0.0,0.0,,rojo,4,0.7785410663149035,2022-10-20,1.4,300.0,,0,,0.0,1,0,
2022-07-01,tkl48014aa/48014cc,tkl - taiwan,0.0,,0.0,0.0,0.0,,rojo,4,0.8417194486141595,2022-10-20,1.4,100.0,,0,,0.0,1,0,
2023-07-01,tkl48014bb,tkl - taiwan,0.0,,0.0,0.0,0.0,,rojo,4,0.5446116512540029,2019-08-12,1.4,400.0,,0,,0.0,1,0,
2024-01-01,tkl5004050x,tkl - taiwan,5.0,,0.0,0.0,0.0,,rojo,4,0.3807719058201242,2022-04-04,90.0,20.0,,0,,0.0,1,0,
2022-10-01,tkl5004342x,tkl - taiwan,0.0,,0.0,0.0,0.0,,rojo,4,0.4897284373738314,2022-04-04,10.0,50.0,,0,,0.0,1,0,
2022-12-01,tkl5005037,tkl - taiwan,0.0,,0.0,0.0,0.0,,rojo,4,0.6533363718842911,2020-08-22,6.0,20.0,,0,,0.0,1,0,
2023-06-01,tkl5005309,tkl - taiwan,0.0,,0.0,0.0,0.0,,rojo,4,1.7836400376618045,2021-05-17,3.4,30.0,,0,,0.0,1,0,
2021-10-01,tkl53026a,tkl - taiwan,0.0,,0.0,0.0,0.0,,rojo,4,0.5232758178976498,2020-08-26,8.0,30.0,,0,,0.0,1,0,
2022-07-01,tkl53027a,tkl - taiwan,0.0,,0.0,0.0,0.0,,rojo,4,0.5260362116331299,2021-05-17,8.3,80.0,,0,,0.0,1,0,
2023-08-01,tkl53029,tkl - taiwan,18.0,,0.0,0.0,0.0,,rojo,4,0.4225971618468189,2020-08-26,6.8,60.0,,0,,0.0,1,0,
2023-04-01,tkl56011b1,tkl - taiwan,17.0,,0.0,0.0,0.0,,rojo,4,0.6206351827479887,2022-04-04,22.8,20.0,,0,,0.0,1,0,
2023-04-01,tkl6915,tkl - taiwan,24.0,,0.0,0.0,0.0,,rojo,4,0.5967287910484239,2022-10-20,8.5,20.0,,0,,0.0,1,0,
2023-04-01,tkl6918,tkl - taiwan,17.0,,0.0,0.0,0.0,,rojo,4,0.5989876984875616,2022-10-20,8.5,20.0,,0,,0.0,1,0,
2022-07-01,tkl800629,tkl - taiwan,0.0,,0.0,0.0,0.0,,rojo,4,0.5205050777474675,2020-08-22,18.0,20.0,,0,,0.0,1,0,
2022-05-01,tkl802486,tkl - taiwan,32.0,,0.0,0.0,0.0,,rojo,4,0.7112881673656188,2020-08-22,21.5,60.0,,0,,0.0,1,0,
2022-05-01,tkl802487,tkl - taiwan,29.0,,0.0,0.0,0.0,,rojo,4,0.7112938163724255,2020-08-22,21.5,60.0,,0,,0.0,1,0,
2024-02-01,tkl84075,tkl - taiwan,16.0,,0.0,0.0,0.0,,rojo,4,0.6688134869368391,2022-04-04,3.4,100.0,,0,,0.0,1,0,
2023-01-01,tklk022105n,tkl - taiwan,0.0,,0.0,0.0,0.0,,rojo,4,0.6096595278036137,2022-04-04,12.8,50.0,,0,,0.0,1,0,
2022-05-01,tklr0003,tkl - taiwan,24.0,,0.0,0.0,0.0,,rojo,4,0.6258776945744071,2021-05-17,0.25,100.0,,0,,0.0,1,0,
2025-01-01,tks44-25k,mrk - japon,30.0,,1.0,180.51,30.084999999999997,,rojo,0,0.43951619465881964,2023-03-31,6.013468153774738,50.0,,0,,0.0,1,0,
2023-05-01,tks44-30k,mrk - japon,102.0,,0.0,0.0,0.0,,rojo,4,0.3642817655052057,2021-08-10,8.129207527868003,150.0,,0,,0.0,1,0,
2024-01-01,tks48-39k,mrk - japon,92.0,,0.0,0.0,0.0,,rojo,4,0.3601824348389965,2021-08-10,9.648436468416797,120.0,,0,,0.0,1,0,
2024-12-01,tks50-33k,mrk - japon,19.0,,1.0,0.0,4.5200000000000005,,rojo,4,0.4586480685046767,2023-03-31,8.573508903384209,400.0,,0,,0.0,1,0,
2024-07-01,tks50-34k,mrk - japon,113.0,,0.0,0.0,0.0,,rojo,4,0.5702704841446207,2023-03-31,9.038970857858658,150.0,,0,,0.0,1,0,
2021-05-01,tks58-37k,mrk - japon,0.0,,0.0,0.0,0.0,,rojo,4,0.5205403399356456,2019-03-27,7.598096653819084,30.0,,0,,0.0,1,0,
2024-07-01,tks60-35k,mrk - japon,142.0,,0.0,0.0,0.0,,rojo,4,0.5000375358875576,2023-03-31,8.11555439978838,200.0,,0,,0.0,1,0,
2023-12-01,tks62-5k,mrk - japon,32.0,,0.0,0.0,0.0,,rojo,4,0.41194237471389217,2021-08-10,7.3740352323157525,80.0,,0,,0.0,1,0,
2021-04-01,tks68-47k,mrk - japon,0.0,,0.0,0.0,0.0,,rojo,4,0.4084299605593372,2019-03-27,16.263544980436563,20.0,,0,,0.0,1,0,
2024-11-01,tm-171,toyo - japon,229.0,,1.0,0.0,35.31,,rojo,4,0.6681182704130161,2020-11-12,15.604989444836974,300.0,,0,,0.0,1,0,
2021-10-01,tm-181,toyo - japon,0.0,,0.0,0.0,0.0,,rojo,4,0.40749564323523996,2020-11-12,3.766067361459136,100.0,,0,,0.0,1,0,
2024-06-01,tm-188,toyo - japon,0.0,,0.0,0.0,0.0,,rojo,4,0.4944271594649965,2020-11-12,4.932884201407433,200.0,,0,,0.0,1,0,
2021-11-01,tm-193,toyo - japon,0.0,,0.0,0.0,0.0,,rojo,4,0.4798645821529449,2020-11-12,6.042783146724105,200.0,,0,,0.0,1,0,
2024-06-01,tm-197,toyo - japon,0.0,,0.0,0.0,0.0,,rojo,4,0.4253861431371167,2020-11-12,14.6468715518713,10.0,,0,,0.0,1,0,
2022-05-01,tmi003,ito koyama - direccion,0.0,,0.0,0.0,0.0,,rojo,6,0.670411647494701,2021-12-27,1.91,150.0,,0,,0.0,1,0,
2021-08-01,tmz-110,toyo - japon,0.0,,0.0,0.0,0.0,,rojo,4,0.42527082379735476,2020-11-12,3.974766308441758,20.0,,0,,0.0,1,0,
2024-11-01,tn-128,toyo - japon,0.0,,1.0,0.0,8.56,,rojo,4,0.12482076914207567,2020-11-12,3.3391831517219543,50.0,,0,,0.0,1,0,
2021-10-01,to-023,ito koyama - palieres,0.0,,0.0,0.0,0.0,,rojo,6,0.6317046772408894,2021-06-10,6.4,20.0,,0,,0.0,1,0,
2022-01-01,to-23,zsg - taiwan,0.0,,0.0,0.0,0.0,,rojo,4,0.47861406834343584,2018-06-15,3.19,50.0,,0,,0.0,1,0,
2025-01-01,to-826,ito koyama - palieres,0.0,,14.0,0.0,111.00666666666666,,rojo,6,0.604692311599202,2024-06-21,7.08,250.0,,0,,0.0,1,0,
2025-03-01,to-926,ito koyama - palieres,376.0,,21.0,3706.2599999999998,617.7099999999999,,rojo,0,0.735708871408831,2024-12-17,7.36,500.0,,0,,0.0,1,0,
2021-10-01,tr1695776,german cardan - t v a - crucetas,0.0,,0.0,0.0,0.0,,rojo,4,0.4859522971081548,2019-11-18,9.0,150.0,,0,,0.0,1,0,
2023-12-01,tr220,german cardan - t v a - crucetas,0.0,,0.0,0.0,0.0,,rojo,4,0.2861533363642131,2020-04-27,12.89,250.0,,0,,0.0,1,0,
2022-10-01,tr6289,german cardan - t v a - crucetas,0.0,,0.0,0.0,0.0,,rojo,4,0.6955919807157149,2013-01-07,2.73,20.0,,0,,0.0,1,0,
2021-09-01,tra500500,sin definicion,3.0,,0.0,0.0,0.0,,rojo,0,0.5745053730674604,2017-05-22,35.7,50.0,,0,,0.0,1,0,
2024-01-01,ts-3866,trw - brasil,165.0,,0.0,0.0,0.0,,rojo,4,0.30112508272667116,2017-09-22,8.92,10.0,,0,,0.0,1,0,
2024-01-01,ts-3867,trw - brasil,328.0,,0.0,0.0,0.0,,rojo,4,0.3152882635552505,2017-09-22,8.6,60.0,,0,,0.0,1,0,
2021-12-01,ts20,marilia,0.0,,0.0,0.0,0.0,,rojo,4,0.478703231155483,2019-08-23,1.36,1200.0,,0,,0.0,1,0,
2022-05-01,tt-114,toyo - japon,0.0,,0.0,0.0,0.0,,rojo,4,0.4750611364300741,2020-11-12,5.141583148390055,60.0,,0,,0.0,1,0,
2024-03-01,tt-129,toyo - japon,0.0,,0.0,0.0,0.0,,rojo,4,1.5388117324506871,2020-04-07,6.96,100.0,,0,,0.0,1,0,
2023-06-01,tt-129-1a,toyo - japon,0.0,,0.0,0.0,0.0,,rojo,4,0.47984454658302067,2023-03-31,5.855811685323715,50.0,,0,,0.0,1,0,
2021-08-01,tto010,ito koyama - direccion,0.0,,0.0,0.0,0.0,,rojo,6,0.6744346733668344,2020-10-03,2.6615,20.0,,0,,0.0,1,0,
2022-09-01,tto022,ito koyama - direccion,0.0,,0.0,0.0,0.0,,rojo,6,0.7025140275608579,2022-01-21,2.38,120.0,,0,,0.0,1,0,
2025-03-01,tto036,ito koyama - direccion,270.0,,4.0,126.57000000000001,21.095000000000002,,rojo,0,0.7568419740777668,2025-02-28,2.506809,300.0,,0,,0.0,1,0,
2025-03-01,tto037,ito koyama - direccion,270.0,,4.0,125.98,20.996666666666666,,rojo,0,0.7514332003988037,2025-02-28,2.506809,300.0,,0,,0.0,1,0,
2023-10-01,tu-100,toyo - japon,0.0,,0.0,0.0,0.0,,rojo,4,0.4891369884522869,2023-03-31,3.903874456882477,300.0,,0,,0.0,1,0,
2021-07-01,tu-50,toyo - japon,0.0,,0.0,0.0,0.0,,rojo,4,0.4175486181635515,2020-11-12,3.358155783265829,100.0,,0,,0.0,1,0,
2021-10-01,tuh-165,toyo - japon,0.0,,0.0,0.0,0.0,,rojo,4,0.6387354858111902,2019-03-27,9.678527880460024,50.0,,0,,0.0,1,0,
2025-03-01,ty525035u,exedy - japon,63.0,,13.0,527.54,328.84499999999997,,rojo,0,0.278437398122666,2024-08-09,46.65,99.0,,0,,0.0,1,0,
2024-12-01,ty553008u,exedy - japon,0.0,,8.0,0.0,270.34,,rojo,0,0.3145636772043003,2024-08-09,32.15,48.0,,0,,0.0,1,0,
2025-04-01,ty565112u,exedy - japon,44.0,,7.0,620.54,186.385,,rojo,0,0.2548968454124615,2024-08-09,55.22,60.0,,0,,0.0,1,0,
2024-10-01,ty625145u,exedy - japon,0.0,,5.0,0.0,255.95333333333335,,rojo,0,0.32185536626545247,2024-08-09,114.79,20.0,,0,,0.0,1,0,
2024-09-01,ty639163u,exedy - japon,38.0,,0.0,0.0,0.0,,rojo,0,0.3392949894386923,2024-08-09,152.44,39.0,,0,,0.0,1,0,
2025-01-01,ty643168,exedy - japon,0.0,,4.0,0.0,262.4533333333333,,rojo,0,0.3525704020722967,2024-08-09,109.7,10.0,,0,,0.0,1,0,
2025-03-01,ty655183u,exedy - japon,18.0,,16.0,1547.52,830.9699999999999,,rojo,0,0.3291243314053425,2024-08-09,132.26,80.0,,0,,0.0,1,0,
2025-03-01,tyc517,exedy - japon,3.0,,2.0,273.8,45.63333333333333,,rojo,0,0.2172912731657989,2024-08-09,21.93,18.0,,0,,0.0,1,0,
2025-01-01,tyc522,exedy - japon,0.0,,4.0,89.06,46.050000000000004,,rojo,0,0.2725533887264491,2024-08-09,35.44,18.0,,0,,0.0,1,0,
2025-01-01,tyc525,exedy - japon,72.0,,5.0,136.81,75.26333333333334,,rojo,0,0.3118204604176902,2024-08-09,27.22,99.0,,0,,0.0,1,0,
2025-01-01,tyc526,exedy - japon,5.0,,2.0,124.09,41.473333333333336,,rojo,0,0.24097266539034257,2024-08-09,49.38,9.0,,0,,0.0,1,0,
2025-01-01,tyc538,exedy - japon,0.0,,1.0,0.0,13.236666666666666,,rojo,0,0.3187922730896162,2024-08-09,19.68,18.0,,0,,0.0,1,0,
2024-10-01,tyc549,exedy - japon,13.0,,0.0,0.0,0.0,,rojo,0,0.28002364603701513,2024-08-09,23.1,18.0,,0,,0.0,1,0,
2025-03-01,tyc553,exedy - japon,27.0,,5.0,142.57,71.54166666666667,,rojo,0,0.24386360746565194,2024-08-09,18.91,48.0,,0,,0.0,1,0,
2024-09-01,tyc565,exedy - japon,99.0,,0.0,0.0,0.0,,rojo,0,0.40879005517648115,2024-08-09,33.46,102.0,,0,,0.0,1,0,
2024-10-01,tyd008u,exedy - japon,0.0,,3.0,0.0,80.29666666666667,,rojo,0,0.29115050896218864,2024-08-09,13.0,50.0,,0,,0.0,1,0,
2025-01-01,tyd035u,exedy - japon,0.0,,6.0,1603.24,312.9633333333333,,rojo,0,0.2737808450864344,2024-08-09,15.3,60.0,,0,,0.0,1,0,
2025-03-01,tyd085u,exedy - japon,0.0,,9.0,292.40999999999997,121.88666666666666,,rojo,0,0.27393487896388274,2024-08-09,12.93,60.0,,0,,0.0,1,0,
2025-03-01,tyd112u,exedy - japon,0.0,,8.0,834.7199999999999,181.34166666666667,,rojo,0,0.25081998599476063,2024-08-09,21.75,50.0,,0,,0.0,1,0,
2025-02-01,tyd122u,exedy - japon,5.0,,2.0,98.31,24.958333333333332,,rojo,0,0.32241752999336026,2024-08-09,38.7,10.0,,0,,0.0,1,0,
2024-12-01,u-620/2,mann - brasil,0.0,,1.0,0.0,9.915000000000001,,rojo,4,0.3517506649196388,2024-02-05,9.38941797733307,50.0,,0,,0.0,1,0,
2022-07-01,u-620/3ykit,mann - brasil,0.0,,0.0,0.0,0.0,,rojo,4,0.4788445133495364,2020-12-10,11.825099881887436,10.0,,0,,0.0,1,0,
2025-03-01,u-630xkit,mann - brasil,18.0,,3.0,158.3,40.915,,rojo,0,0.42608614754860924,2024-09-24,12.72292850613594,30.0,,0,,0.0,1,0,
2023-11-01,ub0112e,affinia urba - brasil,3.0,,0.0,0.0,0.0,,rojo,4,0.07175273327373999,2016-08-03,84.88,4.0,,0,,0.0,1,0,
2023-12-01,ucf20412,nas - chumaceras,0.0,,0.0,0.0,0.0,,rojo,4,0.3039863044220571,2019-11-21,1.85,200.0,,0,,0.0,1,0,
2021-04-01,ucf205,nas - chumaceras,0.0,,0.0,0.0,0.0,,rojo,4,0.356231884057971,2019-11-21,1.97,60.0,,0,,0.0,1,0,
2023-04-01,ucf205-16,chumaceras - japon,0.0,,0.0,0.0,0.0,,rojo,4,0.4970149655295815,2017-09-22,5.48,100.0,,0,,0.0,1,0,
2021-08-01,ucf20516,nas - chumaceras,0.0,,0.0,0.0,0.0,,rojo,4,-0.19854596622889303,2018-08-07,2.11,800.0,,0,,0.0,1,0,
2021-08-01,ucf206,nas - chumaceras,0.0,,0.0,0.0,0.0,,rojo,4,0.4300313520103692,2019-11-21,2.52,50.0,,0,,0.0,1,0,
2024-04-01,ucf207,nas - chumaceras,0.0,,0.0,0.0,0.0,,rojo,4,0.38356997750476085,2019-11-21,3.13,100.0,,0,,0.0,1,0,
2023-04-01,ucf207-20,chumaceras - japon,0.0,,0.0,0.0,0.0,,rojo,4,0.46675812384693566,2017-09-22,8.92,70.0,,0,,0.0,1,0,
2023-11-01,ucf20720,nas - chumaceras,0.0,,0.0,0.0,0.0,,rojo,4,0.5965192779493712,2019-11-21,3.19,100.0,,0,,0.0,1,0,
2022-03-01,ucf209,nas - chumaceras,0.0,,0.0,0.0,0.0,,rojo,4,0.6344142395916667,2019-11-21,4.15,30.0,,0,,0.0,1,0,
2021-06-01,ucf209-28,chumaceras - japon,0.0,,0.0,0.0,0.0,,rojo,4,0.31236894345185373,2017-09-22,11.81,27.0,,0,,0.0,1,0,
2021-03-01,ucf20928,nas - chumaceras,0.0,,0.0,0.0,0.0,,rojo,4,0.31048387096774177,2019-11-21,4.25,80.0,,0,,0.0,1,0,
2021-03-01,ucf210,nas - chumaceras,0.0,,0.0,0.0,0.0,,rojo,4,0.24820836916248445,2019-11-21,4.89,20.0,,0,,0.0,1,0,
2022-08-01,ucf211,nas - chumaceras,0.0,,0.0,0.0,0.0,,rojo,4,0.4876948834941812,2019-11-21,6.34,20.0,,0,,0.0,1,0,
2021-11-01,ucf21132,nas - chumaceras,0.0,,0.0,0.0,0.0,,rojo,4,0.43146869318459746,2018-08-07,7.88,120.0,,0,,0.0,1,0,
2023-07-01,ucp205,nas - chumaceras,0.0,,0.0,0.0,0.0,,rojo,4,0.52916219809972,2019-11-21,1.97,200.0,,0,,0.0,1,0,
2022-11-01,ucp20514,nas - chumaceras,0.0,,0.0,0.0,0.0,,rojo,4,0.5868500493667954,2019-11-21,1.99,100.0,,0,,0.0,1,0,
2022-04-01,ucp206,nas - chumaceras,0.0,,0.0,0.0,0.0,,rojo,4,0.5012143428583968,2019-11-21,2.63,100.0,,0,,0.0,1,0,
2023-12-01,ucp207-20,chumaceras - japon,0.0,,0.0,0.0,0.0,,rojo,4,0.35599509884287106,2017-09-22,8.95,120.0,,0,,0.0,1,0,
2021-10-01,ucp21132,nas - chumaceras,0.0,,0.0,0.0,0.0,,rojo,4,0.43859480668313466,2018-08-07,7.88,150.0,,0,,0.0,1,0,
2022-11-01,ucp212,nas - chumaceras,0.0,,0.0,0.0,0.0,,rojo,4,0.4208919280654039,2019-11-21,8.43,20.0,,0,,0.0,1,0,
2023-04-01,ucp21340,nas - chumaceras,0.0,,0.0,0.0,0.0,,rojo,4,0.43871347573529845,2018-08-07,12.99,50.0,,0,,0.0,1,0,
2022-09-01,uj090x,german cardan - t v a - crucetas,0.0,,0.0,0.0,0.0,,rojo,4,0.4510023361999969,2019-11-18,12.12,30.0,,0,,0.0,1,0,
2021-05-01,uj1696389,german cardan - t v a - crucetas,0.0,,0.0,0.0,0.0,,rojo,4,0.33147102481637436,2020-04-27,19.29,300.0,,0,,0.0,1,0,
2022-04-01,uj170x,german cardan - t v a - crucetas,0.0,,0.0,0.0,0.0,,rojo,4,0.3242115956959707,2019-11-18,24.46,30.0,,0,,0.0,1,0,
2024-06-01,uj200,german cardan - t v a - crucetas,0.0,,0.0,0.0,0.0,,rojo,4,0.6566643405443124,2019-11-18,3.98,50.0,,0,,0.0,1,0,
2023-01-01,uj263567,german cardan - t v a - crucetas,0.0,,0.0,0.0,0.0,,rojo,4,0.4113192226828884,2020-04-27,18.82,300.0,,0,,0.0,1,0,
2021-09-01,uj3090266,german cardan - t v a - crucetas,0.0,,0.0,0.0,0.0,,rojo,4,0.5424759430899109,2016-08-01,24.0,30.0,,0,,0.0,1,0,
2022-04-01,uj381,german cardan - t v a - crucetas,0.0,,0.0,0.0,0.0,,rojo,4,0.5621756487025948,2019-11-18,14.99,400.0,,0,,0.0,1,0,
2023-11-01,uj384,german cardan - t v a - crucetas,0.0,,0.0,0.0,0.0,,rojo,4,0.3425346882939222,2016-08-01,14.5,30.0,,0,,0.0,1,0,
2022-05-01,uj388,german cardan - t v a - crucetas,0.0,,0.0,0.0,0.0,,rojo,4,0.5869233347611463,2017-10-27,17.05,50.0,,0,,0.0,1,0,
2021-08-01,uj400,german cardan - t v a - crucetas,0.0,,0.0,0.0,0.0,,rojo,4,0.6402442343095633,2017-10-27,13.87,40.0,,0,,0.0,1,0,
2022-10-01,uj4040026,german cardan - t v a - crucetas,69.0,,0.0,0.0,0.0,,rojo,4,0.8773416592328278,2013-01-07,8.0,100.0,,0,,0.0,1,0,
2021-02-01,uj500,german cardan - t v a - crucetas,0.0,,0.0,0.0,0.0,,rojo,4,0.40604138169832704,2019-11-18,13.39,50.0,,0,,0.0,1,0,
2021-11-01,uj527,german cardan - t v a - crucetas,0.0,,0.0,0.0,0.0,,rojo,4,0.6899529694155586,2019-11-18,3.05,30.0,,0,,0.0,1,0,
2022-04-01,uj730,german cardan - t v a - crucetas,0.0,,0.0,0.0,0.0,,rojo,4,0.4610279411389542,2019-11-18,6.65,200.0,,0,,0.0,1,0,
2024-06-01,uj761,german cardan - t v a - crucetas,0.0,,0.0,0.0,0.0,,rojo,4,0.3341196935677816,2019-11-18,17.5,30.0,,0,,0.0,1,0,
2021-08-01,uj948,german cardan - t v a - crucetas,0.0,,0.0,0.0,0.0,,rojo,4,0.4291120924811786,2019-11-18,17.58,100.0,,0,,0.0,1,0,
2021-04-01,uj952,german cardan - t v a - crucetas,0.0,,0.0,0.0,0.0,,rojo,4,0.6369750119825506,2019-11-18,6.33,50.0,,0,,0.0,1,0,
2021-09-01,uj957,german cardan - t v a - crucetas,0.0,,0.0,0.0,0.0,,rojo,4,0.6063812600969306,2017-10-27,17.99,10.0,,0,,0.0,1,0,
2021-12-01,uj975,german cardan - t v a - crucetas,0.0,,0.0,0.0,0.0,,rojo,4,0.6288518032377024,2019-11-18,10.69,30.0,,0,,0.0,1,0,
2022-04-01,ujps-35,german cardan - t v a - crucetas,0.0,,0.0,0.0,0.0,,rojo,4,0.6592931570791231,2014-05-26,2.86,520.0,,0,,0.0,1,0,
2024-01-01,ujps-48,german cardan - t v a - crucetas,23.0,,0.0,0.0,0.0,,rojo,4,0.5886653759128734,2014-05-26,2.86,520.0,,0,,0.0,1,0,
2024-01-01,ujts-2769l,german cardan - t v a - crucetas,23.0,,0.0,0.0,0.0,,rojo,4,0.09051456912585243,2019-06-03,55.4681998690688,8.0,,0,,0.0,1,0,
2022-10-01,ujts-3866,german cardan - t v a - crucetas,0.0,,0.0,0.0,0.0,,rojo,4,0.6954430729329819,2014-05-26,2.33,100.0,,0,,0.0,1,0,
2024-07-01,v-bolsas,sin definicion,0.0,,0.0,0.0,0.0,,rojo,0,-1.0,2024-05-24,16.456000480618492,500.0,,0,,0.0,1,0,
2025-03-01,v-c1011,sin definicion,0.0,,69.0,0.0,0.0,,rojo,0,-1.0,,,,,0,,0.0,1,0,
2025-01-01,v-c1109,sin definicion,0.0,,109.0,0.0,0.0,,rojo,0,-1.0,,,,,0,,0.0,1,0,
2025-02-01,v-camisetas,sin definicion,0.0,,64.0,0.0,0.0,,rojo,0,-1.0,2024-09-03,41.16805143179643,500.0,,0,,0.0,1,0,
2024-06-01,v-chimpunera,sin definicion,0.0,,0.0,0.0,0.0,,rojo,0,-1.0,2024-03-01,18.783269144648457,3000.0,,0,,0.0,1,0,
2025-01-01,v-coche,sin definicion,0.0,,1.0,0.0,0.0,,rojo,0,-1.0,2023-11-09,1.42,6000.0,,0,,0.0,1,0,
2025-03-01,v-gorros,sin definicion,0.0,,4.0,0.0,0.0,,rojo,0,-1.0,2024-03-13,33.17399994068027,50.0,,0,,0.0,1,0,
2025-03-01,v-herramientas,sin definicion,0.0,,28.0,0.0,0.0,,rojo,0,-1.0,2024-07-27,63.65050288946054,1100.0,,0,,0.0,1,0,
2022-11-01,v-mameluco,sin definicion,0.0,,0.0,0.0,0.0,,rojo,0,-1.0,2021-12-09,277.1340078214975,8.0,,0,,0.0,1,0,
2025-04-01,v004n,ito koyama - resortes,88.0,,15.0,318.72,83.855,,rojo,0,0.7610403324735932,2024-01-22,5.04,352.0,,0,,0.0,1,0,
2021-07-01,v4-087,aisin - japon,0.0,,0.0,0.0,0.0,,rojo,6,0.0033411627610566708,2016-06-09,84.48,10.0,,0,,0.0,1,0,
2021-10-01,vterm5500,sin definicion,0.0,,0.0,0.0,0.0,,rojo,0,0.23731463797904268,2020-07-08,267.3,60.0,,0,,0.0,1,0,
2023-10-01,vv92755,valvoline - usa,2.0,,0.0,0.0,0.0,,rojo,3,0.7569953984524567,2023-12-20,700.0,1.0,,0,,0.0,1,0,
2022-01-01,vv935,sin definicion,0.0,,0.0,0.0,0.0,,rojo,0,1.2189462822738426,2019-01-17,3.166667,252.0,,0,,0.0,1,0,
2021-03-01,vx0366ad,trw - brasil,84.0,,0.0,0.0,0.0,,rojo,4,0.9266838543345148,2015-01-07,2.92,1000.0,,0,,0.0,1,0,
2025-03-01,vx3003ab,trw - brasil,0.0,,1.0,33.68,5.613333333333333,,rojo,0,0.07118286602827217,2013-09-11,4.0,16.0,,0,,0.0,1,0,
2025-03-01,vx3004ab,trw - brasil,0.0,,1.0,10.92,1.82,,rojo,0,0.05704302371314718,2013-09-11,3.49,16.0,,0,,0.0,1,0,
2024-09-01,vx929,valvoline - usa,7.0,,0.0,0.0,0.0,,rojo,3,0.44140112874786075,2023-04-10,786.21,2.0,,0,,0.0,1,0,
2021-12-01,w-1019,mann - brasil,0.0,,0.0,0.0,0.0,,rojo,4,0.5826820627976462,2018-12-19,26.789066594839095,60.0,,0,,0.0,1,0,
2024-10-01,w-11102/34,mann - brasil,0.0,,1.0,0.0,5.178333333333334,,rojo,4,0.4919153080641696,2021-03-29,8.475575333833694,900.0,,0,,0.0,1,0,
2022-07-01,w-1160,mann - brasil,0.0,,0.0,0.0,0.0,,rojo,4,0.4424298171093556,2020-02-03,6.786954317092896,210.0,,0,,0.0,1,0,
2025-02-01,w-12106,mann - brasil,7.0,,1.0,62.37,10.395,,rojo,0,0.5006749909123733,2018-03-26,13.62,24.0,,0,,0.0,1,0,
2023-10-01,w-1323,mann - brasil,0.0,,0.0,0.0,0.0,,rojo,4,0.6952912216602845,2017-01-19,8.75,60.0,,0,,0.0,1,0,
2024-02-01,w-6018,mann - brasil,0.0,,0.0,0.0,0.0,,rojo,4,0.18015222697214703,2021-04-22,4.815100193023682,20.0,,0,,0.0,1,0,
2025-03-01,w-7058,mann - brasil,0.0,,1.0,95.45,15.908333333333333,,rojo,0,-0.28137870205083504,2024-04-09,3.845736265182495,30.0,,0,,0.0,1,0,
2023-08-01,w-712/22,mann - brasil,0.0,,0.0,0.0,0.0,,rojo,4,0.8239402639272885,2017-01-19,1.7,60.0,,0,,0.0,1,0,
2021-05-01,w-712/4,mann - brasil,0.0,,0.0,0.0,0.0,,rojo,4,0.3168055972384731,2013-07-27,3.38,60.0,,0,,0.0,1,0,
2025-02-01,w-712/95,mann - brasil,0.0,,2.0,26.5,10.941666666666668,,rojo,0,0.6758302029354661,2024-02-09,3.2870628654956815,30.0,,0,,0.0,1,0,
2024-03-01,w-719/15,mann - brasil,0.0,,0.0,0.0,0.0,,rojo,4,0.46961844905468886,2015-05-18,3.330510313510895,100.0,,0,,0.0,1,0,
2022-07-01,w-719/4,mann - brasil,0.0,,0.0,0.0,0.0,,rojo,4,0.48605713020696556,2021-10-11,4.34,96.0,,0,,0.0,1,0,
2025-01-01,w-75/3,mann - brasil,14.0,,4.0,33.56,16.883333333333336,,rojo,0,0.4604691835727972,2024-04-09,3.4220534563064575,50.0,,0,,0.0,1,0,
2022-11-01,w-9019,mann - brasil,0.0,,0.0,0.0,0.0,,rojo,4,0.517314693718487,2014-05-20,21.105611146688464,10.0,,0,,0.0,1,0,
2024-10-01,w-934,mann - brasil,26.0,,1.0,0.0,8.475,,rojo,4,0.5961360569523065,2018-08-22,6.22,36.0,,0,,0.0,1,0,
2024-11-01,w-940/34,mann - brasil,0.0,,1.0,0.0,15.255,,rojo,4,0.35493900875916257,2020-12-30,4.901180267333984,24.0,,0,,0.0,1,0,
2024-11-01,w-940/62,mann - brasil,9.0,,3.0,0.0,27.83,,rojo,4,0.3841036345295506,2024-02-05,5.756543283462524,30.0,,0,,0.0,1,0,
2024-09-01,w-950/14,mann - brasil,34.0,,0.0,0.0,0.0,,rojo,4,0.4994728297395718,2022-09-16,8.120498726963998,60.0,,0,,0.0,1,0,
2021-05-01,w-950/16,mann - brasil,0.0,,0.0,0.0,0.0,,rojo,4,0.616118689950905,2017-04-20,3.87,60.0,,0,,0.0,1,0,
2022-04-01,w-950/4,mann - brasil,0.0,,0.0,0.0,0.0,,rojo,4,1.57708947885939,2017-04-20,3.493094091415405,24.0,,0,,0.0,1,0,
2023-02-01,w-950/7,mann - brasil,0.0,,0.0,0.0,0.0,,rojo,4,0.5729935459698472,2022-02-14,5.466592527627944,80.0,,0,,0.0,1,0,
2024-07-01,w-bolsas,sin definicion,0.0,,0.0,0.0,0.0,,rojo,0,-1.0,,,,,0,,0.0,1,0,
2025-03-01,w6multi-20,mann - brasil,0.0,,4.0,102.2,35.32333333333333,,rojo,0,0.35504314155725025,2024-09-12,4.24,36.0,,0,,0.0,1,0,
2023-08-01,w7multi-18,mann - brasil,0.0,,0.0,0.0,0.0,,rojo,4,0.4007903812011603,2019-06-28,3.11,60.0,,0,,0.0,1,0,
2024-08-01,wa-921/1,mann - brasil,191.0,,0.0,0.0,0.0,,rojo,4,0.5180399344800936,2017-11-22,7.33,30.0,,0,,0.0,1,0,
2024-09-01,wa-923/1,mann - brasil,0.0,,0.0,0.0,0.0,,rojo,4,0.39603035283888666,2021-03-22,7.9,24.0,,0,,0.0,1,0,
2022-08-01,wa-923/2,mann - brasil,26.0,,0.0,0.0,0.0,,rojo,4,1.037408938767474,2019-12-19,8.381409482955933,30.0,,0,,0.0,1,0,
2024-12-01,wa-940/1,mann - brasil,398.0,,1.0,0.0,10.903333333333334,,rojo,4,0.27329708821645393,2023-03-15,12.63718003988266,156.0,,0,,0.0,1,0,
2022-11-01,wa-940/3,mann - brasil,0.0,,0.0,0.0,0.0,,rojo,4,0.49989586068760233,2022-04-19,10.61,54.0,,0,,0.0,1,0,
2022-11-01,wa1512,wix filters,0.0,,0.0,0.0,0.0,,rojo,4,0.38274815021339853,2019-07-25,13.82,80.0,,0,,0.0,1,0,
2021-08-01,wa22.5x8.25,owrun - aros de rueda,0.0,,0.0,0.0,0.0,,rojo,4,0.3521400754753379,2019-11-05,37.5,64.0,,0,,0.0,1,0,
2025-03-01,wc-57010,sakura filter,106.0,,2.0,226.65,37.775,,rojo,0,0.9352558851536859,2025-01-22,6.75,60.0,,0,,0.0,1,0,
2025-03-01,wc-5711,sakura filter,56.0,,1.0,24.47,4.078333333333333,,rojo,0,0.9181089067116925,2025-01-22,2.99,60.0,,0,,0.0,1,0,
2021-04-01,wc22.5x8.25,owrun - aros de rueda,0.0,,0.0,0.0,0.0,,rojo,4,0.3352723383059769,2019-11-05,39.5,256.0,,0,,0.0,1,0,
2021-07-01,wd-13145,mann - brasil,0.0,,0.0,0.0,0.0,,rojo,4,0.4159931884482784,2021-03-29,18.41286324262619,20.0,,0,,0.0,1,0,
2021-02-01,wd-950/2,mann - brasil,0.0,,0.0,0.0,0.0,,rojo,4,0.522319710613407,2019-06-26,9.334743285179139,30.0,,0,,0.0,1,0,
2024-11-01,wdk-11001,mann - brasil,0.0,,3.0,0.0,371.96166666666664,,rojo,4,0.5396602999829475,2024-09-24,13.54519637465477,120.0,,0,,0.0,1,0,
2022-05-01,wdk-11102/23,sin definicion,0.0,,0.0,0.0,0.0,,rojo,0,0.7800245098039218,2019-09-27,7.23086302280426,1500.0,,0,,0.0,1,0,
2022-05-01,wf10031,wix filters,0.0,,0.0,0.0,0.0,,rojo,4,0.41976145880427995,2018-12-17,13.8,30.0,,0,,0.0,1,0,
2021-10-01,wf10087,wix filters,1.0,,0.0,0.0,0.0,,rojo,4,0.36105244682731646,2018-12-17,7.76,300.0,,0,,0.0,1,0,
2022-07-01,wf10246,wix filters,0.0,,0.0,0.0,0.0,,rojo,4,0.30584799559354015,2019-07-25,17.95,30.0,,0,,0.0,1,0,
2024-08-01,wh-980/3,mann - brasil,21.0,,0.0,0.0,0.0,,rojo,4,0.39915966240164713,2020-12-30,42.01536784172058,20.0,,0,,0.0,1,0,
2025-03-01,wk-10034,mann - brasil,14.0,,2.0,210.66,35.11,,rojo,0,0.34513548527427945,2024-02-05,33.10551390171051,36.0,,0,,0.0,1,0,
2024-11-01,wk-1070/x,mann - brasil,2.0,,2.0,0.0,235.56499999999997,,rojo,4,0.3408346883280044,2023-10-05,27.623089706897733,60.0,,0,,0.0,1,0,
2025-03-01,wk-4002,mann - brasil,20.0,,4.0,300.78999999999996,82.165,,rojo,0,0.5103373757773982,2024-02-05,3.481954083442688,30.0,,0,,0.0,1,0,
2024-10-01,wk-42/2,mann - brasil,0.0,,1.0,0.0,34.375,,rojo,4,0.39268058463412886,2024-09-24,4.72248438000679,30.0,,0,,0.0,1,0,
2023-07-01,wk-48/3,mann - brasil,0.0,,0.0,0.0,0.0,,rojo,4,0.6832982467093365,2019-08-08,1.49,144.0,,0,,0.0,1,0,
2023-08-01,wk-513,mann - brasil,0.0,,0.0,0.0,0.0,,rojo,4,0.40931028172615225,2017-12-21,2.27,300.0,,0,,0.0,1,0,
2025-03-01,wk-58/6,mann - brasil,0.0,,1.0,122.03,20.338333333333335,,rojo,0,-0.11815267205601787,2023-02-21,6.59,18.0,,0,,0.0,1,0,
2025-03-01,wk-6002,mann - brasil,36.0,,1.0,50.68,8.446666666666667,,rojo,0,0.3243987155275808,2024-02-05,3.363373603820801,50.0,,0,,0.0,1,0,
2022-11-01,wk-613/4,mann - brasil,0.0,,0.0,0.0,0.0,,rojo,4,0.5924818359028886,2017-12-21,2.46,96.0,,0,,0.0,1,0,
2024-08-01,wk-69,mann - brasil,288.0,,0.0,0.0,0.0,,rojo,4,0.6636413024533392,2024-02-05,11.10344491004944,50.0,,0,,0.0,1,0,
2023-08-01,wk-69/1,mann - brasil,24.0,,0.0,0.0,0.0,,rojo,4,0.5301363844678126,2018-01-02,14.425906709432601,60.0,,0,,0.0,1,0,
2022-09-01,wk-723/6,sin definicion,0.0,,0.0,0.0,0.0,,rojo,0,0.2404601660412181,2021-09-20,3.9764464867115024,60.0,,0,,0.0,1,0,
2022-11-01,wk-730/1,mann - brasil,0.0,,0.0,0.0,0.0,,rojo,4,0.598980603651435,2018-01-02,5.693488576412201,25.0,,0,,0.0,1,0,
2021-05-01,wk-8102,mann - brasil,0.0,,0.0,0.0,0.0,,rojo,4,0.6547177585496498,2016-09-02,12.813621034622193,12.0,,0,,0.0,1,0,
2022-09-01,wk-8115,mann - brasil,44.0,,0.0,0.0,0.0,,rojo,4,0.3901546574356436,2022-06-13,21.78770327925682,50.0,,0,,0.0,1,0,
2025-03-01,wk-8130,mann - brasil,28.0,,4.0,248.76,73.24833333333333,,rojo,0,0.43181288467333256,2022-05-18,19.228741656541825,60.0,,0,,0.0,1,0,
2024-11-01,wk-8135,mann - brasil,42.0,,1.0,0.0,28.643333333333334,,rojo,4,0.4829757686249189,2022-05-18,17.62546753048897,60.0,,0,,0.0,1,0,
2025-01-01,wk-8194,mann - brasil,88.0,,1.0,0.0,58.800000000000004,,rojo,4,0.3648532709947072,2024-09-24,23.95688546657562,60.0,,0,,0.0,1,0,
2022-09-01,wk-824,mann - brasil,0.0,,0.0,0.0,0.0,,rojo,4,0.5413727603715428,2019-01-14,8.28,24.0,,0,,0.0,1,0,
2023-05-01,wk-842/3,mann - brasil,1.0,,0.0,0.0,0.0,,rojo,4,0.2481162865553561,2016-01-12,6.63,24.0,,0,,0.0,1,0,
2024-08-01,wk-853/22,mann - brasil,39.0,,0.0,0.0,0.0,,rojo,4,0.4630284518016184,2017-01-19,16.92,200.0,,0,,0.0,1,0,
2024-07-01,wk-857/1,mann - brasil,23.0,,0.0,0.0,0.0,,rojo,4,0.2979460153373196,2024-02-05,30.356602783203126,30.0,,0,,0.0,1,0,
2024-08-01,wk-9014z,mann - brasil,66.0,,0.0,0.0,0.0,,rojo,4,0.13128772103553527,2024-04-09,41.716461181640625,50.0,,0,,0.0,1,0,
2022-11-01,wk-923/2x,mann - brasil,21.0,,0.0,0.0,0.0,,rojo,4,0.8583463338533541,2014-12-19,29.39875149726868,24.0,,0,,0.0,1,0,
2024-06-01,wk-940/22,mann - brasil,112.0,,0.0,0.0,0.0,,rojo,4,0.3852988038257926,2023-03-15,19.00940834522247,120.0,,0,,0.0,1,0,
2023-10-01,wk-940/33x,sin definicion,0.0,,0.0,0.0,0.0,,rojo,0,0.3394197091630485,2023-02-15,18.368815557956694,60.0,,0,,0.0,1,0,
2024-08-01,wk-940/6,mann - brasil,70.0,,0.0,0.0,0.0,,rojo,4,0.42195636407234705,2014-01-15,10.45639078617096,240.0,,0,,0.0,1,0,
2024-08-01,wk-940/6x,mann - brasil,97.0,,0.0,0.0,0.0,,rojo,4,0.3720439666951716,2023-02-15,22.630896081924437,100.0,,0,,0.0,1,0,
2023-08-01,wk-950/6,mann - brasil,0.0,,0.0,0.0,0.0,,rojo,4,0.3712347377027993,2020-12-10,13.322865341901778,20.0,,0,,0.0,1,0,
2021-07-01,wk-955/2,mann - brasil,0.0,,0.0,0.0,0.0,,rojo,4,0.6884796238244515,2017-12-21,7.51,36.0,,0,,0.0,1,0,
2025-02-01,wlc802,exedy - japon,1.0,,4.0,419.62,69.93666666666667,,rojo,0,0.264632077686863,2024-09-21,16.09,20.0,,0,,0.0,1,0,
2025-02-01,wld202u,exedy - japon,1.0,,5.0,388.09,76.03333333333333,,rojo,0,0.2750007655724599,2024-09-21,17.05,20.0,,0,,0.0,1,0,
2023-08-01,wp-1144,mann - brasil,32.0,,0.0,0.0,0.0,,rojo,4,0.37256401653588533,2024-02-05,11.696347308158874,32.0,,0,,0.0,1,0,
2023-04-01,wp-1169,mann - brasil,64.0,,0.0,0.0,0.0,,rojo,4,0.561706150802759,2023-10-05,19.83735008239746,64.0,,0,,0.0,1,0,
2022-08-01,wpm-001va,aisin - japon,0.0,,0.0,0.0,0.0,,rojo,6,0.5469652392284822,2018-01-11,14.68,10.0,,0,,0.0,1,0,
2022-01-01,wpm-002va,aisin - japon,0.0,,0.0,0.0,0.0,,rojo,6,0.5519342514500198,2016-06-30,29.18,20.0,,0,,0.0,1,0,
2022-10-01,wpn-020va,aisin - japon,0.0,,0.0,0.0,0.0,,rojo,6,0.5124491173202583,2016-06-30,17.64,30.0,,0,,0.0,1,0,
2023-08-01,wpt-008va,aisin - japon,0.0,,0.0,0.0,0.0,,rojo,6,0.4316864828257617,2022-03-28,16.62,5.0,,0,,0.0,1,0,
2025-03-01,wpt-111va,aisin - japon,26.0,,1.0,121.02,20.169999999999998,,rojo,0,0.35361524395774757,2025-02-24,14.91,32.0,,0,,0.0,1,0,
2025-03-01,wpt-165va,aisin - japon,32.0,,1.0,209.68,34.946666666666665,,rojo,0,0.37989121876856746,2025-02-24,16.72,40.0,,0,,0.0,1,0,
2025-03-01,wpt-703,aisin - japon,22.0,,6.0,63.3,27.22666666666667,,rojo,0,0.4170034760521202,2024-08-22,13.71,6.0,,0,,0.0,1,0,
2025-03-01,wpt-711,aisin - japon,152.0,,25.0,1672.74,1015.0966666666667,,rojo,0,0.42087880205663475,2024-08-22,13.71,24.0,,0,,0.0,1,0,
2024-11-01,wpt-746,aisin - japon,0.0,,8.0,0.0,158.91166666666666,,rojo,6,0.3376700443565688,2024-08-22,28.16,60.0,,0,,0.0,1,0,
2022-09-01,za-42kw11ca43-01lb,nachi - koyo - ntn - nsk - japon,0.0,,0.0,0.0,0.0,,rojo,4,0.49555917280387185,2020-11-05,21.2,20.0,,0,,0.0,1,0,
2021-11-01,za-45wd03ca101,nachi - koyo - ntn - nsk - japon,16.0,,0.0,0.0,0.0,,rojo,4,0.4243257629524485,2020-11-05,15.5,20.0,,0,,0.0,1,0,
2021-11-01,za-45wd16ca103,nachi - koyo - ntn - nsk - japon,22.0,,0.0,0.0,0.0,,rojo,4,0.390106021436327,2020-11-05,16.2,30.0,,0,,0.0,1,0,
2021-06-01,za-54kwh01r-y-2ca-01,nachi - koyo - ntn - nsk - japon,0.0,,0.0,0.0,0.0,,rojo,4,0.3395057983762524,2020-11-05,27.2,20.0,,0,,0.0,1,0,
2021-06-01,zd1037,wagner - pastillas,0.0,,0.0,0.0,0.0,,rojo,3,0.4800502199203246,2020-09-22,13.05,10.0,,0,,0.0,1,0,
2022-04-01,zd1039,wagner - pastillas,0.0,,0.0,0.0,0.0,,rojo,3,0.4272873509838385,2021-04-07,13.95,10.0,,0,,0.0,1,0,
2021-10-01,zd1044,wagner - pastillas,0.0,,0.0,0.0,0.0,,rojo,3,0.43748037727492733,2021-04-07,14.25,15.0,,0,,0.0,1,0,
2021-10-01,zd1080,wagner - pastillas,0.0,,0.0,0.0,0.0,,rojo,3,0.5481771722645258,2020-04-13,13.82,10.0,,0,,0.0,1,0,
2022-06-01,zd1086,wagner - pastillas,0.0,,0.0,0.0,0.0,,rojo,3,0.4420519644014559,2022-01-18,14.14,10.0,,0,,0.0,1,0,
2022-03-01,zd1089,wagner - pastillas,0.0,,0.0,0.0,0.0,,rojo,3,0.48845444937548,2022-01-18,17.16,5.0,,0,,0.0,1,0,
2025-02-01,zd1092,wagner - pastillas,4.0,,1.0,35.59,5.9316666666666675,,rojo,0,2.0290884104443427,2023-08-28,9.09,6.0,,0,,0.0,1,0,
2022-09-01,zd1095,wagner - pastillas,0.0,,0.0,0.0,0.0,,rojo,3,0.44823065165798087,2020-09-22,14.95,20.0,,0,,0.0,1,0,
2024-01-01,zd1100,wagner - pastillas,0.0,,0.0,0.0,0.0,,rojo,3,0.3733829760404486,2021-04-07,17.76,5.0,,0,,0.0,1,0,
2024-07-01,zd1113,wagner - pastillas,6.0,,0.0,0.0,0.0,,rojo,3,0.3587862406281172,2019-08-15,29.64,10.0,,0,,0.0,1,0,
2022-02-01,zd1157,wagner - pastillas,0.0,,0.0,0.0,0.0,,rojo,3,0.5469067389522394,2019-08-15,13.54,30.0,,0,,0.0,1,0,
2023-11-01,zd1161,wagner - pastillas,11.0,,0.0,0.0,0.0,,rojo,3,0.350730282375852,2019-11-18,17.592,20.0,,0,,0.0,1,0,
2023-07-01,zd1169,wagner - pastillas,0.0,,0.0,0.0,0.0,,rojo,3,0.3271246628762972,2020-09-22,17.97,20.0,,0,,0.0,1,0,
2022-11-01,zd1188,wagner - pastillas,0.0,,0.0,0.0,0.0,,rojo,3,0.4140490768416281,2022-01-18,17.78,10.0,,0,,0.0,1,0,
2023-01-01,zd1191,wagner - pastillas,0.0,,0.0,0.0,0.0,,rojo,3,0.4264198427786301,2022-04-25,21.67,10.0,,0,,0.0,1,0,
2023-07-01,zd1210a,wagner - pastillas,0.0,,0.0,0.0,0.0,,rojo,3,0.21757001413870414,2020-04-13,28.554,30.0,,0,,0.0,1,0,
2024-08-01,zd1258,wagner - pastillas,0.0,,0.0,0.0,0.0,,rojo,3,0.12886592290204005,2019-11-18,28.02,20.0,,0,,0.0,1,0,
2023-01-01,zd1281,wagner - pastillas,0.0,,0.0,0.0,0.0,,rojo,3,0.39058914858291527,2020-04-13,20.4,20.0,,0,,0.0,1,0,
2021-10-01,zd1288,wagner - pastillas,0.0,,0.0,0.0,0.0,,rojo,3,0.5980448969690437,2019-08-15,10.4,30.0,,0,,0.0,1,0,
2023-02-01,zd1297,wagner - pastillas,0.0,,0.0,0.0,0.0,,rojo,3,0.5000198761414354,2022-04-25,11.14,10.0,,0,,0.0,1,0,
2023-02-01,zd1327,wagner - pastillas,0.0,,0.0,0.0,0.0,,rojo,3,0.3692641680597859,2022-04-25,20.81,10.0,,0,,0.0,1,0,
2022-04-01,zd1345,wagner - pastillas,0.0,,0.0,0.0,0.0,,rojo,3,0.5630686658073325,2019-08-15,11.63,30.0,,0,,0.0,1,0,
2022-09-01,zd1374,wagner - pastillas,0.0,,0.0,0.0,0.0,,rojo,3,0.5420842992803353,2019-08-15,19.38,20.0,,0,,0.0,1,0,
2023-01-01,zd1378,wagner - pastillas,0.0,,0.0,0.0,0.0,,rojo,3,0.38676278083073956,2022-04-25,32.79,10.0,,0,,0.0,1,0,
2022-06-01,zd1393,wagner - pastillas,0.0,,0.0,0.0,0.0,,rojo,3,0.5054089718599495,2018-02-23,21.0,20.0,,0,,0.0,1,0,
2023-04-01,zd1398,wagner - pastillas,0.0,,0.0,0.0,0.0,,rojo,3,0.45082724445501665,2020-04-13,14.29,20.0,,0,,0.0,1,0,
2022-06-01,zd1454,wagner - pastillas,0.0,,0.0,0.0,0.0,,rojo,3,0.6032469901495805,2019-11-18,15.65,20.0,,0,,0.0,1,0,
2022-03-01,zd1455,wagner - pastillas,0.0,,0.0,0.0,0.0,,rojo,3,0.35276303767040346,2022-01-18,27.23,5.0,,0,,0.0,1,0,
2024-10-01,zd1467,wagner - pastillas,8.0,,1.0,0.0,3.4600000000000004,,rojo,3,0.16237524470870104,2020-04-13,21.99,10.0,,0,,0.0,1,0,
2024-08-01,zd1468,wagner - pastillas,7.0,,0.0,0.0,0.0,,rojo,3,0.08703853408784692,2020-04-13,17.14,20.0,,0,,0.0,1,0,
2022-03-01,zd1498,wagner - pastillas,0.0,,0.0,0.0,0.0,,rojo,3,0.3235273465788665,2022-01-18,22.13,5.0,,0,,0.0,1,0,
2024-09-01,zd1510,wagner - pastillas,0.0,,0.0,0.0,0.0,,rojo,3,0.29065584730084787,2019-08-15,32.244,30.0,,0,,0.0,1,0,
2022-04-01,zd1539,wagner - pastillas,0.0,,0.0,0.0,0.0,,rojo,3,0.4478186535295799,2020-04-13,18.36,30.0,,0,,0.0,1,0,
2022-12-01,zd1543,wagner - pastillas,0.0,,0.0,0.0,0.0,,rojo,3,0.3810718118965478,2022-01-18,20.59,10.0,,0,,0.0,1,0,
2023-04-01,zd1544,wagner - pastillas,0.0,,0.0,0.0,0.0,,rojo,3,0.18819280655768747,2019-08-15,28.482,30.0,,0,,0.0,1,0,
2022-04-01,zd1593,wagner - pastillas,0.0,,0.0,0.0,0.0,,rojo,3,0.5264774553937228,2019-11-18,18.31,30.0,,0,,0.0,1,0,
2023-04-01,zd1595,wagner - pastillas,0.0,,0.0,0.0,0.0,,rojo,3,0.33075784074262443,2020-04-13,18.9,30.0,,0,,0.0,1,0,
2023-02-01,zd1611,wagner - pastillas,0.0,,0.0,0.0,0.0,,rojo,3,0.44053237412192164,2022-04-25,22.6,10.0,,0,,0.0,1,0,
2023-04-01,zd1633,wagner - pastillas,0.0,,0.0,0.0,0.0,,rojo,3,0.3490892722724407,2020-04-13,44.264,20.0,,0,,0.0,1,0,
2024-10-01,zd1721,wagner - pastillas,0.0,,0.0,0.0,0.0,,rojo,3,0.1554343338356387,2019-08-15,37.674,10.0,,0,,0.0,1,0,
2024-07-01,zd1722,wagner - pastillas,0.0,,0.0,0.0,0.0,,rojo,3,0.18696401414433433,2019-08-15,41.652,10.0,,0,,0.0,1,0,
2023-10-01,zd1728,wagner - pastillas,0.0,,0.0,0.0,0.0,,rojo,3,0.13089801915915283,2020-09-22,38.53,5.0,,0,,0.0,1,0,
2022-09-01,zd1737,wagner - pastillas,0.0,,0.0,0.0,0.0,,rojo,3,0.4842140341815684,2022-04-25,19.98,5.0,,0,,0.0,1,0,
2022-04-01,zd1761,wagner - pastillas,0.0,,0.0,0.0,0.0,,rojo,3,0.45698504243230004,2019-08-15,33.888,10.0,,0,,0.0,1,0,
2022-04-01,zd1808,wagner - pastillas,0.0,,0.0,0.0,0.0,,rojo,3,0.44639295990689404,2019-11-18,32.28,3.0,,0,,0.0,1,0,
2022-02-01,zd1811,wagner - pastillas,0.0,,0.0,0.0,0.0,,rojo,3,0.44489260949179954,2020-09-22,27.198,20.0,,0,,0.0,1,0,
2024-05-01,zd1812,wagner - pastillas,0.0,,0.0,0.0,0.0,,rojo,3,-0.016366011417376397,2020-04-13,29.868,10.0,,0,,0.0,1,0,
2024-08-01,zd1846,wagner - pastillas,0.0,,0.0,0.0,0.0,,rojo,3,-0.20826258020293884,2020-04-13,51.136,10.0,,0,,0.0,1,0,
2022-10-01,zd1852,wagner - pastillas,0.0,,0.0,0.0,0.0,,rojo,3,0.3312031454133148,2021-04-07,29.472,5.0,,0,,0.0,1,0,
2023-11-01,zd1912,wagner - pastillas,0.0,,0.0,0.0,0.0,,rojo,3,-0.345449253609279,2020-04-13,51.624,15.0,,0,,0.0,1,0,
2024-02-01,zd2037,wagner - pastillas,0.0,,0.0,0.0,0.0,,rojo,3,0.35904665334780383,2019-11-18,30.96,10.0,,0,,0.0,1,0,
2021-09-01,zd227a,wagner - pastillas,0.0,,0.0,0.0,0.0,,rojo,3,0.5520089466797926,2017-10-19,10.84,20.0,,0,,0.0,1,0,
2021-12-01,zd242,wagner - pastillas,0.0,,0.0,0.0,0.0,,rojo,3,0.42009008128811565,2021-04-07,7.7,60.0,,0,,0.0,1,0,
2022-08-01,zd340a,wagner - pastillas,0.0,,0.0,0.0,0.0,,rojo,3,0.5357224015777595,2019-11-18,16.67,20.0,,0,,0.0,1,0,
2021-06-01,zd436,wagner - pastillas,0.0,,0.0,0.0,0.0,,rojo,3,0.5283018867924529,2019-11-18,11.5,20.0,,0,,0.0,1,0,
2023-02-01,zd465a,wagner - pastillas,0.0,,0.0,0.0,0.0,,rojo,3,0.39642776382421513,2022-01-18,15.06,10.0,,0,,0.0,1,0,
2023-02-01,zd497,wagner - pastillas,0.0,,0.0,0.0,0.0,,rojo,3,-0.015525814738252985,2020-04-13,24.78,5.0,,0,,0.0,1,0,
2024-07-01,zd511,wagner - pastillas,7.0,,0.0,0.0,0.0,,rojo,3,0.22732196003113792,2016-04-20,11.0,20.0,,0,,0.0,1,0,
2023-02-01,zd556,wagner - pastillas,0.0,,0.0,0.0,0.0,,rojo,3,0.47820244403048506,2016-11-10,11.802,10.0,,0,,0.0,1,0,
2022-07-01,zd560,wagner - pastillas,0.0,,0.0,0.0,0.0,,rojo,3,0.5213929401765918,2016-04-20,9.25,20.0,,0,,0.0,1,0,
2025-02-01,zd601,wagner - pastillas,1.0,,1.0,28.81,4.801666666666667,,rojo,0,2.177720588235294,2023-08-28,9.09,6.0,,0,,0.0,1,0,
2023-09-01,zd680,wagner - pastillas,0.0,,0.0,0.0,0.0,,rojo,3,0.29402913406009723,2020-09-22,12.53,20.0,,0,,0.0,1,0,
2021-10-01,zd691,wagner - pastillas,0.0,,0.0,0.0,0.0,,rojo,3,0.5721748856727416,2019-08-15,11.72,20.0,,0,,0.0,1,0,
2023-04-01,zd741,wagner - pastillas,0.0,,0.0,0.0,0.0,,rojo,3,0.30868426458970216,2016-04-20,12.18,20.0,,0,,0.0,1,0,
2023-02-01,zd770,wagner - pastillas,0.0,,0.0,0.0,0.0,,rojo,3,0.46188927584892925,2016-04-20,11.25,30.0,,0,,0.0,1,0,
2024-07-01,zd772,wagner - pastillas,0.0,,0.0,0.0,0.0,,rojo,3,0.23675557699441788,2016-04-20,16.55,30.0,,0,,0.0,1,0,
2024-06-01,zd799,wagner - pastillas,0.0,,0.0,0.0,0.0,,rojo,3,0.4910162002945506,2016-04-20,9.99,20.0,,0,,0.0,1,0,
2022-03-01,zd815,wagner - pastillas,0.0,,0.0,0.0,0.0,,rojo,3,0.5563920779603129,2019-11-18,13.61,20.0,,0,,0.0,1,0,
2023-04-01,zd862,wagner - pastillas,0.0,,0.0,0.0,0.0,,rojo,3,0.48781710315030674,2016-04-20,12.45,40.0,,0,,0.0,1,0,
2023-02-01,zd864,wagner - pastillas,0.0,,0.0,0.0,0.0,,rojo,3,0.42531190031351995,2017-10-19,11.48,40.0,,0,,0.0,1,0,
2021-10-01,zd866,wagner - pastillas,0.0,,0.0,0.0,0.0,,rojo,3,0.4945257226949457,2019-11-18,17.81,60.0,,0,,0.0,1,0,
2021-12-01,zd868,wagner - pastillas,0.0,,0.0,0.0,0.0,,rojo,3,0.5536136740004732,2019-11-18,16.09,10.0,,0,,0.0,1,0,
2021-09-01,zd914,wagner - pastillas,0.0,,0.0,0.0,0.0,,rojo,3,0.5471040101768274,2019-11-18,13.75,20.0,,0,,0.0,1,0,
2022-06-01,zd924,wagner - pastillas,0.0,,0.0,0.0,0.0,,rojo,3,0.3913293974905398,2022-01-18,10.68,10.0,,0,,0.0,1,0,
2022-04-01,zd929,wagner - pastillas,0.0,,0.0,0.0,0.0,,rojo,3,0.3712886411229703,2022-01-18,14.16,15.0,,0,,0.0,1,0,
2023-02-01,zd945,wagner - pastillas,0.0,,0.0,0.0,0.0,,rojo,3,0.4123766552838082,2019-08-15,16.93,20.0,,0,,0.0,1,0,
2022-01-01,zd969,wagner - pastillas,0.0,,0.0,0.0,0.0,,rojo,3,0.5552901385894361,2019-08-15,14.12,20.0,,0,,0.0,1,0,
2022-04-01,zd981,wagner - pastillas,0.0,,0.0,0.0,0.0,,rojo,3,0.55556799396919,2022-01-18,10.32,5.0,,0,,0.0,1,0,
2024-07-01,zd996,wagner - pastillas,3.0,,0.0,0.0,0.0,,rojo,3,0.217015787969067,2019-11-18,22.35,10.0,,0,,0.0,1,0,
2023-03-01,zd997,wagner - pastillas,0.0,,0.0,0.0,0.0,,rojo,3,0.31948934617740776,2019-08-15,28.332,10.0,,0,,0.0,1,0,
2025-02-01,zr-905/z,mann - brasil,13.0,,7.0,147.32999999999998,55.14333333333334,,rojo,0,0.41131518764748803,2023-10-05,11.421186196804046,50.0,,0,,0.0,1,0,
2025-02-01,zx203,wagner - pastillas,2.0,,1.0,25.42,4.236666666666667,,rojo,0,-0.0013525409637455271,2016-04-20,17.98,20.0,,0,,0.0,1,0,
2023-05-01,zx303,wagner - pastillas,0.0,,0.0,0.0,0.0,,rojo,3,0.15403330723106404,2017-10-19,17.93,30.0,,0,,0.0,1,0,
2024-05-01,zxelru1,valvoline - usa,204.0,,0.0,0.0,0.0,,rojo,3,0.6836303774559238,2023-12-20,5.825,108.0,,0,,0.0,1,0,
2023-01-01,zyb-0016r/134a,cas,0.0,,0.0,0.0,0.0,,rojo,4,0.09807624955734898,2016-06-20,52.0,24.0,,0,,0.0,1,0,
2023-01-01,zyb-0016r/241,cas,0.0,,0.0,0.0,0.0,,rojo,4,0.2174304003560416,2016-06-20,58.0,40.0,,0,,0.0,1,0,
2023-01-01,zyb-0017l/535-1,cas,0.0,,0.0,0.0,0.0,,rojo,4,-0.7918076392802503,2016-06-20,128.0,12.0,,0,,0.0,1,0,
2022-08-01,zyb-0017l/535-1up,cas,0.0,,0.0,0.0,0.0,,rojo,4,0.19375619977485767,2016-06-20,78.0,12.0,,0,,0.0,1,0,
2023-01-01,zyb-0021r/134,cas,0.0,,0.0,0.0,0.0,,rojo,4,0.19917077621109947,2016-06-20,52.0,24.0,,0,,0.0,1,0,
2023-01-01,zyb-0024l/535-2,cas,0.0,,0.0,0.0,0.0,,rojo,4,-0.15968149674198542,2016-06-20,78.0,8.0,,0,,0.0,1,0,
2023-01-01,zyb-0024r/241-1,cas,0.0,,0.0,0.0,0.0,,rojo,4,0.014188457160771195,2016-06-20,58.0,24.0,,0,,0.0,1,0,
2022-01-01,zyb-0807r/489a,cas,0.0,,0.0,0.0,0.0,,rojo,4,0.8128037370277154,2017-04-26,36.0,500.0,,0,,0.0,1,0,
2023-01-01,zyb-1214l/243,cas,0.0,,0.0,0.0,0.0,,rojo,4,0.3698030381109356,2016-06-20,43.0,24.0,,0,,0.0,1,0,
2023-01-01,zyb-1216l/198,cas,0.0,,0.0,0.0,0.0,,rojo,4,0.13377748802489986,2016-06-20,43.0,24.0,,0,,0.0,1,0,
2023-01-01,zyb-1315r/130,cas,0.0,,0.0,0.0,0.0,,rojo,4,0.04503409941900379,2016-06-20,57.0,12.0,,0,,0.0,1,0,
2023-01-01,zyb-2024l/535-3,cas,0.0,,0.0,0.0,0.0,,rojo,4,0.06573753560641825,2016-06-20,78.0,12.0,,0,,0.0,1,0,
